Delivery Date,From,To,Service Requirement MW,Service Requirement Type,Guaranteed Acceptance Price GBP per MWh,Dispatch Type,Participant Bids Eligible
27/03/2026,16:00,16:30,500,Live,0,All Providers,"ENGIE POWER LIMITED,AXLE ENERGY LIMITED,GALLAGHER AGGREGATES LIMITED,AMP (via Urban Reserve (AssetCo 2) Limited),UTILITA ENERGY LIMITED,GRIDIMP LTD,PERSE TECHNOLOGY LIMITED,SSE DIGITAL SERVICES LIMITED,AMP (via Urban Reserve (AssetCo) Limited),INFINIS LIMITED,EQUIWATT LIMITED,ORANGE POWER LTD,Attune Power LTD,AFFECT ENERGY LTD,HILDEBRAND TECHNOLOGY LIMITED,GRIDBEYOND LIMITED,OCTOPUS ENERGY LIMITED,DRAX ENERGY SOLUTIONS LIMITED,Electryone AI,OAKTREE POWER LIMITED,BRITISH GAS TRADING LIMITED,CARBONLACES LIMITED,VEST Energy Limited,PowerOnTechnologiesTradingAsJoulen,Fuse Energy Supply Limited,Shuffle Energy Limited,Optimo Energy Limited,U ENERGY GROUP LIMITED,ENSEK LTD"
27/03/2026,16:30,17:00,500,Live,0,All Providers,"ENGIE POWER LIMITED,AXLE ENERGY LIMITED,GALLAGHER AGGREGATES LIMITED,AMP (via Urban Reserve (AssetCo 2) Limited),UTILITA ENERGY LIMITED,GRIDIMP LTD,PERSE TECHNOLOGY LIMITED,SSE DIGITAL SERVICES LIMITED,AMP (via Urban Reserve (AssetCo) Limited),INFINIS LIMITED,EQUIWATT LIMITED,ORANGE POWER LTD,Attune Power LTD,AFFECT ENERGY LTD,HILDEBRAND TECHNOLOGY LIMITED,GRIDBEYOND LIMITED,OCTOPUS ENERGY LIMITED,DRAX ENERGY SOLUTIONS LIMITED,Electryone AI,OAKTREE POWER LIMITED,BRITISH GAS TRADING LIMITED,CARBONLACES LIMITED,VEST Energy Limited,PowerOnTechnologiesTradingAsJoulen,Fuse Energy Supply Limited,Shuffle Energy Limited,Optimo Energy Limited,U ENERGY GROUP LIMITED,ENSEK LTD"
27/03/2026,17:00,17:30,500,Live,0,All Providers,"ENGIE POWER LIMITED,AXLE ENERGY LIMITED,GALLAGHER AGGREGATES LIMITED,AMP (via Urban Reserve (AssetCo 2) Limited),UTILITA ENERGY LIMITED,GRIDIMP LTD,PERSE TECHNOLOGY LIMITED,SSE DIGITAL SERVICES LIMITED,AMP (via Urban Reserve (AssetCo) Limited),INFINIS LIMITED,EQUIWATT LIMITED,ORANGE POWER LTD,Attune Power LTD,AFFECT ENERGY LTD,HILDEBRAND TECHNOLOGY LIMITED,GRIDBEYOND LIMITED,OCTOPUS ENERGY LIMITED,DRAX ENERGY SOLUTIONS LIMITED,Electryone AI,OAKTREE POWER LIMITED,BRITISH GAS TRADING LIMITED,CARBONLACES LIMITED,VEST Energy Limited,PowerOnTechnologiesTradingAsJoulen,Fuse Energy Supply Limited,Shuffle Energy Limited,Optimo Energy Limited,U ENERGY GROUP LIMITED,ENSEK LTD"
27/03/2026,17:30,18:00,500,Live,0,All Providers,"ENGIE POWER LIMITED,AXLE ENERGY LIMITED,GALLAGHER AGGREGATES LIMITED,AMP (via Urban Reserve (AssetCo 2) Limited),UTILITA ENERGY LIMITED,GRIDIMP LTD,PERSE TECHNOLOGY LIMITED,SSE DIGITAL SERVICES LIMITED,AMP (via Urban Reserve (AssetCo) Limited),INFINIS LIMITED,EQUIWATT LIMITED,ORANGE POWER LTD,Attune Power LTD,AFFECT ENERGY LTD,HILDEBRAND TECHNOLOGY LIMITED,GRIDBEYOND LIMITED,OCTOPUS ENERGY LIMITED,DRAX ENERGY SOLUTIONS LIMITED,Electryone AI,OAKTREE POWER LIMITED,BRITISH GAS TRADING LIMITED,CARBONLACES LIMITED,VEST Energy Limited,PowerOnTechnologiesTradingAsJoulen,Fuse Energy Supply Limited,Shuffle Energy Limited,Optimo Energy Limited,U ENERGY GROUP LIMITED,ENSEK LTD"
27/03/2026,18:00,18:30,500,Live,0,All Providers,"ENGIE POWER LIMITED,AXLE ENERGY LIMITED,GALLAGHER AGGREGATES LIMITED,AMP (via Urban Reserve (AssetCo 2) Limited),UTILITA ENERGY LIMITED,GRIDIMP LTD,PERSE TECHNOLOGY LIMITED,SSE DIGITAL SERVICES LIMITED,AMP (via Urban Reserve (AssetCo) Limited),INFINIS LIMITED,EQUIWATT LIMITED,ORANGE POWER LTD,Attune Power LTD,AFFECT ENERGY LTD,HILDEBRAND TECHNOLOGY LIMITED,GRIDBEYOND LIMITED,OCTOPUS ENERGY LIMITED,DRAX ENERGY SOLUTIONS LIMITED,Electryone AI,OAKTREE POWER LIMITED,BRITISH GAS TRADING LIMITED,CARBONLACES LIMITED,VEST Energy Limited,PowerOnTechnologiesTradingAsJoulen,Fuse Energy Supply Limited,Shuffle Energy Limited,Optimo Energy Limited,U ENERGY GROUP LIMITED,ENSEK LTD"
27/03/2026,18:30,19:00,500,Live,0,All Providers,"ENGIE POWER LIMITED,AXLE ENERGY LIMITED,GALLAGHER AGGREGATES LIMITED,AMP (via Urban Reserve (AssetCo 2) Limited),UTILITA ENERGY LIMITED,GRIDIMP LTD,PERSE TECHNOLOGY LIMITED,SSE DIGITAL SERVICES LIMITED,AMP (via Urban Reserve (AssetCo) Limited),INFINIS LIMITED,EQUIWATT LIMITED,ORANGE POWER LTD,Attune Power LTD,AFFECT ENERGY LTD,HILDEBRAND TECHNOLOGY LIMITED,GRIDBEYOND LIMITED,OCTOPUS ENERGY LIMITED,DRAX ENERGY SOLUTIONS LIMITED,Electryone AI,OAKTREE POWER LIMITED,BRITISH GAS TRADING LIMITED,CARBONLACES LIMITED,VEST Energy Limited,PowerOnTechnologiesTradingAsJoulen,Fuse Energy Supply Limited,Shuffle Energy Limited,Optimo Energy Limited,U ENERGY GROUP LIMITED,ENSEK LTD"
23/03/2026,17:00,17:30,500,Live,0,All Providers,"ENGIE POWER LIMITED,AXLE ENERGY LIMITED,GALLAGHER AGGREGATES LIMITED,AMP (via Urban Reserve (AssetCo 2) Limited),UTILITA ENERGY LIMITED,GRIDIMP LTD,PERSE TECHNOLOGY LIMITED,SSE DIGITAL SERVICES LIMITED,AMP (via Urban Reserve (AssetCo) Limited),INFINIS LIMITED,EQUIWATT LIMITED,AFFECT ENERGY LTD,HILDEBRAND TECHNOLOGY LIMITED,GRIDBEYOND LIMITED,OCTOPUS ENERGY LIMITED,DRAX ENERGY SOLUTIONS LIMITED,OAKTREE POWER LIMITED,BRITISH GAS TRADING LIMITED,U ENERGY GROUP LIMITED"
23/03/2026,17:30,18:00,500,Live,0,All Providers,"ENGIE POWER LIMITED,AXLE ENERGY LIMITED,GALLAGHER AGGREGATES LIMITED,AMP (via Urban Reserve (AssetCo 2) Limited),UTILITA ENERGY LIMITED,GRIDIMP LTD,PERSE TECHNOLOGY LIMITED,SSE DIGITAL SERVICES LIMITED,AMP (via Urban Reserve (AssetCo) Limited),INFINIS LIMITED,EQUIWATT LIMITED,AFFECT ENERGY LTD,HILDEBRAND TECHNOLOGY LIMITED,GRIDBEYOND LIMITED,OCTOPUS ENERGY LIMITED,DRAX ENERGY SOLUTIONS LIMITED,OAKTREE POWER LIMITED,BRITISH GAS TRADING LIMITED,U ENERGY GROUP LIMITED"
23/03/2026,18:00,18:30,500,Live,0,All Providers,"ENGIE POWER LIMITED,AXLE ENERGY LIMITED,GALLAGHER AGGREGATES LIMITED,AMP (via Urban Reserve (AssetCo 2) Limited),UTILITA ENERGY LIMITED,GRIDIMP LTD,PERSE TECHNOLOGY LIMITED,SSE DIGITAL SERVICES LIMITED,AMP (via Urban Reserve (AssetCo) Limited),INFINIS LIMITED,EQUIWATT LIMITED,AFFECT ENERGY LTD,HILDEBRAND TECHNOLOGY LIMITED,GRIDBEYOND LIMITED,OCTOPUS ENERGY LIMITED,DRAX ENERGY SOLUTIONS LIMITED,OAKTREE POWER LIMITED,BRITISH GAS TRADING LIMITED,U ENERGY GROUP LIMITED"
23/03/2026,18:30,19:00,500,Live,0,All Providers,"ENGIE POWER LIMITED,AXLE ENERGY LIMITED,GALLAGHER AGGREGATES LIMITED,AMP (via Urban Reserve (AssetCo 2) Limited),UTILITA ENERGY LIMITED,GRIDIMP LTD,PERSE TECHNOLOGY LIMITED,SSE DIGITAL SERVICES LIMITED,AMP (via Urban Reserve (AssetCo) Limited),INFINIS LIMITED,EQUIWATT LIMITED,AFFECT ENERGY LTD,HILDEBRAND TECHNOLOGY LIMITED,GRIDBEYOND LIMITED,OCTOPUS ENERGY LIMITED,DRAX ENERGY SOLUTIONS LIMITED,OAKTREE POWER LIMITED,BRITISH GAS TRADING LIMITED,U ENERGY GROUP LIMITED"
22/03/2026,17:00,17:30,500,Live,0,All Providers,"ENGIE POWER LIMITED,AXLE ENERGY LIMITED,GALLAGHER AGGREGATES LIMITED,AMP (via Urban Reserve (AssetCo 2) Limited),UTILITA ENERGY LIMITED,GRIDIMP LTD,PERSE TECHNOLOGY LIMITED,SSE DIGITAL SERVICES LIMITED,AMP (via Urban Reserve (AssetCo) Limited),INFINIS LIMITED,EQUIWATT LIMITED,AFFECT ENERGY LTD,HILDEBRAND TECHNOLOGY LIMITED,GRIDBEYOND LIMITED,OCTOPUS ENERGY LIMITED,DRAX ENERGY SOLUTIONS LIMITED,OAKTREE POWER LIMITED,BRITISH GAS TRADING LIMITED,U ENERGY GROUP LIMITED"
22/03/2026,17:30,18:00,500,Live,0,All Providers,"ENGIE POWER LIMITED,AXLE ENERGY LIMITED,GALLAGHER AGGREGATES LIMITED,AMP (via Urban Reserve (AssetCo 2) Limited),UTILITA ENERGY LIMITED,GRIDIMP LTD,PERSE TECHNOLOGY LIMITED,SSE DIGITAL SERVICES LIMITED,AMP (via Urban Reserve (AssetCo) Limited),INFINIS LIMITED,EQUIWATT LIMITED,AFFECT ENERGY LTD,HILDEBRAND TECHNOLOGY LIMITED,GRIDBEYOND LIMITED,OCTOPUS ENERGY LIMITED,DRAX ENERGY SOLUTIONS LIMITED,OAKTREE POWER LIMITED,BRITISH GAS TRADING LIMITED,U ENERGY GROUP LIMITED"
20/03/2026,19:00,19:30,300,Live,0,All Providers,"ENGIE POWER LIMITED,AXLE ENERGY LIMITED,GALLAGHER AGGREGATES LIMITED,AMP (via Urban Reserve (AssetCo 2) Limited),UTILITA ENERGY LIMITED,GRIDIMP LTD,PERSE TECHNOLOGY LIMITED,SSE DIGITAL SERVICES LIMITED,AMP (via Urban Reserve (AssetCo) Limited),INFINIS LIMITED,EQUIWATT LIMITED,AFFECT ENERGY LTD,HILDEBRAND TECHNOLOGY LIMITED,GRIDBEYOND LIMITED,OCTOPUS ENERGY LIMITED,DRAX ENERGY SOLUTIONS LIMITED,OAKTREE POWER LIMITED,BRITISH GAS TRADING LIMITED,U ENERGY GROUP LIMITED"
20/03/2026,19:30,20:00,300,Live,0,All Providers,"ENGIE POWER LIMITED,AXLE ENERGY LIMITED,GALLAGHER AGGREGATES LIMITED,AMP (via Urban Reserve (AssetCo 2) Limited),UTILITA ENERGY LIMITED,GRIDIMP LTD,PERSE TECHNOLOGY LIMITED,SSE DIGITAL SERVICES LIMITED,AMP (via Urban Reserve (AssetCo) Limited),INFINIS LIMITED,EQUIWATT LIMITED,AFFECT ENERGY LTD,HILDEBRAND TECHNOLOGY LIMITED,GRIDBEYOND LIMITED,OCTOPUS ENERGY LIMITED,DRAX ENERGY SOLUTIONS LIMITED,OAKTREE POWER LIMITED,BRITISH GAS TRADING LIMITED,U ENERGY GROUP LIMITED"
16/03/2026,17:00,17:30,500,Live,0,All Providers,"ENGIE POWER LIMITED,AXLE ENERGY LIMITED,GALLAGHER AGGREGATES LIMITED,AMP (via Urban Reserve (AssetCo 2) Limited),UTILITA ENERGY LIMITED,GRIDIMP LTD,PERSE TECHNOLOGY LIMITED,SSE DIGITAL SERVICES LIMITED,AMP (via Urban Reserve (AssetCo) Limited),INFINIS LIMITED,EQUIWATT LIMITED,AFFECT ENERGY LTD,HILDEBRAND TECHNOLOGY LIMITED,GRIDBEYOND LIMITED,OCTOPUS ENERGY LIMITED,DRAX ENERGY SOLUTIONS LIMITED,OAKTREE POWER LIMITED,BRITISH GAS TRADING LIMITED,U ENERGY GROUP LIMITED"
16/03/2026,17:30,18:00,500,Live,0,All Providers,"ENGIE POWER LIMITED,AXLE ENERGY LIMITED,GALLAGHER AGGREGATES LIMITED,AMP (via Urban Reserve (AssetCo 2) Limited),UTILITA ENERGY LIMITED,GRIDIMP LTD,PERSE TECHNOLOGY LIMITED,SSE DIGITAL SERVICES LIMITED,AMP (via Urban Reserve (AssetCo) Limited),INFINIS LIMITED,EQUIWATT LIMITED,AFFECT ENERGY LTD,HILDEBRAND TECHNOLOGY LIMITED,GRIDBEYOND LIMITED,OCTOPUS ENERGY LIMITED,DRAX ENERGY SOLUTIONS LIMITED,OAKTREE POWER LIMITED,BRITISH GAS TRADING LIMITED,U ENERGY GROUP LIMITED"
16/03/2026,18:00,18:30,500,Live,0,All Providers,"ENGIE POWER LIMITED,AXLE ENERGY LIMITED,GALLAGHER AGGREGATES LIMITED,AMP (via Urban Reserve (AssetCo 2) Limited),UTILITA ENERGY LIMITED,GRIDIMP LTD,PERSE TECHNOLOGY LIMITED,SSE DIGITAL SERVICES LIMITED,AMP (via Urban Reserve (AssetCo) Limited),INFINIS LIMITED,EQUIWATT LIMITED,AFFECT ENERGY LTD,HILDEBRAND TECHNOLOGY LIMITED,GRIDBEYOND LIMITED,OCTOPUS ENERGY LIMITED,DRAX ENERGY SOLUTIONS LIMITED,OAKTREE POWER LIMITED,BRITISH GAS TRADING LIMITED,U ENERGY GROUP LIMITED"
16/03/2026,18:30,19:00,500,Live,0,All Providers,"ENGIE POWER LIMITED,AXLE ENERGY LIMITED,GALLAGHER AGGREGATES LIMITED,AMP (via Urban Reserve (AssetCo 2) Limited),UTILITA ENERGY LIMITED,GRIDIMP LTD,PERSE TECHNOLOGY LIMITED,SSE DIGITAL SERVICES LIMITED,AMP (via Urban Reserve (AssetCo) Limited),INFINIS LIMITED,EQUIWATT LIMITED,AFFECT ENERGY LTD,HILDEBRAND TECHNOLOGY LIMITED,GRIDBEYOND LIMITED,OCTOPUS ENERGY LIMITED,DRAX ENERGY SOLUTIONS LIMITED,OAKTREE POWER LIMITED,BRITISH GAS TRADING LIMITED,U ENERGY GROUP LIMITED"
16/03/2026,19:00,19:30,500,Live,0,All Providers,"ENGIE POWER LIMITED,AXLE ENERGY LIMITED,GALLAGHER AGGREGATES LIMITED,AMP (via Urban Reserve (AssetCo 2) Limited),UTILITA ENERGY LIMITED,GRIDIMP LTD,PERSE TECHNOLOGY LIMITED,SSE DIGITAL SERVICES LIMITED,AMP (via Urban Reserve (AssetCo) Limited),INFINIS LIMITED,EQUIWATT LIMITED,AFFECT ENERGY LTD,HILDEBRAND TECHNOLOGY LIMITED,GRIDBEYOND LIMITED,OCTOPUS ENERGY LIMITED,DRAX ENERGY SOLUTIONS LIMITED,OAKTREE POWER LIMITED,BRITISH GAS TRADING LIMITED,U ENERGY GROUP LIMITED"
16/03/2026,19:30,20:00,500,Live,0,All Providers,"ENGIE POWER LIMITED,AXLE ENERGY LIMITED,GALLAGHER AGGREGATES LIMITED,AMP (via Urban Reserve (AssetCo 2) Limited),UTILITA ENERGY LIMITED,GRIDIMP LTD,PERSE TECHNOLOGY LIMITED,SSE DIGITAL SERVICES LIMITED,AMP (via Urban Reserve (AssetCo) Limited),INFINIS LIMITED,EQUIWATT LIMITED,AFFECT ENERGY LTD,HILDEBRAND TECHNOLOGY LIMITED,GRIDBEYOND LIMITED,OCTOPUS ENERGY LIMITED,DRAX ENERGY SOLUTIONS LIMITED,OAKTREE POWER LIMITED,BRITISH GAS TRADING LIMITED,U ENERGY GROUP LIMITED"
11/03/2026,18:00,18:30,500,Live,0,All Providers,"ENGIE POWER LIMITED,AXLE ENERGY LIMITED,GALLAGHER AGGREGATES LIMITED,AMP (via Urban Reserve (AssetCo 2) Limited),UTILITA ENERGY LIMITED,GRIDIMP LTD,PERSE TECHNOLOGY LIMITED,SSE DIGITAL SERVICES LIMITED,AMP (via Urban Reserve (AssetCo) Limited),INFINIS LIMITED,EQUIWATT LIMITED,AFFECT ENERGY LTD,HILDEBRAND TECHNOLOGY LIMITED,GRIDBEYOND LIMITED,OCTOPUS ENERGY LIMITED,DRAX ENERGY SOLUTIONS LIMITED,OAKTREE POWER LIMITED,BRITISH GAS TRADING LIMITED,U ENERGY GROUP LIMITED"
11/03/2026,18:30,19:00,500,Live,0,All Providers,"ENGIE POWER LIMITED,AXLE ENERGY LIMITED,GALLAGHER AGGREGATES LIMITED,AMP (via Urban Reserve (AssetCo 2) Limited),UTILITA ENERGY LIMITED,GRIDIMP LTD,PERSE TECHNOLOGY LIMITED,SSE DIGITAL SERVICES LIMITED,AMP (via Urban Reserve (AssetCo) Limited),INFINIS LIMITED,EQUIWATT LIMITED,AFFECT ENERGY LTD,HILDEBRAND TECHNOLOGY LIMITED,GRIDBEYOND LIMITED,OCTOPUS ENERGY LIMITED,DRAX ENERGY SOLUTIONS LIMITED,OAKTREE POWER LIMITED,BRITISH GAS TRADING LIMITED,U ENERGY GROUP LIMITED"
11/03/2026,19:00,19:30,500,Live,0,All Providers,"ENGIE POWER LIMITED,AXLE ENERGY LIMITED,GALLAGHER AGGREGATES LIMITED,AMP (via Urban Reserve (AssetCo 2) Limited),UTILITA ENERGY LIMITED,GRIDIMP LTD,PERSE TECHNOLOGY LIMITED,SSE DIGITAL SERVICES LIMITED,AMP (via Urban Reserve (AssetCo) Limited),INFINIS LIMITED,EQUIWATT LIMITED,AFFECT ENERGY LTD,HILDEBRAND TECHNOLOGY LIMITED,GRIDBEYOND LIMITED,OCTOPUS ENERGY LIMITED,DRAX ENERGY SOLUTIONS LIMITED,OAKTREE POWER LIMITED,BRITISH GAS TRADING LIMITED,U ENERGY GROUP LIMITED"
11/03/2026,19:30,20:00,500,Live,0,All Providers,"ENGIE POWER LIMITED,AXLE ENERGY LIMITED,GALLAGHER AGGREGATES LIMITED,AMP (via Urban Reserve (AssetCo 2) Limited),UTILITA ENERGY LIMITED,GRIDIMP LTD,PERSE TECHNOLOGY LIMITED,SSE DIGITAL SERVICES LIMITED,AMP (via Urban Reserve (AssetCo) Limited),INFINIS LIMITED,EQUIWATT LIMITED,AFFECT ENERGY LTD,HILDEBRAND TECHNOLOGY LIMITED,GRIDBEYOND LIMITED,OCTOPUS ENERGY LIMITED,DRAX ENERGY SOLUTIONS LIMITED,OAKTREE POWER LIMITED,BRITISH GAS TRADING LIMITED,U ENERGY GROUP LIMITED"
10/03/2026,16:00,16:30,500,Live,0,All Providers,"ENGIE POWER LIMITED,AXLE ENERGY LIMITED,GALLAGHER AGGREGATES LIMITED,AMP (via Urban Reserve (AssetCo 2) Limited),UTILITA ENERGY LIMITED,GRIDIMP LTD,PERSE TECHNOLOGY LIMITED,SSE DIGITAL SERVICES LIMITED,AMP (via Urban Reserve (AssetCo) Limited),INFINIS LIMITED,EQUIWATT LIMITED,AFFECT ENERGY LTD,HILDEBRAND TECHNOLOGY LIMITED,GRIDBEYOND LIMITED,OCTOPUS ENERGY LIMITED,DRAX ENERGY SOLUTIONS LIMITED,OAKTREE POWER LIMITED,BRITISH GAS TRADING LIMITED,U ENERGY GROUP LIMITED"
10/03/2026,16:30,17:00,500,Live,0,All Providers,"ENGIE POWER LIMITED,AXLE ENERGY LIMITED,GALLAGHER AGGREGATES LIMITED,AMP (via Urban Reserve (AssetCo 2) Limited),UTILITA ENERGY LIMITED,GRIDIMP LTD,PERSE TECHNOLOGY LIMITED,SSE DIGITAL SERVICES LIMITED,AMP (via Urban Reserve (AssetCo) Limited),INFINIS LIMITED,EQUIWATT LIMITED,AFFECT ENERGY LTD,HILDEBRAND TECHNOLOGY LIMITED,GRIDBEYOND LIMITED,OCTOPUS ENERGY LIMITED,DRAX ENERGY SOLUTIONS LIMITED,OAKTREE POWER LIMITED,BRITISH GAS TRADING LIMITED,U ENERGY GROUP LIMITED"
10/03/2026,17:00,17:30,500,Live,0,All Providers,"ENGIE POWER LIMITED,AXLE ENERGY LIMITED,GALLAGHER AGGREGATES LIMITED,AMP (via Urban Reserve (AssetCo 2) Limited),UTILITA ENERGY LIMITED,GRIDIMP LTD,PERSE TECHNOLOGY LIMITED,SSE DIGITAL SERVICES LIMITED,AMP (via Urban Reserve (AssetCo) Limited),INFINIS LIMITED,EQUIWATT LIMITED,AFFECT ENERGY LTD,HILDEBRAND TECHNOLOGY LIMITED,GRIDBEYOND LIMITED,OCTOPUS ENERGY LIMITED,DRAX ENERGY SOLUTIONS LIMITED,OAKTREE POWER LIMITED,BRITISH GAS TRADING LIMITED,U ENERGY GROUP LIMITED"
10/03/2026,17:30,18:00,500,Live,0,All Providers,"ENGIE POWER LIMITED,AXLE ENERGY LIMITED,GALLAGHER AGGREGATES LIMITED,AMP (via Urban Reserve (AssetCo 2) Limited),UTILITA ENERGY LIMITED,GRIDIMP LTD,PERSE TECHNOLOGY LIMITED,SSE DIGITAL SERVICES LIMITED,AMP (via Urban Reserve (AssetCo) Limited),INFINIS LIMITED,EQUIWATT LIMITED,AFFECT ENERGY LTD,HILDEBRAND TECHNOLOGY LIMITED,GRIDBEYOND LIMITED,OCTOPUS ENERGY LIMITED,DRAX ENERGY SOLUTIONS LIMITED,OAKTREE POWER LIMITED,BRITISH GAS TRADING LIMITED,U ENERGY GROUP LIMITED"
10/03/2026,18:00,18:30,500,Live,0,All Providers,"ENGIE POWER LIMITED,AXLE ENERGY LIMITED,GALLAGHER AGGREGATES LIMITED,AMP (via Urban Reserve (AssetCo 2) Limited),UTILITA ENERGY LIMITED,GRIDIMP LTD,PERSE TECHNOLOGY LIMITED,SSE DIGITAL SERVICES LIMITED,AMP (via Urban Reserve (AssetCo) Limited),INFINIS LIMITED,EQUIWATT LIMITED,AFFECT ENERGY LTD,HILDEBRAND TECHNOLOGY LIMITED,GRIDBEYOND LIMITED,OCTOPUS ENERGY LIMITED,DRAX ENERGY SOLUTIONS LIMITED,OAKTREE POWER LIMITED,BRITISH GAS TRADING LIMITED,U ENERGY GROUP LIMITED"
10/03/2026,18:30,19:00,500,Live,0,All Providers,"ENGIE POWER LIMITED,AXLE ENERGY LIMITED,GALLAGHER AGGREGATES LIMITED,AMP (via Urban Reserve (AssetCo 2) Limited),UTILITA ENERGY LIMITED,GRIDIMP LTD,PERSE TECHNOLOGY LIMITED,SSE DIGITAL SERVICES LIMITED,AMP (via Urban Reserve (AssetCo) Limited),INFINIS LIMITED,EQUIWATT LIMITED,AFFECT ENERGY LTD,HILDEBRAND TECHNOLOGY LIMITED,GRIDBEYOND LIMITED,OCTOPUS ENERGY LIMITED,DRAX ENERGY SOLUTIONS LIMITED,OAKTREE POWER LIMITED,BRITISH GAS TRADING LIMITED,U ENERGY GROUP LIMITED"
10/03/2026,19:00,19:30,500,Live,0,All Providers,"ENGIE POWER LIMITED,AXLE ENERGY LIMITED,GALLAGHER AGGREGATES LIMITED,AMP (via Urban Reserve (AssetCo 2) Limited),UTILITA ENERGY LIMITED,GRIDIMP LTD,PERSE TECHNOLOGY LIMITED,SSE DIGITAL SERVICES LIMITED,AMP (via Urban Reserve (AssetCo) Limited),INFINIS LIMITED,EQUIWATT LIMITED,AFFECT ENERGY LTD,HILDEBRAND TECHNOLOGY LIMITED,GRIDBEYOND LIMITED,OCTOPUS ENERGY LIMITED,DRAX ENERGY SOLUTIONS LIMITED,OAKTREE POWER LIMITED,BRITISH GAS TRADING LIMITED,U ENERGY GROUP LIMITED"
10/03/2026,19:30,20:00,500,Live,0,All Providers,"ENGIE POWER LIMITED,AXLE ENERGY LIMITED,GALLAGHER AGGREGATES LIMITED,AMP (via Urban Reserve (AssetCo 2) Limited),UTILITA ENERGY LIMITED,GRIDIMP LTD,PERSE TECHNOLOGY LIMITED,SSE DIGITAL SERVICES LIMITED,AMP (via Urban Reserve (AssetCo) Limited),INFINIS LIMITED,EQUIWATT LIMITED,AFFECT ENERGY LTD,HILDEBRAND TECHNOLOGY LIMITED,GRIDBEYOND LIMITED,OCTOPUS ENERGY LIMITED,DRAX ENERGY SOLUTIONS LIMITED,OAKTREE POWER LIMITED,BRITISH GAS TRADING LIMITED,U ENERGY GROUP LIMITED"
09/03/2026,16:00,16:30,500,Live,0,All Providers,"ENGIE POWER LIMITED,AXLE ENERGY LIMITED,GALLAGHER AGGREGATES LIMITED,AMP (via Urban Reserve (AssetCo 2) Limited),UTILITA ENERGY LIMITED,GRIDIMP LTD,PERSE TECHNOLOGY LIMITED,SSE DIGITAL SERVICES LIMITED,AMP (via Urban Reserve (AssetCo) Limited),INFINIS LIMITED,EQUIWATT LIMITED,AFFECT ENERGY LTD,HILDEBRAND TECHNOLOGY LIMITED,GRIDBEYOND LIMITED,OCTOPUS ENERGY LIMITED,DRAX ENERGY SOLUTIONS LIMITED,OAKTREE POWER LIMITED,BRITISH GAS TRADING LIMITED,U ENERGY GROUP LIMITED"
09/03/2026,16:30,17:00,500,Live,0,All Providers,"ENGIE POWER LIMITED,AXLE ENERGY LIMITED,GALLAGHER AGGREGATES LIMITED,AMP (via Urban Reserve (AssetCo 2) Limited),UTILITA ENERGY LIMITED,GRIDIMP LTD,PERSE TECHNOLOGY LIMITED,SSE DIGITAL SERVICES LIMITED,AMP (via Urban Reserve (AssetCo) Limited),INFINIS LIMITED,EQUIWATT LIMITED,AFFECT ENERGY LTD,HILDEBRAND TECHNOLOGY LIMITED,GRIDBEYOND LIMITED,OCTOPUS ENERGY LIMITED,DRAX ENERGY SOLUTIONS LIMITED,OAKTREE POWER LIMITED,BRITISH GAS TRADING LIMITED,U ENERGY GROUP LIMITED"
09/03/2026,17:00,17:30,500,Live,0,All Providers,"ENGIE POWER LIMITED,AXLE ENERGY LIMITED,GALLAGHER AGGREGATES LIMITED,AMP (via Urban Reserve (AssetCo 2) Limited),UTILITA ENERGY LIMITED,GRIDIMP LTD,PERSE TECHNOLOGY LIMITED,SSE DIGITAL SERVICES LIMITED,AMP (via Urban Reserve (AssetCo) Limited),INFINIS LIMITED,EQUIWATT LIMITED,AFFECT ENERGY LTD,HILDEBRAND TECHNOLOGY LIMITED,GRIDBEYOND LIMITED,OCTOPUS ENERGY LIMITED,DRAX ENERGY SOLUTIONS LIMITED,OAKTREE POWER LIMITED,BRITISH GAS TRADING LIMITED,U ENERGY GROUP LIMITED"
09/03/2026,17:30,18:00,500,Live,0,All Providers,"ENGIE POWER LIMITED,AXLE ENERGY LIMITED,GALLAGHER AGGREGATES LIMITED,AMP (via Urban Reserve (AssetCo 2) Limited),UTILITA ENERGY LIMITED,GRIDIMP LTD,PERSE TECHNOLOGY LIMITED,SSE DIGITAL SERVICES LIMITED,AMP (via Urban Reserve (AssetCo) Limited),INFINIS LIMITED,EQUIWATT LIMITED,AFFECT ENERGY LTD,HILDEBRAND TECHNOLOGY LIMITED,GRIDBEYOND LIMITED,OCTOPUS ENERGY LIMITED,DRAX ENERGY SOLUTIONS LIMITED,OAKTREE POWER LIMITED,BRITISH GAS TRADING LIMITED,U ENERGY GROUP LIMITED"
09/03/2026,18:00,18:30,500,Live,0,All Providers,"ENGIE POWER LIMITED,AXLE ENERGY LIMITED,GALLAGHER AGGREGATES LIMITED,AMP (via Urban Reserve (AssetCo 2) Limited),UTILITA ENERGY LIMITED,GRIDIMP LTD,PERSE TECHNOLOGY LIMITED,SSE DIGITAL SERVICES LIMITED,AMP (via Urban Reserve (AssetCo) Limited),INFINIS LIMITED,EQUIWATT LIMITED,AFFECT ENERGY LTD,HILDEBRAND TECHNOLOGY LIMITED,GRIDBEYOND LIMITED,OCTOPUS ENERGY LIMITED,DRAX ENERGY SOLUTIONS LIMITED,OAKTREE POWER LIMITED,BRITISH GAS TRADING LIMITED,U ENERGY GROUP LIMITED"
09/03/2026,18:30,19:00,500,Live,0,All Providers,"ENGIE POWER LIMITED,AXLE ENERGY LIMITED,GALLAGHER AGGREGATES LIMITED,AMP (via Urban Reserve (AssetCo 2) Limited),UTILITA ENERGY LIMITED,GRIDIMP LTD,PERSE TECHNOLOGY LIMITED,SSE DIGITAL SERVICES LIMITED,AMP (via Urban Reserve (AssetCo) Limited),INFINIS LIMITED,EQUIWATT LIMITED,AFFECT ENERGY LTD,HILDEBRAND TECHNOLOGY LIMITED,GRIDBEYOND LIMITED,OCTOPUS ENERGY LIMITED,DRAX ENERGY SOLUTIONS LIMITED,OAKTREE POWER LIMITED,BRITISH GAS TRADING LIMITED,U ENERGY GROUP LIMITED"
09/03/2026,19:00,19:30,500,Live,0,All Providers,"ENGIE POWER LIMITED,AXLE ENERGY LIMITED,GALLAGHER AGGREGATES LIMITED,AMP (via Urban Reserve (AssetCo 2) Limited),UTILITA ENERGY LIMITED,GRIDIMP LTD,PERSE TECHNOLOGY LIMITED,SSE DIGITAL SERVICES LIMITED,AMP (via Urban Reserve (AssetCo) Limited),INFINIS LIMITED,EQUIWATT LIMITED,AFFECT ENERGY LTD,HILDEBRAND TECHNOLOGY LIMITED,GRIDBEYOND LIMITED,OCTOPUS ENERGY LIMITED,DRAX ENERGY SOLUTIONS LIMITED,OAKTREE POWER LIMITED,BRITISH GAS TRADING LIMITED,U ENERGY GROUP LIMITED"
09/03/2026,19:30,20:00,500,Live,0,All Providers,"ENGIE POWER LIMITED,AXLE ENERGY LIMITED,GALLAGHER AGGREGATES LIMITED,AMP (via Urban Reserve (AssetCo 2) Limited),UTILITA ENERGY LIMITED,GRIDIMP LTD,PERSE TECHNOLOGY LIMITED,SSE DIGITAL SERVICES LIMITED,AMP (via Urban Reserve (AssetCo) Limited),INFINIS LIMITED,EQUIWATT LIMITED,AFFECT ENERGY LTD,HILDEBRAND TECHNOLOGY LIMITED,GRIDBEYOND LIMITED,OCTOPUS ENERGY LIMITED,DRAX ENERGY SOLUTIONS LIMITED,OAKTREE POWER LIMITED,BRITISH GAS TRADING LIMITED,U ENERGY GROUP LIMITED"
19/02/2026,16:00,16:30,500,Live,0,All Providers,"ENGIE POWER LIMITED,AXLE ENERGY LIMITED,GALLAGHER AGGREGATES LIMITED,AMP (via Urban Reserve (AssetCo 2) Limited),UTILITA ENERGY LIMITED,GRIDIMP LTD,PERSE TECHNOLOGY LIMITED,SSE DIGITAL SERVICES LIMITED,AMP (via Urban Reserve (AssetCo) Limited),INFINIS LIMITED,EQUIWATT LIMITED,AFFECT ENERGY LTD,HILDEBRAND TECHNOLOGY LIMITED,GRIDBEYOND LIMITED,OCTOPUS ENERGY LIMITED,DRAX ENERGY SOLUTIONS LIMITED,OAKTREE POWER LIMITED,BRITISH GAS TRADING LIMITED,U ENERGY GROUP LIMITED"
19/02/2026,16:30,17:00,500,Live,0,All Providers,"ENGIE POWER LIMITED,AXLE ENERGY LIMITED,GALLAGHER AGGREGATES LIMITED,AMP (via Urban Reserve (AssetCo 2) Limited),UTILITA ENERGY LIMITED,GRIDIMP LTD,PERSE TECHNOLOGY LIMITED,SSE DIGITAL SERVICES LIMITED,AMP (via Urban Reserve (AssetCo) Limited),INFINIS LIMITED,EQUIWATT LIMITED,AFFECT ENERGY LTD,HILDEBRAND TECHNOLOGY LIMITED,GRIDBEYOND LIMITED,OCTOPUS ENERGY LIMITED,DRAX ENERGY SOLUTIONS LIMITED,OAKTREE POWER LIMITED,BRITISH GAS TRADING LIMITED,U ENERGY GROUP LIMITED"
19/02/2026,17:00,17:30,500,Live,0,All Providers,"ENGIE POWER LIMITED,AXLE ENERGY LIMITED,GALLAGHER AGGREGATES LIMITED,AMP (via Urban Reserve (AssetCo 2) Limited),UTILITA ENERGY LIMITED,GRIDIMP LTD,PERSE TECHNOLOGY LIMITED,SSE DIGITAL SERVICES LIMITED,AMP (via Urban Reserve (AssetCo) Limited),INFINIS LIMITED,EQUIWATT LIMITED,AFFECT ENERGY LTD,HILDEBRAND TECHNOLOGY LIMITED,GRIDBEYOND LIMITED,OCTOPUS ENERGY LIMITED,DRAX ENERGY SOLUTIONS LIMITED,OAKTREE POWER LIMITED,BRITISH GAS TRADING LIMITED,U ENERGY GROUP LIMITED"
19/02/2026,17:30,18:00,500,Live,0,All Providers,"ENGIE POWER LIMITED,AXLE ENERGY LIMITED,GALLAGHER AGGREGATES LIMITED,AMP (via Urban Reserve (AssetCo 2) Limited),UTILITA ENERGY LIMITED,GRIDIMP LTD,PERSE TECHNOLOGY LIMITED,SSE DIGITAL SERVICES LIMITED,AMP (via Urban Reserve (AssetCo) Limited),INFINIS LIMITED,EQUIWATT LIMITED,AFFECT ENERGY LTD,HILDEBRAND TECHNOLOGY LIMITED,GRIDBEYOND LIMITED,OCTOPUS ENERGY LIMITED,DRAX ENERGY SOLUTIONS LIMITED,OAKTREE POWER LIMITED,BRITISH GAS TRADING LIMITED,U ENERGY GROUP LIMITED"
19/02/2026,18:00,18:30,500,Live,0,All Providers,"ENGIE POWER LIMITED,AXLE ENERGY LIMITED,GALLAGHER AGGREGATES LIMITED,AMP (via Urban Reserve (AssetCo 2) Limited),UTILITA ENERGY LIMITED,GRIDIMP LTD,PERSE TECHNOLOGY LIMITED,SSE DIGITAL SERVICES LIMITED,AMP (via Urban Reserve (AssetCo) Limited),INFINIS LIMITED,EQUIWATT LIMITED,AFFECT ENERGY LTD,HILDEBRAND TECHNOLOGY LIMITED,GRIDBEYOND LIMITED,OCTOPUS ENERGY LIMITED,DRAX ENERGY SOLUTIONS LIMITED,OAKTREE POWER LIMITED,BRITISH GAS TRADING LIMITED,U ENERGY GROUP LIMITED"
19/02/2026,18:30,19:00,500,Live,0,All Providers,"ENGIE POWER LIMITED,AXLE ENERGY LIMITED,GALLAGHER AGGREGATES LIMITED,AMP (via Urban Reserve (AssetCo 2) Limited),UTILITA ENERGY LIMITED,GRIDIMP LTD,PERSE TECHNOLOGY LIMITED,SSE DIGITAL SERVICES LIMITED,AMP (via Urban Reserve (AssetCo) Limited),INFINIS LIMITED,EQUIWATT LIMITED,AFFECT ENERGY LTD,HILDEBRAND TECHNOLOGY LIMITED,GRIDBEYOND LIMITED,OCTOPUS ENERGY LIMITED,DRAX ENERGY SOLUTIONS LIMITED,OAKTREE POWER LIMITED,BRITISH GAS TRADING LIMITED,U ENERGY GROUP LIMITED"
19/02/2026,19:00,19:30,500,Live,0,All Providers,"ENGIE POWER LIMITED,AXLE ENERGY LIMITED,GALLAGHER AGGREGATES LIMITED,AMP (via Urban Reserve (AssetCo 2) Limited),UTILITA ENERGY LIMITED,GRIDIMP LTD,PERSE TECHNOLOGY LIMITED,SSE DIGITAL SERVICES LIMITED,AMP (via Urban Reserve (AssetCo) Limited),INFINIS LIMITED,EQUIWATT LIMITED,AFFECT ENERGY LTD,HILDEBRAND TECHNOLOGY LIMITED,GRIDBEYOND LIMITED,OCTOPUS ENERGY LIMITED,DRAX ENERGY SOLUTIONS LIMITED,OAKTREE POWER LIMITED,BRITISH GAS TRADING LIMITED,U ENERGY GROUP LIMITED"
19/02/2026,19:30,20:00,500,Live,0,All Providers,"ENGIE POWER LIMITED,AXLE ENERGY LIMITED,GALLAGHER AGGREGATES LIMITED,AMP (via Urban Reserve (AssetCo 2) Limited),UTILITA ENERGY LIMITED,GRIDIMP LTD,PERSE TECHNOLOGY LIMITED,SSE DIGITAL SERVICES LIMITED,AMP (via Urban Reserve (AssetCo) Limited),INFINIS LIMITED,EQUIWATT LIMITED,AFFECT ENERGY LTD,HILDEBRAND TECHNOLOGY LIMITED,GRIDBEYOND LIMITED,OCTOPUS ENERGY LIMITED,DRAX ENERGY SOLUTIONS LIMITED,OAKTREE POWER LIMITED,BRITISH GAS TRADING LIMITED,U ENERGY GROUP LIMITED"
14/02/2026,16:00,16:30,500,Live,0,All Providers,"ENGIE POWER LIMITED,AXLE ENERGY LIMITED,GALLAGHER AGGREGATES LIMITED,AMP (via Urban Reserve (AssetCo 2) Limited),UTILITA ENERGY LIMITED,GRIDIMP LTD,PERSE TECHNOLOGY LIMITED,SSE DIGITAL SERVICES LIMITED,AMP (via Urban Reserve (AssetCo) Limited),INFINIS LIMITED,EQUIWATT LIMITED,AFFECT ENERGY LTD,HILDEBRAND TECHNOLOGY LIMITED,GRIDBEYOND LIMITED,OCTOPUS ENERGY LIMITED,DRAX ENERGY SOLUTIONS LIMITED,OAKTREE POWER LIMITED,BRITISH GAS TRADING LIMITED,U ENERGY GROUP LIMITED"
14/02/2026,16:30,17:00,500,Live,0,All Providers,"ENGIE POWER LIMITED,AXLE ENERGY LIMITED,GALLAGHER AGGREGATES LIMITED,AMP (via Urban Reserve (AssetCo 2) Limited),UTILITA ENERGY LIMITED,GRIDIMP LTD,PERSE TECHNOLOGY LIMITED,SSE DIGITAL SERVICES LIMITED,AMP (via Urban Reserve (AssetCo) Limited),INFINIS LIMITED,EQUIWATT LIMITED,AFFECT ENERGY LTD,HILDEBRAND TECHNOLOGY LIMITED,GRIDBEYOND LIMITED,OCTOPUS ENERGY LIMITED,DRAX ENERGY SOLUTIONS LIMITED,OAKTREE POWER LIMITED,BRITISH GAS TRADING LIMITED,U ENERGY GROUP LIMITED"
14/02/2026,17:00,17:30,500,Live,0,All Providers,"ENGIE POWER LIMITED,AXLE ENERGY LIMITED,GALLAGHER AGGREGATES LIMITED,AMP (via Urban Reserve (AssetCo 2) Limited),UTILITA ENERGY LIMITED,GRIDIMP LTD,PERSE TECHNOLOGY LIMITED,SSE DIGITAL SERVICES LIMITED,AMP (via Urban Reserve (AssetCo) Limited),INFINIS LIMITED,EQUIWATT LIMITED,AFFECT ENERGY LTD,HILDEBRAND TECHNOLOGY LIMITED,GRIDBEYOND LIMITED,OCTOPUS ENERGY LIMITED,DRAX ENERGY SOLUTIONS LIMITED,OAKTREE POWER LIMITED,BRITISH GAS TRADING LIMITED,U ENERGY GROUP LIMITED"
14/02/2026,17:30,18:00,500,Live,0,All Providers,"ENGIE POWER LIMITED,AXLE ENERGY LIMITED,GALLAGHER AGGREGATES LIMITED,AMP (via Urban Reserve (AssetCo 2) Limited),UTILITA ENERGY LIMITED,GRIDIMP LTD,PERSE TECHNOLOGY LIMITED,SSE DIGITAL SERVICES LIMITED,AMP (via Urban Reserve (AssetCo) Limited),INFINIS LIMITED,EQUIWATT LIMITED,AFFECT ENERGY LTD,HILDEBRAND TECHNOLOGY LIMITED,GRIDBEYOND LIMITED,OCTOPUS ENERGY LIMITED,DRAX ENERGY SOLUTIONS LIMITED,OAKTREE POWER LIMITED,BRITISH GAS TRADING LIMITED,U ENERGY GROUP LIMITED"
14/02/2026,18:00,18:30,500,Live,0,All Providers,"ENGIE POWER LIMITED,AXLE ENERGY LIMITED,GALLAGHER AGGREGATES LIMITED,AMP (via Urban Reserve (AssetCo 2) Limited),UTILITA ENERGY LIMITED,GRIDIMP LTD,PERSE TECHNOLOGY LIMITED,SSE DIGITAL SERVICES LIMITED,AMP (via Urban Reserve (AssetCo) Limited),INFINIS LIMITED,EQUIWATT LIMITED,AFFECT ENERGY LTD,HILDEBRAND TECHNOLOGY LIMITED,GRIDBEYOND LIMITED,OCTOPUS ENERGY LIMITED,DRAX ENERGY SOLUTIONS LIMITED,OAKTREE POWER LIMITED,BRITISH GAS TRADING LIMITED,U ENERGY GROUP LIMITED"
14/02/2026,18:30,19:00,500,Live,0,All Providers,"ENGIE POWER LIMITED,AXLE ENERGY LIMITED,GALLAGHER AGGREGATES LIMITED,AMP (via Urban Reserve (AssetCo 2) Limited),UTILITA ENERGY LIMITED,GRIDIMP LTD,PERSE TECHNOLOGY LIMITED,SSE DIGITAL SERVICES LIMITED,AMP (via Urban Reserve (AssetCo) Limited),INFINIS LIMITED,EQUIWATT LIMITED,AFFECT ENERGY LTD,HILDEBRAND TECHNOLOGY LIMITED,GRIDBEYOND LIMITED,OCTOPUS ENERGY LIMITED,DRAX ENERGY SOLUTIONS LIMITED,OAKTREE POWER LIMITED,BRITISH GAS TRADING LIMITED,U ENERGY GROUP LIMITED"
14/02/2026,19:00,19:30,500,Live,0,All Providers,"ENGIE POWER LIMITED,AXLE ENERGY LIMITED,GALLAGHER AGGREGATES LIMITED,AMP (via Urban Reserve (AssetCo 2) Limited),UTILITA ENERGY LIMITED,GRIDIMP LTD,PERSE TECHNOLOGY LIMITED,SSE DIGITAL SERVICES LIMITED,AMP (via Urban Reserve (AssetCo) Limited),INFINIS LIMITED,EQUIWATT LIMITED,AFFECT ENERGY LTD,HILDEBRAND TECHNOLOGY LIMITED,GRIDBEYOND LIMITED,OCTOPUS ENERGY LIMITED,DRAX ENERGY SOLUTIONS LIMITED,OAKTREE POWER LIMITED,BRITISH GAS TRADING LIMITED,U ENERGY GROUP LIMITED"
14/02/2026,19:30,20:00,500,Live,0,All Providers,"ENGIE POWER LIMITED,AXLE ENERGY LIMITED,GALLAGHER AGGREGATES LIMITED,AMP (via Urban Reserve (AssetCo 2) Limited),UTILITA ENERGY LIMITED,GRIDIMP LTD,PERSE TECHNOLOGY LIMITED,SSE DIGITAL SERVICES LIMITED,AMP (via Urban Reserve (AssetCo) Limited),INFINIS LIMITED,EQUIWATT LIMITED,AFFECT ENERGY LTD,HILDEBRAND TECHNOLOGY LIMITED,GRIDBEYOND LIMITED,OCTOPUS ENERGY LIMITED,DRAX ENERGY SOLUTIONS LIMITED,OAKTREE POWER LIMITED,BRITISH GAS TRADING LIMITED,U ENERGY GROUP LIMITED"
04/02/2026,16:00,16:30,500,Live,0,All Providers,"ENGIE POWER LIMITED,AXLE ENERGY LIMITED,GALLAGHER AGGREGATES LIMITED,AMP (via Urban Reserve (AssetCo 2) Limited),UTILITA ENERGY LIMITED,GRIDIMP LTD,PERSE TECHNOLOGY LIMITED,SSE DIGITAL SERVICES LIMITED,AMP (via Urban Reserve (AssetCo) Limited),INFINIS LIMITED,EQUIWATT LIMITED,AFFECT ENERGY LTD,HILDEBRAND TECHNOLOGY LIMITED,GRIDBEYOND LIMITED,OCTOPUS ENERGY LIMITED,DRAX ENERGY SOLUTIONS LIMITED,OAKTREE POWER LIMITED,BRITISH GAS TRADING LIMITED,U ENERGY GROUP LIMITED"
04/02/2026,16:30,17:00,500,Live,0,All Providers,"ENGIE POWER LIMITED,AXLE ENERGY LIMITED,GALLAGHER AGGREGATES LIMITED,AMP (via Urban Reserve (AssetCo 2) Limited),UTILITA ENERGY LIMITED,GRIDIMP LTD,PERSE TECHNOLOGY LIMITED,SSE DIGITAL SERVICES LIMITED,AMP (via Urban Reserve (AssetCo) Limited),INFINIS LIMITED,EQUIWATT LIMITED,AFFECT ENERGY LTD,HILDEBRAND TECHNOLOGY LIMITED,GRIDBEYOND LIMITED,OCTOPUS ENERGY LIMITED,DRAX ENERGY SOLUTIONS LIMITED,OAKTREE POWER LIMITED,BRITISH GAS TRADING LIMITED,U ENERGY GROUP LIMITED"
04/02/2026,17:00,17:30,500,Live,0,All Providers,"ENGIE POWER LIMITED,AXLE ENERGY LIMITED,GALLAGHER AGGREGATES LIMITED,AMP (via Urban Reserve (AssetCo 2) Limited),UTILITA ENERGY LIMITED,GRIDIMP LTD,PERSE TECHNOLOGY LIMITED,SSE DIGITAL SERVICES LIMITED,AMP (via Urban Reserve (AssetCo) Limited),INFINIS LIMITED,EQUIWATT LIMITED,AFFECT ENERGY LTD,HILDEBRAND TECHNOLOGY LIMITED,GRIDBEYOND LIMITED,OCTOPUS ENERGY LIMITED,DRAX ENERGY SOLUTIONS LIMITED,OAKTREE POWER LIMITED,BRITISH GAS TRADING LIMITED,U ENERGY GROUP LIMITED"
04/02/2026,17:30,18:00,500,Live,0,All Providers,"ENGIE POWER LIMITED,AXLE ENERGY LIMITED,GALLAGHER AGGREGATES LIMITED,AMP (via Urban Reserve (AssetCo 2) Limited),UTILITA ENERGY LIMITED,GRIDIMP LTD,PERSE TECHNOLOGY LIMITED,SSE DIGITAL SERVICES LIMITED,AMP (via Urban Reserve (AssetCo) Limited),INFINIS LIMITED,EQUIWATT LIMITED,AFFECT ENERGY LTD,HILDEBRAND TECHNOLOGY LIMITED,GRIDBEYOND LIMITED,OCTOPUS ENERGY LIMITED,DRAX ENERGY SOLUTIONS LIMITED,OAKTREE POWER LIMITED,BRITISH GAS TRADING LIMITED,U ENERGY GROUP LIMITED"
04/02/2026,18:00,18:30,500,Live,0,All Providers,"ENGIE POWER LIMITED,AXLE ENERGY LIMITED,GALLAGHER AGGREGATES LIMITED,AMP (via Urban Reserve (AssetCo 2) Limited),UTILITA ENERGY LIMITED,GRIDIMP LTD,PERSE TECHNOLOGY LIMITED,SSE DIGITAL SERVICES LIMITED,AMP (via Urban Reserve (AssetCo) Limited),INFINIS LIMITED,EQUIWATT LIMITED,AFFECT ENERGY LTD,HILDEBRAND TECHNOLOGY LIMITED,GRIDBEYOND LIMITED,OCTOPUS ENERGY LIMITED,DRAX ENERGY SOLUTIONS LIMITED,OAKTREE POWER LIMITED,BRITISH GAS TRADING LIMITED,U ENERGY GROUP LIMITED"
04/02/2026,18:30,19:00,500,Live,0,All Providers,"ENGIE POWER LIMITED,AXLE ENERGY LIMITED,GALLAGHER AGGREGATES LIMITED,AMP (via Urban Reserve (AssetCo 2) Limited),UTILITA ENERGY LIMITED,GRIDIMP LTD,PERSE TECHNOLOGY LIMITED,SSE DIGITAL SERVICES LIMITED,AMP (via Urban Reserve (AssetCo) Limited),INFINIS LIMITED,EQUIWATT LIMITED,AFFECT ENERGY LTD,HILDEBRAND TECHNOLOGY LIMITED,GRIDBEYOND LIMITED,OCTOPUS ENERGY LIMITED,DRAX ENERGY SOLUTIONS LIMITED,OAKTREE POWER LIMITED,BRITISH GAS TRADING LIMITED,U ENERGY GROUP LIMITED"
04/02/2026,19:00,19:30,500,Live,0,All Providers,"ENGIE POWER LIMITED,AXLE ENERGY LIMITED,GALLAGHER AGGREGATES LIMITED,AMP (via Urban Reserve (AssetCo 2) Limited),UTILITA ENERGY LIMITED,GRIDIMP LTD,PERSE TECHNOLOGY LIMITED,SSE DIGITAL SERVICES LIMITED,AMP (via Urban Reserve (AssetCo) Limited),INFINIS LIMITED,EQUIWATT LIMITED,AFFECT ENERGY LTD,HILDEBRAND TECHNOLOGY LIMITED,GRIDBEYOND LIMITED,OCTOPUS ENERGY LIMITED,DRAX ENERGY SOLUTIONS LIMITED,OAKTREE POWER LIMITED,BRITISH GAS TRADING LIMITED,U ENERGY GROUP LIMITED"
04/02/2026,19:30,20:00,500,Live,0,All Providers,"ENGIE POWER LIMITED,AXLE ENERGY LIMITED,GALLAGHER AGGREGATES LIMITED,AMP (via Urban Reserve (AssetCo 2) Limited),UTILITA ENERGY LIMITED,GRIDIMP LTD,PERSE TECHNOLOGY LIMITED,SSE DIGITAL SERVICES LIMITED,AMP (via Urban Reserve (AssetCo) Limited),INFINIS LIMITED,EQUIWATT LIMITED,AFFECT ENERGY LTD,HILDEBRAND TECHNOLOGY LIMITED,GRIDBEYOND LIMITED,OCTOPUS ENERGY LIMITED,DRAX ENERGY SOLUTIONS LIMITED,OAKTREE POWER LIMITED,BRITISH GAS TRADING LIMITED,U ENERGY GROUP LIMITED"
30/01/2026,16:00,16:30,500,Live,0,All Providers,"ENGIE POWER LIMITED,AXLE ENERGY LIMITED,GALLAGHER AGGREGATES LIMITED,AMP (via Urban Reserve (AssetCo 2) Limited),UTILITA ENERGY LIMITED,GRIDIMP LTD,PERSE TECHNOLOGY LIMITED,SSE DIGITAL SERVICES LIMITED,AMP (via Urban Reserve (AssetCo) Limited),INFINIS LIMITED,EQUIWATT LIMITED,AFFECT ENERGY LTD,HILDEBRAND TECHNOLOGY LIMITED,GRIDBEYOND LIMITED,OCTOPUS ENERGY LIMITED,DRAX ENERGY SOLUTIONS LIMITED,OAKTREE POWER LIMITED,BRITISH GAS TRADING LIMITED,U ENERGY GROUP LIMITED"
30/01/2026,16:30,17:00,500,Live,0,All Providers,"ENGIE POWER LIMITED,AXLE ENERGY LIMITED,GALLAGHER AGGREGATES LIMITED,AMP (via Urban Reserve (AssetCo 2) Limited),UTILITA ENERGY LIMITED,GRIDIMP LTD,PERSE TECHNOLOGY LIMITED,SSE DIGITAL SERVICES LIMITED,AMP (via Urban Reserve (AssetCo) Limited),INFINIS LIMITED,EQUIWATT LIMITED,AFFECT ENERGY LTD,HILDEBRAND TECHNOLOGY LIMITED,GRIDBEYOND LIMITED,OCTOPUS ENERGY LIMITED,DRAX ENERGY SOLUTIONS LIMITED,OAKTREE POWER LIMITED,BRITISH GAS TRADING LIMITED,U ENERGY GROUP LIMITED"
30/01/2026,17:00,17:30,500,Live,0,All Providers,"ENGIE POWER LIMITED,AXLE ENERGY LIMITED,GALLAGHER AGGREGATES LIMITED,AMP (via Urban Reserve (AssetCo 2) Limited),UTILITA ENERGY LIMITED,GRIDIMP LTD,PERSE TECHNOLOGY LIMITED,SSE DIGITAL SERVICES LIMITED,AMP (via Urban Reserve (AssetCo) Limited),INFINIS LIMITED,EQUIWATT LIMITED,AFFECT ENERGY LTD,HILDEBRAND TECHNOLOGY LIMITED,GRIDBEYOND LIMITED,OCTOPUS ENERGY LIMITED,DRAX ENERGY SOLUTIONS LIMITED,OAKTREE POWER LIMITED,BRITISH GAS TRADING LIMITED,U ENERGY GROUP LIMITED"
30/01/2026,17:30,18:00,500,Live,0,All Providers,"ENGIE POWER LIMITED,AXLE ENERGY LIMITED,GALLAGHER AGGREGATES LIMITED,AMP (via Urban Reserve (AssetCo 2) Limited),UTILITA ENERGY LIMITED,GRIDIMP LTD,PERSE TECHNOLOGY LIMITED,SSE DIGITAL SERVICES LIMITED,AMP (via Urban Reserve (AssetCo) Limited),INFINIS LIMITED,EQUIWATT LIMITED,AFFECT ENERGY LTD,HILDEBRAND TECHNOLOGY LIMITED,GRIDBEYOND LIMITED,OCTOPUS ENERGY LIMITED,DRAX ENERGY SOLUTIONS LIMITED,OAKTREE POWER LIMITED,BRITISH GAS TRADING LIMITED,U ENERGY GROUP LIMITED"
30/01/2026,18:00,18:30,500,Live,0,All Providers,"ENGIE POWER LIMITED,AXLE ENERGY LIMITED,GALLAGHER AGGREGATES LIMITED,AMP (via Urban Reserve (AssetCo 2) Limited),UTILITA ENERGY LIMITED,GRIDIMP LTD,PERSE TECHNOLOGY LIMITED,SSE DIGITAL SERVICES LIMITED,AMP (via Urban Reserve (AssetCo) Limited),INFINIS LIMITED,EQUIWATT LIMITED,AFFECT ENERGY LTD,HILDEBRAND TECHNOLOGY LIMITED,GRIDBEYOND LIMITED,OCTOPUS ENERGY LIMITED,DRAX ENERGY SOLUTIONS LIMITED,OAKTREE POWER LIMITED,BRITISH GAS TRADING LIMITED,U ENERGY GROUP LIMITED"
30/01/2026,18:30,19:00,500,Live,0,All Providers,"ENGIE POWER LIMITED,AXLE ENERGY LIMITED,GALLAGHER AGGREGATES LIMITED,AMP (via Urban Reserve (AssetCo 2) Limited),UTILITA ENERGY LIMITED,GRIDIMP LTD,PERSE TECHNOLOGY LIMITED,SSE DIGITAL SERVICES LIMITED,AMP (via Urban Reserve (AssetCo) Limited),INFINIS LIMITED,EQUIWATT LIMITED,AFFECT ENERGY LTD,HILDEBRAND TECHNOLOGY LIMITED,GRIDBEYOND LIMITED,OCTOPUS ENERGY LIMITED,DRAX ENERGY SOLUTIONS LIMITED,OAKTREE POWER LIMITED,BRITISH GAS TRADING LIMITED,U ENERGY GROUP LIMITED"
29/01/2026,16:00,16:30,500,Live,0,All Providers,"ENGIE POWER LIMITED,AXLE ENERGY LIMITED,GALLAGHER AGGREGATES LIMITED,AMP (via Urban Reserve (AssetCo 2) Limited),UTILITA ENERGY LIMITED,GRIDIMP LTD,PERSE TECHNOLOGY LIMITED,SSE DIGITAL SERVICES LIMITED,AMP (via Urban Reserve (AssetCo) Limited),INFINIS LIMITED,EQUIWATT LIMITED,AFFECT ENERGY LTD,HILDEBRAND TECHNOLOGY LIMITED,GRIDBEYOND LIMITED,OCTOPUS ENERGY LIMITED,DRAX ENERGY SOLUTIONS LIMITED,OAKTREE POWER LIMITED,BRITISH GAS TRADING LIMITED,U ENERGY GROUP LIMITED"
29/01/2026,16:30,17:00,500,Live,0,All Providers,"ENGIE POWER LIMITED,AXLE ENERGY LIMITED,GALLAGHER AGGREGATES LIMITED,AMP (via Urban Reserve (AssetCo 2) Limited),UTILITA ENERGY LIMITED,GRIDIMP LTD,PERSE TECHNOLOGY LIMITED,SSE DIGITAL SERVICES LIMITED,AMP (via Urban Reserve (AssetCo) Limited),INFINIS LIMITED,EQUIWATT LIMITED,AFFECT ENERGY LTD,HILDEBRAND TECHNOLOGY LIMITED,GRIDBEYOND LIMITED,OCTOPUS ENERGY LIMITED,DRAX ENERGY SOLUTIONS LIMITED,OAKTREE POWER LIMITED,BRITISH GAS TRADING LIMITED,U ENERGY GROUP LIMITED"
29/01/2026,17:00,17:30,500,Live,0,All Providers,"ENGIE POWER LIMITED,AXLE ENERGY LIMITED,GALLAGHER AGGREGATES LIMITED,AMP (via Urban Reserve (AssetCo 2) Limited),UTILITA ENERGY LIMITED,GRIDIMP LTD,PERSE TECHNOLOGY LIMITED,SSE DIGITAL SERVICES LIMITED,AMP (via Urban Reserve (AssetCo) Limited),INFINIS LIMITED,EQUIWATT LIMITED,AFFECT ENERGY LTD,HILDEBRAND TECHNOLOGY LIMITED,GRIDBEYOND LIMITED,OCTOPUS ENERGY LIMITED,DRAX ENERGY SOLUTIONS LIMITED,OAKTREE POWER LIMITED,BRITISH GAS TRADING LIMITED,U ENERGY GROUP LIMITED"
29/01/2026,17:30,18:00,500,Live,0,All Providers,"ENGIE POWER LIMITED,AXLE ENERGY LIMITED,GALLAGHER AGGREGATES LIMITED,AMP (via Urban Reserve (AssetCo 2) Limited),UTILITA ENERGY LIMITED,GRIDIMP LTD,PERSE TECHNOLOGY LIMITED,SSE DIGITAL SERVICES LIMITED,AMP (via Urban Reserve (AssetCo) Limited),INFINIS LIMITED,EQUIWATT LIMITED,AFFECT ENERGY LTD,HILDEBRAND TECHNOLOGY LIMITED,GRIDBEYOND LIMITED,OCTOPUS ENERGY LIMITED,DRAX ENERGY SOLUTIONS LIMITED,OAKTREE POWER LIMITED,BRITISH GAS TRADING LIMITED,U ENERGY GROUP LIMITED"
29/01/2026,18:00,18:30,500,Live,0,All Providers,"ENGIE POWER LIMITED,AXLE ENERGY LIMITED,GALLAGHER AGGREGATES LIMITED,AMP (via Urban Reserve (AssetCo 2) Limited),UTILITA ENERGY LIMITED,GRIDIMP LTD,PERSE TECHNOLOGY LIMITED,SSE DIGITAL SERVICES LIMITED,AMP (via Urban Reserve (AssetCo) Limited),INFINIS LIMITED,EQUIWATT LIMITED,AFFECT ENERGY LTD,HILDEBRAND TECHNOLOGY LIMITED,GRIDBEYOND LIMITED,OCTOPUS ENERGY LIMITED,DRAX ENERGY SOLUTIONS LIMITED,OAKTREE POWER LIMITED,BRITISH GAS TRADING LIMITED,U ENERGY GROUP LIMITED"
29/01/2026,18:30,19:00,500,Live,0,All Providers,"ENGIE POWER LIMITED,AXLE ENERGY LIMITED,GALLAGHER AGGREGATES LIMITED,AMP (via Urban Reserve (AssetCo 2) Limited),UTILITA ENERGY LIMITED,GRIDIMP LTD,PERSE TECHNOLOGY LIMITED,SSE DIGITAL SERVICES LIMITED,AMP (via Urban Reserve (AssetCo) Limited),INFINIS LIMITED,EQUIWATT LIMITED,AFFECT ENERGY LTD,HILDEBRAND TECHNOLOGY LIMITED,GRIDBEYOND LIMITED,OCTOPUS ENERGY LIMITED,DRAX ENERGY SOLUTIONS LIMITED,OAKTREE POWER LIMITED,BRITISH GAS TRADING LIMITED,U ENERGY GROUP LIMITED"
28/01/2026,16:00,16:30,500,Live,0,All Providers,"ENGIE POWER LIMITED,AXLE ENERGY LIMITED,GALLAGHER AGGREGATES LIMITED,AMP (via Urban Reserve (AssetCo 2) Limited),UTILITA ENERGY LIMITED,GRIDIMP LTD,PERSE TECHNOLOGY LIMITED,SSE DIGITAL SERVICES LIMITED,AMP (via Urban Reserve (AssetCo) Limited),INFINIS LIMITED,EQUIWATT LIMITED,ORANGE POWER LTD,Attune Power LTD,AFFECT ENERGY LTD,HILDEBRAND TECHNOLOGY LIMITED,GRIDBEYOND LIMITED,OCTOPUS ENERGY LIMITED,DRAX ENERGY SOLUTIONS LIMITED,Electryone AI,OAKTREE POWER LIMITED,BRITISH GAS TRADING LIMITED,CARBONLACES LIMITED,VEST Energy Limited,PowerOnTechnologiesTradingAsJoulen,Fuse Energy Supply Limited,Shuffle Energy Limited,Optimo Energy Limited,U ENERGY GROUP LIMITED,ENSEK LTD"
28/01/2026,16:30,17:00,500,Live,0,All Providers,"ENGIE POWER LIMITED,AXLE ENERGY LIMITED,GALLAGHER AGGREGATES LIMITED,AMP (via Urban Reserve (AssetCo 2) Limited),UTILITA ENERGY LIMITED,GRIDIMP LTD,PERSE TECHNOLOGY LIMITED,SSE DIGITAL SERVICES LIMITED,AMP (via Urban Reserve (AssetCo) Limited),INFINIS LIMITED,EQUIWATT LIMITED,ORANGE POWER LTD,Attune Power LTD,AFFECT ENERGY LTD,HILDEBRAND TECHNOLOGY LIMITED,GRIDBEYOND LIMITED,OCTOPUS ENERGY LIMITED,DRAX ENERGY SOLUTIONS LIMITED,Electryone AI,OAKTREE POWER LIMITED,BRITISH GAS TRADING LIMITED,CARBONLACES LIMITED,VEST Energy Limited,PowerOnTechnologiesTradingAsJoulen,Fuse Energy Supply Limited,Shuffle Energy Limited,Optimo Energy Limited,U ENERGY GROUP LIMITED,ENSEK LTD"
28/01/2026,17:00,17:30,500,Live,0,All Providers,"ENGIE POWER LIMITED,AXLE ENERGY LIMITED,GALLAGHER AGGREGATES LIMITED,AMP (via Urban Reserve (AssetCo 2) Limited),UTILITA ENERGY LIMITED,GRIDIMP LTD,PERSE TECHNOLOGY LIMITED,SSE DIGITAL SERVICES LIMITED,AMP (via Urban Reserve (AssetCo) Limited),INFINIS LIMITED,EQUIWATT LIMITED,ORANGE POWER LTD,Attune Power LTD,AFFECT ENERGY LTD,HILDEBRAND TECHNOLOGY LIMITED,GRIDBEYOND LIMITED,OCTOPUS ENERGY LIMITED,DRAX ENERGY SOLUTIONS LIMITED,Electryone AI,OAKTREE POWER LIMITED,BRITISH GAS TRADING LIMITED,CARBONLACES LIMITED,VEST Energy Limited,PowerOnTechnologiesTradingAsJoulen,Fuse Energy Supply Limited,Shuffle Energy Limited,Optimo Energy Limited,U ENERGY GROUP LIMITED,ENSEK LTD"
28/01/2026,17:30,18:00,500,Live,0,All Providers,"ENGIE POWER LIMITED,AXLE ENERGY LIMITED,GALLAGHER AGGREGATES LIMITED,AMP (via Urban Reserve (AssetCo 2) Limited),UTILITA ENERGY LIMITED,GRIDIMP LTD,PERSE TECHNOLOGY LIMITED,SSE DIGITAL SERVICES LIMITED,AMP (via Urban Reserve (AssetCo) Limited),INFINIS LIMITED,EQUIWATT LIMITED,ORANGE POWER LTD,Attune Power LTD,AFFECT ENERGY LTD,HILDEBRAND TECHNOLOGY LIMITED,GRIDBEYOND LIMITED,OCTOPUS ENERGY LIMITED,DRAX ENERGY SOLUTIONS LIMITED,Electryone AI,OAKTREE POWER LIMITED,BRITISH GAS TRADING LIMITED,CARBONLACES LIMITED,VEST Energy Limited,PowerOnTechnologiesTradingAsJoulen,Fuse Energy Supply Limited,Shuffle Energy Limited,Optimo Energy Limited,U ENERGY GROUP LIMITED,ENSEK LTD"
28/01/2026,18:00,18:30,500,Live,0,All Providers,"ENGIE POWER LIMITED,AXLE ENERGY LIMITED,GALLAGHER AGGREGATES LIMITED,AMP (via Urban Reserve (AssetCo 2) Limited),UTILITA ENERGY LIMITED,GRIDIMP LTD,PERSE TECHNOLOGY LIMITED,SSE DIGITAL SERVICES LIMITED,AMP (via Urban Reserve (AssetCo) Limited),INFINIS LIMITED,EQUIWATT LIMITED,ORANGE POWER LTD,Attune Power LTD,AFFECT ENERGY LTD,HILDEBRAND TECHNOLOGY LIMITED,GRIDBEYOND LIMITED,OCTOPUS ENERGY LIMITED,DRAX ENERGY SOLUTIONS LIMITED,Electryone AI,OAKTREE POWER LIMITED,BRITISH GAS TRADING LIMITED,CARBONLACES LIMITED,VEST Energy Limited,PowerOnTechnologiesTradingAsJoulen,Fuse Energy Supply Limited,Shuffle Energy Limited,Optimo Energy Limited,U ENERGY GROUP LIMITED,ENSEK LTD"
28/01/2026,18:30,19:00,500,Live,0,All Providers,"ENGIE POWER LIMITED,AXLE ENERGY LIMITED,GALLAGHER AGGREGATES LIMITED,AMP (via Urban Reserve (AssetCo 2) Limited),UTILITA ENERGY LIMITED,GRIDIMP LTD,PERSE TECHNOLOGY LIMITED,SSE DIGITAL SERVICES LIMITED,AMP (via Urban Reserve (AssetCo) Limited),INFINIS LIMITED,EQUIWATT LIMITED,ORANGE POWER LTD,Attune Power LTD,AFFECT ENERGY LTD,HILDEBRAND TECHNOLOGY LIMITED,GRIDBEYOND LIMITED,OCTOPUS ENERGY LIMITED,DRAX ENERGY SOLUTIONS LIMITED,Electryone AI,OAKTREE POWER LIMITED,BRITISH GAS TRADING LIMITED,CARBONLACES LIMITED,VEST Energy Limited,PowerOnTechnologiesTradingAsJoulen,Fuse Energy Supply Limited,Shuffle Energy Limited,Optimo Energy Limited,U ENERGY GROUP LIMITED,ENSEK LTD"
28/01/2026,19:00,19:30,500,Live,0,All Providers,"ENGIE POWER LIMITED,AXLE ENERGY LIMITED,GALLAGHER AGGREGATES LIMITED,AMP (via Urban Reserve (AssetCo 2) Limited),UTILITA ENERGY LIMITED,GRIDIMP LTD,PERSE TECHNOLOGY LIMITED,SSE DIGITAL SERVICES LIMITED,AMP (via Urban Reserve (AssetCo) Limited),INFINIS LIMITED,EQUIWATT LIMITED,ORANGE POWER LTD,Attune Power LTD,AFFECT ENERGY LTD,HILDEBRAND TECHNOLOGY LIMITED,GRIDBEYOND LIMITED,OCTOPUS ENERGY LIMITED,DRAX ENERGY SOLUTIONS LIMITED,Electryone AI,OAKTREE POWER LIMITED,BRITISH GAS TRADING LIMITED,CARBONLACES LIMITED,VEST Energy Limited,PowerOnTechnologiesTradingAsJoulen,Fuse Energy Supply Limited,Shuffle Energy Limited,Optimo Energy Limited,U ENERGY GROUP LIMITED,ENSEK LTD"
28/01/2026,19:30,20:00,500,Live,0,All Providers,"ENGIE POWER LIMITED,AXLE ENERGY LIMITED,GALLAGHER AGGREGATES LIMITED,AMP (via Urban Reserve (AssetCo 2) Limited),UTILITA ENERGY LIMITED,GRIDIMP LTD,PERSE TECHNOLOGY LIMITED,SSE DIGITAL SERVICES LIMITED,AMP (via Urban Reserve (AssetCo) Limited),INFINIS LIMITED,EQUIWATT LIMITED,ORANGE POWER LTD,Attune Power LTD,AFFECT ENERGY LTD,HILDEBRAND TECHNOLOGY LIMITED,GRIDBEYOND LIMITED,OCTOPUS ENERGY LIMITED,DRAX ENERGY SOLUTIONS LIMITED,Electryone AI,OAKTREE POWER LIMITED,BRITISH GAS TRADING LIMITED,CARBONLACES LIMITED,VEST Energy Limited,PowerOnTechnologiesTradingAsJoulen,Fuse Energy Supply Limited,Shuffle Energy Limited,Optimo Energy Limited,U ENERGY GROUP LIMITED,ENSEK LTD"
26/01/2026,17:00,17:30,500,Live,0,All Providers,"ENGIE POWER LIMITED,AXLE ENERGY LIMITED,GALLAGHER AGGREGATES LIMITED,AMP (via Urban Reserve (AssetCo 2) Limited),UTILITA ENERGY LIMITED,GRIDIMP LTD,PERSE TECHNOLOGY LIMITED,SSE DIGITAL SERVICES LIMITED,AMP (via Urban Reserve (AssetCo) Limited),INFINIS LIMITED,EQUIWATT LIMITED,AFFECT ENERGY LTD,HILDEBRAND TECHNOLOGY LIMITED,GRIDBEYOND LIMITED,OCTOPUS ENERGY LIMITED,DRAX ENERGY SOLUTIONS LIMITED,OAKTREE POWER LIMITED,BRITISH GAS TRADING LIMITED,U ENERGY GROUP LIMITED"
26/01/2026,17:30,18:00,500,Live,0,All Providers,"ENGIE POWER LIMITED,AXLE ENERGY LIMITED,GALLAGHER AGGREGATES LIMITED,AMP (via Urban Reserve (AssetCo 2) Limited),UTILITA ENERGY LIMITED,GRIDIMP LTD,PERSE TECHNOLOGY LIMITED,SSE DIGITAL SERVICES LIMITED,AMP (via Urban Reserve (AssetCo) Limited),INFINIS LIMITED,EQUIWATT LIMITED,AFFECT ENERGY LTD,HILDEBRAND TECHNOLOGY LIMITED,GRIDBEYOND LIMITED,OCTOPUS ENERGY LIMITED,DRAX ENERGY SOLUTIONS LIMITED,OAKTREE POWER LIMITED,BRITISH GAS TRADING LIMITED,U ENERGY GROUP LIMITED"
26/01/2026,18:00,18:30,500,Live,0,All Providers,"ENGIE POWER LIMITED,AXLE ENERGY LIMITED,GALLAGHER AGGREGATES LIMITED,AMP (via Urban Reserve (AssetCo 2) Limited),UTILITA ENERGY LIMITED,GRIDIMP LTD,PERSE TECHNOLOGY LIMITED,SSE DIGITAL SERVICES LIMITED,AMP (via Urban Reserve (AssetCo) Limited),INFINIS LIMITED,EQUIWATT LIMITED,AFFECT ENERGY LTD,HILDEBRAND TECHNOLOGY LIMITED,GRIDBEYOND LIMITED,OCTOPUS ENERGY LIMITED,DRAX ENERGY SOLUTIONS LIMITED,OAKTREE POWER LIMITED,BRITISH GAS TRADING LIMITED,U ENERGY GROUP LIMITED"
26/01/2026,18:30,19:00,500,Live,0,All Providers,"ENGIE POWER LIMITED,AXLE ENERGY LIMITED,GALLAGHER AGGREGATES LIMITED,AMP (via Urban Reserve (AssetCo 2) Limited),UTILITA ENERGY LIMITED,GRIDIMP LTD,PERSE TECHNOLOGY LIMITED,SSE DIGITAL SERVICES LIMITED,AMP (via Urban Reserve (AssetCo) Limited),INFINIS LIMITED,EQUIWATT LIMITED,AFFECT ENERGY LTD,HILDEBRAND TECHNOLOGY LIMITED,GRIDBEYOND LIMITED,OCTOPUS ENERGY LIMITED,DRAX ENERGY SOLUTIONS LIMITED,OAKTREE POWER LIMITED,BRITISH GAS TRADING LIMITED,U ENERGY GROUP LIMITED"
23/01/2026,17:00,17:30,500,Live,0,All Providers,"ENGIE POWER LIMITED,AXLE ENERGY LIMITED,GALLAGHER AGGREGATES LIMITED,AMP (via Urban Reserve (AssetCo 2) Limited),UTILITA ENERGY LIMITED,GRIDIMP LTD,PERSE TECHNOLOGY LIMITED,SSE DIGITAL SERVICES LIMITED,AMP (via Urban Reserve (AssetCo) Limited),INFINIS LIMITED,EQUIWATT LIMITED,AFFECT ENERGY LTD,HILDEBRAND TECHNOLOGY LIMITED,GRIDBEYOND LIMITED,OCTOPUS ENERGY LIMITED,DRAX ENERGY SOLUTIONS LIMITED,OAKTREE POWER LIMITED,BRITISH GAS TRADING LIMITED,U ENERGY GROUP LIMITED"
23/01/2026,17:30,18:00,500,Live,0,All Providers,"ENGIE POWER LIMITED,AXLE ENERGY LIMITED,GALLAGHER AGGREGATES LIMITED,AMP (via Urban Reserve (AssetCo 2) Limited),UTILITA ENERGY LIMITED,GRIDIMP LTD,PERSE TECHNOLOGY LIMITED,SSE DIGITAL SERVICES LIMITED,AMP (via Urban Reserve (AssetCo) Limited),INFINIS LIMITED,EQUIWATT LIMITED,AFFECT ENERGY LTD,HILDEBRAND TECHNOLOGY LIMITED,GRIDBEYOND LIMITED,OCTOPUS ENERGY LIMITED,DRAX ENERGY SOLUTIONS LIMITED,OAKTREE POWER LIMITED,BRITISH GAS TRADING LIMITED,U ENERGY GROUP LIMITED"
23/01/2026,18:00,18:30,500,Live,0,All Providers,"ENGIE POWER LIMITED,AXLE ENERGY LIMITED,GALLAGHER AGGREGATES LIMITED,AMP (via Urban Reserve (AssetCo 2) Limited),UTILITA ENERGY LIMITED,GRIDIMP LTD,PERSE TECHNOLOGY LIMITED,SSE DIGITAL SERVICES LIMITED,AMP (via Urban Reserve (AssetCo) Limited),INFINIS LIMITED,EQUIWATT LIMITED,AFFECT ENERGY LTD,HILDEBRAND TECHNOLOGY LIMITED,GRIDBEYOND LIMITED,OCTOPUS ENERGY LIMITED,DRAX ENERGY SOLUTIONS LIMITED,OAKTREE POWER LIMITED,BRITISH GAS TRADING LIMITED,U ENERGY GROUP LIMITED"
23/01/2026,18:30,19:00,500,Live,0,All Providers,"ENGIE POWER LIMITED,AXLE ENERGY LIMITED,GALLAGHER AGGREGATES LIMITED,AMP (via Urban Reserve (AssetCo 2) Limited),UTILITA ENERGY LIMITED,GRIDIMP LTD,PERSE TECHNOLOGY LIMITED,SSE DIGITAL SERVICES LIMITED,AMP (via Urban Reserve (AssetCo) Limited),INFINIS LIMITED,EQUIWATT LIMITED,AFFECT ENERGY LTD,HILDEBRAND TECHNOLOGY LIMITED,GRIDBEYOND LIMITED,OCTOPUS ENERGY LIMITED,DRAX ENERGY SOLUTIONS LIMITED,OAKTREE POWER LIMITED,BRITISH GAS TRADING LIMITED,U ENERGY GROUP LIMITED"
22/01/2026,17:00,17:30,500,Live,0,All Providers,"ENGIE POWER LIMITED,AXLE ENERGY LIMITED,GALLAGHER AGGREGATES LIMITED,AMP (via Urban Reserve (AssetCo 2) Limited),UTILITA ENERGY LIMITED,GRIDIMP LTD,PERSE TECHNOLOGY LIMITED,SSE DIGITAL SERVICES LIMITED,AMP (via Urban Reserve (AssetCo) Limited),INFINIS LIMITED,EQUIWATT LIMITED,AFFECT ENERGY LTD,HILDEBRAND TECHNOLOGY LIMITED,GRIDBEYOND LIMITED,OCTOPUS ENERGY LIMITED,DRAX ENERGY SOLUTIONS LIMITED,OAKTREE POWER LIMITED,BRITISH GAS TRADING LIMITED,U ENERGY GROUP LIMITED"
22/01/2026,17:30,18:00,500,Live,0,All Providers,"ENGIE POWER LIMITED,AXLE ENERGY LIMITED,GALLAGHER AGGREGATES LIMITED,AMP (via Urban Reserve (AssetCo 2) Limited),UTILITA ENERGY LIMITED,GRIDIMP LTD,PERSE TECHNOLOGY LIMITED,SSE DIGITAL SERVICES LIMITED,AMP (via Urban Reserve (AssetCo) Limited),INFINIS LIMITED,EQUIWATT LIMITED,AFFECT ENERGY LTD,HILDEBRAND TECHNOLOGY LIMITED,GRIDBEYOND LIMITED,OCTOPUS ENERGY LIMITED,DRAX ENERGY SOLUTIONS LIMITED,OAKTREE POWER LIMITED,BRITISH GAS TRADING LIMITED,U ENERGY GROUP LIMITED"
22/01/2026,18:00,18:30,500,Live,0,All Providers,"ENGIE POWER LIMITED,AXLE ENERGY LIMITED,GALLAGHER AGGREGATES LIMITED,AMP (via Urban Reserve (AssetCo 2) Limited),UTILITA ENERGY LIMITED,GRIDIMP LTD,PERSE TECHNOLOGY LIMITED,SSE DIGITAL SERVICES LIMITED,AMP (via Urban Reserve (AssetCo) Limited),INFINIS LIMITED,EQUIWATT LIMITED,AFFECT ENERGY LTD,HILDEBRAND TECHNOLOGY LIMITED,GRIDBEYOND LIMITED,OCTOPUS ENERGY LIMITED,DRAX ENERGY SOLUTIONS LIMITED,OAKTREE POWER LIMITED,BRITISH GAS TRADING LIMITED,U ENERGY GROUP LIMITED"
22/01/2026,18:30,19:00,500,Live,0,All Providers,"ENGIE POWER LIMITED,AXLE ENERGY LIMITED,GALLAGHER AGGREGATES LIMITED,AMP (via Urban Reserve (AssetCo 2) Limited),UTILITA ENERGY LIMITED,GRIDIMP LTD,PERSE TECHNOLOGY LIMITED,SSE DIGITAL SERVICES LIMITED,AMP (via Urban Reserve (AssetCo) Limited),INFINIS LIMITED,EQUIWATT LIMITED,AFFECT ENERGY LTD,HILDEBRAND TECHNOLOGY LIMITED,GRIDBEYOND LIMITED,OCTOPUS ENERGY LIMITED,DRAX ENERGY SOLUTIONS LIMITED,OAKTREE POWER LIMITED,BRITISH GAS TRADING LIMITED,U ENERGY GROUP LIMITED"
20/01/2026,17:00,17:30,500,Live,0,All Providers,"ENGIE POWER LIMITED,AXLE ENERGY LIMITED,GALLAGHER AGGREGATES LIMITED,AMP (via Urban Reserve (AssetCo 2) Limited),UTILITA ENERGY LIMITED,GRIDIMP LTD,PERSE TECHNOLOGY LIMITED,SSE DIGITAL SERVICES LIMITED,AMP (via Urban Reserve (AssetCo) Limited),INFINIS LIMITED,EQUIWATT LIMITED,AFFECT ENERGY LTD,HILDEBRAND TECHNOLOGY LIMITED,GRIDBEYOND LIMITED,OCTOPUS ENERGY LIMITED,DRAX ENERGY SOLUTIONS LIMITED,OAKTREE POWER LIMITED,BRITISH GAS TRADING LIMITED,U ENERGY GROUP LIMITED"
20/01/2026,17:30,18:00,500,Live,0,All Providers,"ENGIE POWER LIMITED,AXLE ENERGY LIMITED,GALLAGHER AGGREGATES LIMITED,AMP (via Urban Reserve (AssetCo 2) Limited),UTILITA ENERGY LIMITED,GRIDIMP LTD,PERSE TECHNOLOGY LIMITED,SSE DIGITAL SERVICES LIMITED,AMP (via Urban Reserve (AssetCo) Limited),INFINIS LIMITED,EQUIWATT LIMITED,AFFECT ENERGY LTD,HILDEBRAND TECHNOLOGY LIMITED,GRIDBEYOND LIMITED,OCTOPUS ENERGY LIMITED,DRAX ENERGY SOLUTIONS LIMITED,OAKTREE POWER LIMITED,BRITISH GAS TRADING LIMITED,U ENERGY GROUP LIMITED"
20/01/2026,18:00,18:30,500,Live,0,All Providers,"ENGIE POWER LIMITED,AXLE ENERGY LIMITED,GALLAGHER AGGREGATES LIMITED,AMP (via Urban Reserve (AssetCo 2) Limited),UTILITA ENERGY LIMITED,GRIDIMP LTD,PERSE TECHNOLOGY LIMITED,SSE DIGITAL SERVICES LIMITED,AMP (via Urban Reserve (AssetCo) Limited),INFINIS LIMITED,EQUIWATT LIMITED,AFFECT ENERGY LTD,HILDEBRAND TECHNOLOGY LIMITED,GRIDBEYOND LIMITED,OCTOPUS ENERGY LIMITED,DRAX ENERGY SOLUTIONS LIMITED,OAKTREE POWER LIMITED,BRITISH GAS TRADING LIMITED,U ENERGY GROUP LIMITED"
20/01/2026,18:30,19:00,500,Live,0,All Providers,"ENGIE POWER LIMITED,AXLE ENERGY LIMITED,GALLAGHER AGGREGATES LIMITED,AMP (via Urban Reserve (AssetCo 2) Limited),UTILITA ENERGY LIMITED,GRIDIMP LTD,PERSE TECHNOLOGY LIMITED,SSE DIGITAL SERVICES LIMITED,AMP (via Urban Reserve (AssetCo) Limited),INFINIS LIMITED,EQUIWATT LIMITED,AFFECT ENERGY LTD,HILDEBRAND TECHNOLOGY LIMITED,GRIDBEYOND LIMITED,OCTOPUS ENERGY LIMITED,DRAX ENERGY SOLUTIONS LIMITED,OAKTREE POWER LIMITED,BRITISH GAS TRADING LIMITED,U ENERGY GROUP LIMITED"
19/01/2026,16:00,16:30,500,Live,0,All Providers,"ENGIE POWER LIMITED,AXLE ENERGY LIMITED,GALLAGHER AGGREGATES LIMITED,AMP (via Urban Reserve (AssetCo 2) Limited),UTILITA ENERGY LIMITED,GRIDIMP LTD,PERSE TECHNOLOGY LIMITED,SSE DIGITAL SERVICES LIMITED,AMP (via Urban Reserve (AssetCo) Limited),INFINIS LIMITED,EQUIWATT LIMITED,AFFECT ENERGY LTD,HILDEBRAND TECHNOLOGY LIMITED,GRIDBEYOND LIMITED,OCTOPUS ENERGY LIMITED,DRAX ENERGY SOLUTIONS LIMITED,OAKTREE POWER LIMITED,BRITISH GAS TRADING LIMITED,U ENERGY GROUP LIMITED"
19/01/2026,16:30,17:00,500,Live,0,All Providers,"ENGIE POWER LIMITED,AXLE ENERGY LIMITED,GALLAGHER AGGREGATES LIMITED,AMP (via Urban Reserve (AssetCo 2) Limited),UTILITA ENERGY LIMITED,GRIDIMP LTD,PERSE TECHNOLOGY LIMITED,SSE DIGITAL SERVICES LIMITED,AMP (via Urban Reserve (AssetCo) Limited),INFINIS LIMITED,EQUIWATT LIMITED,AFFECT ENERGY LTD,HILDEBRAND TECHNOLOGY LIMITED,GRIDBEYOND LIMITED,OCTOPUS ENERGY LIMITED,DRAX ENERGY SOLUTIONS LIMITED,OAKTREE POWER LIMITED,BRITISH GAS TRADING LIMITED,U ENERGY GROUP LIMITED"
19/01/2026,17:00,17:30,500,Live,0,All Providers,"ENGIE POWER LIMITED,AXLE ENERGY LIMITED,GALLAGHER AGGREGATES LIMITED,AMP (via Urban Reserve (AssetCo 2) Limited),UTILITA ENERGY LIMITED,GRIDIMP LTD,PERSE TECHNOLOGY LIMITED,SSE DIGITAL SERVICES LIMITED,AMP (via Urban Reserve (AssetCo) Limited),INFINIS LIMITED,EQUIWATT LIMITED,AFFECT ENERGY LTD,HILDEBRAND TECHNOLOGY LIMITED,GRIDBEYOND LIMITED,OCTOPUS ENERGY LIMITED,DRAX ENERGY SOLUTIONS LIMITED,OAKTREE POWER LIMITED,BRITISH GAS TRADING LIMITED,U ENERGY GROUP LIMITED"
19/01/2026,17:30,18:00,500,Live,0,All Providers,"ENGIE POWER LIMITED,AXLE ENERGY LIMITED,GALLAGHER AGGREGATES LIMITED,AMP (via Urban Reserve (AssetCo 2) Limited),UTILITA ENERGY LIMITED,GRIDIMP LTD,PERSE TECHNOLOGY LIMITED,SSE DIGITAL SERVICES LIMITED,AMP (via Urban Reserve (AssetCo) Limited),INFINIS LIMITED,EQUIWATT LIMITED,AFFECT ENERGY LTD,HILDEBRAND TECHNOLOGY LIMITED,GRIDBEYOND LIMITED,OCTOPUS ENERGY LIMITED,DRAX ENERGY SOLUTIONS LIMITED,OAKTREE POWER LIMITED,BRITISH GAS TRADING LIMITED,U ENERGY GROUP LIMITED"
19/01/2026,18:00,18:30,500,Live,0,All Providers,"ENGIE POWER LIMITED,AXLE ENERGY LIMITED,GALLAGHER AGGREGATES LIMITED,AMP (via Urban Reserve (AssetCo 2) Limited),UTILITA ENERGY LIMITED,GRIDIMP LTD,PERSE TECHNOLOGY LIMITED,SSE DIGITAL SERVICES LIMITED,AMP (via Urban Reserve (AssetCo) Limited),INFINIS LIMITED,EQUIWATT LIMITED,AFFECT ENERGY LTD,HILDEBRAND TECHNOLOGY LIMITED,GRIDBEYOND LIMITED,OCTOPUS ENERGY LIMITED,DRAX ENERGY SOLUTIONS LIMITED,OAKTREE POWER LIMITED,BRITISH GAS TRADING LIMITED,U ENERGY GROUP LIMITED"
19/01/2026,18:30,19:00,500,Live,0,All Providers,"ENGIE POWER LIMITED,AXLE ENERGY LIMITED,GALLAGHER AGGREGATES LIMITED,AMP (via Urban Reserve (AssetCo 2) Limited),UTILITA ENERGY LIMITED,GRIDIMP LTD,PERSE TECHNOLOGY LIMITED,SSE DIGITAL SERVICES LIMITED,AMP (via Urban Reserve (AssetCo) Limited),INFINIS LIMITED,EQUIWATT LIMITED,AFFECT ENERGY LTD,HILDEBRAND TECHNOLOGY LIMITED,GRIDBEYOND LIMITED,OCTOPUS ENERGY LIMITED,DRAX ENERGY SOLUTIONS LIMITED,OAKTREE POWER LIMITED,BRITISH GAS TRADING LIMITED,U ENERGY GROUP LIMITED"
19/01/2026,19:00,19:30,500,Live,0,All Providers,"ENGIE POWER LIMITED,AXLE ENERGY LIMITED,GALLAGHER AGGREGATES LIMITED,AMP (via Urban Reserve (AssetCo 2) Limited),UTILITA ENERGY LIMITED,GRIDIMP LTD,PERSE TECHNOLOGY LIMITED,SSE DIGITAL SERVICES LIMITED,AMP (via Urban Reserve (AssetCo) Limited),INFINIS LIMITED,EQUIWATT LIMITED,AFFECT ENERGY LTD,HILDEBRAND TECHNOLOGY LIMITED,GRIDBEYOND LIMITED,OCTOPUS ENERGY LIMITED,DRAX ENERGY SOLUTIONS LIMITED,OAKTREE POWER LIMITED,BRITISH GAS TRADING LIMITED,U ENERGY GROUP LIMITED"
19/01/2026,19:30,20:00,500,Live,0,All Providers,"ENGIE POWER LIMITED,AXLE ENERGY LIMITED,GALLAGHER AGGREGATES LIMITED,AMP (via Urban Reserve (AssetCo 2) Limited),UTILITA ENERGY LIMITED,GRIDIMP LTD,PERSE TECHNOLOGY LIMITED,SSE DIGITAL SERVICES LIMITED,AMP (via Urban Reserve (AssetCo) Limited),INFINIS LIMITED,EQUIWATT LIMITED,AFFECT ENERGY LTD,HILDEBRAND TECHNOLOGY LIMITED,GRIDBEYOND LIMITED,OCTOPUS ENERGY LIMITED,DRAX ENERGY SOLUTIONS LIMITED,OAKTREE POWER LIMITED,BRITISH GAS TRADING LIMITED,U ENERGY GROUP LIMITED"
16/01/2026,16:00,16:30,500,Live,0,All Providers,"ENGIE POWER LIMITED,AXLE ENERGY LIMITED,GALLAGHER AGGREGATES LIMITED,AMP (via Urban Reserve (AssetCo 2) Limited),UTILITA ENERGY LIMITED,GRIDIMP LTD,PERSE TECHNOLOGY LIMITED,SSE DIGITAL SERVICES LIMITED,AMP (via Urban Reserve (AssetCo) Limited),INFINIS LIMITED,EQUIWATT LIMITED,ORANGE POWER LTD,Attune Power LTD,AFFECT ENERGY LTD,HILDEBRAND TECHNOLOGY LIMITED,GRIDBEYOND LIMITED,OCTOPUS ENERGY LIMITED,DRAX ENERGY SOLUTIONS LIMITED,Electryone AI,OAKTREE POWER LIMITED,BRITISH GAS TRADING LIMITED,CARBONLACES LIMITED,VEST Energy Limited,PowerOnTechnologiesTradingAsJoulen,Fuse Energy Supply Limited,Shuffle Energy Limited,Optimo Energy Limited,U ENERGY GROUP LIMITED"
16/01/2026,16:30,17:00,500,Live,0,All Providers,"ENGIE POWER LIMITED,AXLE ENERGY LIMITED,GALLAGHER AGGREGATES LIMITED,AMP (via Urban Reserve (AssetCo 2) Limited),UTILITA ENERGY LIMITED,GRIDIMP LTD,PERSE TECHNOLOGY LIMITED,SSE DIGITAL SERVICES LIMITED,AMP (via Urban Reserve (AssetCo) Limited),INFINIS LIMITED,EQUIWATT LIMITED,ORANGE POWER LTD,Attune Power LTD,AFFECT ENERGY LTD,HILDEBRAND TECHNOLOGY LIMITED,GRIDBEYOND LIMITED,OCTOPUS ENERGY LIMITED,DRAX ENERGY SOLUTIONS LIMITED,Electryone AI,OAKTREE POWER LIMITED,BRITISH GAS TRADING LIMITED,CARBONLACES LIMITED,VEST Energy Limited,PowerOnTechnologiesTradingAsJoulen,Fuse Energy Supply Limited,Shuffle Energy Limited,Optimo Energy Limited,U ENERGY GROUP LIMITED"
16/01/2026,17:00,17:30,500,Live,0,All Providers,"ENGIE POWER LIMITED,AXLE ENERGY LIMITED,GALLAGHER AGGREGATES LIMITED,AMP (via Urban Reserve (AssetCo 2) Limited),UTILITA ENERGY LIMITED,GRIDIMP LTD,PERSE TECHNOLOGY LIMITED,SSE DIGITAL SERVICES LIMITED,AMP (via Urban Reserve (AssetCo) Limited),INFINIS LIMITED,EQUIWATT LIMITED,ORANGE POWER LTD,Attune Power LTD,AFFECT ENERGY LTD,HILDEBRAND TECHNOLOGY LIMITED,GRIDBEYOND LIMITED,OCTOPUS ENERGY LIMITED,DRAX ENERGY SOLUTIONS LIMITED,Electryone AI,OAKTREE POWER LIMITED,BRITISH GAS TRADING LIMITED,CARBONLACES LIMITED,VEST Energy Limited,PowerOnTechnologiesTradingAsJoulen,Fuse Energy Supply Limited,Shuffle Energy Limited,Optimo Energy Limited,U ENERGY GROUP LIMITED"
16/01/2026,17:30,18:00,500,Live,0,All Providers,"ENGIE POWER LIMITED,AXLE ENERGY LIMITED,GALLAGHER AGGREGATES LIMITED,AMP (via Urban Reserve (AssetCo 2) Limited),UTILITA ENERGY LIMITED,GRIDIMP LTD,PERSE TECHNOLOGY LIMITED,SSE DIGITAL SERVICES LIMITED,AMP (via Urban Reserve (AssetCo) Limited),INFINIS LIMITED,EQUIWATT LIMITED,ORANGE POWER LTD,Attune Power LTD,AFFECT ENERGY LTD,HILDEBRAND TECHNOLOGY LIMITED,GRIDBEYOND LIMITED,OCTOPUS ENERGY LIMITED,DRAX ENERGY SOLUTIONS LIMITED,Electryone AI,OAKTREE POWER LIMITED,BRITISH GAS TRADING LIMITED,CARBONLACES LIMITED,VEST Energy Limited,PowerOnTechnologiesTradingAsJoulen,Fuse Energy Supply Limited,Shuffle Energy Limited,Optimo Energy Limited,U ENERGY GROUP LIMITED"
16/01/2026,18:00,18:30,500,Live,0,All Providers,"ENGIE POWER LIMITED,AXLE ENERGY LIMITED,GALLAGHER AGGREGATES LIMITED,AMP (via Urban Reserve (AssetCo 2) Limited),UTILITA ENERGY LIMITED,GRIDIMP LTD,PERSE TECHNOLOGY LIMITED,SSE DIGITAL SERVICES LIMITED,AMP (via Urban Reserve (AssetCo) Limited),INFINIS LIMITED,EQUIWATT LIMITED,ORANGE POWER LTD,Attune Power LTD,AFFECT ENERGY LTD,HILDEBRAND TECHNOLOGY LIMITED,GRIDBEYOND LIMITED,OCTOPUS ENERGY LIMITED,DRAX ENERGY SOLUTIONS LIMITED,Electryone AI,OAKTREE POWER LIMITED,BRITISH GAS TRADING LIMITED,CARBONLACES LIMITED,VEST Energy Limited,PowerOnTechnologiesTradingAsJoulen,Fuse Energy Supply Limited,Shuffle Energy Limited,Optimo Energy Limited,U ENERGY GROUP LIMITED"
16/01/2026,18:30,19:00,500,Live,0,All Providers,"ENGIE POWER LIMITED,AXLE ENERGY LIMITED,GALLAGHER AGGREGATES LIMITED,AMP (via Urban Reserve (AssetCo 2) Limited),UTILITA ENERGY LIMITED,GRIDIMP LTD,PERSE TECHNOLOGY LIMITED,SSE DIGITAL SERVICES LIMITED,AMP (via Urban Reserve (AssetCo) Limited),INFINIS LIMITED,EQUIWATT LIMITED,ORANGE POWER LTD,Attune Power LTD,AFFECT ENERGY LTD,HILDEBRAND TECHNOLOGY LIMITED,GRIDBEYOND LIMITED,OCTOPUS ENERGY LIMITED,DRAX ENERGY SOLUTIONS LIMITED,Electryone AI,OAKTREE POWER LIMITED,BRITISH GAS TRADING LIMITED,CARBONLACES LIMITED,VEST Energy Limited,PowerOnTechnologiesTradingAsJoulen,Fuse Energy Supply Limited,Shuffle Energy Limited,Optimo Energy Limited,U ENERGY GROUP LIMITED"
16/01/2026,19:00,19:30,500,Live,0,All Providers,"ENGIE POWER LIMITED,AXLE ENERGY LIMITED,GALLAGHER AGGREGATES LIMITED,AMP (via Urban Reserve (AssetCo 2) Limited),UTILITA ENERGY LIMITED,GRIDIMP LTD,PERSE TECHNOLOGY LIMITED,SSE DIGITAL SERVICES LIMITED,AMP (via Urban Reserve (AssetCo) Limited),INFINIS LIMITED,EQUIWATT LIMITED,ORANGE POWER LTD,Attune Power LTD,AFFECT ENERGY LTD,HILDEBRAND TECHNOLOGY LIMITED,GRIDBEYOND LIMITED,OCTOPUS ENERGY LIMITED,DRAX ENERGY SOLUTIONS LIMITED,Electryone AI,OAKTREE POWER LIMITED,BRITISH GAS TRADING LIMITED,CARBONLACES LIMITED,VEST Energy Limited,PowerOnTechnologiesTradingAsJoulen,Fuse Energy Supply Limited,Shuffle Energy Limited,Optimo Energy Limited,U ENERGY GROUP LIMITED"
16/01/2026,19:30,20:00,500,Live,0,All Providers,"ENGIE POWER LIMITED,AXLE ENERGY LIMITED,GALLAGHER AGGREGATES LIMITED,AMP (via Urban Reserve (AssetCo 2) Limited),UTILITA ENERGY LIMITED,GRIDIMP LTD,PERSE TECHNOLOGY LIMITED,SSE DIGITAL SERVICES LIMITED,AMP (via Urban Reserve (AssetCo) Limited),INFINIS LIMITED,EQUIWATT LIMITED,ORANGE POWER LTD,Attune Power LTD,AFFECT ENERGY LTD,HILDEBRAND TECHNOLOGY LIMITED,GRIDBEYOND LIMITED,OCTOPUS ENERGY LIMITED,DRAX ENERGY SOLUTIONS LIMITED,Electryone AI,OAKTREE POWER LIMITED,BRITISH GAS TRADING LIMITED,CARBONLACES LIMITED,VEST Energy Limited,PowerOnTechnologiesTradingAsJoulen,Fuse Energy Supply Limited,Shuffle Energy Limited,Optimo Energy Limited,U ENERGY GROUP LIMITED"
14/01/2026,16:00,16:30,500,Live,0,All Providers,"ENGIE POWER LIMITED,AXLE ENERGY LIMITED,GALLAGHER AGGREGATES LIMITED,AMP (via Urban Reserve (AssetCo 2) Limited),UTILITA ENERGY LIMITED,GRIDIMP LTD,PERSE TECHNOLOGY LIMITED,SSE DIGITAL SERVICES LIMITED,AMP (via Urban Reserve (AssetCo) Limited),INFINIS LIMITED,EQUIWATT LIMITED,ORANGE POWER LTD,Attune Power LTD,AFFECT ENERGY LTD,HILDEBRAND TECHNOLOGY LIMITED,GRIDBEYOND LIMITED,OCTOPUS ENERGY LIMITED,DRAX ENERGY SOLUTIONS LIMITED,Electryone AI,OAKTREE POWER LIMITED,BRITISH GAS TRADING LIMITED,CARBONLACES LIMITED,VEST Energy Limited,PowerOnTechnologiesTradingAsJoulen,Fuse Energy Supply Limited,Shuffle Energy Limited,Optimo Energy Limited,U ENERGY GROUP LIMITED"
14/01/2026,16:30,17:00,500,Live,0,All Providers,"ENGIE POWER LIMITED,AXLE ENERGY LIMITED,GALLAGHER AGGREGATES LIMITED,AMP (via Urban Reserve (AssetCo 2) Limited),UTILITA ENERGY LIMITED,GRIDIMP LTD,PERSE TECHNOLOGY LIMITED,SSE DIGITAL SERVICES LIMITED,AMP (via Urban Reserve (AssetCo) Limited),INFINIS LIMITED,EQUIWATT LIMITED,ORANGE POWER LTD,Attune Power LTD,AFFECT ENERGY LTD,HILDEBRAND TECHNOLOGY LIMITED,GRIDBEYOND LIMITED,OCTOPUS ENERGY LIMITED,DRAX ENERGY SOLUTIONS LIMITED,Electryone AI,OAKTREE POWER LIMITED,BRITISH GAS TRADING LIMITED,CARBONLACES LIMITED,VEST Energy Limited,PowerOnTechnologiesTradingAsJoulen,Fuse Energy Supply Limited,Shuffle Energy Limited,Optimo Energy Limited,U ENERGY GROUP LIMITED"
14/01/2026,17:00,17:30,500,Live,0,All Providers,"ENGIE POWER LIMITED,AXLE ENERGY LIMITED,GALLAGHER AGGREGATES LIMITED,AMP (via Urban Reserve (AssetCo 2) Limited),UTILITA ENERGY LIMITED,GRIDIMP LTD,PERSE TECHNOLOGY LIMITED,SSE DIGITAL SERVICES LIMITED,AMP (via Urban Reserve (AssetCo) Limited),INFINIS LIMITED,EQUIWATT LIMITED,ORANGE POWER LTD,Attune Power LTD,AFFECT ENERGY LTD,HILDEBRAND TECHNOLOGY LIMITED,GRIDBEYOND LIMITED,OCTOPUS ENERGY LIMITED,DRAX ENERGY SOLUTIONS LIMITED,Electryone AI,OAKTREE POWER LIMITED,BRITISH GAS TRADING LIMITED,CARBONLACES LIMITED,VEST Energy Limited,PowerOnTechnologiesTradingAsJoulen,Fuse Energy Supply Limited,Shuffle Energy Limited,Optimo Energy Limited,U ENERGY GROUP LIMITED"
14/01/2026,17:30,18:00,500,Live,0,All Providers,"ENGIE POWER LIMITED,AXLE ENERGY LIMITED,GALLAGHER AGGREGATES LIMITED,AMP (via Urban Reserve (AssetCo 2) Limited),UTILITA ENERGY LIMITED,GRIDIMP LTD,PERSE TECHNOLOGY LIMITED,SSE DIGITAL SERVICES LIMITED,AMP (via Urban Reserve (AssetCo) Limited),INFINIS LIMITED,EQUIWATT LIMITED,ORANGE POWER LTD,Attune Power LTD,AFFECT ENERGY LTD,HILDEBRAND TECHNOLOGY LIMITED,GRIDBEYOND LIMITED,OCTOPUS ENERGY LIMITED,DRAX ENERGY SOLUTIONS LIMITED,Electryone AI,OAKTREE POWER LIMITED,BRITISH GAS TRADING LIMITED,CARBONLACES LIMITED,VEST Energy Limited,PowerOnTechnologiesTradingAsJoulen,Fuse Energy Supply Limited,Shuffle Energy Limited,Optimo Energy Limited,U ENERGY GROUP LIMITED"
14/01/2026,18:00,18:30,500,Live,0,All Providers,"ENGIE POWER LIMITED,AXLE ENERGY LIMITED,GALLAGHER AGGREGATES LIMITED,AMP (via Urban Reserve (AssetCo 2) Limited),UTILITA ENERGY LIMITED,GRIDIMP LTD,PERSE TECHNOLOGY LIMITED,SSE DIGITAL SERVICES LIMITED,AMP (via Urban Reserve (AssetCo) Limited),INFINIS LIMITED,EQUIWATT LIMITED,ORANGE POWER LTD,Attune Power LTD,AFFECT ENERGY LTD,HILDEBRAND TECHNOLOGY LIMITED,GRIDBEYOND LIMITED,OCTOPUS ENERGY LIMITED,DRAX ENERGY SOLUTIONS LIMITED,Electryone AI,OAKTREE POWER LIMITED,BRITISH GAS TRADING LIMITED,CARBONLACES LIMITED,VEST Energy Limited,PowerOnTechnologiesTradingAsJoulen,Fuse Energy Supply Limited,Shuffle Energy Limited,Optimo Energy Limited,U ENERGY GROUP LIMITED"
14/01/2026,18:30,19:00,500,Live,0,All Providers,"ENGIE POWER LIMITED,AXLE ENERGY LIMITED,GALLAGHER AGGREGATES LIMITED,AMP (via Urban Reserve (AssetCo 2) Limited),UTILITA ENERGY LIMITED,GRIDIMP LTD,PERSE TECHNOLOGY LIMITED,SSE DIGITAL SERVICES LIMITED,AMP (via Urban Reserve (AssetCo) Limited),INFINIS LIMITED,EQUIWATT LIMITED,ORANGE POWER LTD,Attune Power LTD,AFFECT ENERGY LTD,HILDEBRAND TECHNOLOGY LIMITED,GRIDBEYOND LIMITED,OCTOPUS ENERGY LIMITED,DRAX ENERGY SOLUTIONS LIMITED,Electryone AI,OAKTREE POWER LIMITED,BRITISH GAS TRADING LIMITED,CARBONLACES LIMITED,VEST Energy Limited,PowerOnTechnologiesTradingAsJoulen,Fuse Energy Supply Limited,Shuffle Energy Limited,Optimo Energy Limited,U ENERGY GROUP LIMITED"
14/01/2026,19:00,19:30,500,Live,0,All Providers,"ENGIE POWER LIMITED,AXLE ENERGY LIMITED,GALLAGHER AGGREGATES LIMITED,AMP (via Urban Reserve (AssetCo 2) Limited),UTILITA ENERGY LIMITED,GRIDIMP LTD,PERSE TECHNOLOGY LIMITED,SSE DIGITAL SERVICES LIMITED,AMP (via Urban Reserve (AssetCo) Limited),INFINIS LIMITED,EQUIWATT LIMITED,ORANGE POWER LTD,Attune Power LTD,AFFECT ENERGY LTD,HILDEBRAND TECHNOLOGY LIMITED,GRIDBEYOND LIMITED,OCTOPUS ENERGY LIMITED,DRAX ENERGY SOLUTIONS LIMITED,Electryone AI,OAKTREE POWER LIMITED,BRITISH GAS TRADING LIMITED,CARBONLACES LIMITED,VEST Energy Limited,PowerOnTechnologiesTradingAsJoulen,Fuse Energy Supply Limited,Shuffle Energy Limited,Optimo Energy Limited,U ENERGY GROUP LIMITED"
14/01/2026,19:30,20:00,500,Live,0,All Providers,"ENGIE POWER LIMITED,AXLE ENERGY LIMITED,GALLAGHER AGGREGATES LIMITED,AMP (via Urban Reserve (AssetCo 2) Limited),UTILITA ENERGY LIMITED,GRIDIMP LTD,PERSE TECHNOLOGY LIMITED,SSE DIGITAL SERVICES LIMITED,AMP (via Urban Reserve (AssetCo) Limited),INFINIS LIMITED,EQUIWATT LIMITED,ORANGE POWER LTD,Attune Power LTD,AFFECT ENERGY LTD,HILDEBRAND TECHNOLOGY LIMITED,GRIDBEYOND LIMITED,OCTOPUS ENERGY LIMITED,DRAX ENERGY SOLUTIONS LIMITED,Electryone AI,OAKTREE POWER LIMITED,BRITISH GAS TRADING LIMITED,CARBONLACES LIMITED,VEST Energy Limited,PowerOnTechnologiesTradingAsJoulen,Fuse Energy Supply Limited,Shuffle Energy Limited,Optimo Energy Limited,U ENERGY GROUP LIMITED"
11/01/2026,17:00,17:30,500,Live,0,All Providers,"ENGIE POWER LIMITED,AXLE ENERGY LIMITED,GALLAGHER AGGREGATES LIMITED,AMP (via Urban Reserve (AssetCo 2) Limited),UTILITA ENERGY LIMITED,GRIDIMP LTD,PERSE TECHNOLOGY LIMITED,SSE DIGITAL SERVICES LIMITED,AMP (via Urban Reserve (AssetCo) Limited),INFINIS LIMITED,EQUIWATT LIMITED,ORANGE POWER LTD,Attune Power LTD,AFFECT ENERGY LTD,HILDEBRAND TECHNOLOGY LIMITED,GRIDBEYOND LIMITED,OCTOPUS ENERGY LIMITED,DRAX ENERGY SOLUTIONS LIMITED,Electryone AI,OAKTREE POWER LIMITED,BRITISH GAS TRADING LIMITED,CARBONLACES LIMITED,VEST Energy Limited,PowerOnTechnologiesTradingAsJoulen,Fuse Energy Supply Limited,Shuffle Energy Limited,Optimo Energy Limited,U ENERGY GROUP LIMITED"
11/01/2026,17:30,18:00,500,Live,0,All Providers,"ENGIE POWER LIMITED,AXLE ENERGY LIMITED,GALLAGHER AGGREGATES LIMITED,AMP (via Urban Reserve (AssetCo 2) Limited),UTILITA ENERGY LIMITED,GRIDIMP LTD,PERSE TECHNOLOGY LIMITED,SSE DIGITAL SERVICES LIMITED,AMP (via Urban Reserve (AssetCo) Limited),INFINIS LIMITED,EQUIWATT LIMITED,ORANGE POWER LTD,Attune Power LTD,AFFECT ENERGY LTD,HILDEBRAND TECHNOLOGY LIMITED,GRIDBEYOND LIMITED,OCTOPUS ENERGY LIMITED,DRAX ENERGY SOLUTIONS LIMITED,Electryone AI,OAKTREE POWER LIMITED,BRITISH GAS TRADING LIMITED,CARBONLACES LIMITED,VEST Energy Limited,PowerOnTechnologiesTradingAsJoulen,Fuse Energy Supply Limited,Shuffle Energy Limited,Optimo Energy Limited,U ENERGY GROUP LIMITED"
11/01/2026,18:00,18:30,500,Live,0,All Providers,"ENGIE POWER LIMITED,AXLE ENERGY LIMITED,GALLAGHER AGGREGATES LIMITED,AMP (via Urban Reserve (AssetCo 2) Limited),UTILITA ENERGY LIMITED,GRIDIMP LTD,PERSE TECHNOLOGY LIMITED,SSE DIGITAL SERVICES LIMITED,AMP (via Urban Reserve (AssetCo) Limited),INFINIS LIMITED,EQUIWATT LIMITED,ORANGE POWER LTD,Attune Power LTD,AFFECT ENERGY LTD,HILDEBRAND TECHNOLOGY LIMITED,GRIDBEYOND LIMITED,OCTOPUS ENERGY LIMITED,DRAX ENERGY SOLUTIONS LIMITED,Electryone AI,OAKTREE POWER LIMITED,BRITISH GAS TRADING LIMITED,CARBONLACES LIMITED,VEST Energy Limited,PowerOnTechnologiesTradingAsJoulen,Fuse Energy Supply Limited,Shuffle Energy Limited,Optimo Energy Limited,U ENERGY GROUP LIMITED"
11/01/2026,18:30,19:00,500,Live,0,All Providers,"ENGIE POWER LIMITED,AXLE ENERGY LIMITED,GALLAGHER AGGREGATES LIMITED,AMP (via Urban Reserve (AssetCo 2) Limited),UTILITA ENERGY LIMITED,GRIDIMP LTD,PERSE TECHNOLOGY LIMITED,SSE DIGITAL SERVICES LIMITED,AMP (via Urban Reserve (AssetCo) Limited),INFINIS LIMITED,EQUIWATT LIMITED,ORANGE POWER LTD,Attune Power LTD,AFFECT ENERGY LTD,HILDEBRAND TECHNOLOGY LIMITED,GRIDBEYOND LIMITED,OCTOPUS ENERGY LIMITED,DRAX ENERGY SOLUTIONS LIMITED,Electryone AI,OAKTREE POWER LIMITED,BRITISH GAS TRADING LIMITED,CARBONLACES LIMITED,VEST Energy Limited,PowerOnTechnologiesTradingAsJoulen,Fuse Energy Supply Limited,Shuffle Energy Limited,Optimo Energy Limited,U ENERGY GROUP LIMITED"
08/01/2026,16:00,16:30,500,Live,0,All Providers,"ENGIE POWER LIMITED,AXLE ENERGY LIMITED,GALLAGHER AGGREGATES LIMITED,AMP (via Urban Reserve (AssetCo 2) Limited),UTILITA ENERGY LIMITED,GRIDIMP LTD,PERSE TECHNOLOGY LIMITED,SSE DIGITAL SERVICES LIMITED,AMP (via Urban Reserve (AssetCo) Limited),INFINIS LIMITED,EQUIWATT LIMITED,AFFECT ENERGY LTD,HILDEBRAND TECHNOLOGY LIMITED,GRIDBEYOND LIMITED,OCTOPUS ENERGY LIMITED,DRAX ENERGY SOLUTIONS LIMITED,OAKTREE POWER LIMITED,BRITISH GAS TRADING LIMITED,U ENERGY GROUP LIMITED"
08/01/2026,16:30,17:00,500,Live,0,All Providers,"ENGIE POWER LIMITED,AXLE ENERGY LIMITED,GALLAGHER AGGREGATES LIMITED,AMP (via Urban Reserve (AssetCo 2) Limited),UTILITA ENERGY LIMITED,GRIDIMP LTD,PERSE TECHNOLOGY LIMITED,SSE DIGITAL SERVICES LIMITED,AMP (via Urban Reserve (AssetCo) Limited),INFINIS LIMITED,EQUIWATT LIMITED,AFFECT ENERGY LTD,HILDEBRAND TECHNOLOGY LIMITED,GRIDBEYOND LIMITED,OCTOPUS ENERGY LIMITED,DRAX ENERGY SOLUTIONS LIMITED,OAKTREE POWER LIMITED,BRITISH GAS TRADING LIMITED,U ENERGY GROUP LIMITED"
08/01/2026,17:00,17:30,500,Live,0,All Providers,"ENGIE POWER LIMITED,AXLE ENERGY LIMITED,GALLAGHER AGGREGATES LIMITED,AMP (via Urban Reserve (AssetCo 2) Limited),UTILITA ENERGY LIMITED,GRIDIMP LTD,PERSE TECHNOLOGY LIMITED,SSE DIGITAL SERVICES LIMITED,AMP (via Urban Reserve (AssetCo) Limited),INFINIS LIMITED,EQUIWATT LIMITED,AFFECT ENERGY LTD,HILDEBRAND TECHNOLOGY LIMITED,GRIDBEYOND LIMITED,OCTOPUS ENERGY LIMITED,DRAX ENERGY SOLUTIONS LIMITED,OAKTREE POWER LIMITED,BRITISH GAS TRADING LIMITED,U ENERGY GROUP LIMITED"
08/01/2026,17:30,18:00,500,Live,0,All Providers,"ENGIE POWER LIMITED,AXLE ENERGY LIMITED,GALLAGHER AGGREGATES LIMITED,AMP (via Urban Reserve (AssetCo 2) Limited),UTILITA ENERGY LIMITED,GRIDIMP LTD,PERSE TECHNOLOGY LIMITED,SSE DIGITAL SERVICES LIMITED,AMP (via Urban Reserve (AssetCo) Limited),INFINIS LIMITED,EQUIWATT LIMITED,AFFECT ENERGY LTD,HILDEBRAND TECHNOLOGY LIMITED,GRIDBEYOND LIMITED,OCTOPUS ENERGY LIMITED,DRAX ENERGY SOLUTIONS LIMITED,OAKTREE POWER LIMITED,BRITISH GAS TRADING LIMITED,U ENERGY GROUP LIMITED"
08/01/2026,18:00,18:30,500,Live,0,All Providers,"ENGIE POWER LIMITED,AXLE ENERGY LIMITED,GALLAGHER AGGREGATES LIMITED,AMP (via Urban Reserve (AssetCo 2) Limited),UTILITA ENERGY LIMITED,GRIDIMP LTD,PERSE TECHNOLOGY LIMITED,SSE DIGITAL SERVICES LIMITED,AMP (via Urban Reserve (AssetCo) Limited),INFINIS LIMITED,EQUIWATT LIMITED,AFFECT ENERGY LTD,HILDEBRAND TECHNOLOGY LIMITED,GRIDBEYOND LIMITED,OCTOPUS ENERGY LIMITED,DRAX ENERGY SOLUTIONS LIMITED,OAKTREE POWER LIMITED,BRITISH GAS TRADING LIMITED,U ENERGY GROUP LIMITED"
08/01/2026,18:30,19:00,500,Live,0,All Providers,"ENGIE POWER LIMITED,AXLE ENERGY LIMITED,GALLAGHER AGGREGATES LIMITED,AMP (via Urban Reserve (AssetCo 2) Limited),UTILITA ENERGY LIMITED,GRIDIMP LTD,PERSE TECHNOLOGY LIMITED,SSE DIGITAL SERVICES LIMITED,AMP (via Urban Reserve (AssetCo) Limited),INFINIS LIMITED,EQUIWATT LIMITED,AFFECT ENERGY LTD,HILDEBRAND TECHNOLOGY LIMITED,GRIDBEYOND LIMITED,OCTOPUS ENERGY LIMITED,DRAX ENERGY SOLUTIONS LIMITED,OAKTREE POWER LIMITED,BRITISH GAS TRADING LIMITED,U ENERGY GROUP LIMITED"
08/01/2026,19:00,19:30,500,Live,0,All Providers,"ENGIE POWER LIMITED,AXLE ENERGY LIMITED,GALLAGHER AGGREGATES LIMITED,AMP (via Urban Reserve (AssetCo 2) Limited),UTILITA ENERGY LIMITED,GRIDIMP LTD,PERSE TECHNOLOGY LIMITED,SSE DIGITAL SERVICES LIMITED,AMP (via Urban Reserve (AssetCo) Limited),INFINIS LIMITED,EQUIWATT LIMITED,AFFECT ENERGY LTD,HILDEBRAND TECHNOLOGY LIMITED,GRIDBEYOND LIMITED,OCTOPUS ENERGY LIMITED,DRAX ENERGY SOLUTIONS LIMITED,OAKTREE POWER LIMITED,BRITISH GAS TRADING LIMITED,U ENERGY GROUP LIMITED"
08/01/2026,19:30,20:00,500,Live,0,All Providers,"ENGIE POWER LIMITED,AXLE ENERGY LIMITED,GALLAGHER AGGREGATES LIMITED,AMP (via Urban Reserve (AssetCo 2) Limited),UTILITA ENERGY LIMITED,GRIDIMP LTD,PERSE TECHNOLOGY LIMITED,SSE DIGITAL SERVICES LIMITED,AMP (via Urban Reserve (AssetCo) Limited),INFINIS LIMITED,EQUIWATT LIMITED,AFFECT ENERGY LTD,HILDEBRAND TECHNOLOGY LIMITED,GRIDBEYOND LIMITED,OCTOPUS ENERGY LIMITED,DRAX ENERGY SOLUTIONS LIMITED,OAKTREE POWER LIMITED,BRITISH GAS TRADING LIMITED,U ENERGY GROUP LIMITED"
06/01/2026,16:00,16:30,500,Live,0,All Providers,"ENGIE POWER LIMITED,AXLE ENERGY LIMITED,GALLAGHER AGGREGATES LIMITED,AMP (via Urban Reserve (AssetCo 2) Limited),UTILITA ENERGY LIMITED,GRIDIMP LTD,PERSE TECHNOLOGY LIMITED,SSE DIGITAL SERVICES LIMITED,AMP (via Urban Reserve (AssetCo) Limited),INFINIS LIMITED,EQUIWATT LIMITED,AFFECT ENERGY LTD,HILDEBRAND TECHNOLOGY LIMITED,GRIDBEYOND LIMITED,OCTOPUS ENERGY LIMITED,DRAX ENERGY SOLUTIONS LIMITED,OAKTREE POWER LIMITED,BRITISH GAS TRADING LIMITED,U ENERGY GROUP LIMITED"
06/01/2026,16:30,17:00,500,Live,0,All Providers,"ENGIE POWER LIMITED,AXLE ENERGY LIMITED,GALLAGHER AGGREGATES LIMITED,AMP (via Urban Reserve (AssetCo 2) Limited),UTILITA ENERGY LIMITED,GRIDIMP LTD,PERSE TECHNOLOGY LIMITED,SSE DIGITAL SERVICES LIMITED,AMP (via Urban Reserve (AssetCo) Limited),INFINIS LIMITED,EQUIWATT LIMITED,AFFECT ENERGY LTD,HILDEBRAND TECHNOLOGY LIMITED,GRIDBEYOND LIMITED,OCTOPUS ENERGY LIMITED,DRAX ENERGY SOLUTIONS LIMITED,OAKTREE POWER LIMITED,BRITISH GAS TRADING LIMITED,U ENERGY GROUP LIMITED"
06/01/2026,17:00,17:30,500,Live,0,All Providers,"ENGIE POWER LIMITED,AXLE ENERGY LIMITED,GALLAGHER AGGREGATES LIMITED,AMP (via Urban Reserve (AssetCo 2) Limited),UTILITA ENERGY LIMITED,GRIDIMP LTD,PERSE TECHNOLOGY LIMITED,SSE DIGITAL SERVICES LIMITED,AMP (via Urban Reserve (AssetCo) Limited),INFINIS LIMITED,EQUIWATT LIMITED,AFFECT ENERGY LTD,HILDEBRAND TECHNOLOGY LIMITED,GRIDBEYOND LIMITED,OCTOPUS ENERGY LIMITED,DRAX ENERGY SOLUTIONS LIMITED,OAKTREE POWER LIMITED,BRITISH GAS TRADING LIMITED,U ENERGY GROUP LIMITED"
06/01/2026,17:30,18:00,500,Live,0,All Providers,"ENGIE POWER LIMITED,AXLE ENERGY LIMITED,GALLAGHER AGGREGATES LIMITED,AMP (via Urban Reserve (AssetCo 2) Limited),UTILITA ENERGY LIMITED,GRIDIMP LTD,PERSE TECHNOLOGY LIMITED,SSE DIGITAL SERVICES LIMITED,AMP (via Urban Reserve (AssetCo) Limited),INFINIS LIMITED,EQUIWATT LIMITED,AFFECT ENERGY LTD,HILDEBRAND TECHNOLOGY LIMITED,GRIDBEYOND LIMITED,OCTOPUS ENERGY LIMITED,DRAX ENERGY SOLUTIONS LIMITED,OAKTREE POWER LIMITED,BRITISH GAS TRADING LIMITED,U ENERGY GROUP LIMITED"
06/01/2026,18:00,18:30,500,Live,0,All Providers,"ENGIE POWER LIMITED,AXLE ENERGY LIMITED,GALLAGHER AGGREGATES LIMITED,AMP (via Urban Reserve (AssetCo 2) Limited),UTILITA ENERGY LIMITED,GRIDIMP LTD,PERSE TECHNOLOGY LIMITED,SSE DIGITAL SERVICES LIMITED,AMP (via Urban Reserve (AssetCo) Limited),INFINIS LIMITED,EQUIWATT LIMITED,AFFECT ENERGY LTD,HILDEBRAND TECHNOLOGY LIMITED,GRIDBEYOND LIMITED,OCTOPUS ENERGY LIMITED,DRAX ENERGY SOLUTIONS LIMITED,OAKTREE POWER LIMITED,BRITISH GAS TRADING LIMITED,U ENERGY GROUP LIMITED"
06/01/2026,18:30,19:00,500,Live,0,All Providers,"ENGIE POWER LIMITED,AXLE ENERGY LIMITED,GALLAGHER AGGREGATES LIMITED,AMP (via Urban Reserve (AssetCo 2) Limited),UTILITA ENERGY LIMITED,GRIDIMP LTD,PERSE TECHNOLOGY LIMITED,SSE DIGITAL SERVICES LIMITED,AMP (via Urban Reserve (AssetCo) Limited),INFINIS LIMITED,EQUIWATT LIMITED,AFFECT ENERGY LTD,HILDEBRAND TECHNOLOGY LIMITED,GRIDBEYOND LIMITED,OCTOPUS ENERGY LIMITED,DRAX ENERGY SOLUTIONS LIMITED,OAKTREE POWER LIMITED,BRITISH GAS TRADING LIMITED,U ENERGY GROUP LIMITED"
05/01/2026,16:00,16:30,500,Live,0,All Providers,"ENGIE POWER LIMITED,AXLE ENERGY LIMITED,GALLAGHER AGGREGATES LIMITED,AMP (via Urban Reserve (AssetCo 2) Limited),UTILITA ENERGY LIMITED,GRIDIMP LTD,PERSE TECHNOLOGY LIMITED,SSE DIGITAL SERVICES LIMITED,AMP (via Urban Reserve (AssetCo) Limited),INFINIS LIMITED,EQUIWATT LIMITED,ORANGE POWER LTD,Attune Power LTD,AFFECT ENERGY LTD,HILDEBRAND TECHNOLOGY LIMITED,GRIDBEYOND LIMITED,OCTOPUS ENERGY LIMITED,DRAX ENERGY SOLUTIONS LIMITED,Electryone AI,OAKTREE POWER LIMITED,BRITISH GAS TRADING LIMITED,CARBONLACES LIMITED,VEST Energy Limited,PowerOnTechnologiesTradingAsJoulen,Fuse Energy Supply Limited,Shuffle Energy Limited,Optimo Energy Limited,U ENERGY GROUP LIMITED"
05/01/2026,16:30,17:00,500,Live,0,All Providers,"ENGIE POWER LIMITED,AXLE ENERGY LIMITED,GALLAGHER AGGREGATES LIMITED,AMP (via Urban Reserve (AssetCo 2) Limited),UTILITA ENERGY LIMITED,GRIDIMP LTD,PERSE TECHNOLOGY LIMITED,SSE DIGITAL SERVICES LIMITED,AMP (via Urban Reserve (AssetCo) Limited),INFINIS LIMITED,EQUIWATT LIMITED,ORANGE POWER LTD,Attune Power LTD,AFFECT ENERGY LTD,HILDEBRAND TECHNOLOGY LIMITED,GRIDBEYOND LIMITED,OCTOPUS ENERGY LIMITED,DRAX ENERGY SOLUTIONS LIMITED,Electryone AI,OAKTREE POWER LIMITED,BRITISH GAS TRADING LIMITED,CARBONLACES LIMITED,VEST Energy Limited,PowerOnTechnologiesTradingAsJoulen,Fuse Energy Supply Limited,Shuffle Energy Limited,Optimo Energy Limited,U ENERGY GROUP LIMITED"
05/01/2026,17:00,17:30,500,Live,0,All Providers,"ENGIE POWER LIMITED,AXLE ENERGY LIMITED,GALLAGHER AGGREGATES LIMITED,AMP (via Urban Reserve (AssetCo 2) Limited),UTILITA ENERGY LIMITED,GRIDIMP LTD,PERSE TECHNOLOGY LIMITED,SSE DIGITAL SERVICES LIMITED,AMP (via Urban Reserve (AssetCo) Limited),INFINIS LIMITED,EQUIWATT LIMITED,ORANGE POWER LTD,Attune Power LTD,AFFECT ENERGY LTD,HILDEBRAND TECHNOLOGY LIMITED,GRIDBEYOND LIMITED,OCTOPUS ENERGY LIMITED,DRAX ENERGY SOLUTIONS LIMITED,Electryone AI,OAKTREE POWER LIMITED,BRITISH GAS TRADING LIMITED,CARBONLACES LIMITED,VEST Energy Limited,PowerOnTechnologiesTradingAsJoulen,Fuse Energy Supply Limited,Shuffle Energy Limited,Optimo Energy Limited,U ENERGY GROUP LIMITED"
05/01/2026,17:30,18:00,500,Live,0,All Providers,"ENGIE POWER LIMITED,AXLE ENERGY LIMITED,GALLAGHER AGGREGATES LIMITED,AMP (via Urban Reserve (AssetCo 2) Limited),UTILITA ENERGY LIMITED,GRIDIMP LTD,PERSE TECHNOLOGY LIMITED,SSE DIGITAL SERVICES LIMITED,AMP (via Urban Reserve (AssetCo) Limited),INFINIS LIMITED,EQUIWATT LIMITED,ORANGE POWER LTD,Attune Power LTD,AFFECT ENERGY LTD,HILDEBRAND TECHNOLOGY LIMITED,GRIDBEYOND LIMITED,OCTOPUS ENERGY LIMITED,DRAX ENERGY SOLUTIONS LIMITED,Electryone AI,OAKTREE POWER LIMITED,BRITISH GAS TRADING LIMITED,CARBONLACES LIMITED,VEST Energy Limited,PowerOnTechnologiesTradingAsJoulen,Fuse Energy Supply Limited,Shuffle Energy Limited,Optimo Energy Limited,U ENERGY GROUP LIMITED"
05/01/2026,18:00,18:30,500,Live,0,All Providers,"ENGIE POWER LIMITED,AXLE ENERGY LIMITED,GALLAGHER AGGREGATES LIMITED,AMP (via Urban Reserve (AssetCo 2) Limited),UTILITA ENERGY LIMITED,GRIDIMP LTD,PERSE TECHNOLOGY LIMITED,SSE DIGITAL SERVICES LIMITED,AMP (via Urban Reserve (AssetCo) Limited),INFINIS LIMITED,EQUIWATT LIMITED,ORANGE POWER LTD,Attune Power LTD,AFFECT ENERGY LTD,HILDEBRAND TECHNOLOGY LIMITED,GRIDBEYOND LIMITED,OCTOPUS ENERGY LIMITED,DRAX ENERGY SOLUTIONS LIMITED,Electryone AI,OAKTREE POWER LIMITED,BRITISH GAS TRADING LIMITED,CARBONLACES LIMITED,VEST Energy Limited,PowerOnTechnologiesTradingAsJoulen,Fuse Energy Supply Limited,Shuffle Energy Limited,Optimo Energy Limited,U ENERGY GROUP LIMITED"
05/01/2026,18:30,19:00,500,Live,0,All Providers,"ENGIE POWER LIMITED,AXLE ENERGY LIMITED,GALLAGHER AGGREGATES LIMITED,AMP (via Urban Reserve (AssetCo 2) Limited),UTILITA ENERGY LIMITED,GRIDIMP LTD,PERSE TECHNOLOGY LIMITED,SSE DIGITAL SERVICES LIMITED,AMP (via Urban Reserve (AssetCo) Limited),INFINIS LIMITED,EQUIWATT LIMITED,ORANGE POWER LTD,Attune Power LTD,AFFECT ENERGY LTD,HILDEBRAND TECHNOLOGY LIMITED,GRIDBEYOND LIMITED,OCTOPUS ENERGY LIMITED,DRAX ENERGY SOLUTIONS LIMITED,Electryone AI,OAKTREE POWER LIMITED,BRITISH GAS TRADING LIMITED,CARBONLACES LIMITED,VEST Energy Limited,PowerOnTechnologiesTradingAsJoulen,Fuse Energy Supply Limited,Shuffle Energy Limited,Optimo Energy Limited,U ENERGY GROUP LIMITED"
04/01/2026,16:00,16:30,500,Live,0,All Providers,"ENGIE POWER LIMITED,AXLE ENERGY LIMITED,GALLAGHER AGGREGATES LIMITED,AMP (via Urban Reserve (AssetCo 2) Limited),UTILITA ENERGY LIMITED,GRIDIMP LTD,PERSE TECHNOLOGY LIMITED,SSE DIGITAL SERVICES LIMITED,AMP (via Urban Reserve (AssetCo) Limited),INFINIS LIMITED,EQUIWATT LIMITED,ORANGE POWER LTD,Attune Power LTD,AFFECT ENERGY LTD,HILDEBRAND TECHNOLOGY LIMITED,GRIDBEYOND LIMITED,OCTOPUS ENERGY LIMITED,DRAX ENERGY SOLUTIONS LIMITED,Electryone AI,OAKTREE POWER LIMITED,BRITISH GAS TRADING LIMITED,CARBONLACES LIMITED,VEST Energy Limited,PowerOnTechnologiesTradingAsJoulen,Fuse Energy Supply Limited,Shuffle Energy Limited,Optimo Energy Limited,U ENERGY GROUP LIMITED"
04/01/2026,16:30,17:00,500,Live,0,All Providers,"ENGIE POWER LIMITED,AXLE ENERGY LIMITED,GALLAGHER AGGREGATES LIMITED,AMP (via Urban Reserve (AssetCo 2) Limited),UTILITA ENERGY LIMITED,GRIDIMP LTD,PERSE TECHNOLOGY LIMITED,SSE DIGITAL SERVICES LIMITED,AMP (via Urban Reserve (AssetCo) Limited),INFINIS LIMITED,EQUIWATT LIMITED,ORANGE POWER LTD,Attune Power LTD,AFFECT ENERGY LTD,HILDEBRAND TECHNOLOGY LIMITED,GRIDBEYOND LIMITED,OCTOPUS ENERGY LIMITED,DRAX ENERGY SOLUTIONS LIMITED,Electryone AI,OAKTREE POWER LIMITED,BRITISH GAS TRADING LIMITED,CARBONLACES LIMITED,VEST Energy Limited,PowerOnTechnologiesTradingAsJoulen,Fuse Energy Supply Limited,Shuffle Energy Limited,Optimo Energy Limited,U ENERGY GROUP LIMITED"
04/01/2026,17:00,17:30,500,Live,0,All Providers,"ENGIE POWER LIMITED,AXLE ENERGY LIMITED,GALLAGHER AGGREGATES LIMITED,AMP (via Urban Reserve (AssetCo 2) Limited),UTILITA ENERGY LIMITED,GRIDIMP LTD,PERSE TECHNOLOGY LIMITED,SSE DIGITAL SERVICES LIMITED,AMP (via Urban Reserve (AssetCo) Limited),INFINIS LIMITED,EQUIWATT LIMITED,ORANGE POWER LTD,Attune Power LTD,AFFECT ENERGY LTD,HILDEBRAND TECHNOLOGY LIMITED,GRIDBEYOND LIMITED,OCTOPUS ENERGY LIMITED,DRAX ENERGY SOLUTIONS LIMITED,Electryone AI,OAKTREE POWER LIMITED,BRITISH GAS TRADING LIMITED,CARBONLACES LIMITED,VEST Energy Limited,PowerOnTechnologiesTradingAsJoulen,Fuse Energy Supply Limited,Shuffle Energy Limited,Optimo Energy Limited,U ENERGY GROUP LIMITED"
04/01/2026,17:30,18:00,500,Live,0,All Providers,"ENGIE POWER LIMITED,AXLE ENERGY LIMITED,GALLAGHER AGGREGATES LIMITED,AMP (via Urban Reserve (AssetCo 2) Limited),UTILITA ENERGY LIMITED,GRIDIMP LTD,PERSE TECHNOLOGY LIMITED,SSE DIGITAL SERVICES LIMITED,AMP (via Urban Reserve (AssetCo) Limited),INFINIS LIMITED,EQUIWATT LIMITED,ORANGE POWER LTD,Attune Power LTD,AFFECT ENERGY LTD,HILDEBRAND TECHNOLOGY LIMITED,GRIDBEYOND LIMITED,OCTOPUS ENERGY LIMITED,DRAX ENERGY SOLUTIONS LIMITED,Electryone AI,OAKTREE POWER LIMITED,BRITISH GAS TRADING LIMITED,CARBONLACES LIMITED,VEST Energy Limited,PowerOnTechnologiesTradingAsJoulen,Fuse Energy Supply Limited,Shuffle Energy Limited,Optimo Energy Limited,U ENERGY GROUP LIMITED"
04/01/2026,18:00,18:30,500,Live,0,All Providers,"ENGIE POWER LIMITED,AXLE ENERGY LIMITED,GALLAGHER AGGREGATES LIMITED,AMP (via Urban Reserve (AssetCo 2) Limited),UTILITA ENERGY LIMITED,GRIDIMP LTD,PERSE TECHNOLOGY LIMITED,SSE DIGITAL SERVICES LIMITED,AMP (via Urban Reserve (AssetCo) Limited),INFINIS LIMITED,EQUIWATT LIMITED,ORANGE POWER LTD,Attune Power LTD,AFFECT ENERGY LTD,HILDEBRAND TECHNOLOGY LIMITED,GRIDBEYOND LIMITED,OCTOPUS ENERGY LIMITED,DRAX ENERGY SOLUTIONS LIMITED,Electryone AI,OAKTREE POWER LIMITED,BRITISH GAS TRADING LIMITED,CARBONLACES LIMITED,VEST Energy Limited,PowerOnTechnologiesTradingAsJoulen,Fuse Energy Supply Limited,Shuffle Energy Limited,Optimo Energy Limited,U ENERGY GROUP LIMITED"
04/01/2026,18:30,19:00,500,Live,0,All Providers,"ENGIE POWER LIMITED,AXLE ENERGY LIMITED,GALLAGHER AGGREGATES LIMITED,AMP (via Urban Reserve (AssetCo 2) Limited),UTILITA ENERGY LIMITED,GRIDIMP LTD,PERSE TECHNOLOGY LIMITED,SSE DIGITAL SERVICES LIMITED,AMP (via Urban Reserve (AssetCo) Limited),INFINIS LIMITED,EQUIWATT LIMITED,ORANGE POWER LTD,Attune Power LTD,AFFECT ENERGY LTD,HILDEBRAND TECHNOLOGY LIMITED,GRIDBEYOND LIMITED,OCTOPUS ENERGY LIMITED,DRAX ENERGY SOLUTIONS LIMITED,Electryone AI,OAKTREE POWER LIMITED,BRITISH GAS TRADING LIMITED,CARBONLACES LIMITED,VEST Energy Limited,PowerOnTechnologiesTradingAsJoulen,Fuse Energy Supply Limited,Shuffle Energy Limited,Optimo Energy Limited,U ENERGY GROUP LIMITED"
31/12/2025,16:00,16:30,500,Live,0,All Providers,"ENGIE POWER LIMITED,AXLE ENERGY LIMITED,GALLAGHER AGGREGATES LIMITED,AMP (via Urban Reserve (AssetCo 2) Limited),UTILITA ENERGY LIMITED,GRIDIMP LTD,PERSE TECHNOLOGY LIMITED,SSE DIGITAL SERVICES LIMITED,AMP (via Urban Reserve (AssetCo) Limited),INFINIS LIMITED,EQUIWATT LIMITED,AFFECT ENERGY LTD,HILDEBRAND TECHNOLOGY LIMITED,GRIDBEYOND LIMITED,OCTOPUS ENERGY LIMITED,DRAX ENERGY SOLUTIONS LIMITED,OAKTREE POWER LIMITED,BRITISH GAS TRADING LIMITED,U ENERGY GROUP LIMITED"
31/12/2025,16:30,17:00,500,Live,0,All Providers,"ENGIE POWER LIMITED,AXLE ENERGY LIMITED,GALLAGHER AGGREGATES LIMITED,AMP (via Urban Reserve (AssetCo 2) Limited),UTILITA ENERGY LIMITED,GRIDIMP LTD,PERSE TECHNOLOGY LIMITED,SSE DIGITAL SERVICES LIMITED,AMP (via Urban Reserve (AssetCo) Limited),INFINIS LIMITED,EQUIWATT LIMITED,AFFECT ENERGY LTD,HILDEBRAND TECHNOLOGY LIMITED,GRIDBEYOND LIMITED,OCTOPUS ENERGY LIMITED,DRAX ENERGY SOLUTIONS LIMITED,OAKTREE POWER LIMITED,BRITISH GAS TRADING LIMITED,U ENERGY GROUP LIMITED"
31/12/2025,17:00,17:30,500,Live,0,All Providers,"ENGIE POWER LIMITED,AXLE ENERGY LIMITED,GALLAGHER AGGREGATES LIMITED,AMP (via Urban Reserve (AssetCo 2) Limited),UTILITA ENERGY LIMITED,GRIDIMP LTD,PERSE TECHNOLOGY LIMITED,SSE DIGITAL SERVICES LIMITED,AMP (via Urban Reserve (AssetCo) Limited),INFINIS LIMITED,EQUIWATT LIMITED,AFFECT ENERGY LTD,HILDEBRAND TECHNOLOGY LIMITED,GRIDBEYOND LIMITED,OCTOPUS ENERGY LIMITED,DRAX ENERGY SOLUTIONS LIMITED,OAKTREE POWER LIMITED,BRITISH GAS TRADING LIMITED,U ENERGY GROUP LIMITED"
31/12/2025,17:30,18:00,500,Live,0,All Providers,"ENGIE POWER LIMITED,AXLE ENERGY LIMITED,GALLAGHER AGGREGATES LIMITED,AMP (via Urban Reserve (AssetCo 2) Limited),UTILITA ENERGY LIMITED,GRIDIMP LTD,PERSE TECHNOLOGY LIMITED,SSE DIGITAL SERVICES LIMITED,AMP (via Urban Reserve (AssetCo) Limited),INFINIS LIMITED,EQUIWATT LIMITED,AFFECT ENERGY LTD,HILDEBRAND TECHNOLOGY LIMITED,GRIDBEYOND LIMITED,OCTOPUS ENERGY LIMITED,DRAX ENERGY SOLUTIONS LIMITED,OAKTREE POWER LIMITED,BRITISH GAS TRADING LIMITED,U ENERGY GROUP LIMITED"
31/12/2025,18:00,18:30,500,Live,0,All Providers,"ENGIE POWER LIMITED,AXLE ENERGY LIMITED,GALLAGHER AGGREGATES LIMITED,AMP (via Urban Reserve (AssetCo 2) Limited),UTILITA ENERGY LIMITED,GRIDIMP LTD,PERSE TECHNOLOGY LIMITED,SSE DIGITAL SERVICES LIMITED,AMP (via Urban Reserve (AssetCo) Limited),INFINIS LIMITED,EQUIWATT LIMITED,AFFECT ENERGY LTD,HILDEBRAND TECHNOLOGY LIMITED,GRIDBEYOND LIMITED,OCTOPUS ENERGY LIMITED,DRAX ENERGY SOLUTIONS LIMITED,OAKTREE POWER LIMITED,BRITISH GAS TRADING LIMITED,U ENERGY GROUP LIMITED"
31/12/2025,18:30,19:00,500,Live,0,All Providers,"ENGIE POWER LIMITED,AXLE ENERGY LIMITED,GALLAGHER AGGREGATES LIMITED,AMP (via Urban Reserve (AssetCo 2) Limited),UTILITA ENERGY LIMITED,GRIDIMP LTD,PERSE TECHNOLOGY LIMITED,SSE DIGITAL SERVICES LIMITED,AMP (via Urban Reserve (AssetCo) Limited),INFINIS LIMITED,EQUIWATT LIMITED,AFFECT ENERGY LTD,HILDEBRAND TECHNOLOGY LIMITED,GRIDBEYOND LIMITED,OCTOPUS ENERGY LIMITED,DRAX ENERGY SOLUTIONS LIMITED,OAKTREE POWER LIMITED,BRITISH GAS TRADING LIMITED,U ENERGY GROUP LIMITED"
30/12/2025,16:00,16:30,500,Live,0,All Providers,"ENGIE POWER LIMITED,AXLE ENERGY LIMITED,GALLAGHER AGGREGATES LIMITED,AMP (via Urban Reserve (AssetCo 2) Limited),UTILITA ENERGY LIMITED,GRIDIMP LTD,PERSE TECHNOLOGY LIMITED,SSE DIGITAL SERVICES LIMITED,AMP (via Urban Reserve (AssetCo) Limited),INFINIS LIMITED,EQUIWATT LIMITED,AFFECT ENERGY LTD,HILDEBRAND TECHNOLOGY LIMITED,GRIDBEYOND LIMITED,OCTOPUS ENERGY LIMITED,DRAX ENERGY SOLUTIONS LIMITED,OAKTREE POWER LIMITED,BRITISH GAS TRADING LIMITED,U ENERGY GROUP LIMITED"
30/12/2025,16:30,17:00,500,Live,0,All Providers,"ENGIE POWER LIMITED,AXLE ENERGY LIMITED,GALLAGHER AGGREGATES LIMITED,AMP (via Urban Reserve (AssetCo 2) Limited),UTILITA ENERGY LIMITED,GRIDIMP LTD,PERSE TECHNOLOGY LIMITED,SSE DIGITAL SERVICES LIMITED,AMP (via Urban Reserve (AssetCo) Limited),INFINIS LIMITED,EQUIWATT LIMITED,AFFECT ENERGY LTD,HILDEBRAND TECHNOLOGY LIMITED,GRIDBEYOND LIMITED,OCTOPUS ENERGY LIMITED,DRAX ENERGY SOLUTIONS LIMITED,OAKTREE POWER LIMITED,BRITISH GAS TRADING LIMITED,U ENERGY GROUP LIMITED"
30/12/2025,17:00,17:30,500,Live,0,All Providers,"ENGIE POWER LIMITED,AXLE ENERGY LIMITED,GALLAGHER AGGREGATES LIMITED,AMP (via Urban Reserve (AssetCo 2) Limited),UTILITA ENERGY LIMITED,GRIDIMP LTD,PERSE TECHNOLOGY LIMITED,SSE DIGITAL SERVICES LIMITED,AMP (via Urban Reserve (AssetCo) Limited),INFINIS LIMITED,EQUIWATT LIMITED,AFFECT ENERGY LTD,HILDEBRAND TECHNOLOGY LIMITED,GRIDBEYOND LIMITED,OCTOPUS ENERGY LIMITED,DRAX ENERGY SOLUTIONS LIMITED,OAKTREE POWER LIMITED,BRITISH GAS TRADING LIMITED,U ENERGY GROUP LIMITED"
30/12/2025,17:30,18:00,500,Live,0,All Providers,"ENGIE POWER LIMITED,AXLE ENERGY LIMITED,GALLAGHER AGGREGATES LIMITED,AMP (via Urban Reserve (AssetCo 2) Limited),UTILITA ENERGY LIMITED,GRIDIMP LTD,PERSE TECHNOLOGY LIMITED,SSE DIGITAL SERVICES LIMITED,AMP (via Urban Reserve (AssetCo) Limited),INFINIS LIMITED,EQUIWATT LIMITED,AFFECT ENERGY LTD,HILDEBRAND TECHNOLOGY LIMITED,GRIDBEYOND LIMITED,OCTOPUS ENERGY LIMITED,DRAX ENERGY SOLUTIONS LIMITED,OAKTREE POWER LIMITED,BRITISH GAS TRADING LIMITED,U ENERGY GROUP LIMITED"
29/12/2025,16:00,16:30,500,Live,0,All Providers,"ENGIE POWER LIMITED,AXLE ENERGY LIMITED,GALLAGHER AGGREGATES LIMITED,AMP (via Urban Reserve (AssetCo 2) Limited),UTILITA ENERGY LIMITED,GRIDIMP LTD,PERSE TECHNOLOGY LIMITED,SSE DIGITAL SERVICES LIMITED,AMP (via Urban Reserve (AssetCo) Limited),INFINIS LIMITED,EQUIWATT LIMITED,AFFECT ENERGY LTD,HILDEBRAND TECHNOLOGY LIMITED,GRIDBEYOND LIMITED,OCTOPUS ENERGY LIMITED,DRAX ENERGY SOLUTIONS LIMITED,OAKTREE POWER LIMITED,BRITISH GAS TRADING LIMITED,U ENERGY GROUP LIMITED"
29/12/2025,16:30,17:00,500,Live,0,All Providers,"ENGIE POWER LIMITED,AXLE ENERGY LIMITED,GALLAGHER AGGREGATES LIMITED,AMP (via Urban Reserve (AssetCo 2) Limited),UTILITA ENERGY LIMITED,GRIDIMP LTD,PERSE TECHNOLOGY LIMITED,SSE DIGITAL SERVICES LIMITED,AMP (via Urban Reserve (AssetCo) Limited),INFINIS LIMITED,EQUIWATT LIMITED,AFFECT ENERGY LTD,HILDEBRAND TECHNOLOGY LIMITED,GRIDBEYOND LIMITED,OCTOPUS ENERGY LIMITED,DRAX ENERGY SOLUTIONS LIMITED,OAKTREE POWER LIMITED,BRITISH GAS TRADING LIMITED,U ENERGY GROUP LIMITED"
26/12/2025,16:00,16:30,500,Live,0,All Providers,"ENGIE POWER LIMITED,AXLE ENERGY LIMITED,GALLAGHER AGGREGATES LIMITED,AMP (via Urban Reserve (AssetCo 2) Limited),UTILITA ENERGY LIMITED,GRIDIMP LTD,PERSE TECHNOLOGY LIMITED,SSE DIGITAL SERVICES LIMITED,AMP (via Urban Reserve (AssetCo) Limited),INFINIS LIMITED,EQUIWATT LIMITED,AFFECT ENERGY LTD,HILDEBRAND TECHNOLOGY LIMITED,GRIDBEYOND LIMITED,OCTOPUS ENERGY LIMITED,DRAX ENERGY SOLUTIONS LIMITED,OAKTREE POWER LIMITED,BRITISH GAS TRADING LIMITED,U ENERGY GROUP LIMITED"
26/12/2025,16:30,17:00,500,Live,0,All Providers,"ENGIE POWER LIMITED,AXLE ENERGY LIMITED,GALLAGHER AGGREGATES LIMITED,AMP (via Urban Reserve (AssetCo 2) Limited),UTILITA ENERGY LIMITED,GRIDIMP LTD,PERSE TECHNOLOGY LIMITED,SSE DIGITAL SERVICES LIMITED,AMP (via Urban Reserve (AssetCo) Limited),INFINIS LIMITED,EQUIWATT LIMITED,AFFECT ENERGY LTD,HILDEBRAND TECHNOLOGY LIMITED,GRIDBEYOND LIMITED,OCTOPUS ENERGY LIMITED,DRAX ENERGY SOLUTIONS LIMITED,OAKTREE POWER LIMITED,BRITISH GAS TRADING LIMITED,U ENERGY GROUP LIMITED"
26/12/2025,17:00,17:30,500,Live,0,All Providers,"ENGIE POWER LIMITED,AXLE ENERGY LIMITED,GALLAGHER AGGREGATES LIMITED,AMP (via Urban Reserve (AssetCo 2) Limited),UTILITA ENERGY LIMITED,GRIDIMP LTD,PERSE TECHNOLOGY LIMITED,SSE DIGITAL SERVICES LIMITED,AMP (via Urban Reserve (AssetCo) Limited),INFINIS LIMITED,EQUIWATT LIMITED,AFFECT ENERGY LTD,HILDEBRAND TECHNOLOGY LIMITED,GRIDBEYOND LIMITED,OCTOPUS ENERGY LIMITED,DRAX ENERGY SOLUTIONS LIMITED,OAKTREE POWER LIMITED,BRITISH GAS TRADING LIMITED,U ENERGY GROUP LIMITED"
26/12/2025,17:30,18:00,500,Live,0,All Providers,"ENGIE POWER LIMITED,AXLE ENERGY LIMITED,GALLAGHER AGGREGATES LIMITED,AMP (via Urban Reserve (AssetCo 2) Limited),UTILITA ENERGY LIMITED,GRIDIMP LTD,PERSE TECHNOLOGY LIMITED,SSE DIGITAL SERVICES LIMITED,AMP (via Urban Reserve (AssetCo) Limited),INFINIS LIMITED,EQUIWATT LIMITED,AFFECT ENERGY LTD,HILDEBRAND TECHNOLOGY LIMITED,GRIDBEYOND LIMITED,OCTOPUS ENERGY LIMITED,DRAX ENERGY SOLUTIONS LIMITED,OAKTREE POWER LIMITED,BRITISH GAS TRADING LIMITED,U ENERGY GROUP LIMITED"
03/12/2025,16:00,16:30,500,Live,0,All Providers,"ENGIE POWER LIMITED,AXLE ENERGY LIMITED,GALLAGHER AGGREGATES LIMITED,AMP (via Urban Reserve (AssetCo 2) Limited),UTILITA ENERGY LIMITED,GRIDIMP LTD,PERSE TECHNOLOGY LIMITED,SSE DIGITAL SERVICES LIMITED,AMP (via Urban Reserve (AssetCo) Limited),INFINIS LIMITED,EQUIWATT LIMITED,AFFECT ENERGY LTD,HILDEBRAND TECHNOLOGY LIMITED,GRIDBEYOND LIMITED,OCTOPUS ENERGY LIMITED,DRAX ENERGY SOLUTIONS LIMITED,OAKTREE POWER LIMITED,BRITISH GAS TRADING LIMITED,U ENERGY GROUP LIMITED"
03/12/2025,16:30,17:00,500,Live,0,All Providers,"ENGIE POWER LIMITED,AXLE ENERGY LIMITED,GALLAGHER AGGREGATES LIMITED,AMP (via Urban Reserve (AssetCo 2) Limited),UTILITA ENERGY LIMITED,GRIDIMP LTD,PERSE TECHNOLOGY LIMITED,SSE DIGITAL SERVICES LIMITED,AMP (via Urban Reserve (AssetCo) Limited),INFINIS LIMITED,EQUIWATT LIMITED,AFFECT ENERGY LTD,HILDEBRAND TECHNOLOGY LIMITED,GRIDBEYOND LIMITED,OCTOPUS ENERGY LIMITED,DRAX ENERGY SOLUTIONS LIMITED,OAKTREE POWER LIMITED,BRITISH GAS TRADING LIMITED,U ENERGY GROUP LIMITED"
03/12/2025,17:00,17:30,500,Live,0,All Providers,"ENGIE POWER LIMITED,AXLE ENERGY LIMITED,GALLAGHER AGGREGATES LIMITED,AMP (via Urban Reserve (AssetCo 2) Limited),UTILITA ENERGY LIMITED,GRIDIMP LTD,PERSE TECHNOLOGY LIMITED,SSE DIGITAL SERVICES LIMITED,AMP (via Urban Reserve (AssetCo) Limited),INFINIS LIMITED,EQUIWATT LIMITED,AFFECT ENERGY LTD,HILDEBRAND TECHNOLOGY LIMITED,GRIDBEYOND LIMITED,OCTOPUS ENERGY LIMITED,DRAX ENERGY SOLUTIONS LIMITED,OAKTREE POWER LIMITED,BRITISH GAS TRADING LIMITED,U ENERGY GROUP LIMITED"
03/12/2025,17:30,18:00,500,Live,0,All Providers,"ENGIE POWER LIMITED,AXLE ENERGY LIMITED,GALLAGHER AGGREGATES LIMITED,AMP (via Urban Reserve (AssetCo 2) Limited),UTILITA ENERGY LIMITED,GRIDIMP LTD,PERSE TECHNOLOGY LIMITED,SSE DIGITAL SERVICES LIMITED,AMP (via Urban Reserve (AssetCo) Limited),INFINIS LIMITED,EQUIWATT LIMITED,AFFECT ENERGY LTD,HILDEBRAND TECHNOLOGY LIMITED,GRIDBEYOND LIMITED,OCTOPUS ENERGY LIMITED,DRAX ENERGY SOLUTIONS LIMITED,OAKTREE POWER LIMITED,BRITISH GAS TRADING LIMITED,U ENERGY GROUP LIMITED"
03/12/2025,18:00,18:30,500,Live,0,All Providers,"ENGIE POWER LIMITED,AXLE ENERGY LIMITED,GALLAGHER AGGREGATES LIMITED,AMP (via Urban Reserve (AssetCo 2) Limited),UTILITA ENERGY LIMITED,GRIDIMP LTD,PERSE TECHNOLOGY LIMITED,SSE DIGITAL SERVICES LIMITED,AMP (via Urban Reserve (AssetCo) Limited),INFINIS LIMITED,EQUIWATT LIMITED,AFFECT ENERGY LTD,HILDEBRAND TECHNOLOGY LIMITED,GRIDBEYOND LIMITED,OCTOPUS ENERGY LIMITED,DRAX ENERGY SOLUTIONS LIMITED,OAKTREE POWER LIMITED,BRITISH GAS TRADING LIMITED,U ENERGY GROUP LIMITED"
03/12/2025,18:30,19:00,500,Live,0,All Providers,"ENGIE POWER LIMITED,AXLE ENERGY LIMITED,GALLAGHER AGGREGATES LIMITED,AMP (via Urban Reserve (AssetCo 2) Limited),UTILITA ENERGY LIMITED,GRIDIMP LTD,PERSE TECHNOLOGY LIMITED,SSE DIGITAL SERVICES LIMITED,AMP (via Urban Reserve (AssetCo) Limited),INFINIS LIMITED,EQUIWATT LIMITED,AFFECT ENERGY LTD,HILDEBRAND TECHNOLOGY LIMITED,GRIDBEYOND LIMITED,OCTOPUS ENERGY LIMITED,DRAX ENERGY SOLUTIONS LIMITED,OAKTREE POWER LIMITED,BRITISH GAS TRADING LIMITED,U ENERGY GROUP LIMITED"
03/12/2025,19:00,19:30,500,Live,0,All Providers,"ENGIE POWER LIMITED,AXLE ENERGY LIMITED,GALLAGHER AGGREGATES LIMITED,AMP (via Urban Reserve (AssetCo 2) Limited),UTILITA ENERGY LIMITED,GRIDIMP LTD,PERSE TECHNOLOGY LIMITED,SSE DIGITAL SERVICES LIMITED,AMP (via Urban Reserve (AssetCo) Limited),INFINIS LIMITED,EQUIWATT LIMITED,AFFECT ENERGY LTD,HILDEBRAND TECHNOLOGY LIMITED,GRIDBEYOND LIMITED,OCTOPUS ENERGY LIMITED,DRAX ENERGY SOLUTIONS LIMITED,OAKTREE POWER LIMITED,BRITISH GAS TRADING LIMITED,U ENERGY GROUP LIMITED"
03/12/2025,19:30,20:00,500,Live,0,All Providers,"ENGIE POWER LIMITED,AXLE ENERGY LIMITED,GALLAGHER AGGREGATES LIMITED,AMP (via Urban Reserve (AssetCo 2) Limited),UTILITA ENERGY LIMITED,GRIDIMP LTD,PERSE TECHNOLOGY LIMITED,SSE DIGITAL SERVICES LIMITED,AMP (via Urban Reserve (AssetCo) Limited),INFINIS LIMITED,EQUIWATT LIMITED,AFFECT ENERGY LTD,HILDEBRAND TECHNOLOGY LIMITED,GRIDBEYOND LIMITED,OCTOPUS ENERGY LIMITED,DRAX ENERGY SOLUTIONS LIMITED,OAKTREE POWER LIMITED,BRITISH GAS TRADING LIMITED,U ENERGY GROUP LIMITED"
01/12/2025,16:00,16:30,500,Live,0,All Providers,"ENGIE POWER LIMITED,AXLE ENERGY LIMITED,GALLAGHER AGGREGATES LIMITED,AMP (via Urban Reserve (AssetCo 2) Limited),UTILITA ENERGY LIMITED,GRIDIMP LTD,PERSE TECHNOLOGY LIMITED,SSE DIGITAL SERVICES LIMITED,AMP (via Urban Reserve (AssetCo) Limited),INFINIS LIMITED,EQUIWATT LIMITED,AFFECT ENERGY LTD,HILDEBRAND TECHNOLOGY LIMITED,GRIDBEYOND LIMITED,OCTOPUS ENERGY LIMITED,DRAX ENERGY SOLUTIONS LIMITED,OAKTREE POWER LIMITED,BRITISH GAS TRADING LIMITED,U ENERGY GROUP LIMITED"
01/12/2025,16:30,17:00,500,Live,0,All Providers,"ENGIE POWER LIMITED,AXLE ENERGY LIMITED,GALLAGHER AGGREGATES LIMITED,AMP (via Urban Reserve (AssetCo 2) Limited),UTILITA ENERGY LIMITED,GRIDIMP LTD,PERSE TECHNOLOGY LIMITED,SSE DIGITAL SERVICES LIMITED,AMP (via Urban Reserve (AssetCo) Limited),INFINIS LIMITED,EQUIWATT LIMITED,AFFECT ENERGY LTD,HILDEBRAND TECHNOLOGY LIMITED,GRIDBEYOND LIMITED,OCTOPUS ENERGY LIMITED,DRAX ENERGY SOLUTIONS LIMITED,OAKTREE POWER LIMITED,BRITISH GAS TRADING LIMITED,U ENERGY GROUP LIMITED"
01/12/2025,17:00,17:30,500,Live,0,All Providers,"ENGIE POWER LIMITED,AXLE ENERGY LIMITED,GALLAGHER AGGREGATES LIMITED,AMP (via Urban Reserve (AssetCo 2) Limited),UTILITA ENERGY LIMITED,GRIDIMP LTD,PERSE TECHNOLOGY LIMITED,SSE DIGITAL SERVICES LIMITED,AMP (via Urban Reserve (AssetCo) Limited),INFINIS LIMITED,EQUIWATT LIMITED,AFFECT ENERGY LTD,HILDEBRAND TECHNOLOGY LIMITED,GRIDBEYOND LIMITED,OCTOPUS ENERGY LIMITED,DRAX ENERGY SOLUTIONS LIMITED,OAKTREE POWER LIMITED,BRITISH GAS TRADING LIMITED,U ENERGY GROUP LIMITED"
01/12/2025,17:30,18:00,500,Live,0,All Providers,"ENGIE POWER LIMITED,AXLE ENERGY LIMITED,GALLAGHER AGGREGATES LIMITED,AMP (via Urban Reserve (AssetCo 2) Limited),UTILITA ENERGY LIMITED,GRIDIMP LTD,PERSE TECHNOLOGY LIMITED,SSE DIGITAL SERVICES LIMITED,AMP (via Urban Reserve (AssetCo) Limited),INFINIS LIMITED,EQUIWATT LIMITED,AFFECT ENERGY LTD,HILDEBRAND TECHNOLOGY LIMITED,GRIDBEYOND LIMITED,OCTOPUS ENERGY LIMITED,DRAX ENERGY SOLUTIONS LIMITED,OAKTREE POWER LIMITED,BRITISH GAS TRADING LIMITED,U ENERGY GROUP LIMITED"
26/11/2025,16:00,16:30,500,Live,0,All Providers,"ENGIE POWER LIMITED,AXLE ENERGY LIMITED,GALLAGHER AGGREGATES LIMITED,AMP (via Urban Reserve (AssetCo 2) Limited),UTILITA ENERGY LIMITED,GRIDIMP LTD,PERSE TECHNOLOGY LIMITED,SSE DIGITAL SERVICES LIMITED,AMP (via Urban Reserve (AssetCo) Limited),INFINIS LIMITED,EQUIWATT LIMITED,AFFECT ENERGY LTD,HILDEBRAND TECHNOLOGY LIMITED,GRIDBEYOND LIMITED,OCTOPUS ENERGY LIMITED,DRAX ENERGY SOLUTIONS LIMITED,OAKTREE POWER LIMITED,BRITISH GAS TRADING LIMITED,U ENERGY GROUP LIMITED"
26/11/2025,16:30,17:00,500,Live,0,All Providers,"ENGIE POWER LIMITED,AXLE ENERGY LIMITED,GALLAGHER AGGREGATES LIMITED,AMP (via Urban Reserve (AssetCo 2) Limited),UTILITA ENERGY LIMITED,GRIDIMP LTD,PERSE TECHNOLOGY LIMITED,SSE DIGITAL SERVICES LIMITED,AMP (via Urban Reserve (AssetCo) Limited),INFINIS LIMITED,EQUIWATT LIMITED,AFFECT ENERGY LTD,HILDEBRAND TECHNOLOGY LIMITED,GRIDBEYOND LIMITED,OCTOPUS ENERGY LIMITED,DRAX ENERGY SOLUTIONS LIMITED,OAKTREE POWER LIMITED,BRITISH GAS TRADING LIMITED,U ENERGY GROUP LIMITED"
26/11/2025,17:00,17:30,500,Live,0,All Providers,"ENGIE POWER LIMITED,AXLE ENERGY LIMITED,GALLAGHER AGGREGATES LIMITED,AMP (via Urban Reserve (AssetCo 2) Limited),UTILITA ENERGY LIMITED,GRIDIMP LTD,PERSE TECHNOLOGY LIMITED,SSE DIGITAL SERVICES LIMITED,AMP (via Urban Reserve (AssetCo) Limited),INFINIS LIMITED,EQUIWATT LIMITED,AFFECT ENERGY LTD,HILDEBRAND TECHNOLOGY LIMITED,GRIDBEYOND LIMITED,OCTOPUS ENERGY LIMITED,DRAX ENERGY SOLUTIONS LIMITED,OAKTREE POWER LIMITED,BRITISH GAS TRADING LIMITED,U ENERGY GROUP LIMITED"
26/11/2025,17:30,18:00,500,Live,0,All Providers,"ENGIE POWER LIMITED,AXLE ENERGY LIMITED,GALLAGHER AGGREGATES LIMITED,AMP (via Urban Reserve (AssetCo 2) Limited),UTILITA ENERGY LIMITED,GRIDIMP LTD,PERSE TECHNOLOGY LIMITED,SSE DIGITAL SERVICES LIMITED,AMP (via Urban Reserve (AssetCo) Limited),INFINIS LIMITED,EQUIWATT LIMITED,AFFECT ENERGY LTD,HILDEBRAND TECHNOLOGY LIMITED,GRIDBEYOND LIMITED,OCTOPUS ENERGY LIMITED,DRAX ENERGY SOLUTIONS LIMITED,OAKTREE POWER LIMITED,BRITISH GAS TRADING LIMITED,U ENERGY GROUP LIMITED"
26/11/2025,18:00,18:30,500,Live,0,All Providers,"ENGIE POWER LIMITED,AXLE ENERGY LIMITED,GALLAGHER AGGREGATES LIMITED,AMP (via Urban Reserve (AssetCo 2) Limited),UTILITA ENERGY LIMITED,GRIDIMP LTD,PERSE TECHNOLOGY LIMITED,SSE DIGITAL SERVICES LIMITED,AMP (via Urban Reserve (AssetCo) Limited),INFINIS LIMITED,EQUIWATT LIMITED,AFFECT ENERGY LTD,HILDEBRAND TECHNOLOGY LIMITED,GRIDBEYOND LIMITED,OCTOPUS ENERGY LIMITED,DRAX ENERGY SOLUTIONS LIMITED,OAKTREE POWER LIMITED,BRITISH GAS TRADING LIMITED,U ENERGY GROUP LIMITED"
26/11/2025,18:30,19:00,500,Live,0,All Providers,"ENGIE POWER LIMITED,AXLE ENERGY LIMITED,GALLAGHER AGGREGATES LIMITED,AMP (via Urban Reserve (AssetCo 2) Limited),UTILITA ENERGY LIMITED,GRIDIMP LTD,PERSE TECHNOLOGY LIMITED,SSE DIGITAL SERVICES LIMITED,AMP (via Urban Reserve (AssetCo) Limited),INFINIS LIMITED,EQUIWATT LIMITED,AFFECT ENERGY LTD,HILDEBRAND TECHNOLOGY LIMITED,GRIDBEYOND LIMITED,OCTOPUS ENERGY LIMITED,DRAX ENERGY SOLUTIONS LIMITED,OAKTREE POWER LIMITED,BRITISH GAS TRADING LIMITED,U ENERGY GROUP LIMITED"
26/11/2025,19:00,19:30,500,Live,0,All Providers,"ENGIE POWER LIMITED,AXLE ENERGY LIMITED,GALLAGHER AGGREGATES LIMITED,AMP (via Urban Reserve (AssetCo 2) Limited),UTILITA ENERGY LIMITED,GRIDIMP LTD,PERSE TECHNOLOGY LIMITED,SSE DIGITAL SERVICES LIMITED,AMP (via Urban Reserve (AssetCo) Limited),INFINIS LIMITED,EQUIWATT LIMITED,AFFECT ENERGY LTD,HILDEBRAND TECHNOLOGY LIMITED,GRIDBEYOND LIMITED,OCTOPUS ENERGY LIMITED,DRAX ENERGY SOLUTIONS LIMITED,OAKTREE POWER LIMITED,BRITISH GAS TRADING LIMITED,U ENERGY GROUP LIMITED"
26/11/2025,19:30,20:00,500,Live,0,All Providers,"ENGIE POWER LIMITED,AXLE ENERGY LIMITED,GALLAGHER AGGREGATES LIMITED,AMP (via Urban Reserve (AssetCo 2) Limited),UTILITA ENERGY LIMITED,GRIDIMP LTD,PERSE TECHNOLOGY LIMITED,SSE DIGITAL SERVICES LIMITED,AMP (via Urban Reserve (AssetCo) Limited),INFINIS LIMITED,EQUIWATT LIMITED,AFFECT ENERGY LTD,HILDEBRAND TECHNOLOGY LIMITED,GRIDBEYOND LIMITED,OCTOPUS ENERGY LIMITED,DRAX ENERGY SOLUTIONS LIMITED,OAKTREE POWER LIMITED,BRITISH GAS TRADING LIMITED,U ENERGY GROUP LIMITED"
25/11/2025,16:00,16:30,500,Live,0,All Providers,"ENGIE POWER LIMITED,AXLE ENERGY LIMITED,GALLAGHER AGGREGATES LIMITED,AMP (via Urban Reserve (AssetCo 2) Limited),UTILITA ENERGY LIMITED,GRIDIMP LTD,PERSE TECHNOLOGY LIMITED,SSE DIGITAL SERVICES LIMITED,AMP (via Urban Reserve (AssetCo) Limited),INFINIS LIMITED,EQUIWATT LIMITED,AFFECT ENERGY LTD,HILDEBRAND TECHNOLOGY LIMITED,GRIDBEYOND LIMITED,OCTOPUS ENERGY LIMITED,DRAX ENERGY SOLUTIONS LIMITED,OAKTREE POWER LIMITED,BRITISH GAS TRADING LIMITED,U ENERGY GROUP LIMITED"
25/11/2025,16:30,17:00,500,Live,0,All Providers,"ENGIE POWER LIMITED,AXLE ENERGY LIMITED,GALLAGHER AGGREGATES LIMITED,AMP (via Urban Reserve (AssetCo 2) Limited),UTILITA ENERGY LIMITED,GRIDIMP LTD,PERSE TECHNOLOGY LIMITED,SSE DIGITAL SERVICES LIMITED,AMP (via Urban Reserve (AssetCo) Limited),INFINIS LIMITED,EQUIWATT LIMITED,AFFECT ENERGY LTD,HILDEBRAND TECHNOLOGY LIMITED,GRIDBEYOND LIMITED,OCTOPUS ENERGY LIMITED,DRAX ENERGY SOLUTIONS LIMITED,OAKTREE POWER LIMITED,BRITISH GAS TRADING LIMITED,U ENERGY GROUP LIMITED"
25/11/2025,17:00,17:30,500,Live,0,All Providers,"ENGIE POWER LIMITED,AXLE ENERGY LIMITED,GALLAGHER AGGREGATES LIMITED,AMP (via Urban Reserve (AssetCo 2) Limited),UTILITA ENERGY LIMITED,GRIDIMP LTD,PERSE TECHNOLOGY LIMITED,SSE DIGITAL SERVICES LIMITED,AMP (via Urban Reserve (AssetCo) Limited),INFINIS LIMITED,EQUIWATT LIMITED,AFFECT ENERGY LTD,HILDEBRAND TECHNOLOGY LIMITED,GRIDBEYOND LIMITED,OCTOPUS ENERGY LIMITED,DRAX ENERGY SOLUTIONS LIMITED,OAKTREE POWER LIMITED,BRITISH GAS TRADING LIMITED,U ENERGY GROUP LIMITED"
25/11/2025,17:30,18:00,500,Live,0,All Providers,"ENGIE POWER LIMITED,AXLE ENERGY LIMITED,GALLAGHER AGGREGATES LIMITED,AMP (via Urban Reserve (AssetCo 2) Limited),UTILITA ENERGY LIMITED,GRIDIMP LTD,PERSE TECHNOLOGY LIMITED,SSE DIGITAL SERVICES LIMITED,AMP (via Urban Reserve (AssetCo) Limited),INFINIS LIMITED,EQUIWATT LIMITED,AFFECT ENERGY LTD,HILDEBRAND TECHNOLOGY LIMITED,GRIDBEYOND LIMITED,OCTOPUS ENERGY LIMITED,DRAX ENERGY SOLUTIONS LIMITED,OAKTREE POWER LIMITED,BRITISH GAS TRADING LIMITED,U ENERGY GROUP LIMITED"
25/11/2025,18:00,18:30,500,Live,0,All Providers,"ENGIE POWER LIMITED,AXLE ENERGY LIMITED,GALLAGHER AGGREGATES LIMITED,AMP (via Urban Reserve (AssetCo 2) Limited),UTILITA ENERGY LIMITED,GRIDIMP LTD,PERSE TECHNOLOGY LIMITED,SSE DIGITAL SERVICES LIMITED,AMP (via Urban Reserve (AssetCo) Limited),INFINIS LIMITED,EQUIWATT LIMITED,AFFECT ENERGY LTD,HILDEBRAND TECHNOLOGY LIMITED,GRIDBEYOND LIMITED,OCTOPUS ENERGY LIMITED,DRAX ENERGY SOLUTIONS LIMITED,OAKTREE POWER LIMITED,BRITISH GAS TRADING LIMITED,U ENERGY GROUP LIMITED"
25/11/2025,18:30,19:00,500,Live,0,All Providers,"ENGIE POWER LIMITED,AXLE ENERGY LIMITED,GALLAGHER AGGREGATES LIMITED,AMP (via Urban Reserve (AssetCo 2) Limited),UTILITA ENERGY LIMITED,GRIDIMP LTD,PERSE TECHNOLOGY LIMITED,SSE DIGITAL SERVICES LIMITED,AMP (via Urban Reserve (AssetCo) Limited),INFINIS LIMITED,EQUIWATT LIMITED,AFFECT ENERGY LTD,HILDEBRAND TECHNOLOGY LIMITED,GRIDBEYOND LIMITED,OCTOPUS ENERGY LIMITED,DRAX ENERGY SOLUTIONS LIMITED,OAKTREE POWER LIMITED,BRITISH GAS TRADING LIMITED,U ENERGY GROUP LIMITED"
25/11/2025,19:00,19:30,500,Live,0,All Providers,"ENGIE POWER LIMITED,AXLE ENERGY LIMITED,GALLAGHER AGGREGATES LIMITED,AMP (via Urban Reserve (AssetCo 2) Limited),UTILITA ENERGY LIMITED,GRIDIMP LTD,PERSE TECHNOLOGY LIMITED,SSE DIGITAL SERVICES LIMITED,AMP (via Urban Reserve (AssetCo) Limited),INFINIS LIMITED,EQUIWATT LIMITED,AFFECT ENERGY LTD,HILDEBRAND TECHNOLOGY LIMITED,GRIDBEYOND LIMITED,OCTOPUS ENERGY LIMITED,DRAX ENERGY SOLUTIONS LIMITED,OAKTREE POWER LIMITED,BRITISH GAS TRADING LIMITED,U ENERGY GROUP LIMITED"
25/11/2025,19:30,20:00,500,Live,0,All Providers,"ENGIE POWER LIMITED,AXLE ENERGY LIMITED,GALLAGHER AGGREGATES LIMITED,AMP (via Urban Reserve (AssetCo 2) Limited),UTILITA ENERGY LIMITED,GRIDIMP LTD,PERSE TECHNOLOGY LIMITED,SSE DIGITAL SERVICES LIMITED,AMP (via Urban Reserve (AssetCo) Limited),INFINIS LIMITED,EQUIWATT LIMITED,AFFECT ENERGY LTD,HILDEBRAND TECHNOLOGY LIMITED,GRIDBEYOND LIMITED,OCTOPUS ENERGY LIMITED,DRAX ENERGY SOLUTIONS LIMITED,OAKTREE POWER LIMITED,BRITISH GAS TRADING LIMITED,U ENERGY GROUP LIMITED"
21/11/2025,16:00,16:30,1000,Live,0,All Providers,"ENGIE POWER LIMITED,AXLE ENERGY LIMITED,GALLAGHER AGGREGATES LIMITED,AMP (via Urban Reserve (AssetCo 2) Limited),UTILITA ENERGY LIMITED,GRIDIMP LTD,PERSE TECHNOLOGY LIMITED,SSE DIGITAL SERVICES LIMITED,AMP (via Urban Reserve (AssetCo) Limited),INFINIS LIMITED,EQUIWATT LIMITED,AFFECT ENERGY LTD,HILDEBRAND TECHNOLOGY LIMITED,GRIDBEYOND LIMITED,OCTOPUS ENERGY LIMITED,DRAX ENERGY SOLUTIONS LIMITED,OAKTREE POWER LIMITED,BRITISH GAS TRADING LIMITED,U ENERGY GROUP LIMITED"
21/11/2025,16:30,17:00,1000,Live,0,All Providers,"ENGIE POWER LIMITED,AXLE ENERGY LIMITED,GALLAGHER AGGREGATES LIMITED,AMP (via Urban Reserve (AssetCo 2) Limited),UTILITA ENERGY LIMITED,GRIDIMP LTD,PERSE TECHNOLOGY LIMITED,SSE DIGITAL SERVICES LIMITED,AMP (via Urban Reserve (AssetCo) Limited),INFINIS LIMITED,EQUIWATT LIMITED,AFFECT ENERGY LTD,HILDEBRAND TECHNOLOGY LIMITED,GRIDBEYOND LIMITED,OCTOPUS ENERGY LIMITED,DRAX ENERGY SOLUTIONS LIMITED,OAKTREE POWER LIMITED,BRITISH GAS TRADING LIMITED,U ENERGY GROUP LIMITED"
21/11/2025,17:00,17:30,1000,Live,0,All Providers,"ENGIE POWER LIMITED,AXLE ENERGY LIMITED,GALLAGHER AGGREGATES LIMITED,AMP (via Urban Reserve (AssetCo 2) Limited),UTILITA ENERGY LIMITED,GRIDIMP LTD,PERSE TECHNOLOGY LIMITED,SSE DIGITAL SERVICES LIMITED,AMP (via Urban Reserve (AssetCo) Limited),INFINIS LIMITED,EQUIWATT LIMITED,AFFECT ENERGY LTD,HILDEBRAND TECHNOLOGY LIMITED,GRIDBEYOND LIMITED,OCTOPUS ENERGY LIMITED,DRAX ENERGY SOLUTIONS LIMITED,OAKTREE POWER LIMITED,BRITISH GAS TRADING LIMITED,U ENERGY GROUP LIMITED"
21/11/2025,17:30,18:00,1000,Live,0,All Providers,"ENGIE POWER LIMITED,AXLE ENERGY LIMITED,GALLAGHER AGGREGATES LIMITED,AMP (via Urban Reserve (AssetCo 2) Limited),UTILITA ENERGY LIMITED,GRIDIMP LTD,PERSE TECHNOLOGY LIMITED,SSE DIGITAL SERVICES LIMITED,AMP (via Urban Reserve (AssetCo) Limited),INFINIS LIMITED,EQUIWATT LIMITED,AFFECT ENERGY LTD,HILDEBRAND TECHNOLOGY LIMITED,GRIDBEYOND LIMITED,OCTOPUS ENERGY LIMITED,DRAX ENERGY SOLUTIONS LIMITED,OAKTREE POWER LIMITED,BRITISH GAS TRADING LIMITED,U ENERGY GROUP LIMITED"
21/11/2025,18:00,18:30,1000,Live,0,All Providers,"ENGIE POWER LIMITED,AXLE ENERGY LIMITED,GALLAGHER AGGREGATES LIMITED,AMP (via Urban Reserve (AssetCo 2) Limited),UTILITA ENERGY LIMITED,GRIDIMP LTD,PERSE TECHNOLOGY LIMITED,SSE DIGITAL SERVICES LIMITED,AMP (via Urban Reserve (AssetCo) Limited),INFINIS LIMITED,EQUIWATT LIMITED,AFFECT ENERGY LTD,HILDEBRAND TECHNOLOGY LIMITED,GRIDBEYOND LIMITED,OCTOPUS ENERGY LIMITED,DRAX ENERGY SOLUTIONS LIMITED,OAKTREE POWER LIMITED,BRITISH GAS TRADING LIMITED,U ENERGY GROUP LIMITED"
21/11/2025,18:30,19:00,1000,Live,0,All Providers,"ENGIE POWER LIMITED,AXLE ENERGY LIMITED,GALLAGHER AGGREGATES LIMITED,AMP (via Urban Reserve (AssetCo 2) Limited),UTILITA ENERGY LIMITED,GRIDIMP LTD,PERSE TECHNOLOGY LIMITED,SSE DIGITAL SERVICES LIMITED,AMP (via Urban Reserve (AssetCo) Limited),INFINIS LIMITED,EQUIWATT LIMITED,AFFECT ENERGY LTD,HILDEBRAND TECHNOLOGY LIMITED,GRIDBEYOND LIMITED,OCTOPUS ENERGY LIMITED,DRAX ENERGY SOLUTIONS LIMITED,OAKTREE POWER LIMITED,BRITISH GAS TRADING LIMITED,U ENERGY GROUP LIMITED"
21/11/2025,19:00,19:30,1000,Live,0,All Providers,"ENGIE POWER LIMITED,AXLE ENERGY LIMITED,GALLAGHER AGGREGATES LIMITED,AMP (via Urban Reserve (AssetCo 2) Limited),UTILITA ENERGY LIMITED,GRIDIMP LTD,PERSE TECHNOLOGY LIMITED,SSE DIGITAL SERVICES LIMITED,AMP (via Urban Reserve (AssetCo) Limited),INFINIS LIMITED,EQUIWATT LIMITED,AFFECT ENERGY LTD,HILDEBRAND TECHNOLOGY LIMITED,GRIDBEYOND LIMITED,OCTOPUS ENERGY LIMITED,DRAX ENERGY SOLUTIONS LIMITED,OAKTREE POWER LIMITED,BRITISH GAS TRADING LIMITED,U ENERGY GROUP LIMITED"
21/11/2025,19:30,20:00,1000,Live,0,All Providers,"ENGIE POWER LIMITED,AXLE ENERGY LIMITED,GALLAGHER AGGREGATES LIMITED,AMP (via Urban Reserve (AssetCo 2) Limited),UTILITA ENERGY LIMITED,GRIDIMP LTD,PERSE TECHNOLOGY LIMITED,SSE DIGITAL SERVICES LIMITED,AMP (via Urban Reserve (AssetCo) Limited),INFINIS LIMITED,EQUIWATT LIMITED,AFFECT ENERGY LTD,HILDEBRAND TECHNOLOGY LIMITED,GRIDBEYOND LIMITED,OCTOPUS ENERGY LIMITED,DRAX ENERGY SOLUTIONS LIMITED,OAKTREE POWER LIMITED,BRITISH GAS TRADING LIMITED,U ENERGY GROUP LIMITED"
20/11/2025,16:00,16:30,500,Live,0,All Providers,"AFFECT ENERGY LTD,AMP (via Urban Reserve (AssetCo 2) Limited),AMP (via Urban Reserve (AssetCo) Limited), AXLE ENERGY LIMITED, BRITISH GAS TRADING LIMITED, CUB (UK) LTD, DRAX ENERGY SOLUTIONS LIMITED, ENGIE POWER LIMITED, EQUIWATT LIMITED, GALLAGHER AGGREGATES LIMITED, GRIDBEYOND LIMITED, GRIDIMP LTD, HILDEBRAND TECHNOLOGY LIMITED, INFINIS LIMITED, OAKTREE POWER LIMITED, OCTOPUS ENERGY LIMITED, PERSE TECHNOLOGY LIMITED, SSE DIGITAL SERVICES LIMITED, U ENERGY GROUP LIMITED, UTILITA ENERGY LIMITED"
20/11/2025,16:30,17:00,500,Live,0,All Providers,"AFFECT ENERGY LTD,AMP (via Urban Reserve (AssetCo 2) Limited),AMP (via Urban Reserve (AssetCo) Limited), AXLE ENERGY LIMITED, BRITISH GAS TRADING LIMITED, CUB (UK) LTD, DRAX ENERGY SOLUTIONS LIMITED, ENGIE POWER LIMITED, EQUIWATT LIMITED, GALLAGHER AGGREGATES LIMITED, GRIDBEYOND LIMITED, GRIDIMP LTD, HILDEBRAND TECHNOLOGY LIMITED, INFINIS LIMITED, OAKTREE POWER LIMITED, OCTOPUS ENERGY LIMITED, PERSE TECHNOLOGY LIMITED, SSE DIGITAL SERVICES LIMITED, U ENERGY GROUP LIMITED, UTILITA ENERGY LIMITED"
20/11/2025,17:00,17:30,500,Live,0,All Providers,"AFFECT ENERGY LTD,AMP (via Urban Reserve (AssetCo 2) Limited),AMP (via Urban Reserve (AssetCo) Limited), AXLE ENERGY LIMITED, BRITISH GAS TRADING LIMITED, CUB (UK) LTD, DRAX ENERGY SOLUTIONS LIMITED, ENGIE POWER LIMITED, EQUIWATT LIMITED, GALLAGHER AGGREGATES LIMITED, GRIDBEYOND LIMITED, GRIDIMP LTD, HILDEBRAND TECHNOLOGY LIMITED, INFINIS LIMITED, OAKTREE POWER LIMITED, OCTOPUS ENERGY LIMITED, PERSE TECHNOLOGY LIMITED, SSE DIGITAL SERVICES LIMITED, U ENERGY GROUP LIMITED, UTILITA ENERGY LIMITED"
20/11/2025,17:30,18:00,500,Live,0,All Providers,"AFFECT ENERGY LTD,AMP (via Urban Reserve (AssetCo 2) Limited),AMP (via Urban Reserve (AssetCo) Limited), AXLE ENERGY LIMITED, BRITISH GAS TRADING LIMITED, CUB (UK) LTD, DRAX ENERGY SOLUTIONS LIMITED, ENGIE POWER LIMITED, EQUIWATT LIMITED, GALLAGHER AGGREGATES LIMITED, GRIDBEYOND LIMITED, GRIDIMP LTD, HILDEBRAND TECHNOLOGY LIMITED, INFINIS LIMITED, OAKTREE POWER LIMITED, OCTOPUS ENERGY LIMITED, PERSE TECHNOLOGY LIMITED, SSE DIGITAL SERVICES LIMITED, U ENERGY GROUP LIMITED, UTILITA ENERGY LIMITED"
20/11/2025,18:00,18:30,500,Live,0,All Providers,"AFFECT ENERGY LTD,AMP (via Urban Reserve (AssetCo 2) Limited),AMP (via Urban Reserve (AssetCo) Limited), AXLE ENERGY LIMITED, BRITISH GAS TRADING LIMITED, CUB (UK) LTD, DRAX ENERGY SOLUTIONS LIMITED, ENGIE POWER LIMITED, EQUIWATT LIMITED, GALLAGHER AGGREGATES LIMITED, GRIDBEYOND LIMITED, GRIDIMP LTD, HILDEBRAND TECHNOLOGY LIMITED, INFINIS LIMITED, OAKTREE POWER LIMITED, OCTOPUS ENERGY LIMITED, PERSE TECHNOLOGY LIMITED, SSE DIGITAL SERVICES LIMITED, U ENERGY GROUP LIMITED, UTILITA ENERGY LIMITED"
20/11/2025,18:30,19:00,500,Live,0,All Providers,"AFFECT ENERGY LTD,AMP (via Urban Reserve (AssetCo 2) Limited),AMP (via Urban Reserve (AssetCo) Limited), AXLE ENERGY LIMITED, BRITISH GAS TRADING LIMITED, CUB (UK) LTD, DRAX ENERGY SOLUTIONS LIMITED, ENGIE POWER LIMITED, EQUIWATT LIMITED, GALLAGHER AGGREGATES LIMITED, GRIDBEYOND LIMITED, GRIDIMP LTD, HILDEBRAND TECHNOLOGY LIMITED, INFINIS LIMITED, OAKTREE POWER LIMITED, OCTOPUS ENERGY LIMITED, PERSE TECHNOLOGY LIMITED, SSE DIGITAL SERVICES LIMITED, U ENERGY GROUP LIMITED, UTILITA ENERGY LIMITED"
20/11/2025,19:00,19:30,500,Live,0,All Providers,"AFFECT ENERGY LTD,AMP (via Urban Reserve (AssetCo 2) Limited),AMP (via Urban Reserve (AssetCo) Limited), AXLE ENERGY LIMITED, BRITISH GAS TRADING LIMITED, CUB (UK) LTD, DRAX ENERGY SOLUTIONS LIMITED, ENGIE POWER LIMITED, EQUIWATT LIMITED, GALLAGHER AGGREGATES LIMITED, GRIDBEYOND LIMITED, GRIDIMP LTD, HILDEBRAND TECHNOLOGY LIMITED, INFINIS LIMITED, OAKTREE POWER LIMITED, OCTOPUS ENERGY LIMITED, PERSE TECHNOLOGY LIMITED, SSE DIGITAL SERVICES LIMITED, U ENERGY GROUP LIMITED, UTILITA ENERGY LIMITED"
20/11/2025,19:30,20:00,500,Live,0,All Providers,"AFFECT ENERGY LTD,AMP (via Urban Reserve (AssetCo 2) Limited),AMP (via Urban Reserve (AssetCo) Limited), AXLE ENERGY LIMITED, BRITISH GAS TRADING LIMITED, CUB (UK) LTD, DRAX ENERGY SOLUTIONS LIMITED, ENGIE POWER LIMITED, EQUIWATT LIMITED, GALLAGHER AGGREGATES LIMITED, GRIDBEYOND LIMITED, GRIDIMP LTD, HILDEBRAND TECHNOLOGY LIMITED, INFINIS LIMITED, OAKTREE POWER LIMITED, OCTOPUS ENERGY LIMITED, PERSE TECHNOLOGY LIMITED, SSE DIGITAL SERVICES LIMITED, U ENERGY GROUP LIMITED, UTILITA ENERGY LIMITED"
20/11/2025,20:00,20:30,500,Live,0,All Providers,"AFFECT ENERGY LTD,AMP (via Urban Reserve (AssetCo 2) Limited),AMP (via Urban Reserve (AssetCo) Limited), AXLE ENERGY LIMITED, BRITISH GAS TRADING LIMITED, CUB (UK) LTD, DRAX ENERGY SOLUTIONS LIMITED, ENGIE POWER LIMITED, EQUIWATT LIMITED, GALLAGHER AGGREGATES LIMITED, GRIDBEYOND LIMITED, GRIDIMP LTD, HILDEBRAND TECHNOLOGY LIMITED, INFINIS LIMITED, OAKTREE POWER LIMITED, OCTOPUS ENERGY LIMITED, PERSE TECHNOLOGY LIMITED, SSE DIGITAL SERVICES LIMITED, U ENERGY GROUP LIMITED, UTILITA ENERGY LIMITED"
20/11/2025,20:30,21:00,500,Live,0,All Providers,"AFFECT ENERGY LTD,AMP (via Urban Reserve (AssetCo 2) Limited),AMP (via Urban Reserve (AssetCo) Limited), AXLE ENERGY LIMITED, BRITISH GAS TRADING LIMITED, CUB (UK) LTD, DRAX ENERGY SOLUTIONS LIMITED, ENGIE POWER LIMITED, EQUIWATT LIMITED, GALLAGHER AGGREGATES LIMITED, GRIDBEYOND LIMITED, GRIDIMP LTD, HILDEBRAND TECHNOLOGY LIMITED, INFINIS LIMITED, OAKTREE POWER LIMITED, OCTOPUS ENERGY LIMITED, PERSE TECHNOLOGY LIMITED, SSE DIGITAL SERVICES LIMITED, U ENERGY GROUP LIMITED, UTILITA ENERGY LIMITED"
20/11/2025,21:00,21:30,500,Live,0,All Providers,"AFFECT ENERGY LTD,AMP (via Urban Reserve (AssetCo 2) Limited),AMP (via Urban Reserve (AssetCo) Limited), AXLE ENERGY LIMITED, BRITISH GAS TRADING LIMITED, CUB (UK) LTD, DRAX ENERGY SOLUTIONS LIMITED, ENGIE POWER LIMITED, EQUIWATT LIMITED, GALLAGHER AGGREGATES LIMITED, GRIDBEYOND LIMITED, GRIDIMP LTD, HILDEBRAND TECHNOLOGY LIMITED, INFINIS LIMITED, OAKTREE POWER LIMITED, OCTOPUS ENERGY LIMITED, PERSE TECHNOLOGY LIMITED, SSE DIGITAL SERVICES LIMITED, U ENERGY GROUP LIMITED, UTILITA ENERGY LIMITED"
20/11/2025,21:30,22:00,500,Live,0,All Providers,"AFFECT ENERGY LTD,AMP (via Urban Reserve (AssetCo 2) Limited),AMP (via Urban Reserve (AssetCo) Limited), AXLE ENERGY LIMITED, BRITISH GAS TRADING LIMITED, CUB (UK) LTD, DRAX ENERGY SOLUTIONS LIMITED, ENGIE POWER LIMITED, EQUIWATT LIMITED, GALLAGHER AGGREGATES LIMITED, GRIDBEYOND LIMITED, GRIDIMP LTD, HILDEBRAND TECHNOLOGY LIMITED, INFINIS LIMITED, OAKTREE POWER LIMITED, OCTOPUS ENERGY LIMITED, PERSE TECHNOLOGY LIMITED, SSE DIGITAL SERVICES LIMITED, U ENERGY GROUP LIMITED, UTILITA ENERGY LIMITED"
20/11/2025,22:00,22:30,500,Live,0,All Providers,"AFFECT ENERGY LTD,AMP (via Urban Reserve (AssetCo 2) Limited),AMP (via Urban Reserve (AssetCo) Limited), AXLE ENERGY LIMITED, BRITISH GAS TRADING LIMITED, CUB (UK) LTD, DRAX ENERGY SOLUTIONS LIMITED, ENGIE POWER LIMITED, EQUIWATT LIMITED, GALLAGHER AGGREGATES LIMITED, GRIDBEYOND LIMITED, GRIDIMP LTD, HILDEBRAND TECHNOLOGY LIMITED, INFINIS LIMITED, OAKTREE POWER LIMITED, OCTOPUS ENERGY LIMITED, PERSE TECHNOLOGY LIMITED, SSE DIGITAL SERVICES LIMITED, U ENERGY GROUP LIMITED, UTILITA ENERGY LIMITED"
20/11/2025,22:30,23:00,500,Live,0,All Providers,"AFFECT ENERGY LTD,AMP (via Urban Reserve (AssetCo 2) Limited),AMP (via Urban Reserve (AssetCo) Limited), AXLE ENERGY LIMITED, BRITISH GAS TRADING LIMITED, CUB (UK) LTD, DRAX ENERGY SOLUTIONS LIMITED, ENGIE POWER LIMITED, EQUIWATT LIMITED, GALLAGHER AGGREGATES LIMITED, GRIDBEYOND LIMITED, GRIDIMP LTD, HILDEBRAND TECHNOLOGY LIMITED, INFINIS LIMITED, OAKTREE POWER LIMITED, OCTOPUS ENERGY LIMITED, PERSE TECHNOLOGY LIMITED, SSE DIGITAL SERVICES LIMITED, U ENERGY GROUP LIMITED, UTILITA ENERGY LIMITED"
19/11/2025,16:00,16:30,500,Live,0,All Providers,"ENGIE POWER LIMITED,AXLE ENERGY LIMITED,GALLAGHER AGGREGATES LIMITED,AMP (via Urban Reserve (AssetCo 2) Limited),UTILITA ENERGY LIMITED,GRIDIMP LTD,PERSE TECHNOLOGY LIMITED,SSE DIGITAL SERVICES LIMITED,AMP (via Urban Reserve (AssetCo) Limited),INFINIS LIMITED,EQUIWATT LIMITED,AFFECT ENERGY LTD,HILDEBRAND TECHNOLOGY LIMITED,GRIDBEYOND LIMITED,OCTOPUS ENERGY LIMITED,DRAX ENERGY SOLUTIONS LIMITED,OAKTREE POWER LIMITED,BRITISH GAS TRADING LIMITED,U ENERGY GROUP LIMITED"
19/11/2025,16:30,17:00,500,Live,0,All Providers,"ENGIE POWER LIMITED,AXLE ENERGY LIMITED,GALLAGHER AGGREGATES LIMITED,AMP (via Urban Reserve (AssetCo 2) Limited),UTILITA ENERGY LIMITED,GRIDIMP LTD,PERSE TECHNOLOGY LIMITED,SSE DIGITAL SERVICES LIMITED,AMP (via Urban Reserve (AssetCo) Limited),INFINIS LIMITED,EQUIWATT LIMITED,AFFECT ENERGY LTD,HILDEBRAND TECHNOLOGY LIMITED,GRIDBEYOND LIMITED,OCTOPUS ENERGY LIMITED,DRAX ENERGY SOLUTIONS LIMITED,OAKTREE POWER LIMITED,BRITISH GAS TRADING LIMITED,U ENERGY GROUP LIMITED"
19/11/2025,17:00,17:30,500,Live,0,All Providers,"ENGIE POWER LIMITED,AXLE ENERGY LIMITED,GALLAGHER AGGREGATES LIMITED,AMP (via Urban Reserve (AssetCo 2) Limited),UTILITA ENERGY LIMITED,GRIDIMP LTD,PERSE TECHNOLOGY LIMITED,SSE DIGITAL SERVICES LIMITED,AMP (via Urban Reserve (AssetCo) Limited),INFINIS LIMITED,EQUIWATT LIMITED,AFFECT ENERGY LTD,HILDEBRAND TECHNOLOGY LIMITED,GRIDBEYOND LIMITED,OCTOPUS ENERGY LIMITED,DRAX ENERGY SOLUTIONS LIMITED,OAKTREE POWER LIMITED,BRITISH GAS TRADING LIMITED,U ENERGY GROUP LIMITED"
19/11/2025,17:30,18:00,500,Live,0,All Providers,"ENGIE POWER LIMITED,AXLE ENERGY LIMITED,GALLAGHER AGGREGATES LIMITED,AMP (via Urban Reserve (AssetCo 2) Limited),UTILITA ENERGY LIMITED,GRIDIMP LTD,PERSE TECHNOLOGY LIMITED,SSE DIGITAL SERVICES LIMITED,AMP (via Urban Reserve (AssetCo) Limited),INFINIS LIMITED,EQUIWATT LIMITED,AFFECT ENERGY LTD,HILDEBRAND TECHNOLOGY LIMITED,GRIDBEYOND LIMITED,OCTOPUS ENERGY LIMITED,DRAX ENERGY SOLUTIONS LIMITED,OAKTREE POWER LIMITED,BRITISH GAS TRADING LIMITED,U ENERGY GROUP LIMITED"
19/11/2025,18:00,18:30,500,Live,0,All Providers,"ENGIE POWER LIMITED,AXLE ENERGY LIMITED,GALLAGHER AGGREGATES LIMITED,AMP (via Urban Reserve (AssetCo 2) Limited),UTILITA ENERGY LIMITED,GRIDIMP LTD,PERSE TECHNOLOGY LIMITED,SSE DIGITAL SERVICES LIMITED,AMP (via Urban Reserve (AssetCo) Limited),INFINIS LIMITED,EQUIWATT LIMITED,AFFECT ENERGY LTD,HILDEBRAND TECHNOLOGY LIMITED,GRIDBEYOND LIMITED,OCTOPUS ENERGY LIMITED,DRAX ENERGY SOLUTIONS LIMITED,OAKTREE POWER LIMITED,BRITISH GAS TRADING LIMITED,U ENERGY GROUP LIMITED"
19/11/2025,18:30,19:00,500,Live,0,All Providers,"ENGIE POWER LIMITED,AXLE ENERGY LIMITED,GALLAGHER AGGREGATES LIMITED,AMP (via Urban Reserve (AssetCo 2) Limited),UTILITA ENERGY LIMITED,GRIDIMP LTD,PERSE TECHNOLOGY LIMITED,SSE DIGITAL SERVICES LIMITED,AMP (via Urban Reserve (AssetCo) Limited),INFINIS LIMITED,EQUIWATT LIMITED,AFFECT ENERGY LTD,HILDEBRAND TECHNOLOGY LIMITED,GRIDBEYOND LIMITED,OCTOPUS ENERGY LIMITED,DRAX ENERGY SOLUTIONS LIMITED,OAKTREE POWER LIMITED,BRITISH GAS TRADING LIMITED,U ENERGY GROUP LIMITED"
19/11/2025,19:00,19:30,500,Live,0,All Providers,"ENGIE POWER LIMITED,AXLE ENERGY LIMITED,GALLAGHER AGGREGATES LIMITED,AMP (via Urban Reserve (AssetCo 2) Limited),UTILITA ENERGY LIMITED,GRIDIMP LTD,PERSE TECHNOLOGY LIMITED,SSE DIGITAL SERVICES LIMITED,AMP (via Urban Reserve (AssetCo) Limited),INFINIS LIMITED,EQUIWATT LIMITED,AFFECT ENERGY LTD,HILDEBRAND TECHNOLOGY LIMITED,GRIDBEYOND LIMITED,OCTOPUS ENERGY LIMITED,DRAX ENERGY SOLUTIONS LIMITED,OAKTREE POWER LIMITED,BRITISH GAS TRADING LIMITED,U ENERGY GROUP LIMITED"
19/11/2025,19:30,20:00,500,Live,0,All Providers,"ENGIE POWER LIMITED,AXLE ENERGY LIMITED,GALLAGHER AGGREGATES LIMITED,AMP (via Urban Reserve (AssetCo 2) Limited),UTILITA ENERGY LIMITED,GRIDIMP LTD,PERSE TECHNOLOGY LIMITED,SSE DIGITAL SERVICES LIMITED,AMP (via Urban Reserve (AssetCo) Limited),INFINIS LIMITED,EQUIWATT LIMITED,AFFECT ENERGY LTD,HILDEBRAND TECHNOLOGY LIMITED,GRIDBEYOND LIMITED,OCTOPUS ENERGY LIMITED,DRAX ENERGY SOLUTIONS LIMITED,OAKTREE POWER LIMITED,BRITISH GAS TRADING LIMITED,U ENERGY GROUP LIMITED"
18/11/2025,16:00,16:30,500,Live,0,All Providers,"ENGIE POWER LIMITED,AXLE ENERGY LIMITED,GALLAGHER AGGREGATES LIMITED,AMP (via Urban Reserve (AssetCo 2) Limited),UTILITA ENERGY LIMITED,GRIDIMP LTD,PERSE TECHNOLOGY LIMITED,SSE DIGITAL SERVICES LIMITED,AMP (via Urban Reserve (AssetCo) Limited),INFINIS LIMITED,EQUIWATT LIMITED,AFFECT ENERGY LTD,HILDEBRAND TECHNOLOGY LIMITED,GRIDBEYOND LIMITED,OCTOPUS ENERGY LIMITED,DRAX ENERGY SOLUTIONS LIMITED,OAKTREE POWER LIMITED,BRITISH GAS TRADING LIMITED,U ENERGY GROUP LIMITED"
18/11/2025,16:30,17:00,500,Live,0,All Providers,"ENGIE POWER LIMITED,AXLE ENERGY LIMITED,GALLAGHER AGGREGATES LIMITED,AMP (via Urban Reserve (AssetCo 2) Limited),UTILITA ENERGY LIMITED,GRIDIMP LTD,PERSE TECHNOLOGY LIMITED,SSE DIGITAL SERVICES LIMITED,AMP (via Urban Reserve (AssetCo) Limited),INFINIS LIMITED,EQUIWATT LIMITED,AFFECT ENERGY LTD,HILDEBRAND TECHNOLOGY LIMITED,GRIDBEYOND LIMITED,OCTOPUS ENERGY LIMITED,DRAX ENERGY SOLUTIONS LIMITED,OAKTREE POWER LIMITED,BRITISH GAS TRADING LIMITED,U ENERGY GROUP LIMITED"
18/11/2025,17:00,17:30,500,Live,0,All Providers,"ENGIE POWER LIMITED,AXLE ENERGY LIMITED,GALLAGHER AGGREGATES LIMITED,AMP (via Urban Reserve (AssetCo 2) Limited),UTILITA ENERGY LIMITED,GRIDIMP LTD,PERSE TECHNOLOGY LIMITED,SSE DIGITAL SERVICES LIMITED,AMP (via Urban Reserve (AssetCo) Limited),INFINIS LIMITED,EQUIWATT LIMITED,AFFECT ENERGY LTD,HILDEBRAND TECHNOLOGY LIMITED,GRIDBEYOND LIMITED,OCTOPUS ENERGY LIMITED,DRAX ENERGY SOLUTIONS LIMITED,OAKTREE POWER LIMITED,BRITISH GAS TRADING LIMITED,U ENERGY GROUP LIMITED"
18/11/2025,17:30,18:00,500,Live,0,All Providers,"ENGIE POWER LIMITED,AXLE ENERGY LIMITED,GALLAGHER AGGREGATES LIMITED,AMP (via Urban Reserve (AssetCo 2) Limited),UTILITA ENERGY LIMITED,GRIDIMP LTD,PERSE TECHNOLOGY LIMITED,SSE DIGITAL SERVICES LIMITED,AMP (via Urban Reserve (AssetCo) Limited),INFINIS LIMITED,EQUIWATT LIMITED,AFFECT ENERGY LTD,HILDEBRAND TECHNOLOGY LIMITED,GRIDBEYOND LIMITED,OCTOPUS ENERGY LIMITED,DRAX ENERGY SOLUTIONS LIMITED,OAKTREE POWER LIMITED,BRITISH GAS TRADING LIMITED,U ENERGY GROUP LIMITED"
18/11/2025,18:00,18:30,500,Live,0,All Providers,"ENGIE POWER LIMITED,AXLE ENERGY LIMITED,GALLAGHER AGGREGATES LIMITED,AMP (via Urban Reserve (AssetCo 2) Limited),UTILITA ENERGY LIMITED,GRIDIMP LTD,PERSE TECHNOLOGY LIMITED,SSE DIGITAL SERVICES LIMITED,AMP (via Urban Reserve (AssetCo) Limited),INFINIS LIMITED,EQUIWATT LIMITED,AFFECT ENERGY LTD,HILDEBRAND TECHNOLOGY LIMITED,GRIDBEYOND LIMITED,OCTOPUS ENERGY LIMITED,DRAX ENERGY SOLUTIONS LIMITED,OAKTREE POWER LIMITED,BRITISH GAS TRADING LIMITED,U ENERGY GROUP LIMITED"
18/11/2025,18:30,19:00,500,Live,0,All Providers,"ENGIE POWER LIMITED,AXLE ENERGY LIMITED,GALLAGHER AGGREGATES LIMITED,AMP (via Urban Reserve (AssetCo 2) Limited),UTILITA ENERGY LIMITED,GRIDIMP LTD,PERSE TECHNOLOGY LIMITED,SSE DIGITAL SERVICES LIMITED,AMP (via Urban Reserve (AssetCo) Limited),INFINIS LIMITED,EQUIWATT LIMITED,AFFECT ENERGY LTD,HILDEBRAND TECHNOLOGY LIMITED,GRIDBEYOND LIMITED,OCTOPUS ENERGY LIMITED,DRAX ENERGY SOLUTIONS LIMITED,OAKTREE POWER LIMITED,BRITISH GAS TRADING LIMITED,U ENERGY GROUP LIMITED"
18/11/2025,19:00,19:30,500,Live,0,All Providers,"ENGIE POWER LIMITED,AXLE ENERGY LIMITED,GALLAGHER AGGREGATES LIMITED,AMP (via Urban Reserve (AssetCo 2) Limited),UTILITA ENERGY LIMITED,GRIDIMP LTD,PERSE TECHNOLOGY LIMITED,SSE DIGITAL SERVICES LIMITED,AMP (via Urban Reserve (AssetCo) Limited),INFINIS LIMITED,EQUIWATT LIMITED,AFFECT ENERGY LTD,HILDEBRAND TECHNOLOGY LIMITED,GRIDBEYOND LIMITED,OCTOPUS ENERGY LIMITED,DRAX ENERGY SOLUTIONS LIMITED,OAKTREE POWER LIMITED,BRITISH GAS TRADING LIMITED,U ENERGY GROUP LIMITED"
18/11/2025,19:30,20:00,500,Live,0,All Providers,"ENGIE POWER LIMITED,AXLE ENERGY LIMITED,GALLAGHER AGGREGATES LIMITED,AMP (via Urban Reserve (AssetCo 2) Limited),UTILITA ENERGY LIMITED,GRIDIMP LTD,PERSE TECHNOLOGY LIMITED,SSE DIGITAL SERVICES LIMITED,AMP (via Urban Reserve (AssetCo) Limited),INFINIS LIMITED,EQUIWATT LIMITED,AFFECT ENERGY LTD,HILDEBRAND TECHNOLOGY LIMITED,GRIDBEYOND LIMITED,OCTOPUS ENERGY LIMITED,DRAX ENERGY SOLUTIONS LIMITED,OAKTREE POWER LIMITED,BRITISH GAS TRADING LIMITED,U ENERGY GROUP LIMITED"
06/11/2025,17:00,17:30,200,Live,0,All Providers,"ENGIE POWER LIMITED,AXLE ENERGY LIMITED,GALLAGHER AGGREGATES LIMITED,AMP (via Urban Reserve (AssetCo 2) Limited),UTILITA ENERGY LIMITED,GRIDIMP LTD,PERSE TECHNOLOGY LIMITED,SSE DIGITAL SERVICES LIMITED,AMP (via Urban Reserve (AssetCo) Limited),INFINIS LIMITED,EQUIWATT LIMITED,AFFECT ENERGY LTD,HILDEBRAND TECHNOLOGY LIMITED,GRIDBEYOND LIMITED,OCTOPUS ENERGY LIMITED,DRAX ENERGY SOLUTIONS LIMITED,OAKTREE POWER LIMITED,BRITISH GAS TRADING LIMITED"
06/11/2025,17:30,18:00,200,Live,0,All Providers,"ENGIE POWER LIMITED,AXLE ENERGY LIMITED,GALLAGHER AGGREGATES LIMITED,AMP (via Urban Reserve (AssetCo 2) Limited),UTILITA ENERGY LIMITED,GRIDIMP LTD,PERSE TECHNOLOGY LIMITED,SSE DIGITAL SERVICES LIMITED,AMP (via Urban Reserve (AssetCo) Limited),INFINIS LIMITED,EQUIWATT LIMITED,AFFECT ENERGY LTD,HILDEBRAND TECHNOLOGY LIMITED,GRIDBEYOND LIMITED,OCTOPUS ENERGY LIMITED,DRAX ENERGY SOLUTIONS LIMITED,OAKTREE POWER LIMITED,BRITISH GAS TRADING LIMITED"
29/10/2025,16:00,16:30,500,Live,0,All Providers,"ENGIE POWER LIMITED,AXLE ENERGY LIMITED,GALLAGHER AGGREGATES LIMITED,AMP (via Urban Reserve (AssetCo 2) Limited),UTILITA ENERGY LIMITED,GRIDIMP LTD,PERSE TECHNOLOGY LIMITED,SSE DIGITAL SERVICES LIMITED,AMP (via Urban Reserve (AssetCo) Limited),INFINIS LIMITED,EQUIWATT LIMITED,AFFECT ENERGY LTD,HILDEBRAND TECHNOLOGY LIMITED,GRIDBEYOND LIMITED,OCTOPUS ENERGY LIMITED,OAKTREE POWER LIMITED,BRITISH GAS TRADING LIMITED"
29/10/2025,16:30,17:00,500,Live,0,All Providers,"ENGIE POWER LIMITED,AXLE ENERGY LIMITED,GALLAGHER AGGREGATES LIMITED,AMP (via Urban Reserve (AssetCo 2) Limited),UTILITA ENERGY LIMITED,GRIDIMP LTD,PERSE TECHNOLOGY LIMITED,SSE DIGITAL SERVICES LIMITED,AMP (via Urban Reserve (AssetCo) Limited),INFINIS LIMITED,EQUIWATT LIMITED,AFFECT ENERGY LTD,HILDEBRAND TECHNOLOGY LIMITED,GRIDBEYOND LIMITED,OCTOPUS ENERGY LIMITED,OAKTREE POWER LIMITED,BRITISH GAS TRADING LIMITED"
29/10/2025,17:00,17:30,500,Live,0,All Providers,"ENGIE POWER LIMITED,AXLE ENERGY LIMITED,GALLAGHER AGGREGATES LIMITED,AMP (via Urban Reserve (AssetCo 2) Limited),UTILITA ENERGY LIMITED,GRIDIMP LTD,PERSE TECHNOLOGY LIMITED,SSE DIGITAL SERVICES LIMITED,AMP (via Urban Reserve (AssetCo) Limited),INFINIS LIMITED,EQUIWATT LIMITED,AFFECT ENERGY LTD,HILDEBRAND TECHNOLOGY LIMITED,GRIDBEYOND LIMITED,OCTOPUS ENERGY LIMITED,OAKTREE POWER LIMITED,BRITISH GAS TRADING LIMITED"
29/10/2025,17:30,18:00,500,Live,0,All Providers,"ENGIE POWER LIMITED,AXLE ENERGY LIMITED,GALLAGHER AGGREGATES LIMITED,AMP (via Urban Reserve (AssetCo 2) Limited),UTILITA ENERGY LIMITED,GRIDIMP LTD,PERSE TECHNOLOGY LIMITED,SSE DIGITAL SERVICES LIMITED,AMP (via Urban Reserve (AssetCo) Limited),INFINIS LIMITED,EQUIWATT LIMITED,AFFECT ENERGY LTD,HILDEBRAND TECHNOLOGY LIMITED,GRIDBEYOND LIMITED,OCTOPUS ENERGY LIMITED,OAKTREE POWER LIMITED,BRITISH GAS TRADING LIMITED"
29/10/2025,18:00,18:30,500,Live,0,All Providers,"ENGIE POWER LIMITED,AXLE ENERGY LIMITED,GALLAGHER AGGREGATES LIMITED,AMP (via Urban Reserve (AssetCo 2) Limited),UTILITA ENERGY LIMITED,GRIDIMP LTD,PERSE TECHNOLOGY LIMITED,SSE DIGITAL SERVICES LIMITED,AMP (via Urban Reserve (AssetCo) Limited),INFINIS LIMITED,EQUIWATT LIMITED,AFFECT ENERGY LTD,HILDEBRAND TECHNOLOGY LIMITED,GRIDBEYOND LIMITED,OCTOPUS ENERGY LIMITED,OAKTREE POWER LIMITED,BRITISH GAS TRADING LIMITED"
29/10/2025,18:30,19:00,500,Live,0,All Providers,"ENGIE POWER LIMITED,AXLE ENERGY LIMITED,GALLAGHER AGGREGATES LIMITED,AMP (via Urban Reserve (AssetCo 2) Limited),UTILITA ENERGY LIMITED,GRIDIMP LTD,PERSE TECHNOLOGY LIMITED,SSE DIGITAL SERVICES LIMITED,AMP (via Urban Reserve (AssetCo) Limited),INFINIS LIMITED,EQUIWATT LIMITED,AFFECT ENERGY LTD,HILDEBRAND TECHNOLOGY LIMITED,GRIDBEYOND LIMITED,OCTOPUS ENERGY LIMITED,OAKTREE POWER LIMITED,BRITISH GAS TRADING LIMITED"
27/10/2025,16:00,16:30,500,Live,0,All Providers,"ENGIE POWER LIMITED,AXLE ENERGY LIMITED,GALLAGHER AGGREGATES LIMITED,AMP (via Urban Reserve (AssetCo 2) Limited),UTILITA ENERGY LIMITED,GRIDIMP LTD,PERSE TECHNOLOGY LIMITED,SSE DIGITAL SERVICES LIMITED,AMP (via Urban Reserve (AssetCo) Limited),INFINIS LIMITED,EQUIWATT LIMITED,AFFECT ENERGY LTD,HILDEBRAND TECHNOLOGY LIMITED,GRIDBEYOND LIMITED,OCTOPUS ENERGY LIMITED,OAKTREE POWER LIMITED,BRITISH GAS TRADING LIMITED"
27/10/2025,16:30,17:00,500,Live,0,All Providers,"ENGIE POWER LIMITED,AXLE ENERGY LIMITED,GALLAGHER AGGREGATES LIMITED,AMP (via Urban Reserve (AssetCo 2) Limited),UTILITA ENERGY LIMITED,GRIDIMP LTD,PERSE TECHNOLOGY LIMITED,SSE DIGITAL SERVICES LIMITED,AMP (via Urban Reserve (AssetCo) Limited),INFINIS LIMITED,EQUIWATT LIMITED,AFFECT ENERGY LTD,HILDEBRAND TECHNOLOGY LIMITED,GRIDBEYOND LIMITED,OCTOPUS ENERGY LIMITED,OAKTREE POWER LIMITED,BRITISH GAS TRADING LIMITED"
27/10/2025,17:00,17:30,500,Live,0,All Providers,"ENGIE POWER LIMITED,AXLE ENERGY LIMITED,GALLAGHER AGGREGATES LIMITED,AMP (via Urban Reserve (AssetCo 2) Limited),UTILITA ENERGY LIMITED,GRIDIMP LTD,PERSE TECHNOLOGY LIMITED,SSE DIGITAL SERVICES LIMITED,AMP (via Urban Reserve (AssetCo) Limited),INFINIS LIMITED,EQUIWATT LIMITED,AFFECT ENERGY LTD,HILDEBRAND TECHNOLOGY LIMITED,GRIDBEYOND LIMITED,OCTOPUS ENERGY LIMITED,OAKTREE POWER LIMITED,BRITISH GAS TRADING LIMITED"
27/10/2025,17:30,18:00,500,Live,0,All Providers,"ENGIE POWER LIMITED,AXLE ENERGY LIMITED,GALLAGHER AGGREGATES LIMITED,AMP (via Urban Reserve (AssetCo 2) Limited),UTILITA ENERGY LIMITED,GRIDIMP LTD,PERSE TECHNOLOGY LIMITED,SSE DIGITAL SERVICES LIMITED,AMP (via Urban Reserve (AssetCo) Limited),INFINIS LIMITED,EQUIWATT LIMITED,AFFECT ENERGY LTD,HILDEBRAND TECHNOLOGY LIMITED,GRIDBEYOND LIMITED,OCTOPUS ENERGY LIMITED,OAKTREE POWER LIMITED,BRITISH GAS TRADING LIMITED"
27/10/2025,18:00,18:30,500,Live,0,All Providers,"ENGIE POWER LIMITED,AXLE ENERGY LIMITED,GALLAGHER AGGREGATES LIMITED,AMP (via Urban Reserve (AssetCo 2) Limited),UTILITA ENERGY LIMITED,GRIDIMP LTD,PERSE TECHNOLOGY LIMITED,SSE DIGITAL SERVICES LIMITED,AMP (via Urban Reserve (AssetCo) Limited),INFINIS LIMITED,EQUIWATT LIMITED,AFFECT ENERGY LTD,HILDEBRAND TECHNOLOGY LIMITED,GRIDBEYOND LIMITED,OCTOPUS ENERGY LIMITED,OAKTREE POWER LIMITED,BRITISH GAS TRADING LIMITED"
27/10/2025,18:30,19:00,500,Live,0,All Providers,"ENGIE POWER LIMITED,AXLE ENERGY LIMITED,GALLAGHER AGGREGATES LIMITED,AMP (via Urban Reserve (AssetCo 2) Limited),UTILITA ENERGY LIMITED,GRIDIMP LTD,PERSE TECHNOLOGY LIMITED,SSE DIGITAL SERVICES LIMITED,AMP (via Urban Reserve (AssetCo) Limited),INFINIS LIMITED,EQUIWATT LIMITED,AFFECT ENERGY LTD,HILDEBRAND TECHNOLOGY LIMITED,GRIDBEYOND LIMITED,OCTOPUS ENERGY LIMITED,OAKTREE POWER LIMITED,BRITISH GAS TRADING LIMITED"
22/10/2025,16:00,16:30,500,Live,0,All Providers,"ENGIE POWER LIMITED,AXLE ENERGY LIMITED,GALLAGHER AGGREGATES LIMITED,AMP (via Urban Reserve (AssetCo 2) Limited),UTILITA ENERGY LIMITED,GRIDIMP LTD,PERSE TECHNOLOGY LIMITED,SSE DIGITAL SERVICES LIMITED,AMP (via Urban Reserve (AssetCo) Limited),INFINIS LIMITED,EQUIWATT LIMITED,AFFECT ENERGY LTD,HILDEBRAND TECHNOLOGY LIMITED,GRIDBEYOND LIMITED,OCTOPUS ENERGY LIMITED,OAKTREE POWER LIMITED,BRITISH GAS TRADING LIMITED"
22/10/2025,16:30,17:00,500,Live,0,All Providers,"ENGIE POWER LIMITED,AXLE ENERGY LIMITED,GALLAGHER AGGREGATES LIMITED,AMP (via Urban Reserve (AssetCo 2) Limited),UTILITA ENERGY LIMITED,GRIDIMP LTD,PERSE TECHNOLOGY LIMITED,SSE DIGITAL SERVICES LIMITED,AMP (via Urban Reserve (AssetCo) Limited),INFINIS LIMITED,EQUIWATT LIMITED,AFFECT ENERGY LTD,HILDEBRAND TECHNOLOGY LIMITED,GRIDBEYOND LIMITED,OCTOPUS ENERGY LIMITED,OAKTREE POWER LIMITED,BRITISH GAS TRADING LIMITED"
22/10/2025,17:00,17:30,500,Live,0,All Providers,"ENGIE POWER LIMITED,AXLE ENERGY LIMITED,GALLAGHER AGGREGATES LIMITED,AMP (via Urban Reserve (AssetCo 2) Limited),UTILITA ENERGY LIMITED,GRIDIMP LTD,PERSE TECHNOLOGY LIMITED,SSE DIGITAL SERVICES LIMITED,AMP (via Urban Reserve (AssetCo) Limited),INFINIS LIMITED,EQUIWATT LIMITED,AFFECT ENERGY LTD,HILDEBRAND TECHNOLOGY LIMITED,GRIDBEYOND LIMITED,OCTOPUS ENERGY LIMITED,OAKTREE POWER LIMITED,BRITISH GAS TRADING LIMITED"
22/10/2025,17:30,18:00,500,Live,0,All Providers,"ENGIE POWER LIMITED,AXLE ENERGY LIMITED,GALLAGHER AGGREGATES LIMITED,AMP (via Urban Reserve (AssetCo 2) Limited),UTILITA ENERGY LIMITED,GRIDIMP LTD,PERSE TECHNOLOGY LIMITED,SSE DIGITAL SERVICES LIMITED,AMP (via Urban Reserve (AssetCo) Limited),INFINIS LIMITED,EQUIWATT LIMITED,AFFECT ENERGY LTD,HILDEBRAND TECHNOLOGY LIMITED,GRIDBEYOND LIMITED,OCTOPUS ENERGY LIMITED,OAKTREE POWER LIMITED,BRITISH GAS TRADING LIMITED"
22/10/2025,18:00,18:30,500,Live,0,All Providers,"ENGIE POWER LIMITED,AXLE ENERGY LIMITED,GALLAGHER AGGREGATES LIMITED,AMP (via Urban Reserve (AssetCo 2) Limited),UTILITA ENERGY LIMITED,GRIDIMP LTD,PERSE TECHNOLOGY LIMITED,SSE DIGITAL SERVICES LIMITED,AMP (via Urban Reserve (AssetCo) Limited),INFINIS LIMITED,EQUIWATT LIMITED,AFFECT ENERGY LTD,HILDEBRAND TECHNOLOGY LIMITED,GRIDBEYOND LIMITED,OCTOPUS ENERGY LIMITED,OAKTREE POWER LIMITED,BRITISH GAS TRADING LIMITED"
22/10/2025,18:30,19:00,500,Live,0,All Providers,"ENGIE POWER LIMITED,AXLE ENERGY LIMITED,GALLAGHER AGGREGATES LIMITED,AMP (via Urban Reserve (AssetCo 2) Limited),UTILITA ENERGY LIMITED,GRIDIMP LTD,PERSE TECHNOLOGY LIMITED,SSE DIGITAL SERVICES LIMITED,AMP (via Urban Reserve (AssetCo) Limited),INFINIS LIMITED,EQUIWATT LIMITED,AFFECT ENERGY LTD,HILDEBRAND TECHNOLOGY LIMITED,GRIDBEYOND LIMITED,OCTOPUS ENERGY LIMITED,OAKTREE POWER LIMITED,BRITISH GAS TRADING LIMITED"
22/10/2025,19:00,19:30,500,Live,0,All Providers,"ENGIE POWER LIMITED,AXLE ENERGY LIMITED,GALLAGHER AGGREGATES LIMITED,AMP (via Urban Reserve (AssetCo 2) Limited),UTILITA ENERGY LIMITED,GRIDIMP LTD,PERSE TECHNOLOGY LIMITED,SSE DIGITAL SERVICES LIMITED,AMP (via Urban Reserve (AssetCo) Limited),INFINIS LIMITED,EQUIWATT LIMITED,AFFECT ENERGY LTD,HILDEBRAND TECHNOLOGY LIMITED,GRIDBEYOND LIMITED,OCTOPUS ENERGY LIMITED,OAKTREE POWER LIMITED,BRITISH GAS TRADING LIMITED"
22/10/2025,19:30,20:00,500,Live,0,All Providers,"ENGIE POWER LIMITED,AXLE ENERGY LIMITED,GALLAGHER AGGREGATES LIMITED,AMP (via Urban Reserve (AssetCo 2) Limited),UTILITA ENERGY LIMITED,GRIDIMP LTD,PERSE TECHNOLOGY LIMITED,SSE DIGITAL SERVICES LIMITED,AMP (via Urban Reserve (AssetCo) Limited),INFINIS LIMITED,EQUIWATT LIMITED,AFFECT ENERGY LTD,HILDEBRAND TECHNOLOGY LIMITED,GRIDBEYOND LIMITED,OCTOPUS ENERGY LIMITED,OAKTREE POWER LIMITED,BRITISH GAS TRADING LIMITED"
22/10/2025,20:00,20:30,500,Live,0,All Providers,"ENGIE POWER LIMITED,AXLE ENERGY LIMITED,GALLAGHER AGGREGATES LIMITED,AMP (via Urban Reserve (AssetCo 2) Limited),UTILITA ENERGY LIMITED,GRIDIMP LTD,PERSE TECHNOLOGY LIMITED,SSE DIGITAL SERVICES LIMITED,AMP (via Urban Reserve (AssetCo) Limited),INFINIS LIMITED,EQUIWATT LIMITED,AFFECT ENERGY LTD,HILDEBRAND TECHNOLOGY LIMITED,GRIDBEYOND LIMITED,OCTOPUS ENERGY LIMITED,OAKTREE POWER LIMITED,BRITISH GAS TRADING LIMITED"
22/10/2025,20:30,21:00,500,Live,0,All Providers,"ENGIE POWER LIMITED,AXLE ENERGY LIMITED,GALLAGHER AGGREGATES LIMITED,AMP (via Urban Reserve (AssetCo 2) Limited),UTILITA ENERGY LIMITED,GRIDIMP LTD,PERSE TECHNOLOGY LIMITED,SSE DIGITAL SERVICES LIMITED,AMP (via Urban Reserve (AssetCo) Limited),INFINIS LIMITED,EQUIWATT LIMITED,AFFECT ENERGY LTD,HILDEBRAND TECHNOLOGY LIMITED,GRIDBEYOND LIMITED,OCTOPUS ENERGY LIMITED,OAKTREE POWER LIMITED,BRITISH GAS TRADING LIMITED"
22/10/2025,21:00,21:30,500,Live,0,All Providers,"ENGIE POWER LIMITED,AXLE ENERGY LIMITED,GALLAGHER AGGREGATES LIMITED,AMP (via Urban Reserve (AssetCo 2) Limited),UTILITA ENERGY LIMITED,GRIDIMP LTD,PERSE TECHNOLOGY LIMITED,SSE DIGITAL SERVICES LIMITED,AMP (via Urban Reserve (AssetCo) Limited),INFINIS LIMITED,EQUIWATT LIMITED,AFFECT ENERGY LTD,HILDEBRAND TECHNOLOGY LIMITED,GRIDBEYOND LIMITED,OCTOPUS ENERGY LIMITED,OAKTREE POWER LIMITED,BRITISH GAS TRADING LIMITED"
22/10/2025,21:30,22:00,500,Live,0,All Providers,"ENGIE POWER LIMITED,AXLE ENERGY LIMITED,GALLAGHER AGGREGATES LIMITED,AMP (via Urban Reserve (AssetCo 2) Limited),UTILITA ENERGY LIMITED,GRIDIMP LTD,PERSE TECHNOLOGY LIMITED,SSE DIGITAL SERVICES LIMITED,AMP (via Urban Reserve (AssetCo) Limited),INFINIS LIMITED,EQUIWATT LIMITED,AFFECT ENERGY LTD,HILDEBRAND TECHNOLOGY LIMITED,GRIDBEYOND LIMITED,OCTOPUS ENERGY LIMITED,OAKTREE POWER LIMITED,BRITISH GAS TRADING LIMITED"
18/10/2025,18:00,18:30,500,Live,0,All Providers,"ENGIE POWER LIMITED,AXLE ENERGY LIMITED,GALLAGHER AGGREGATES LIMITED,AMP (via Urban Reserve (AssetCo 2) Limited),UTILITA ENERGY LIMITED,GRIDIMP LTD,PERSE TECHNOLOGY LIMITED,SSE DIGITAL SERVICES LIMITED,AMP (via Urban Reserve (AssetCo) Limited),INFINIS LIMITED,EQUIWATT LIMITED,AFFECT ENERGY LTD,HILDEBRAND TECHNOLOGY LIMITED,GRIDBEYOND LIMITED,OCTOPUS ENERGY LIMITED,OAKTREE POWER LIMITED,BRITISH GAS TRADING LIMITED"
18/10/2025,18:30,19:00,500,Live,0,All Providers,"ENGIE POWER LIMITED,AXLE ENERGY LIMITED,GALLAGHER AGGREGATES LIMITED,AMP (via Urban Reserve (AssetCo 2) Limited),UTILITA ENERGY LIMITED,GRIDIMP LTD,PERSE TECHNOLOGY LIMITED,SSE DIGITAL SERVICES LIMITED,AMP (via Urban Reserve (AssetCo) Limited),INFINIS LIMITED,EQUIWATT LIMITED,AFFECT ENERGY LTD,HILDEBRAND TECHNOLOGY LIMITED,GRIDBEYOND LIMITED,OCTOPUS ENERGY LIMITED,OAKTREE POWER LIMITED,BRITISH GAS TRADING LIMITED"
15/10/2025,17:00,17:30,500,Live,0,All Providers,"ENGIE POWER LIMITED,AXLE ENERGY LIMITED,GALLAGHER AGGREGATES LIMITED,AMP (via Urban Reserve (AssetCo 2) Limited),UTILITA ENERGY LIMITED,GRIDIMP LTD,PERSE TECHNOLOGY LIMITED,SSE DIGITAL SERVICES LIMITED,AMP (via Urban Reserve (AssetCo) Limited),INFINIS LIMITED,EQUIWATT LIMITED,AFFECT ENERGY LTD,HILDEBRAND TECHNOLOGY LIMITED,GRIDBEYOND LIMITED,OCTOPUS ENERGY LIMITED,OAKTREE POWER LIMITED,BRITISH GAS TRADING LIMITED"
15/10/2025,17:30,18:00,500,Live,0,All Providers,"ENGIE POWER LIMITED,AXLE ENERGY LIMITED,GALLAGHER AGGREGATES LIMITED,AMP (via Urban Reserve (AssetCo 2) Limited),UTILITA ENERGY LIMITED,GRIDIMP LTD,PERSE TECHNOLOGY LIMITED,SSE DIGITAL SERVICES LIMITED,AMP (via Urban Reserve (AssetCo) Limited),INFINIS LIMITED,EQUIWATT LIMITED,AFFECT ENERGY LTD,HILDEBRAND TECHNOLOGY LIMITED,GRIDBEYOND LIMITED,OCTOPUS ENERGY LIMITED,OAKTREE POWER LIMITED,BRITISH GAS TRADING LIMITED"
15/10/2025,18:00,18:30,500,Live,0,All Providers,"ENGIE POWER LIMITED,AXLE ENERGY LIMITED,GALLAGHER AGGREGATES LIMITED,AMP (via Urban Reserve (AssetCo 2) Limited),UTILITA ENERGY LIMITED,GRIDIMP LTD,PERSE TECHNOLOGY LIMITED,SSE DIGITAL SERVICES LIMITED,AMP (via Urban Reserve (AssetCo) Limited),INFINIS LIMITED,EQUIWATT LIMITED,AFFECT ENERGY LTD,HILDEBRAND TECHNOLOGY LIMITED,GRIDBEYOND LIMITED,OCTOPUS ENERGY LIMITED,OAKTREE POWER LIMITED,BRITISH GAS TRADING LIMITED"
15/10/2025,18:30,19:00,500,Live,0,All Providers,"ENGIE POWER LIMITED,AXLE ENERGY LIMITED,GALLAGHER AGGREGATES LIMITED,AMP (via Urban Reserve (AssetCo 2) Limited),UTILITA ENERGY LIMITED,GRIDIMP LTD,PERSE TECHNOLOGY LIMITED,SSE DIGITAL SERVICES LIMITED,AMP (via Urban Reserve (AssetCo) Limited),INFINIS LIMITED,EQUIWATT LIMITED,AFFECT ENERGY LTD,HILDEBRAND TECHNOLOGY LIMITED,GRIDBEYOND LIMITED,OCTOPUS ENERGY LIMITED,OAKTREE POWER LIMITED,BRITISH GAS TRADING LIMITED"
14/10/2025,17:00,17:30,500,Live,0,All Providers,"ENGIE POWER LIMITED,AXLE ENERGY LIMITED,GALLAGHER AGGREGATES LIMITED,AMP (via Urban Reserve (AssetCo 2) Limited),UTILITA ENERGY LIMITED,GRIDIMP LTD,PERSE TECHNOLOGY LIMITED,SSE DIGITAL SERVICES LIMITED,AMP (via Urban Reserve (AssetCo) Limited),INFINIS LIMITED,EQUIWATT LIMITED,AFFECT ENERGY LTD,HILDEBRAND TECHNOLOGY LIMITED,GRIDBEYOND LIMITED,OCTOPUS ENERGY LIMITED,OAKTREE POWER LIMITED,BRITISH GAS TRADING LIMITED"
14/10/2025,17:30,18:00,500,Live,0,All Providers,"ENGIE POWER LIMITED,AXLE ENERGY LIMITED,GALLAGHER AGGREGATES LIMITED,AMP (via Urban Reserve (AssetCo 2) Limited),UTILITA ENERGY LIMITED,GRIDIMP LTD,PERSE TECHNOLOGY LIMITED,SSE DIGITAL SERVICES LIMITED,AMP (via Urban Reserve (AssetCo) Limited),INFINIS LIMITED,EQUIWATT LIMITED,AFFECT ENERGY LTD,HILDEBRAND TECHNOLOGY LIMITED,GRIDBEYOND LIMITED,OCTOPUS ENERGY LIMITED,OAKTREE POWER LIMITED,BRITISH GAS TRADING LIMITED"
14/10/2025,18:00,18:30,500,Live,0,All Providers,"ENGIE POWER LIMITED,AXLE ENERGY LIMITED,GALLAGHER AGGREGATES LIMITED,AMP (via Urban Reserve (AssetCo 2) Limited),UTILITA ENERGY LIMITED,GRIDIMP LTD,PERSE TECHNOLOGY LIMITED,SSE DIGITAL SERVICES LIMITED,AMP (via Urban Reserve (AssetCo) Limited),INFINIS LIMITED,EQUIWATT LIMITED,AFFECT ENERGY LTD,HILDEBRAND TECHNOLOGY LIMITED,GRIDBEYOND LIMITED,OCTOPUS ENERGY LIMITED,OAKTREE POWER LIMITED,BRITISH GAS TRADING LIMITED"
14/10/2025,18:30,19:00,500,Live,0,All Providers,"ENGIE POWER LIMITED,AXLE ENERGY LIMITED,GALLAGHER AGGREGATES LIMITED,AMP (via Urban Reserve (AssetCo 2) Limited),UTILITA ENERGY LIMITED,GRIDIMP LTD,PERSE TECHNOLOGY LIMITED,SSE DIGITAL SERVICES LIMITED,AMP (via Urban Reserve (AssetCo) Limited),INFINIS LIMITED,EQUIWATT LIMITED,AFFECT ENERGY LTD,HILDEBRAND TECHNOLOGY LIMITED,GRIDBEYOND LIMITED,OCTOPUS ENERGY LIMITED,OAKTREE POWER LIMITED,BRITISH GAS TRADING LIMITED"
14/10/2025,19:00,19:30,500,Live,0,All Providers,"ENGIE POWER LIMITED,AXLE ENERGY LIMITED,GALLAGHER AGGREGATES LIMITED,AMP (via Urban Reserve (AssetCo 2) Limited),UTILITA ENERGY LIMITED,GRIDIMP LTD,PERSE TECHNOLOGY LIMITED,SSE DIGITAL SERVICES LIMITED,AMP (via Urban Reserve (AssetCo) Limited),INFINIS LIMITED,EQUIWATT LIMITED,AFFECT ENERGY LTD,HILDEBRAND TECHNOLOGY LIMITED,GRIDBEYOND LIMITED,OCTOPUS ENERGY LIMITED,OAKTREE POWER LIMITED,BRITISH GAS TRADING LIMITED"
14/10/2025,19:30,20:00,500,Live,0,All Providers,"ENGIE POWER LIMITED,AXLE ENERGY LIMITED,GALLAGHER AGGREGATES LIMITED,AMP (via Urban Reserve (AssetCo 2) Limited),UTILITA ENERGY LIMITED,GRIDIMP LTD,PERSE TECHNOLOGY LIMITED,SSE DIGITAL SERVICES LIMITED,AMP (via Urban Reserve (AssetCo) Limited),INFINIS LIMITED,EQUIWATT LIMITED,AFFECT ENERGY LTD,HILDEBRAND TECHNOLOGY LIMITED,GRIDBEYOND LIMITED,OCTOPUS ENERGY LIMITED,OAKTREE POWER LIMITED,BRITISH GAS TRADING LIMITED"
13/10/2025,16:00,16:30,500,Live,0,All Providers,"ENGIE POWER LIMITED,AXLE ENERGY LIMITED,GALLAGHER AGGREGATES LIMITED,AMP (via Urban Reserve (AssetCo 2) Limited),UTILITA ENERGY LIMITED,GRIDIMP LTD,PERSE TECHNOLOGY LIMITED,SSE DIGITAL SERVICES LIMITED,AMP (via Urban Reserve (AssetCo) Limited),INFINIS LIMITED,EQUIWATT LIMITED,AFFECT ENERGY LTD,HILDEBRAND TECHNOLOGY LIMITED,GRIDBEYOND LIMITED,OCTOPUS ENERGY LIMITED,OAKTREE POWER LIMITED,BRITISH GAS TRADING LIMITED"
13/10/2025,16:30,17:00,500,Live,0,All Providers,"ENGIE POWER LIMITED,AXLE ENERGY LIMITED,GALLAGHER AGGREGATES LIMITED,AMP (via Urban Reserve (AssetCo 2) Limited),UTILITA ENERGY LIMITED,GRIDIMP LTD,PERSE TECHNOLOGY LIMITED,SSE DIGITAL SERVICES LIMITED,AMP (via Urban Reserve (AssetCo) Limited),INFINIS LIMITED,EQUIWATT LIMITED,AFFECT ENERGY LTD,HILDEBRAND TECHNOLOGY LIMITED,GRIDBEYOND LIMITED,OCTOPUS ENERGY LIMITED,OAKTREE POWER LIMITED,BRITISH GAS TRADING LIMITED"
13/10/2025,17:00,17:30,500,Live,0,All Providers,"ENGIE POWER LIMITED,AXLE ENERGY LIMITED,GALLAGHER AGGREGATES LIMITED,AMP (via Urban Reserve (AssetCo 2) Limited),UTILITA ENERGY LIMITED,GRIDIMP LTD,PERSE TECHNOLOGY LIMITED,SSE DIGITAL SERVICES LIMITED,AMP (via Urban Reserve (AssetCo) Limited),INFINIS LIMITED,EQUIWATT LIMITED,AFFECT ENERGY LTD,HILDEBRAND TECHNOLOGY LIMITED,GRIDBEYOND LIMITED,OCTOPUS ENERGY LIMITED,OAKTREE POWER LIMITED,BRITISH GAS TRADING LIMITED"
13/10/2025,17:30,18:00,500,Live,0,All Providers,"ENGIE POWER LIMITED,AXLE ENERGY LIMITED,GALLAGHER AGGREGATES LIMITED,AMP (via Urban Reserve (AssetCo 2) Limited),UTILITA ENERGY LIMITED,GRIDIMP LTD,PERSE TECHNOLOGY LIMITED,SSE DIGITAL SERVICES LIMITED,AMP (via Urban Reserve (AssetCo) Limited),INFINIS LIMITED,EQUIWATT LIMITED,AFFECT ENERGY LTD,HILDEBRAND TECHNOLOGY LIMITED,GRIDBEYOND LIMITED,OCTOPUS ENERGY LIMITED,OAKTREE POWER LIMITED,BRITISH GAS TRADING LIMITED"
13/10/2025,18:00,18:30,500,Live,0,All Providers,"ENGIE POWER LIMITED,AXLE ENERGY LIMITED,GALLAGHER AGGREGATES LIMITED,AMP (via Urban Reserve (AssetCo 2) Limited),UTILITA ENERGY LIMITED,GRIDIMP LTD,PERSE TECHNOLOGY LIMITED,SSE DIGITAL SERVICES LIMITED,AMP (via Urban Reserve (AssetCo) Limited),INFINIS LIMITED,EQUIWATT LIMITED,AFFECT ENERGY LTD,HILDEBRAND TECHNOLOGY LIMITED,GRIDBEYOND LIMITED,OCTOPUS ENERGY LIMITED,OAKTREE POWER LIMITED,BRITISH GAS TRADING LIMITED"
13/10/2025,18:30,19:00,500,Live,0,All Providers,"ENGIE POWER LIMITED,AXLE ENERGY LIMITED,GALLAGHER AGGREGATES LIMITED,AMP (via Urban Reserve (AssetCo 2) Limited),UTILITA ENERGY LIMITED,GRIDIMP LTD,PERSE TECHNOLOGY LIMITED,SSE DIGITAL SERVICES LIMITED,AMP (via Urban Reserve (AssetCo) Limited),INFINIS LIMITED,EQUIWATT LIMITED,AFFECT ENERGY LTD,HILDEBRAND TECHNOLOGY LIMITED,GRIDBEYOND LIMITED,OCTOPUS ENERGY LIMITED,OAKTREE POWER LIMITED,BRITISH GAS TRADING LIMITED"
13/10/2025,19:00,19:30,500,Live,0,All Providers,"ENGIE POWER LIMITED,AXLE ENERGY LIMITED,GALLAGHER AGGREGATES LIMITED,AMP (via Urban Reserve (AssetCo 2) Limited),UTILITA ENERGY LIMITED,GRIDIMP LTD,PERSE TECHNOLOGY LIMITED,SSE DIGITAL SERVICES LIMITED,AMP (via Urban Reserve (AssetCo) Limited),INFINIS LIMITED,EQUIWATT LIMITED,AFFECT ENERGY LTD,HILDEBRAND TECHNOLOGY LIMITED,GRIDBEYOND LIMITED,OCTOPUS ENERGY LIMITED,OAKTREE POWER LIMITED,BRITISH GAS TRADING LIMITED"
13/10/2025,19:30,20:00,500,Live,0,All Providers,"ENGIE POWER LIMITED,AXLE ENERGY LIMITED,GALLAGHER AGGREGATES LIMITED,AMP (via Urban Reserve (AssetCo 2) Limited),UTILITA ENERGY LIMITED,GRIDIMP LTD,PERSE TECHNOLOGY LIMITED,SSE DIGITAL SERVICES LIMITED,AMP (via Urban Reserve (AssetCo) Limited),INFINIS LIMITED,EQUIWATT LIMITED,AFFECT ENERGY LTD,HILDEBRAND TECHNOLOGY LIMITED,GRIDBEYOND LIMITED,OCTOPUS ENERGY LIMITED,OAKTREE POWER LIMITED,BRITISH GAS TRADING LIMITED"
08/10/2025,17:00,17:30,500,Live,0,All Providers,"ENGIE POWER LIMITED,AXLE ENERGY LIMITED,GALLAGHER AGGREGATES LIMITED,AMP (via Urban Reserve (AssetCo 2) Limited),UTILITA ENERGY LIMITED,GRIDIMP LTD,PERSE TECHNOLOGY LIMITED,SSE DIGITAL SERVICES LIMITED,AMP (via Urban Reserve (AssetCo) Limited),INFINIS LIMITED,EQUIWATT LIMITED,AFFECT ENERGY LTD,HILDEBRAND TECHNOLOGY LIMITED,GRIDBEYOND LIMITED,OCTOPUS ENERGY LIMITED,OAKTREE POWER LIMITED,BRITISH GAS TRADING LIMITED"
08/10/2025,17:30,18:00,500,Live,0,All Providers,"ENGIE POWER LIMITED,AXLE ENERGY LIMITED,GALLAGHER AGGREGATES LIMITED,AMP (via Urban Reserve (AssetCo 2) Limited),UTILITA ENERGY LIMITED,GRIDIMP LTD,PERSE TECHNOLOGY LIMITED,SSE DIGITAL SERVICES LIMITED,AMP (via Urban Reserve (AssetCo) Limited),INFINIS LIMITED,EQUIWATT LIMITED,AFFECT ENERGY LTD,HILDEBRAND TECHNOLOGY LIMITED,GRIDBEYOND LIMITED,OCTOPUS ENERGY LIMITED,OAKTREE POWER LIMITED,BRITISH GAS TRADING LIMITED"
08/10/2025,18:00,18:30,500,Live,0,All Providers,"ENGIE POWER LIMITED,AXLE ENERGY LIMITED,GALLAGHER AGGREGATES LIMITED,AMP (via Urban Reserve (AssetCo 2) Limited),UTILITA ENERGY LIMITED,GRIDIMP LTD,PERSE TECHNOLOGY LIMITED,SSE DIGITAL SERVICES LIMITED,AMP (via Urban Reserve (AssetCo) Limited),INFINIS LIMITED,EQUIWATT LIMITED,AFFECT ENERGY LTD,HILDEBRAND TECHNOLOGY LIMITED,GRIDBEYOND LIMITED,OCTOPUS ENERGY LIMITED,OAKTREE POWER LIMITED,BRITISH GAS TRADING LIMITED"
08/10/2025,18:30,19:00,500,Live,0,All Providers,"ENGIE POWER LIMITED,AXLE ENERGY LIMITED,GALLAGHER AGGREGATES LIMITED,AMP (via Urban Reserve (AssetCo 2) Limited),UTILITA ENERGY LIMITED,GRIDIMP LTD,PERSE TECHNOLOGY LIMITED,SSE DIGITAL SERVICES LIMITED,AMP (via Urban Reserve (AssetCo) Limited),INFINIS LIMITED,EQUIWATT LIMITED,AFFECT ENERGY LTD,HILDEBRAND TECHNOLOGY LIMITED,GRIDBEYOND LIMITED,OCTOPUS ENERGY LIMITED,OAKTREE POWER LIMITED,BRITISH GAS TRADING LIMITED"
08/10/2025,19:00,19:30,500,Live,0,All Providers,"ENGIE POWER LIMITED,AXLE ENERGY LIMITED,GALLAGHER AGGREGATES LIMITED,AMP (via Urban Reserve (AssetCo 2) Limited),UTILITA ENERGY LIMITED,GRIDIMP LTD,PERSE TECHNOLOGY LIMITED,SSE DIGITAL SERVICES LIMITED,AMP (via Urban Reserve (AssetCo) Limited),INFINIS LIMITED,EQUIWATT LIMITED,AFFECT ENERGY LTD,HILDEBRAND TECHNOLOGY LIMITED,GRIDBEYOND LIMITED,OCTOPUS ENERGY LIMITED,OAKTREE POWER LIMITED,BRITISH GAS TRADING LIMITED"
08/10/2025,19:30,20:00,500,Live,0,All Providers,"ENGIE POWER LIMITED,AXLE ENERGY LIMITED,GALLAGHER AGGREGATES LIMITED,AMP (via Urban Reserve (AssetCo 2) Limited),UTILITA ENERGY LIMITED,GRIDIMP LTD,PERSE TECHNOLOGY LIMITED,SSE DIGITAL SERVICES LIMITED,AMP (via Urban Reserve (AssetCo) Limited),INFINIS LIMITED,EQUIWATT LIMITED,AFFECT ENERGY LTD,HILDEBRAND TECHNOLOGY LIMITED,GRIDBEYOND LIMITED,OCTOPUS ENERGY LIMITED,OAKTREE POWER LIMITED,BRITISH GAS TRADING LIMITED"
07/10/2025,17:00,17:30,500,Live,0,All Providers,"ENGIE POWER LIMITED,AXLE ENERGY LIMITED,GALLAGHER AGGREGATES LIMITED,AMP (via Urban Reserve (AssetCo 2) Limited),UTILITA ENERGY LIMITED,GRIDIMP LTD,PERSE TECHNOLOGY LIMITED,SSE DIGITAL SERVICES LIMITED,AMP (via Urban Reserve (AssetCo) Limited),INFINIS LIMITED,EQUIWATT LIMITED,AFFECT ENERGY LTD,HILDEBRAND TECHNOLOGY LIMITED,GRIDBEYOND LIMITED,OCTOPUS ENERGY LIMITED,OAKTREE POWER LIMITED,BRITISH GAS TRADING LIMITED"
07/10/2025,17:30,18:00,500,Live,0,All Providers,"ENGIE POWER LIMITED,AXLE ENERGY LIMITED,GALLAGHER AGGREGATES LIMITED,AMP (via Urban Reserve (AssetCo 2) Limited),UTILITA ENERGY LIMITED,GRIDIMP LTD,PERSE TECHNOLOGY LIMITED,SSE DIGITAL SERVICES LIMITED,AMP (via Urban Reserve (AssetCo) Limited),INFINIS LIMITED,EQUIWATT LIMITED,AFFECT ENERGY LTD,HILDEBRAND TECHNOLOGY LIMITED,GRIDBEYOND LIMITED,OCTOPUS ENERGY LIMITED,OAKTREE POWER LIMITED,BRITISH GAS TRADING LIMITED"
07/10/2025,18:00,18:30,500,Live,0,All Providers,"ENGIE POWER LIMITED,AXLE ENERGY LIMITED,GALLAGHER AGGREGATES LIMITED,AMP (via Urban Reserve (AssetCo 2) Limited),UTILITA ENERGY LIMITED,GRIDIMP LTD,PERSE TECHNOLOGY LIMITED,SSE DIGITAL SERVICES LIMITED,AMP (via Urban Reserve (AssetCo) Limited),INFINIS LIMITED,EQUIWATT LIMITED,AFFECT ENERGY LTD,HILDEBRAND TECHNOLOGY LIMITED,GRIDBEYOND LIMITED,OCTOPUS ENERGY LIMITED,OAKTREE POWER LIMITED,BRITISH GAS TRADING LIMITED"
07/10/2025,18:30,19:00,500,Live,0,All Providers,"ENGIE POWER LIMITED,AXLE ENERGY LIMITED,GALLAGHER AGGREGATES LIMITED,AMP (via Urban Reserve (AssetCo 2) Limited),UTILITA ENERGY LIMITED,GRIDIMP LTD,PERSE TECHNOLOGY LIMITED,SSE DIGITAL SERVICES LIMITED,AMP (via Urban Reserve (AssetCo) Limited),INFINIS LIMITED,EQUIWATT LIMITED,AFFECT ENERGY LTD,HILDEBRAND TECHNOLOGY LIMITED,GRIDBEYOND LIMITED,OCTOPUS ENERGY LIMITED,OAKTREE POWER LIMITED,BRITISH GAS TRADING LIMITED"
07/10/2025,19:00,19:30,500,Live,0,All Providers,"ENGIE POWER LIMITED,AXLE ENERGY LIMITED,GALLAGHER AGGREGATES LIMITED,AMP (via Urban Reserve (AssetCo 2) Limited),UTILITA ENERGY LIMITED,GRIDIMP LTD,PERSE TECHNOLOGY LIMITED,SSE DIGITAL SERVICES LIMITED,AMP (via Urban Reserve (AssetCo) Limited),INFINIS LIMITED,EQUIWATT LIMITED,AFFECT ENERGY LTD,HILDEBRAND TECHNOLOGY LIMITED,GRIDBEYOND LIMITED,OCTOPUS ENERGY LIMITED,OAKTREE POWER LIMITED,BRITISH GAS TRADING LIMITED"
07/10/2025,19:30,20:00,500,Live,0,All Providers,"ENGIE POWER LIMITED,AXLE ENERGY LIMITED,GALLAGHER AGGREGATES LIMITED,AMP (via Urban Reserve (AssetCo 2) Limited),UTILITA ENERGY LIMITED,GRIDIMP LTD,PERSE TECHNOLOGY LIMITED,SSE DIGITAL SERVICES LIMITED,AMP (via Urban Reserve (AssetCo) Limited),INFINIS LIMITED,EQUIWATT LIMITED,AFFECT ENERGY LTD,HILDEBRAND TECHNOLOGY LIMITED,GRIDBEYOND LIMITED,OCTOPUS ENERGY LIMITED,OAKTREE POWER LIMITED,BRITISH GAS TRADING LIMITED"
02/10/2025,16:00,16:30,400,Live,0,All Providers,"ENGIE POWER LIMITED,AXLE ENERGY LIMITED,GALLAGHER AGGREGATES LIMITED,AMP (via Urban Reserve (AssetCo 2) Limited),UTILITA ENERGY LIMITED,GRIDIMP LTD,PERSE TECHNOLOGY LIMITED,SSE DIGITAL SERVICES LIMITED,AMP (via Urban Reserve (AssetCo) Limited),INFINIS LIMITED,EQUIWATT LIMITED,AFFECT ENERGY LTD,HILDEBRAND TECHNOLOGY LIMITED,GRIDBEYOND LIMITED,OCTOPUS ENERGY LIMITED,OAKTREE POWER LIMITED,BRITISH GAS TRADING LIMITED"
02/10/2025,16:30,17:00,400,Live,0,All Providers,"ENGIE POWER LIMITED,AXLE ENERGY LIMITED,GALLAGHER AGGREGATES LIMITED,AMP (via Urban Reserve (AssetCo 2) Limited),UTILITA ENERGY LIMITED,GRIDIMP LTD,PERSE TECHNOLOGY LIMITED,SSE DIGITAL SERVICES LIMITED,AMP (via Urban Reserve (AssetCo) Limited),INFINIS LIMITED,EQUIWATT LIMITED,AFFECT ENERGY LTD,HILDEBRAND TECHNOLOGY LIMITED,GRIDBEYOND LIMITED,OCTOPUS ENERGY LIMITED,OAKTREE POWER LIMITED,BRITISH GAS TRADING LIMITED"
02/10/2025,17:00,17:30,500,Live,0,All Providers,"ENGIE POWER LIMITED,AXLE ENERGY LIMITED,GALLAGHER AGGREGATES LIMITED,AMP (via Urban Reserve (AssetCo 2) Limited),UTILITA ENERGY LIMITED,GRIDIMP LTD,PERSE TECHNOLOGY LIMITED,SSE DIGITAL SERVICES LIMITED,AMP (via Urban Reserve (AssetCo) Limited),INFINIS LIMITED,EQUIWATT LIMITED,AFFECT ENERGY LTD,HILDEBRAND TECHNOLOGY LIMITED,GRIDBEYOND LIMITED,OCTOPUS ENERGY LIMITED,OAKTREE POWER LIMITED,BRITISH GAS TRADING LIMITED"
02/10/2025,17:30,18:00,500,Live,0,All Providers,"ENGIE POWER LIMITED,AXLE ENERGY LIMITED,GALLAGHER AGGREGATES LIMITED,AMP (via Urban Reserve (AssetCo 2) Limited),UTILITA ENERGY LIMITED,GRIDIMP LTD,PERSE TECHNOLOGY LIMITED,SSE DIGITAL SERVICES LIMITED,AMP (via Urban Reserve (AssetCo) Limited),INFINIS LIMITED,EQUIWATT LIMITED,AFFECT ENERGY LTD,HILDEBRAND TECHNOLOGY LIMITED,GRIDBEYOND LIMITED,OCTOPUS ENERGY LIMITED,OAKTREE POWER LIMITED,BRITISH GAS TRADING LIMITED"
02/10/2025,18:00,18:30,500,Live,0,All Providers,"ENGIE POWER LIMITED,AXLE ENERGY LIMITED,GALLAGHER AGGREGATES LIMITED,AMP (via Urban Reserve (AssetCo 2) Limited),UTILITA ENERGY LIMITED,GRIDIMP LTD,PERSE TECHNOLOGY LIMITED,SSE DIGITAL SERVICES LIMITED,AMP (via Urban Reserve (AssetCo) Limited),INFINIS LIMITED,EQUIWATT LIMITED,AFFECT ENERGY LTD,HILDEBRAND TECHNOLOGY LIMITED,GRIDBEYOND LIMITED,OCTOPUS ENERGY LIMITED,OAKTREE POWER LIMITED,BRITISH GAS TRADING LIMITED"
02/10/2025,18:30,19:00,500,Live,0,All Providers,"ENGIE POWER LIMITED,AXLE ENERGY LIMITED,GALLAGHER AGGREGATES LIMITED,AMP (via Urban Reserve (AssetCo 2) Limited),UTILITA ENERGY LIMITED,GRIDIMP LTD,PERSE TECHNOLOGY LIMITED,SSE DIGITAL SERVICES LIMITED,AMP (via Urban Reserve (AssetCo) Limited),INFINIS LIMITED,EQUIWATT LIMITED,AFFECT ENERGY LTD,HILDEBRAND TECHNOLOGY LIMITED,GRIDBEYOND LIMITED,OCTOPUS ENERGY LIMITED,OAKTREE POWER LIMITED,BRITISH GAS TRADING LIMITED"
02/10/2025,19:00,19:30,500,Live,0,All Providers,"ENGIE POWER LIMITED,AXLE ENERGY LIMITED,GALLAGHER AGGREGATES LIMITED,AMP (via Urban Reserve (AssetCo 2) Limited),UTILITA ENERGY LIMITED,GRIDIMP LTD,PERSE TECHNOLOGY LIMITED,SSE DIGITAL SERVICES LIMITED,AMP (via Urban Reserve (AssetCo) Limited),INFINIS LIMITED,EQUIWATT LIMITED,AFFECT ENERGY LTD,HILDEBRAND TECHNOLOGY LIMITED,GRIDBEYOND LIMITED,OCTOPUS ENERGY LIMITED,OAKTREE POWER LIMITED,BRITISH GAS TRADING LIMITED"
02/10/2025,19:30,20:00,500,Live,0,All Providers,"ENGIE POWER LIMITED,AXLE ENERGY LIMITED,GALLAGHER AGGREGATES LIMITED,AMP (via Urban Reserve (AssetCo 2) Limited),UTILITA ENERGY LIMITED,GRIDIMP LTD,PERSE TECHNOLOGY LIMITED,SSE DIGITAL SERVICES LIMITED,AMP (via Urban Reserve (AssetCo) Limited),INFINIS LIMITED,EQUIWATT LIMITED,AFFECT ENERGY LTD,HILDEBRAND TECHNOLOGY LIMITED,GRIDBEYOND LIMITED,OCTOPUS ENERGY LIMITED,OAKTREE POWER LIMITED,BRITISH GAS TRADING LIMITED"
01/10/2025,17:00,17:30,500,Live,0,All Providers,"ENGIE POWER LIMITED,AXLE ENERGY LIMITED,GALLAGHER AGGREGATES LIMITED,AMP (via Urban Reserve (AssetCo 2) Limited),UTILITA ENERGY LIMITED,GRIDIMP LTD,PERSE TECHNOLOGY LIMITED,SSE DIGITAL SERVICES LIMITED,AMP (via Urban Reserve (AssetCo) Limited),INFINIS LIMITED,EQUIWATT LIMITED,AFFECT ENERGY LTD,HILDEBRAND TECHNOLOGY LIMITED,GRIDBEYOND LIMITED,OCTOPUS ENERGY LIMITED,OAKTREE POWER LIMITED,BRITISH GAS TRADING LIMITED"
01/10/2025,17:30,18:00,500,Live,0,All Providers,"ENGIE POWER LIMITED,AXLE ENERGY LIMITED,GALLAGHER AGGREGATES LIMITED,AMP (via Urban Reserve (AssetCo 2) Limited),UTILITA ENERGY LIMITED,GRIDIMP LTD,PERSE TECHNOLOGY LIMITED,SSE DIGITAL SERVICES LIMITED,AMP (via Urban Reserve (AssetCo) Limited),INFINIS LIMITED,EQUIWATT LIMITED,AFFECT ENERGY LTD,HILDEBRAND TECHNOLOGY LIMITED,GRIDBEYOND LIMITED,OCTOPUS ENERGY LIMITED,OAKTREE POWER LIMITED,BRITISH GAS TRADING LIMITED"
01/10/2025,18:00,18:30,500,Live,0,All Providers,"ENGIE POWER LIMITED,AXLE ENERGY LIMITED,GALLAGHER AGGREGATES LIMITED,AMP (via Urban Reserve (AssetCo 2) Limited),UTILITA ENERGY LIMITED,GRIDIMP LTD,PERSE TECHNOLOGY LIMITED,SSE DIGITAL SERVICES LIMITED,AMP (via Urban Reserve (AssetCo) Limited),INFINIS LIMITED,EQUIWATT LIMITED,AFFECT ENERGY LTD,HILDEBRAND TECHNOLOGY LIMITED,GRIDBEYOND LIMITED,OCTOPUS ENERGY LIMITED,OAKTREE POWER LIMITED,BRITISH GAS TRADING LIMITED"
01/10/2025,18:30,19:00,500,Live,0,All Providers,"ENGIE POWER LIMITED,AXLE ENERGY LIMITED,GALLAGHER AGGREGATES LIMITED,AMP (via Urban Reserve (AssetCo 2) Limited),UTILITA ENERGY LIMITED,GRIDIMP LTD,PERSE TECHNOLOGY LIMITED,SSE DIGITAL SERVICES LIMITED,AMP (via Urban Reserve (AssetCo) Limited),INFINIS LIMITED,EQUIWATT LIMITED,AFFECT ENERGY LTD,HILDEBRAND TECHNOLOGY LIMITED,GRIDBEYOND LIMITED,OCTOPUS ENERGY LIMITED,OAKTREE POWER LIMITED,BRITISH GAS TRADING LIMITED"
01/10/2025,19:00,19:30,500,Live,0,All Providers,"ENGIE POWER LIMITED,AXLE ENERGY LIMITED,GALLAGHER AGGREGATES LIMITED,AMP (via Urban Reserve (AssetCo 2) Limited),UTILITA ENERGY LIMITED,GRIDIMP LTD,PERSE TECHNOLOGY LIMITED,SSE DIGITAL SERVICES LIMITED,AMP (via Urban Reserve (AssetCo) Limited),INFINIS LIMITED,EQUIWATT LIMITED,AFFECT ENERGY LTD,HILDEBRAND TECHNOLOGY LIMITED,GRIDBEYOND LIMITED,OCTOPUS ENERGY LIMITED,OAKTREE POWER LIMITED,BRITISH GAS TRADING LIMITED"
01/10/2025,19:30,20:00,500,Live,0,All Providers,"ENGIE POWER LIMITED,AXLE ENERGY LIMITED,GALLAGHER AGGREGATES LIMITED,AMP (via Urban Reserve (AssetCo 2) Limited),UTILITA ENERGY LIMITED,GRIDIMP LTD,PERSE TECHNOLOGY LIMITED,SSE DIGITAL SERVICES LIMITED,AMP (via Urban Reserve (AssetCo) Limited),INFINIS LIMITED,EQUIWATT LIMITED,AFFECT ENERGY LTD,HILDEBRAND TECHNOLOGY LIMITED,GRIDBEYOND LIMITED,OCTOPUS ENERGY LIMITED,OAKTREE POWER LIMITED,BRITISH GAS TRADING LIMITED"
01/10/2025,20:00,20:30,500,Live,0,All Providers,"ENGIE POWER LIMITED,AXLE ENERGY LIMITED,GALLAGHER AGGREGATES LIMITED,AMP (via Urban Reserve (AssetCo 2) Limited),UTILITA ENERGY LIMITED,GRIDIMP LTD,PERSE TECHNOLOGY LIMITED,SSE DIGITAL SERVICES LIMITED,AMP (via Urban Reserve (AssetCo) Limited),INFINIS LIMITED,EQUIWATT LIMITED,AFFECT ENERGY LTD,HILDEBRAND TECHNOLOGY LIMITED,GRIDBEYOND LIMITED,OCTOPUS ENERGY LIMITED,OAKTREE POWER LIMITED,BRITISH GAS TRADING LIMITED"
01/10/2025,20:30,21:00,500,Live,0,All Providers,"ENGIE POWER LIMITED,AXLE ENERGY LIMITED,GALLAGHER AGGREGATES LIMITED,AMP (via Urban Reserve (AssetCo 2) Limited),UTILITA ENERGY LIMITED,GRIDIMP LTD,PERSE TECHNOLOGY LIMITED,SSE DIGITAL SERVICES LIMITED,AMP (via Urban Reserve (AssetCo) Limited),INFINIS LIMITED,EQUIWATT LIMITED,AFFECT ENERGY LTD,HILDEBRAND TECHNOLOGY LIMITED,GRIDBEYOND LIMITED,OCTOPUS ENERGY LIMITED,OAKTREE POWER LIMITED,BRITISH GAS TRADING LIMITED"
30/09/2025,18:00,18:30,500,Live,0,All Providers,"ENGIE POWER LIMITED,AXLE ENERGY LIMITED,GALLAGHER AGGREGATES LIMITED,AMP (via Urban Reserve (AssetCo 2) Limited),UTILITA ENERGY LIMITED,GRIDIMP LTD,PERSE TECHNOLOGY LIMITED,SSE DIGITAL SERVICES LIMITED,AMP (via Urban Reserve (AssetCo) Limited),INFINIS LIMITED,EQUIWATT LIMITED,AFFECT ENERGY LTD,HILDEBRAND TECHNOLOGY LIMITED,GRIDBEYOND LIMITED,OCTOPUS ENERGY LIMITED,OAKTREE POWER LIMITED,BRITISH GAS TRADING LIMITED"
30/09/2025,18:30,19:00,500,Live,0,All Providers,"ENGIE POWER LIMITED,AXLE ENERGY LIMITED,GALLAGHER AGGREGATES LIMITED,AMP (via Urban Reserve (AssetCo 2) Limited),UTILITA ENERGY LIMITED,GRIDIMP LTD,PERSE TECHNOLOGY LIMITED,SSE DIGITAL SERVICES LIMITED,AMP (via Urban Reserve (AssetCo) Limited),INFINIS LIMITED,EQUIWATT LIMITED,AFFECT ENERGY LTD,HILDEBRAND TECHNOLOGY LIMITED,GRIDBEYOND LIMITED,OCTOPUS ENERGY LIMITED,OAKTREE POWER LIMITED,BRITISH GAS TRADING LIMITED"
29/09/2025,17:00,17:30,500,Live,0,All Providers,"ENGIE POWER LIMITED,AXLE ENERGY LIMITED,GALLAGHER AGGREGATES LIMITED,AMP (via Urban Reserve (AssetCo 2) Limited),UTILITA ENERGY LIMITED,GRIDIMP LTD,PERSE TECHNOLOGY LIMITED,SSE DIGITAL SERVICES LIMITED,AMP (via Urban Reserve (AssetCo) Limited),INFINIS LIMITED,EQUIWATT LIMITED,AFFECT ENERGY LTD,HILDEBRAND TECHNOLOGY LIMITED,GRIDBEYOND LIMITED,OCTOPUS ENERGY LIMITED,OAKTREE POWER LIMITED,BRITISH GAS TRADING LIMITED"
29/09/2025,17:30,18:00,500,Live,0,All Providers,"ENGIE POWER LIMITED,AXLE ENERGY LIMITED,GALLAGHER AGGREGATES LIMITED,AMP (via Urban Reserve (AssetCo 2) Limited),UTILITA ENERGY LIMITED,GRIDIMP LTD,PERSE TECHNOLOGY LIMITED,SSE DIGITAL SERVICES LIMITED,AMP (via Urban Reserve (AssetCo) Limited),INFINIS LIMITED,EQUIWATT LIMITED,AFFECT ENERGY LTD,HILDEBRAND TECHNOLOGY LIMITED,GRIDBEYOND LIMITED,OCTOPUS ENERGY LIMITED,OAKTREE POWER LIMITED,BRITISH GAS TRADING LIMITED"
29/09/2025,18:00,18:30,500,Live,0,All Providers,"ENGIE POWER LIMITED,AXLE ENERGY LIMITED,GALLAGHER AGGREGATES LIMITED,AMP (via Urban Reserve (AssetCo 2) Limited),UTILITA ENERGY LIMITED,GRIDIMP LTD,PERSE TECHNOLOGY LIMITED,SSE DIGITAL SERVICES LIMITED,AMP (via Urban Reserve (AssetCo) Limited),INFINIS LIMITED,EQUIWATT LIMITED,AFFECT ENERGY LTD,HILDEBRAND TECHNOLOGY LIMITED,GRIDBEYOND LIMITED,OCTOPUS ENERGY LIMITED,OAKTREE POWER LIMITED,BRITISH GAS TRADING LIMITED"
29/09/2025,18:30,19:00,500,Live,0,All Providers,"ENGIE POWER LIMITED,AXLE ENERGY LIMITED,GALLAGHER AGGREGATES LIMITED,AMP (via Urban Reserve (AssetCo 2) Limited),UTILITA ENERGY LIMITED,GRIDIMP LTD,PERSE TECHNOLOGY LIMITED,SSE DIGITAL SERVICES LIMITED,AMP (via Urban Reserve (AssetCo) Limited),INFINIS LIMITED,EQUIWATT LIMITED,AFFECT ENERGY LTD,HILDEBRAND TECHNOLOGY LIMITED,GRIDBEYOND LIMITED,OCTOPUS ENERGY LIMITED,OAKTREE POWER LIMITED,BRITISH GAS TRADING LIMITED"
29/09/2025,19:00,19:30,500,Live,0,All Providers,"ENGIE POWER LIMITED,AXLE ENERGY LIMITED,GALLAGHER AGGREGATES LIMITED,AMP (via Urban Reserve (AssetCo 2) Limited),UTILITA ENERGY LIMITED,GRIDIMP LTD,PERSE TECHNOLOGY LIMITED,SSE DIGITAL SERVICES LIMITED,AMP (via Urban Reserve (AssetCo) Limited),INFINIS LIMITED,EQUIWATT LIMITED,AFFECT ENERGY LTD,HILDEBRAND TECHNOLOGY LIMITED,GRIDBEYOND LIMITED,OCTOPUS ENERGY LIMITED,OAKTREE POWER LIMITED,BRITISH GAS TRADING LIMITED"
29/09/2025,19:30,20:00,500,Live,0,All Providers,"ENGIE POWER LIMITED,AXLE ENERGY LIMITED,GALLAGHER AGGREGATES LIMITED,AMP (via Urban Reserve (AssetCo 2) Limited),UTILITA ENERGY LIMITED,GRIDIMP LTD,PERSE TECHNOLOGY LIMITED,SSE DIGITAL SERVICES LIMITED,AMP (via Urban Reserve (AssetCo) Limited),INFINIS LIMITED,EQUIWATT LIMITED,AFFECT ENERGY LTD,HILDEBRAND TECHNOLOGY LIMITED,GRIDBEYOND LIMITED,OCTOPUS ENERGY LIMITED,OAKTREE POWER LIMITED,BRITISH GAS TRADING LIMITED"
24/09/2025,16:00,16:30,500,Live,0,All Providers,"ENGIE POWER LIMITED,AXLE ENERGY LIMITED,GALLAGHER AGGREGATES LIMITED,AMP (via Urban Reserve (AssetCo 2) Limited),UTILITA ENERGY LIMITED,GRIDIMP LTD,PERSE TECHNOLOGY LIMITED,SSE DIGITAL SERVICES LIMITED,AMP (via Urban Reserve (AssetCo) Limited),INFINIS LIMITED,EQUIWATT LIMITED,AFFECT ENERGY LTD,HILDEBRAND TECHNOLOGY LIMITED,GRIDBEYOND LIMITED,OCTOPUS ENERGY LIMITED,OAKTREE POWER LIMITED,BRITISH GAS TRADING LIMITED"
24/09/2025,16:30,17:00,500,Live,0,All Providers,"ENGIE POWER LIMITED,AXLE ENERGY LIMITED,GALLAGHER AGGREGATES LIMITED,AMP (via Urban Reserve (AssetCo 2) Limited),UTILITA ENERGY LIMITED,GRIDIMP LTD,PERSE TECHNOLOGY LIMITED,SSE DIGITAL SERVICES LIMITED,AMP (via Urban Reserve (AssetCo) Limited),INFINIS LIMITED,EQUIWATT LIMITED,AFFECT ENERGY LTD,HILDEBRAND TECHNOLOGY LIMITED,GRIDBEYOND LIMITED,OCTOPUS ENERGY LIMITED,OAKTREE POWER LIMITED,BRITISH GAS TRADING LIMITED"
24/09/2025,17:00,17:30,500,Live,0,All Providers,"ENGIE POWER LIMITED,AXLE ENERGY LIMITED,GALLAGHER AGGREGATES LIMITED,AMP (via Urban Reserve (AssetCo 2) Limited),UTILITA ENERGY LIMITED,GRIDIMP LTD,PERSE TECHNOLOGY LIMITED,SSE DIGITAL SERVICES LIMITED,AMP (via Urban Reserve (AssetCo) Limited),INFINIS LIMITED,EQUIWATT LIMITED,AFFECT ENERGY LTD,HILDEBRAND TECHNOLOGY LIMITED,GRIDBEYOND LIMITED,OCTOPUS ENERGY LIMITED,OAKTREE POWER LIMITED,BRITISH GAS TRADING LIMITED"
24/09/2025,17:30,18:00,500,Live,0,All Providers,"ENGIE POWER LIMITED,AXLE ENERGY LIMITED,GALLAGHER AGGREGATES LIMITED,AMP (via Urban Reserve (AssetCo 2) Limited),UTILITA ENERGY LIMITED,GRIDIMP LTD,PERSE TECHNOLOGY LIMITED,SSE DIGITAL SERVICES LIMITED,AMP (via Urban Reserve (AssetCo) Limited),INFINIS LIMITED,EQUIWATT LIMITED,AFFECT ENERGY LTD,HILDEBRAND TECHNOLOGY LIMITED,GRIDBEYOND LIMITED,OCTOPUS ENERGY LIMITED,OAKTREE POWER LIMITED,BRITISH GAS TRADING LIMITED"
24/09/2025,18:00,18:30,500,Live,0,All Providers,"ENGIE POWER LIMITED,AXLE ENERGY LIMITED,GALLAGHER AGGREGATES LIMITED,AMP (via Urban Reserve (AssetCo 2) Limited),UTILITA ENERGY LIMITED,GRIDIMP LTD,PERSE TECHNOLOGY LIMITED,SSE DIGITAL SERVICES LIMITED,AMP (via Urban Reserve (AssetCo) Limited),INFINIS LIMITED,EQUIWATT LIMITED,AFFECT ENERGY LTD,HILDEBRAND TECHNOLOGY LIMITED,GRIDBEYOND LIMITED,OCTOPUS ENERGY LIMITED,OAKTREE POWER LIMITED,BRITISH GAS TRADING LIMITED"
24/09/2025,18:30,19:00,500,Live,0,All Providers,"ENGIE POWER LIMITED,AXLE ENERGY LIMITED,GALLAGHER AGGREGATES LIMITED,AMP (via Urban Reserve (AssetCo 2) Limited),UTILITA ENERGY LIMITED,GRIDIMP LTD,PERSE TECHNOLOGY LIMITED,SSE DIGITAL SERVICES LIMITED,AMP (via Urban Reserve (AssetCo) Limited),INFINIS LIMITED,EQUIWATT LIMITED,AFFECT ENERGY LTD,HILDEBRAND TECHNOLOGY LIMITED,GRIDBEYOND LIMITED,OCTOPUS ENERGY LIMITED,OAKTREE POWER LIMITED,BRITISH GAS TRADING LIMITED"
24/09/2025,19:00,19:30,500,Live,0,All Providers,"ENGIE POWER LIMITED,AXLE ENERGY LIMITED,GALLAGHER AGGREGATES LIMITED,AMP (via Urban Reserve (AssetCo 2) Limited),UTILITA ENERGY LIMITED,GRIDIMP LTD,PERSE TECHNOLOGY LIMITED,SSE DIGITAL SERVICES LIMITED,AMP (via Urban Reserve (AssetCo) Limited),INFINIS LIMITED,EQUIWATT LIMITED,AFFECT ENERGY LTD,HILDEBRAND TECHNOLOGY LIMITED,GRIDBEYOND LIMITED,OCTOPUS ENERGY LIMITED,OAKTREE POWER LIMITED,BRITISH GAS TRADING LIMITED"
24/09/2025,19:30,20:00,500,Live,0,All Providers,"ENGIE POWER LIMITED,AXLE ENERGY LIMITED,GALLAGHER AGGREGATES LIMITED,AMP (via Urban Reserve (AssetCo 2) Limited),UTILITA ENERGY LIMITED,GRIDIMP LTD,PERSE TECHNOLOGY LIMITED,SSE DIGITAL SERVICES LIMITED,AMP (via Urban Reserve (AssetCo) Limited),INFINIS LIMITED,EQUIWATT LIMITED,AFFECT ENERGY LTD,HILDEBRAND TECHNOLOGY LIMITED,GRIDBEYOND LIMITED,OCTOPUS ENERGY LIMITED,OAKTREE POWER LIMITED,BRITISH GAS TRADING LIMITED"
24/09/2025,20:00,20:30,500,Live,0,All Providers,"ENGIE POWER LIMITED,AXLE ENERGY LIMITED,GALLAGHER AGGREGATES LIMITED,AMP (via Urban Reserve (AssetCo 2) Limited),UTILITA ENERGY LIMITED,GRIDIMP LTD,PERSE TECHNOLOGY LIMITED,SSE DIGITAL SERVICES LIMITED,AMP (via Urban Reserve (AssetCo) Limited),INFINIS LIMITED,EQUIWATT LIMITED,AFFECT ENERGY LTD,HILDEBRAND TECHNOLOGY LIMITED,GRIDBEYOND LIMITED,OCTOPUS ENERGY LIMITED,OAKTREE POWER LIMITED,BRITISH GAS TRADING LIMITED"
24/09/2025,20:30,21:00,500,Live,0,All Providers,"ENGIE POWER LIMITED,AXLE ENERGY LIMITED,GALLAGHER AGGREGATES LIMITED,AMP (via Urban Reserve (AssetCo 2) Limited),UTILITA ENERGY LIMITED,GRIDIMP LTD,PERSE TECHNOLOGY LIMITED,SSE DIGITAL SERVICES LIMITED,AMP (via Urban Reserve (AssetCo) Limited),INFINIS LIMITED,EQUIWATT LIMITED,AFFECT ENERGY LTD,HILDEBRAND TECHNOLOGY LIMITED,GRIDBEYOND LIMITED,OCTOPUS ENERGY LIMITED,OAKTREE POWER LIMITED,BRITISH GAS TRADING LIMITED"
23/09/2025,17:00,17:30,500,Live,0,All Providers,"ENGIE POWER LIMITED,AXLE ENERGY LIMITED,GALLAGHER AGGREGATES LIMITED,AMP (via Urban Reserve (AssetCo 2) Limited),UTILITA ENERGY LIMITED,GRIDIMP LTD,PERSE TECHNOLOGY LIMITED,SSE DIGITAL SERVICES LIMITED,AMP (via Urban Reserve (AssetCo) Limited),INFINIS LIMITED,EQUIWATT LIMITED,AFFECT ENERGY LTD,HILDEBRAND TECHNOLOGY LIMITED,GRIDBEYOND LIMITED,OCTOPUS ENERGY LIMITED,OAKTREE POWER LIMITED,BRITISH GAS TRADING LIMITED"
23/09/2025,17:30,18:00,500,Live,0,All Providers,"ENGIE POWER LIMITED,AXLE ENERGY LIMITED,GALLAGHER AGGREGATES LIMITED,AMP (via Urban Reserve (AssetCo 2) Limited),UTILITA ENERGY LIMITED,GRIDIMP LTD,PERSE TECHNOLOGY LIMITED,SSE DIGITAL SERVICES LIMITED,AMP (via Urban Reserve (AssetCo) Limited),INFINIS LIMITED,EQUIWATT LIMITED,AFFECT ENERGY LTD,HILDEBRAND TECHNOLOGY LIMITED,GRIDBEYOND LIMITED,OCTOPUS ENERGY LIMITED,OAKTREE POWER LIMITED,BRITISH GAS TRADING LIMITED"
23/09/2025,18:00,18:30,500,Live,0,All Providers,"ENGIE POWER LIMITED,AXLE ENERGY LIMITED,GALLAGHER AGGREGATES LIMITED,AMP (via Urban Reserve (AssetCo 2) Limited),UTILITA ENERGY LIMITED,GRIDIMP LTD,PERSE TECHNOLOGY LIMITED,SSE DIGITAL SERVICES LIMITED,AMP (via Urban Reserve (AssetCo) Limited),INFINIS LIMITED,EQUIWATT LIMITED,AFFECT ENERGY LTD,HILDEBRAND TECHNOLOGY LIMITED,GRIDBEYOND LIMITED,OCTOPUS ENERGY LIMITED,OAKTREE POWER LIMITED,BRITISH GAS TRADING LIMITED"
23/09/2025,18:30,19:00,500,Live,0,All Providers,"ENGIE POWER LIMITED,AXLE ENERGY LIMITED,GALLAGHER AGGREGATES LIMITED,AMP (via Urban Reserve (AssetCo 2) Limited),UTILITA ENERGY LIMITED,GRIDIMP LTD,PERSE TECHNOLOGY LIMITED,SSE DIGITAL SERVICES LIMITED,AMP (via Urban Reserve (AssetCo) Limited),INFINIS LIMITED,EQUIWATT LIMITED,AFFECT ENERGY LTD,HILDEBRAND TECHNOLOGY LIMITED,GRIDBEYOND LIMITED,OCTOPUS ENERGY LIMITED,OAKTREE POWER LIMITED,BRITISH GAS TRADING LIMITED"
23/09/2025,19:00,19:30,500,Live,0,All Providers,"ENGIE POWER LIMITED,AXLE ENERGY LIMITED,GALLAGHER AGGREGATES LIMITED,AMP (via Urban Reserve (AssetCo 2) Limited),UTILITA ENERGY LIMITED,GRIDIMP LTD,PERSE TECHNOLOGY LIMITED,SSE DIGITAL SERVICES LIMITED,AMP (via Urban Reserve (AssetCo) Limited),INFINIS LIMITED,EQUIWATT LIMITED,AFFECT ENERGY LTD,HILDEBRAND TECHNOLOGY LIMITED,GRIDBEYOND LIMITED,OCTOPUS ENERGY LIMITED,OAKTREE POWER LIMITED,BRITISH GAS TRADING LIMITED"
23/09/2025,19:30,20:00,500,Live,0,All Providers,"ENGIE POWER LIMITED,AXLE ENERGY LIMITED,GALLAGHER AGGREGATES LIMITED,AMP (via Urban Reserve (AssetCo 2) Limited),UTILITA ENERGY LIMITED,GRIDIMP LTD,PERSE TECHNOLOGY LIMITED,SSE DIGITAL SERVICES LIMITED,AMP (via Urban Reserve (AssetCo) Limited),INFINIS LIMITED,EQUIWATT LIMITED,AFFECT ENERGY LTD,HILDEBRAND TECHNOLOGY LIMITED,GRIDBEYOND LIMITED,OCTOPUS ENERGY LIMITED,OAKTREE POWER LIMITED,BRITISH GAS TRADING LIMITED"
22/09/2025,17:00,17:30,500,Live,0,All Providers,"ENGIE POWER LIMITED,AXLE ENERGY LIMITED,GALLAGHER AGGREGATES LIMITED,AMP (via Urban Reserve (AssetCo 2) Limited),UTILITA ENERGY LIMITED,GRIDIMP LTD,PERSE TECHNOLOGY LIMITED,SSE DIGITAL SERVICES LIMITED,AMP (via Urban Reserve (AssetCo) Limited),INFINIS LIMITED,EQUIWATT LIMITED,AFFECT ENERGY LTD,HILDEBRAND TECHNOLOGY LIMITED,GRIDBEYOND LIMITED,OCTOPUS ENERGY LIMITED,OAKTREE POWER LIMITED,BRITISH GAS TRADING LIMITED"
22/09/2025,17:30,18:00,500,Live,0,All Providers,"ENGIE POWER LIMITED,AXLE ENERGY LIMITED,GALLAGHER AGGREGATES LIMITED,AMP (via Urban Reserve (AssetCo 2) Limited),UTILITA ENERGY LIMITED,GRIDIMP LTD,PERSE TECHNOLOGY LIMITED,SSE DIGITAL SERVICES LIMITED,AMP (via Urban Reserve (AssetCo) Limited),INFINIS LIMITED,EQUIWATT LIMITED,AFFECT ENERGY LTD,HILDEBRAND TECHNOLOGY LIMITED,GRIDBEYOND LIMITED,OCTOPUS ENERGY LIMITED,OAKTREE POWER LIMITED,BRITISH GAS TRADING LIMITED"
22/09/2025,18:00,18:30,500,Live,0,All Providers,"ENGIE POWER LIMITED,AXLE ENERGY LIMITED,GALLAGHER AGGREGATES LIMITED,AMP (via Urban Reserve (AssetCo 2) Limited),UTILITA ENERGY LIMITED,GRIDIMP LTD,PERSE TECHNOLOGY LIMITED,SSE DIGITAL SERVICES LIMITED,AMP (via Urban Reserve (AssetCo) Limited),INFINIS LIMITED,EQUIWATT LIMITED,AFFECT ENERGY LTD,HILDEBRAND TECHNOLOGY LIMITED,GRIDBEYOND LIMITED,OCTOPUS ENERGY LIMITED,OAKTREE POWER LIMITED,BRITISH GAS TRADING LIMITED"
22/09/2025,18:30,19:00,500,Live,0,All Providers,"ENGIE POWER LIMITED,AXLE ENERGY LIMITED,GALLAGHER AGGREGATES LIMITED,AMP (via Urban Reserve (AssetCo 2) Limited),UTILITA ENERGY LIMITED,GRIDIMP LTD,PERSE TECHNOLOGY LIMITED,SSE DIGITAL SERVICES LIMITED,AMP (via Urban Reserve (AssetCo) Limited),INFINIS LIMITED,EQUIWATT LIMITED,AFFECT ENERGY LTD,HILDEBRAND TECHNOLOGY LIMITED,GRIDBEYOND LIMITED,OCTOPUS ENERGY LIMITED,OAKTREE POWER LIMITED,BRITISH GAS TRADING LIMITED"
19/09/2025,17:00,17:30,500,Live,0,All Providers,"ENGIE POWER LIMITED,AXLE ENERGY LIMITED,GALLAGHER AGGREGATES LIMITED,AMP (via Urban Reserve (AssetCo 2) Limited),UTILITA ENERGY LIMITED,GRIDIMP LTD,PERSE TECHNOLOGY LIMITED,SSE DIGITAL SERVICES LIMITED,AMP (via Urban Reserve (AssetCo) Limited),INFINIS LIMITED,EQUIWATT LIMITED,AFFECT ENERGY LTD,HILDEBRAND TECHNOLOGY LIMITED,GRIDBEYOND LIMITED,OCTOPUS ENERGY LIMITED,OAKTREE POWER LIMITED,BRITISH GAS TRADING LIMITED"
19/09/2025,17:30,18:00,500,Live,0,All Providers,"ENGIE POWER LIMITED,AXLE ENERGY LIMITED,GALLAGHER AGGREGATES LIMITED,AMP (via Urban Reserve (AssetCo 2) Limited),UTILITA ENERGY LIMITED,GRIDIMP LTD,PERSE TECHNOLOGY LIMITED,SSE DIGITAL SERVICES LIMITED,AMP (via Urban Reserve (AssetCo) Limited),INFINIS LIMITED,EQUIWATT LIMITED,AFFECT ENERGY LTD,HILDEBRAND TECHNOLOGY LIMITED,GRIDBEYOND LIMITED,OCTOPUS ENERGY LIMITED,OAKTREE POWER LIMITED,BRITISH GAS TRADING LIMITED"
19/09/2025,18:00,18:30,500,Live,0,All Providers,"ENGIE POWER LIMITED,AXLE ENERGY LIMITED,GALLAGHER AGGREGATES LIMITED,AMP (via Urban Reserve (AssetCo 2) Limited),UTILITA ENERGY LIMITED,GRIDIMP LTD,PERSE TECHNOLOGY LIMITED,SSE DIGITAL SERVICES LIMITED,AMP (via Urban Reserve (AssetCo) Limited),INFINIS LIMITED,EQUIWATT LIMITED,AFFECT ENERGY LTD,HILDEBRAND TECHNOLOGY LIMITED,GRIDBEYOND LIMITED,OCTOPUS ENERGY LIMITED,OAKTREE POWER LIMITED,BRITISH GAS TRADING LIMITED"
19/09/2025,18:30,19:00,500,Live,0,All Providers,"ENGIE POWER LIMITED,AXLE ENERGY LIMITED,GALLAGHER AGGREGATES LIMITED,AMP (via Urban Reserve (AssetCo 2) Limited),UTILITA ENERGY LIMITED,GRIDIMP LTD,PERSE TECHNOLOGY LIMITED,SSE DIGITAL SERVICES LIMITED,AMP (via Urban Reserve (AssetCo) Limited),INFINIS LIMITED,EQUIWATT LIMITED,AFFECT ENERGY LTD,HILDEBRAND TECHNOLOGY LIMITED,GRIDBEYOND LIMITED,OCTOPUS ENERGY LIMITED,OAKTREE POWER LIMITED,BRITISH GAS TRADING LIMITED"
19/09/2025,19:00,19:30,500,Live,0,All Providers,"ENGIE POWER LIMITED,AXLE ENERGY LIMITED,GALLAGHER AGGREGATES LIMITED,AMP (via Urban Reserve (AssetCo 2) Limited),UTILITA ENERGY LIMITED,GRIDIMP LTD,PERSE TECHNOLOGY LIMITED,SSE DIGITAL SERVICES LIMITED,AMP (via Urban Reserve (AssetCo) Limited),INFINIS LIMITED,EQUIWATT LIMITED,AFFECT ENERGY LTD,HILDEBRAND TECHNOLOGY LIMITED,GRIDBEYOND LIMITED,OCTOPUS ENERGY LIMITED,OAKTREE POWER LIMITED,BRITISH GAS TRADING LIMITED"
19/09/2025,19:30,20:00,500,Live,0,All Providers,"ENGIE POWER LIMITED,AXLE ENERGY LIMITED,GALLAGHER AGGREGATES LIMITED,AMP (via Urban Reserve (AssetCo 2) Limited),UTILITA ENERGY LIMITED,GRIDIMP LTD,PERSE TECHNOLOGY LIMITED,SSE DIGITAL SERVICES LIMITED,AMP (via Urban Reserve (AssetCo) Limited),INFINIS LIMITED,EQUIWATT LIMITED,AFFECT ENERGY LTD,HILDEBRAND TECHNOLOGY LIMITED,GRIDBEYOND LIMITED,OCTOPUS ENERGY LIMITED,OAKTREE POWER LIMITED,BRITISH GAS TRADING LIMITED"
08/09/2025,16:00,16:30,500,Live,0,All Providers,"ENGIE POWER LIMITED,AXLE ENERGY LIMITED,GALLAGHER AGGREGATES LIMITED,AMP (via Urban Reserve (AssetCo 2) Limited),UTILITA ENERGY LIMITED,GRIDIMP LTD,PERSE TECHNOLOGY LIMITED,SSE DIGITAL SERVICES LIMITED,AMP (via Urban Reserve (AssetCo) Limited),INFINIS LIMITED,EQUIWATT LIMITED,AFFECT ENERGY LTD,HILDEBRAND TECHNOLOGY LIMITED,GRIDBEYOND LIMITED,OCTOPUS ENERGY LIMITED,OAKTREE POWER LIMITED,BRITISH GAS TRADING LIMITED"
08/09/2025,16:30,17:00,500,Live,0,All Providers,"ENGIE POWER LIMITED,AXLE ENERGY LIMITED,GALLAGHER AGGREGATES LIMITED,AMP (via Urban Reserve (AssetCo 2) Limited),UTILITA ENERGY LIMITED,GRIDIMP LTD,PERSE TECHNOLOGY LIMITED,SSE DIGITAL SERVICES LIMITED,AMP (via Urban Reserve (AssetCo) Limited),INFINIS LIMITED,EQUIWATT LIMITED,AFFECT ENERGY LTD,HILDEBRAND TECHNOLOGY LIMITED,GRIDBEYOND LIMITED,OCTOPUS ENERGY LIMITED,OAKTREE POWER LIMITED,BRITISH GAS TRADING LIMITED"
08/09/2025,17:00,17:30,500,Live,0,All Providers,"ENGIE POWER LIMITED,AXLE ENERGY LIMITED,GALLAGHER AGGREGATES LIMITED,AMP (via Urban Reserve (AssetCo 2) Limited),UTILITA ENERGY LIMITED,GRIDIMP LTD,PERSE TECHNOLOGY LIMITED,SSE DIGITAL SERVICES LIMITED,AMP (via Urban Reserve (AssetCo) Limited),INFINIS LIMITED,EQUIWATT LIMITED,AFFECT ENERGY LTD,HILDEBRAND TECHNOLOGY LIMITED,GRIDBEYOND LIMITED,OCTOPUS ENERGY LIMITED,OAKTREE POWER LIMITED,BRITISH GAS TRADING LIMITED"
08/09/2025,17:30,18:00,500,Live,0,All Providers,"ENGIE POWER LIMITED,AXLE ENERGY LIMITED,GALLAGHER AGGREGATES LIMITED,AMP (via Urban Reserve (AssetCo 2) Limited),UTILITA ENERGY LIMITED,GRIDIMP LTD,PERSE TECHNOLOGY LIMITED,SSE DIGITAL SERVICES LIMITED,AMP (via Urban Reserve (AssetCo) Limited),INFINIS LIMITED,EQUIWATT LIMITED,AFFECT ENERGY LTD,HILDEBRAND TECHNOLOGY LIMITED,GRIDBEYOND LIMITED,OCTOPUS ENERGY LIMITED,OAKTREE POWER LIMITED,BRITISH GAS TRADING LIMITED"
08/09/2025,18:00,18:30,500,Live,0,All Providers,"ENGIE POWER LIMITED,AXLE ENERGY LIMITED,GALLAGHER AGGREGATES LIMITED,AMP (via Urban Reserve (AssetCo 2) Limited),UTILITA ENERGY LIMITED,GRIDIMP LTD,PERSE TECHNOLOGY LIMITED,SSE DIGITAL SERVICES LIMITED,AMP (via Urban Reserve (AssetCo) Limited),INFINIS LIMITED,EQUIWATT LIMITED,AFFECT ENERGY LTD,HILDEBRAND TECHNOLOGY LIMITED,GRIDBEYOND LIMITED,OCTOPUS ENERGY LIMITED,OAKTREE POWER LIMITED,BRITISH GAS TRADING LIMITED"
08/09/2025,18:30,19:00,500,Live,0,All Providers,"ENGIE POWER LIMITED,AXLE ENERGY LIMITED,GALLAGHER AGGREGATES LIMITED,AMP (via Urban Reserve (AssetCo 2) Limited),UTILITA ENERGY LIMITED,GRIDIMP LTD,PERSE TECHNOLOGY LIMITED,SSE DIGITAL SERVICES LIMITED,AMP (via Urban Reserve (AssetCo) Limited),INFINIS LIMITED,EQUIWATT LIMITED,AFFECT ENERGY LTD,HILDEBRAND TECHNOLOGY LIMITED,GRIDBEYOND LIMITED,OCTOPUS ENERGY LIMITED,OAKTREE POWER LIMITED,BRITISH GAS TRADING LIMITED"
08/09/2025,19:00,19:30,500,Live,0,All Providers,"ENGIE POWER LIMITED,AXLE ENERGY LIMITED,GALLAGHER AGGREGATES LIMITED,AMP (via Urban Reserve (AssetCo 2) Limited),UTILITA ENERGY LIMITED,GRIDIMP LTD,PERSE TECHNOLOGY LIMITED,SSE DIGITAL SERVICES LIMITED,AMP (via Urban Reserve (AssetCo) Limited),INFINIS LIMITED,EQUIWATT LIMITED,AFFECT ENERGY LTD,HILDEBRAND TECHNOLOGY LIMITED,GRIDBEYOND LIMITED,OCTOPUS ENERGY LIMITED,OAKTREE POWER LIMITED,BRITISH GAS TRADING LIMITED"
08/09/2025,19:30,20:00,500,Live,0,All Providers,"ENGIE POWER LIMITED,AXLE ENERGY LIMITED,GALLAGHER AGGREGATES LIMITED,AMP (via Urban Reserve (AssetCo 2) Limited),UTILITA ENERGY LIMITED,GRIDIMP LTD,PERSE TECHNOLOGY LIMITED,SSE DIGITAL SERVICES LIMITED,AMP (via Urban Reserve (AssetCo) Limited),INFINIS LIMITED,EQUIWATT LIMITED,AFFECT ENERGY LTD,HILDEBRAND TECHNOLOGY LIMITED,GRIDBEYOND LIMITED,OCTOPUS ENERGY LIMITED,OAKTREE POWER LIMITED,BRITISH GAS TRADING LIMITED"
08/09/2025,20:00,20:30,500,Live,0,All Providers,"ENGIE POWER LIMITED,AXLE ENERGY LIMITED,GALLAGHER AGGREGATES LIMITED,AMP (via Urban Reserve (AssetCo 2) Limited),UTILITA ENERGY LIMITED,GRIDIMP LTD,PERSE TECHNOLOGY LIMITED,SSE DIGITAL SERVICES LIMITED,AMP (via Urban Reserve (AssetCo) Limited),INFINIS LIMITED,EQUIWATT LIMITED,AFFECT ENERGY LTD,HILDEBRAND TECHNOLOGY LIMITED,GRIDBEYOND LIMITED,OCTOPUS ENERGY LIMITED,OAKTREE POWER LIMITED,BRITISH GAS TRADING LIMITED"
08/09/2025,20:30,21:00,500,Live,0,All Providers,"ENGIE POWER LIMITED,AXLE ENERGY LIMITED,GALLAGHER AGGREGATES LIMITED,AMP (via Urban Reserve (AssetCo 2) Limited),UTILITA ENERGY LIMITED,GRIDIMP LTD,PERSE TECHNOLOGY LIMITED,SSE DIGITAL SERVICES LIMITED,AMP (via Urban Reserve (AssetCo) Limited),INFINIS LIMITED,EQUIWATT LIMITED,AFFECT ENERGY LTD,HILDEBRAND TECHNOLOGY LIMITED,GRIDBEYOND LIMITED,OCTOPUS ENERGY LIMITED,OAKTREE POWER LIMITED,BRITISH GAS TRADING LIMITED"
08/09/2025,21:00,21:30,500,Live,0,All Providers,"ENGIE POWER LIMITED,AXLE ENERGY LIMITED,GALLAGHER AGGREGATES LIMITED,AMP (via Urban Reserve (AssetCo 2) Limited),UTILITA ENERGY LIMITED,GRIDIMP LTD,PERSE TECHNOLOGY LIMITED,SSE DIGITAL SERVICES LIMITED,AMP (via Urban Reserve (AssetCo) Limited),INFINIS LIMITED,EQUIWATT LIMITED,AFFECT ENERGY LTD,HILDEBRAND TECHNOLOGY LIMITED,GRIDBEYOND LIMITED,OCTOPUS ENERGY LIMITED,OAKTREE POWER LIMITED,BRITISH GAS TRADING LIMITED"
08/09/2025,21:30,22:00,500,Live,0,All Providers,"ENGIE POWER LIMITED,AXLE ENERGY LIMITED,GALLAGHER AGGREGATES LIMITED,AMP (via Urban Reserve (AssetCo 2) Limited),UTILITA ENERGY LIMITED,GRIDIMP LTD,PERSE TECHNOLOGY LIMITED,SSE DIGITAL SERVICES LIMITED,AMP (via Urban Reserve (AssetCo) Limited),INFINIS LIMITED,EQUIWATT LIMITED,AFFECT ENERGY LTD,HILDEBRAND TECHNOLOGY LIMITED,GRIDBEYOND LIMITED,OCTOPUS ENERGY LIMITED,OAKTREE POWER LIMITED,BRITISH GAS TRADING LIMITED"
08/09/2025,22:00,22:30,500,Live,0,All Providers,"ENGIE POWER LIMITED,AXLE ENERGY LIMITED,GALLAGHER AGGREGATES LIMITED,AMP (via Urban Reserve (AssetCo 2) Limited),UTILITA ENERGY LIMITED,GRIDIMP LTD,PERSE TECHNOLOGY LIMITED,SSE DIGITAL SERVICES LIMITED,AMP (via Urban Reserve (AssetCo) Limited),INFINIS LIMITED,EQUIWATT LIMITED,AFFECT ENERGY LTD,HILDEBRAND TECHNOLOGY LIMITED,GRIDBEYOND LIMITED,OCTOPUS ENERGY LIMITED,OAKTREE POWER LIMITED,BRITISH GAS TRADING LIMITED"
08/09/2025,22:30,23:00,500,Live,0,All Providers,"ENGIE POWER LIMITED,AXLE ENERGY LIMITED,GALLAGHER AGGREGATES LIMITED,AMP (via Urban Reserve (AssetCo 2) Limited),UTILITA ENERGY LIMITED,GRIDIMP LTD,PERSE TECHNOLOGY LIMITED,SSE DIGITAL SERVICES LIMITED,AMP (via Urban Reserve (AssetCo) Limited),INFINIS LIMITED,EQUIWATT LIMITED,AFFECT ENERGY LTD,HILDEBRAND TECHNOLOGY LIMITED,GRIDBEYOND LIMITED,OCTOPUS ENERGY LIMITED,OAKTREE POWER LIMITED,BRITISH GAS TRADING LIMITED"
05/09/2025,18:00,18:30,500,Live,0,All Providers,"ENGIE POWER LIMITED,AXLE ENERGY LIMITED,GALLAGHER AGGREGATES LIMITED,AMP (via Urban Reserve (AssetCo 2) Limited),UTILITA ENERGY LIMITED,GRIDIMP LTD,PERSE TECHNOLOGY LIMITED,SSE DIGITAL SERVICES LIMITED,AMP (via Urban Reserve (AssetCo) Limited),INFINIS LIMITED,EQUIWATT LIMITED,AFFECT ENERGY LTD,HILDEBRAND TECHNOLOGY LIMITED,GRIDBEYOND LIMITED,OCTOPUS ENERGY LIMITED,OAKTREE POWER LIMITED,BRITISH GAS TRADING LIMITED"
05/09/2025,18:30,19:00,500,Live,0,All Providers,"ENGIE POWER LIMITED,AXLE ENERGY LIMITED,GALLAGHER AGGREGATES LIMITED,AMP (via Urban Reserve (AssetCo 2) Limited),UTILITA ENERGY LIMITED,GRIDIMP LTD,PERSE TECHNOLOGY LIMITED,SSE DIGITAL SERVICES LIMITED,AMP (via Urban Reserve (AssetCo) Limited),INFINIS LIMITED,EQUIWATT LIMITED,AFFECT ENERGY LTD,HILDEBRAND TECHNOLOGY LIMITED,GRIDBEYOND LIMITED,OCTOPUS ENERGY LIMITED,OAKTREE POWER LIMITED,BRITISH GAS TRADING LIMITED"
05/09/2025,19:00,19:30,500,Live,0,All Providers,"ENGIE POWER LIMITED,AXLE ENERGY LIMITED,GALLAGHER AGGREGATES LIMITED,AMP (via Urban Reserve (AssetCo 2) Limited),UTILITA ENERGY LIMITED,GRIDIMP LTD,PERSE TECHNOLOGY LIMITED,SSE DIGITAL SERVICES LIMITED,AMP (via Urban Reserve (AssetCo) Limited),INFINIS LIMITED,EQUIWATT LIMITED,AFFECT ENERGY LTD,HILDEBRAND TECHNOLOGY LIMITED,GRIDBEYOND LIMITED,OCTOPUS ENERGY LIMITED,OAKTREE POWER LIMITED,BRITISH GAS TRADING LIMITED"
05/09/2025,19:30,20:00,500,Live,0,All Providers,"ENGIE POWER LIMITED,AXLE ENERGY LIMITED,GALLAGHER AGGREGATES LIMITED,AMP (via Urban Reserve (AssetCo 2) Limited),UTILITA ENERGY LIMITED,GRIDIMP LTD,PERSE TECHNOLOGY LIMITED,SSE DIGITAL SERVICES LIMITED,AMP (via Urban Reserve (AssetCo) Limited),INFINIS LIMITED,EQUIWATT LIMITED,AFFECT ENERGY LTD,HILDEBRAND TECHNOLOGY LIMITED,GRIDBEYOND LIMITED,OCTOPUS ENERGY LIMITED,OAKTREE POWER LIMITED,BRITISH GAS TRADING LIMITED"
04/09/2025,17:00,17:30,385,Live,0,All Providers,"ENGIE POWER LIMITED,AXLE ENERGY LIMITED,GALLAGHER AGGREGATES LIMITED,AMP (via Urban Reserve (AssetCo 2) Limited),UTILITA ENERGY LIMITED,GRIDIMP LTD,PERSE TECHNOLOGY LIMITED,SSE DIGITAL SERVICES LIMITED,AMP (via Urban Reserve (AssetCo) Limited),INFINIS LIMITED,EQUIWATT LIMITED,AFFECT ENERGY LTD,HILDEBRAND TECHNOLOGY LIMITED,GRIDBEYOND LIMITED,OCTOPUS ENERGY LIMITED,OAKTREE POWER LIMITED,BRITISH GAS TRADING LIMITED"
04/09/2025,17:30,18:00,385,Live,0,All Providers,"ENGIE POWER LIMITED,AXLE ENERGY LIMITED,GALLAGHER AGGREGATES LIMITED,AMP (via Urban Reserve (AssetCo 2) Limited),UTILITA ENERGY LIMITED,GRIDIMP LTD,PERSE TECHNOLOGY LIMITED,SSE DIGITAL SERVICES LIMITED,AMP (via Urban Reserve (AssetCo) Limited),INFINIS LIMITED,EQUIWATT LIMITED,AFFECT ENERGY LTD,HILDEBRAND TECHNOLOGY LIMITED,GRIDBEYOND LIMITED,OCTOPUS ENERGY LIMITED,OAKTREE POWER LIMITED,BRITISH GAS TRADING LIMITED"
04/09/2025,18:00,18:30,385,Live,0,All Providers,"ENGIE POWER LIMITED,AXLE ENERGY LIMITED,GALLAGHER AGGREGATES LIMITED,AMP (via Urban Reserve (AssetCo 2) Limited),UTILITA ENERGY LIMITED,GRIDIMP LTD,PERSE TECHNOLOGY LIMITED,SSE DIGITAL SERVICES LIMITED,AMP (via Urban Reserve (AssetCo) Limited),INFINIS LIMITED,EQUIWATT LIMITED,AFFECT ENERGY LTD,HILDEBRAND TECHNOLOGY LIMITED,GRIDBEYOND LIMITED,OCTOPUS ENERGY LIMITED,OAKTREE POWER LIMITED,BRITISH GAS TRADING LIMITED"
04/09/2025,18:30,19:00,385,Live,0,All Providers,"ENGIE POWER LIMITED,AXLE ENERGY LIMITED,GALLAGHER AGGREGATES LIMITED,AMP (via Urban Reserve (AssetCo 2) Limited),UTILITA ENERGY LIMITED,GRIDIMP LTD,PERSE TECHNOLOGY LIMITED,SSE DIGITAL SERVICES LIMITED,AMP (via Urban Reserve (AssetCo) Limited),INFINIS LIMITED,EQUIWATT LIMITED,AFFECT ENERGY LTD,HILDEBRAND TECHNOLOGY LIMITED,GRIDBEYOND LIMITED,OCTOPUS ENERGY LIMITED,OAKTREE POWER LIMITED,BRITISH GAS TRADING LIMITED"
04/09/2025,19:00,19:30,385,Live,0,All Providers,"ENGIE POWER LIMITED,AXLE ENERGY LIMITED,GALLAGHER AGGREGATES LIMITED,AMP (via Urban Reserve (AssetCo 2) Limited),UTILITA ENERGY LIMITED,GRIDIMP LTD,PERSE TECHNOLOGY LIMITED,SSE DIGITAL SERVICES LIMITED,AMP (via Urban Reserve (AssetCo) Limited),INFINIS LIMITED,EQUIWATT LIMITED,AFFECT ENERGY LTD,HILDEBRAND TECHNOLOGY LIMITED,GRIDBEYOND LIMITED,OCTOPUS ENERGY LIMITED,OAKTREE POWER LIMITED,BRITISH GAS TRADING LIMITED"
04/09/2025,19:30,20:00,385,Live,0,All Providers,"ENGIE POWER LIMITED,AXLE ENERGY LIMITED,GALLAGHER AGGREGATES LIMITED,AMP (via Urban Reserve (AssetCo 2) Limited),UTILITA ENERGY LIMITED,GRIDIMP LTD,PERSE TECHNOLOGY LIMITED,SSE DIGITAL SERVICES LIMITED,AMP (via Urban Reserve (AssetCo) Limited),INFINIS LIMITED,EQUIWATT LIMITED,AFFECT ENERGY LTD,HILDEBRAND TECHNOLOGY LIMITED,GRIDBEYOND LIMITED,OCTOPUS ENERGY LIMITED,OAKTREE POWER LIMITED,BRITISH GAS TRADING LIMITED"
04/09/2025,20:00,20:30,385,Live,0,All Providers,"ENGIE POWER LIMITED,AXLE ENERGY LIMITED,GALLAGHER AGGREGATES LIMITED,AMP (via Urban Reserve (AssetCo 2) Limited),UTILITA ENERGY LIMITED,GRIDIMP LTD,PERSE TECHNOLOGY LIMITED,SSE DIGITAL SERVICES LIMITED,AMP (via Urban Reserve (AssetCo) Limited),INFINIS LIMITED,EQUIWATT LIMITED,AFFECT ENERGY LTD,HILDEBRAND TECHNOLOGY LIMITED,GRIDBEYOND LIMITED,OCTOPUS ENERGY LIMITED,OAKTREE POWER LIMITED,BRITISH GAS TRADING LIMITED"
04/09/2025,20:30,21:00,385,Live,0,All Providers,"ENGIE POWER LIMITED,AXLE ENERGY LIMITED,GALLAGHER AGGREGATES LIMITED,AMP (via Urban Reserve (AssetCo 2) Limited),UTILITA ENERGY LIMITED,GRIDIMP LTD,PERSE TECHNOLOGY LIMITED,SSE DIGITAL SERVICES LIMITED,AMP (via Urban Reserve (AssetCo) Limited),INFINIS LIMITED,EQUIWATT LIMITED,AFFECT ENERGY LTD,HILDEBRAND TECHNOLOGY LIMITED,GRIDBEYOND LIMITED,OCTOPUS ENERGY LIMITED,OAKTREE POWER LIMITED,BRITISH GAS TRADING LIMITED"
03/09/2025,18:00,18:30,500,Live,0,All Providers,"ENGIE POWER LIMITED,AXLE ENERGY LIMITED,GALLAGHER AGGREGATES LIMITED,AMP (via Urban Reserve (AssetCo 2) Limited),UTILITA ENERGY LIMITED,GRIDIMP LTD,PERSE TECHNOLOGY LIMITED,SSE DIGITAL SERVICES LIMITED,AMP (via Urban Reserve (AssetCo) Limited),INFINIS LIMITED,EQUIWATT LIMITED,AFFECT ENERGY LTD,HILDEBRAND TECHNOLOGY LIMITED,GRIDBEYOND LIMITED,OCTOPUS ENERGY LIMITED,OAKTREE POWER LIMITED,BRITISH GAS TRADING LIMITED"
03/09/2025,18:30,19:00,500,Live,0,All Providers,"ENGIE POWER LIMITED,AXLE ENERGY LIMITED,GALLAGHER AGGREGATES LIMITED,AMP (via Urban Reserve (AssetCo 2) Limited),UTILITA ENERGY LIMITED,GRIDIMP LTD,PERSE TECHNOLOGY LIMITED,SSE DIGITAL SERVICES LIMITED,AMP (via Urban Reserve (AssetCo) Limited),INFINIS LIMITED,EQUIWATT LIMITED,AFFECT ENERGY LTD,HILDEBRAND TECHNOLOGY LIMITED,GRIDBEYOND LIMITED,OCTOPUS ENERGY LIMITED,OAKTREE POWER LIMITED,BRITISH GAS TRADING LIMITED"
03/09/2025,19:00,19:30,500,Live,0,All Providers,"ENGIE POWER LIMITED,AXLE ENERGY LIMITED,GALLAGHER AGGREGATES LIMITED,AMP (via Urban Reserve (AssetCo 2) Limited),UTILITA ENERGY LIMITED,GRIDIMP LTD,PERSE TECHNOLOGY LIMITED,SSE DIGITAL SERVICES LIMITED,AMP (via Urban Reserve (AssetCo) Limited),INFINIS LIMITED,EQUIWATT LIMITED,AFFECT ENERGY LTD,HILDEBRAND TECHNOLOGY LIMITED,GRIDBEYOND LIMITED,OCTOPUS ENERGY LIMITED,OAKTREE POWER LIMITED,BRITISH GAS TRADING LIMITED"
03/09/2025,19:30,20:00,500,Live,0,All Providers,"ENGIE POWER LIMITED,AXLE ENERGY LIMITED,GALLAGHER AGGREGATES LIMITED,AMP (via Urban Reserve (AssetCo 2) Limited),UTILITA ENERGY LIMITED,GRIDIMP LTD,PERSE TECHNOLOGY LIMITED,SSE DIGITAL SERVICES LIMITED,AMP (via Urban Reserve (AssetCo) Limited),INFINIS LIMITED,EQUIWATT LIMITED,AFFECT ENERGY LTD,HILDEBRAND TECHNOLOGY LIMITED,GRIDBEYOND LIMITED,OCTOPUS ENERGY LIMITED,OAKTREE POWER LIMITED,BRITISH GAS TRADING LIMITED"
03/09/2025,20:00,20:30,500,Live,0,All Providers,"ENGIE POWER LIMITED,AXLE ENERGY LIMITED,GALLAGHER AGGREGATES LIMITED,AMP (via Urban Reserve (AssetCo 2) Limited),UTILITA ENERGY LIMITED,GRIDIMP LTD,PERSE TECHNOLOGY LIMITED,SSE DIGITAL SERVICES LIMITED,AMP (via Urban Reserve (AssetCo) Limited),INFINIS LIMITED,EQUIWATT LIMITED,AFFECT ENERGY LTD,HILDEBRAND TECHNOLOGY LIMITED,GRIDBEYOND LIMITED,OCTOPUS ENERGY LIMITED,OAKTREE POWER LIMITED,BRITISH GAS TRADING LIMITED"
03/09/2025,20:30,21:00,500,Live,0,All Providers,"ENGIE POWER LIMITED,AXLE ENERGY LIMITED,GALLAGHER AGGREGATES LIMITED,AMP (via Urban Reserve (AssetCo 2) Limited),UTILITA ENERGY LIMITED,GRIDIMP LTD,PERSE TECHNOLOGY LIMITED,SSE DIGITAL SERVICES LIMITED,AMP (via Urban Reserve (AssetCo) Limited),INFINIS LIMITED,EQUIWATT LIMITED,AFFECT ENERGY LTD,HILDEBRAND TECHNOLOGY LIMITED,GRIDBEYOND LIMITED,OCTOPUS ENERGY LIMITED,OAKTREE POWER LIMITED,BRITISH GAS TRADING LIMITED"
02/09/2025,17:00,17:30,500,Live,0,All Providers,"ENGIE POWER LIMITED,AXLE ENERGY LIMITED,GALLAGHER AGGREGATES LIMITED,AMP (via Urban Reserve (AssetCo 2) Limited),UTILITA ENERGY LIMITED,GRIDIMP LTD,PERSE TECHNOLOGY LIMITED,SSE DIGITAL SERVICES LIMITED,AMP (via Urban Reserve (AssetCo) Limited),INFINIS LIMITED,EQUIWATT LIMITED,AFFECT ENERGY LTD,HILDEBRAND TECHNOLOGY LIMITED,GRIDBEYOND LIMITED,OCTOPUS ENERGY LIMITED,OAKTREE POWER LIMITED,BRITISH GAS TRADING LIMITED"
02/09/2025,17:30,18:00,500,Live,0,All Providers,"ENGIE POWER LIMITED,AXLE ENERGY LIMITED,GALLAGHER AGGREGATES LIMITED,AMP (via Urban Reserve (AssetCo 2) Limited),UTILITA ENERGY LIMITED,GRIDIMP LTD,PERSE TECHNOLOGY LIMITED,SSE DIGITAL SERVICES LIMITED,AMP (via Urban Reserve (AssetCo) Limited),INFINIS LIMITED,EQUIWATT LIMITED,AFFECT ENERGY LTD,HILDEBRAND TECHNOLOGY LIMITED,GRIDBEYOND LIMITED,OCTOPUS ENERGY LIMITED,OAKTREE POWER LIMITED,BRITISH GAS TRADING LIMITED"
02/09/2025,18:00,18:30,500,Live,0,All Providers,"ENGIE POWER LIMITED,AXLE ENERGY LIMITED,GALLAGHER AGGREGATES LIMITED,AMP (via Urban Reserve (AssetCo 2) Limited),UTILITA ENERGY LIMITED,GRIDIMP LTD,PERSE TECHNOLOGY LIMITED,SSE DIGITAL SERVICES LIMITED,AMP (via Urban Reserve (AssetCo) Limited),INFINIS LIMITED,EQUIWATT LIMITED,AFFECT ENERGY LTD,HILDEBRAND TECHNOLOGY LIMITED,GRIDBEYOND LIMITED,OCTOPUS ENERGY LIMITED,OAKTREE POWER LIMITED,BRITISH GAS TRADING LIMITED"
02/09/2025,18:30,19:00,500,Live,0,All Providers,"ENGIE POWER LIMITED,AXLE ENERGY LIMITED,GALLAGHER AGGREGATES LIMITED,AMP (via Urban Reserve (AssetCo 2) Limited),UTILITA ENERGY LIMITED,GRIDIMP LTD,PERSE TECHNOLOGY LIMITED,SSE DIGITAL SERVICES LIMITED,AMP (via Urban Reserve (AssetCo) Limited),INFINIS LIMITED,EQUIWATT LIMITED,AFFECT ENERGY LTD,HILDEBRAND TECHNOLOGY LIMITED,GRIDBEYOND LIMITED,OCTOPUS ENERGY LIMITED,OAKTREE POWER LIMITED,BRITISH GAS TRADING LIMITED"
02/09/2025,19:00,19:30,500,Live,0,All Providers,"ENGIE POWER LIMITED,AXLE ENERGY LIMITED,GALLAGHER AGGREGATES LIMITED,AMP (via Urban Reserve (AssetCo 2) Limited),UTILITA ENERGY LIMITED,GRIDIMP LTD,PERSE TECHNOLOGY LIMITED,SSE DIGITAL SERVICES LIMITED,AMP (via Urban Reserve (AssetCo) Limited),INFINIS LIMITED,EQUIWATT LIMITED,AFFECT ENERGY LTD,HILDEBRAND TECHNOLOGY LIMITED,GRIDBEYOND LIMITED,OCTOPUS ENERGY LIMITED,OAKTREE POWER LIMITED,BRITISH GAS TRADING LIMITED"
02/09/2025,19:30,20:00,500,Live,0,All Providers,"ENGIE POWER LIMITED,AXLE ENERGY LIMITED,GALLAGHER AGGREGATES LIMITED,AMP (via Urban Reserve (AssetCo 2) Limited),UTILITA ENERGY LIMITED,GRIDIMP LTD,PERSE TECHNOLOGY LIMITED,SSE DIGITAL SERVICES LIMITED,AMP (via Urban Reserve (AssetCo) Limited),INFINIS LIMITED,EQUIWATT LIMITED,AFFECT ENERGY LTD,HILDEBRAND TECHNOLOGY LIMITED,GRIDBEYOND LIMITED,OCTOPUS ENERGY LIMITED,OAKTREE POWER LIMITED,BRITISH GAS TRADING LIMITED"
02/09/2025,20:00,20:30,500,Live,0,All Providers,"ENGIE POWER LIMITED,AXLE ENERGY LIMITED,GALLAGHER AGGREGATES LIMITED,AMP (via Urban Reserve (AssetCo 2) Limited),UTILITA ENERGY LIMITED,GRIDIMP LTD,PERSE TECHNOLOGY LIMITED,SSE DIGITAL SERVICES LIMITED,AMP (via Urban Reserve (AssetCo) Limited),INFINIS LIMITED,EQUIWATT LIMITED,AFFECT ENERGY LTD,HILDEBRAND TECHNOLOGY LIMITED,GRIDBEYOND LIMITED,OCTOPUS ENERGY LIMITED,OAKTREE POWER LIMITED,BRITISH GAS TRADING LIMITED"
02/09/2025,20:30,21:00,500,Live,0,All Providers,"ENGIE POWER LIMITED,AXLE ENERGY LIMITED,GALLAGHER AGGREGATES LIMITED,AMP (via Urban Reserve (AssetCo 2) Limited),UTILITA ENERGY LIMITED,GRIDIMP LTD,PERSE TECHNOLOGY LIMITED,SSE DIGITAL SERVICES LIMITED,AMP (via Urban Reserve (AssetCo) Limited),INFINIS LIMITED,EQUIWATT LIMITED,AFFECT ENERGY LTD,HILDEBRAND TECHNOLOGY LIMITED,GRIDBEYOND LIMITED,OCTOPUS ENERGY LIMITED,OAKTREE POWER LIMITED,BRITISH GAS TRADING LIMITED"
01/09/2025,16:00,16:30,500,Live,0,All Providers,"ENGIE POWER LIMITED,AXLE ENERGY LIMITED,GALLAGHER AGGREGATES LIMITED,AMP (via Urban Reserve (AssetCo 2) Limited),UTILITA ENERGY LIMITED,GRIDIMP LTD,PERSE TECHNOLOGY LIMITED,SSE DIGITAL SERVICES LIMITED,AMP (via Urban Reserve (AssetCo) Limited),INFINIS LIMITED,EQUIWATT LIMITED,AFFECT ENERGY LTD,HILDEBRAND TECHNOLOGY LIMITED,GRIDBEYOND LIMITED,OCTOPUS ENERGY LIMITED,OAKTREE POWER LIMITED,BRITISH GAS TRADING LIMITED"
01/09/2025,16:30,17:00,500,Live,0,All Providers,"ENGIE POWER LIMITED,AXLE ENERGY LIMITED,GALLAGHER AGGREGATES LIMITED,AMP (via Urban Reserve (AssetCo 2) Limited),UTILITA ENERGY LIMITED,GRIDIMP LTD,PERSE TECHNOLOGY LIMITED,SSE DIGITAL SERVICES LIMITED,AMP (via Urban Reserve (AssetCo) Limited),INFINIS LIMITED,EQUIWATT LIMITED,AFFECT ENERGY LTD,HILDEBRAND TECHNOLOGY LIMITED,GRIDBEYOND LIMITED,OCTOPUS ENERGY LIMITED,OAKTREE POWER LIMITED,BRITISH GAS TRADING LIMITED"
01/09/2025,17:00,17:30,500,Live,0,All Providers,"ENGIE POWER LIMITED,AXLE ENERGY LIMITED,GALLAGHER AGGREGATES LIMITED,AMP (via Urban Reserve (AssetCo 2) Limited),UTILITA ENERGY LIMITED,GRIDIMP LTD,PERSE TECHNOLOGY LIMITED,SSE DIGITAL SERVICES LIMITED,AMP (via Urban Reserve (AssetCo) Limited),INFINIS LIMITED,EQUIWATT LIMITED,AFFECT ENERGY LTD,HILDEBRAND TECHNOLOGY LIMITED,GRIDBEYOND LIMITED,OCTOPUS ENERGY LIMITED,OAKTREE POWER LIMITED,BRITISH GAS TRADING LIMITED"
01/09/2025,17:30,18:00,500,Live,0,All Providers,"ENGIE POWER LIMITED,AXLE ENERGY LIMITED,GALLAGHER AGGREGATES LIMITED,AMP (via Urban Reserve (AssetCo 2) Limited),UTILITA ENERGY LIMITED,GRIDIMP LTD,PERSE TECHNOLOGY LIMITED,SSE DIGITAL SERVICES LIMITED,AMP (via Urban Reserve (AssetCo) Limited),INFINIS LIMITED,EQUIWATT LIMITED,AFFECT ENERGY LTD,HILDEBRAND TECHNOLOGY LIMITED,GRIDBEYOND LIMITED,OCTOPUS ENERGY LIMITED,OAKTREE POWER LIMITED,BRITISH GAS TRADING LIMITED"
01/09/2025,18:00,18:30,500,Live,0,All Providers,"ENGIE POWER LIMITED,AXLE ENERGY LIMITED,GALLAGHER AGGREGATES LIMITED,AMP (via Urban Reserve (AssetCo 2) Limited),UTILITA ENERGY LIMITED,GRIDIMP LTD,PERSE TECHNOLOGY LIMITED,SSE DIGITAL SERVICES LIMITED,AMP (via Urban Reserve (AssetCo) Limited),INFINIS LIMITED,EQUIWATT LIMITED,AFFECT ENERGY LTD,HILDEBRAND TECHNOLOGY LIMITED,GRIDBEYOND LIMITED,OCTOPUS ENERGY LIMITED,OAKTREE POWER LIMITED,BRITISH GAS TRADING LIMITED"
01/09/2025,18:30,19:00,500,Live,0,All Providers,"ENGIE POWER LIMITED,AXLE ENERGY LIMITED,GALLAGHER AGGREGATES LIMITED,AMP (via Urban Reserve (AssetCo 2) Limited),UTILITA ENERGY LIMITED,GRIDIMP LTD,PERSE TECHNOLOGY LIMITED,SSE DIGITAL SERVICES LIMITED,AMP (via Urban Reserve (AssetCo) Limited),INFINIS LIMITED,EQUIWATT LIMITED,AFFECT ENERGY LTD,HILDEBRAND TECHNOLOGY LIMITED,GRIDBEYOND LIMITED,OCTOPUS ENERGY LIMITED,OAKTREE POWER LIMITED,BRITISH GAS TRADING LIMITED"
01/09/2025,19:00,19:30,500,Live,0,All Providers,"ENGIE POWER LIMITED,AXLE ENERGY LIMITED,GALLAGHER AGGREGATES LIMITED,AMP (via Urban Reserve (AssetCo 2) Limited),UTILITA ENERGY LIMITED,GRIDIMP LTD,PERSE TECHNOLOGY LIMITED,SSE DIGITAL SERVICES LIMITED,AMP (via Urban Reserve (AssetCo) Limited),INFINIS LIMITED,EQUIWATT LIMITED,AFFECT ENERGY LTD,HILDEBRAND TECHNOLOGY LIMITED,GRIDBEYOND LIMITED,OCTOPUS ENERGY LIMITED,OAKTREE POWER LIMITED,BRITISH GAS TRADING LIMITED"
01/09/2025,19:30,20:00,500,Live,0,All Providers,"ENGIE POWER LIMITED,AXLE ENERGY LIMITED,GALLAGHER AGGREGATES LIMITED,AMP (via Urban Reserve (AssetCo 2) Limited),UTILITA ENERGY LIMITED,GRIDIMP LTD,PERSE TECHNOLOGY LIMITED,SSE DIGITAL SERVICES LIMITED,AMP (via Urban Reserve (AssetCo) Limited),INFINIS LIMITED,EQUIWATT LIMITED,AFFECT ENERGY LTD,HILDEBRAND TECHNOLOGY LIMITED,GRIDBEYOND LIMITED,OCTOPUS ENERGY LIMITED,OAKTREE POWER LIMITED,BRITISH GAS TRADING LIMITED"
01/09/2025,20:00,20:30,500,Live,0,All Providers,"ENGIE POWER LIMITED,AXLE ENERGY LIMITED,GALLAGHER AGGREGATES LIMITED,AMP (via Urban Reserve (AssetCo 2) Limited),UTILITA ENERGY LIMITED,GRIDIMP LTD,PERSE TECHNOLOGY LIMITED,SSE DIGITAL SERVICES LIMITED,AMP (via Urban Reserve (AssetCo) Limited),INFINIS LIMITED,EQUIWATT LIMITED,AFFECT ENERGY LTD,HILDEBRAND TECHNOLOGY LIMITED,GRIDBEYOND LIMITED,OCTOPUS ENERGY LIMITED,OAKTREE POWER LIMITED,BRITISH GAS TRADING LIMITED"
01/09/2025,20:30,21:00,500,Live,0,All Providers,"ENGIE POWER LIMITED,AXLE ENERGY LIMITED,GALLAGHER AGGREGATES LIMITED,AMP (via Urban Reserve (AssetCo 2) Limited),UTILITA ENERGY LIMITED,GRIDIMP LTD,PERSE TECHNOLOGY LIMITED,SSE DIGITAL SERVICES LIMITED,AMP (via Urban Reserve (AssetCo) Limited),INFINIS LIMITED,EQUIWATT LIMITED,AFFECT ENERGY LTD,HILDEBRAND TECHNOLOGY LIMITED,GRIDBEYOND LIMITED,OCTOPUS ENERGY LIMITED,OAKTREE POWER LIMITED,BRITISH GAS TRADING LIMITED"
01/09/2025,21:00,21:30,500,Live,0,All Providers,"ENGIE POWER LIMITED,AXLE ENERGY LIMITED,GALLAGHER AGGREGATES LIMITED,AMP (via Urban Reserve (AssetCo 2) Limited),UTILITA ENERGY LIMITED,GRIDIMP LTD,PERSE TECHNOLOGY LIMITED,SSE DIGITAL SERVICES LIMITED,AMP (via Urban Reserve (AssetCo) Limited),INFINIS LIMITED,EQUIWATT LIMITED,AFFECT ENERGY LTD,HILDEBRAND TECHNOLOGY LIMITED,GRIDBEYOND LIMITED,OCTOPUS ENERGY LIMITED,OAKTREE POWER LIMITED,BRITISH GAS TRADING LIMITED"
01/09/2025,21:30,22:00,500,Live,0,All Providers,"ENGIE POWER LIMITED,AXLE ENERGY LIMITED,GALLAGHER AGGREGATES LIMITED,AMP (via Urban Reserve (AssetCo 2) Limited),UTILITA ENERGY LIMITED,GRIDIMP LTD,PERSE TECHNOLOGY LIMITED,SSE DIGITAL SERVICES LIMITED,AMP (via Urban Reserve (AssetCo) Limited),INFINIS LIMITED,EQUIWATT LIMITED,AFFECT ENERGY LTD,HILDEBRAND TECHNOLOGY LIMITED,GRIDBEYOND LIMITED,OCTOPUS ENERGY LIMITED,OAKTREE POWER LIMITED,BRITISH GAS TRADING LIMITED"
26/08/2025,16:00,16:30,500,Live,0,All Providers,"ENGIE POWER LIMITED,AXLE ENERGY LIMITED,GALLAGHER AGGREGATES LIMITED,AMP (via Urban Reserve (AssetCo 2) Limited),UTILITA ENERGY LIMITED,GRIDIMP LTD,PERSE TECHNOLOGY LIMITED,SSE DIGITAL SERVICES LIMITED,AMP (via Urban Reserve (AssetCo) Limited),INFINIS LIMITED,EQUIWATT LIMITED,AFFECT ENERGY LTD,HILDEBRAND TECHNOLOGY LIMITED,GRIDBEYOND LIMITED,OCTOPUS ENERGY LIMITED,OAKTREE POWER LIMITED,BRITISH GAS TRADING LIMITED"
26/08/2025,16:30,17:00,500,Live,0,All Providers,"ENGIE POWER LIMITED,AXLE ENERGY LIMITED,GALLAGHER AGGREGATES LIMITED,AMP (via Urban Reserve (AssetCo 2) Limited),UTILITA ENERGY LIMITED,GRIDIMP LTD,PERSE TECHNOLOGY LIMITED,SSE DIGITAL SERVICES LIMITED,AMP (via Urban Reserve (AssetCo) Limited),INFINIS LIMITED,EQUIWATT LIMITED,AFFECT ENERGY LTD,HILDEBRAND TECHNOLOGY LIMITED,GRIDBEYOND LIMITED,OCTOPUS ENERGY LIMITED,OAKTREE POWER LIMITED,BRITISH GAS TRADING LIMITED"
26/08/2025,17:00,17:30,500,Live,0,All Providers,"ENGIE POWER LIMITED,AXLE ENERGY LIMITED,GALLAGHER AGGREGATES LIMITED,AMP (via Urban Reserve (AssetCo 2) Limited),UTILITA ENERGY LIMITED,GRIDIMP LTD,PERSE TECHNOLOGY LIMITED,SSE DIGITAL SERVICES LIMITED,AMP (via Urban Reserve (AssetCo) Limited),INFINIS LIMITED,EQUIWATT LIMITED,AFFECT ENERGY LTD,HILDEBRAND TECHNOLOGY LIMITED,GRIDBEYOND LIMITED,OCTOPUS ENERGY LIMITED,OAKTREE POWER LIMITED,BRITISH GAS TRADING LIMITED"
26/08/2025,17:30,18:00,500,Live,0,All Providers,"ENGIE POWER LIMITED,AXLE ENERGY LIMITED,GALLAGHER AGGREGATES LIMITED,AMP (via Urban Reserve (AssetCo 2) Limited),UTILITA ENERGY LIMITED,GRIDIMP LTD,PERSE TECHNOLOGY LIMITED,SSE DIGITAL SERVICES LIMITED,AMP (via Urban Reserve (AssetCo) Limited),INFINIS LIMITED,EQUIWATT LIMITED,AFFECT ENERGY LTD,HILDEBRAND TECHNOLOGY LIMITED,GRIDBEYOND LIMITED,OCTOPUS ENERGY LIMITED,OAKTREE POWER LIMITED,BRITISH GAS TRADING LIMITED"
26/08/2025,18:00,18:30,500,Live,0,All Providers,"ENGIE POWER LIMITED,AXLE ENERGY LIMITED,GALLAGHER AGGREGATES LIMITED,AMP (via Urban Reserve (AssetCo 2) Limited),UTILITA ENERGY LIMITED,GRIDIMP LTD,PERSE TECHNOLOGY LIMITED,SSE DIGITAL SERVICES LIMITED,AMP (via Urban Reserve (AssetCo) Limited),INFINIS LIMITED,EQUIWATT LIMITED,AFFECT ENERGY LTD,HILDEBRAND TECHNOLOGY LIMITED,GRIDBEYOND LIMITED,OCTOPUS ENERGY LIMITED,OAKTREE POWER LIMITED,BRITISH GAS TRADING LIMITED"
26/08/2025,18:30,19:00,500,Live,0,All Providers,"ENGIE POWER LIMITED,AXLE ENERGY LIMITED,GALLAGHER AGGREGATES LIMITED,AMP (via Urban Reserve (AssetCo 2) Limited),UTILITA ENERGY LIMITED,GRIDIMP LTD,PERSE TECHNOLOGY LIMITED,SSE DIGITAL SERVICES LIMITED,AMP (via Urban Reserve (AssetCo) Limited),INFINIS LIMITED,EQUIWATT LIMITED,AFFECT ENERGY LTD,HILDEBRAND TECHNOLOGY LIMITED,GRIDBEYOND LIMITED,OCTOPUS ENERGY LIMITED,OAKTREE POWER LIMITED,BRITISH GAS TRADING LIMITED"
26/08/2025,19:00,19:30,500,Live,0,All Providers,"ENGIE POWER LIMITED,AXLE ENERGY LIMITED,GALLAGHER AGGREGATES LIMITED,AMP (via Urban Reserve (AssetCo 2) Limited),UTILITA ENERGY LIMITED,GRIDIMP LTD,PERSE TECHNOLOGY LIMITED,SSE DIGITAL SERVICES LIMITED,AMP (via Urban Reserve (AssetCo) Limited),INFINIS LIMITED,EQUIWATT LIMITED,AFFECT ENERGY LTD,HILDEBRAND TECHNOLOGY LIMITED,GRIDBEYOND LIMITED,OCTOPUS ENERGY LIMITED,OAKTREE POWER LIMITED,BRITISH GAS TRADING LIMITED"
26/08/2025,19:30,20:00,500,Live,0,All Providers,"ENGIE POWER LIMITED,AXLE ENERGY LIMITED,GALLAGHER AGGREGATES LIMITED,AMP (via Urban Reserve (AssetCo 2) Limited),UTILITA ENERGY LIMITED,GRIDIMP LTD,PERSE TECHNOLOGY LIMITED,SSE DIGITAL SERVICES LIMITED,AMP (via Urban Reserve (AssetCo) Limited),INFINIS LIMITED,EQUIWATT LIMITED,AFFECT ENERGY LTD,HILDEBRAND TECHNOLOGY LIMITED,GRIDBEYOND LIMITED,OCTOPUS ENERGY LIMITED,OAKTREE POWER LIMITED,BRITISH GAS TRADING LIMITED"
26/08/2025,20:00,20:30,500,Live,0,All Providers,"ENGIE POWER LIMITED,AXLE ENERGY LIMITED,GALLAGHER AGGREGATES LIMITED,AMP (via Urban Reserve (AssetCo 2) Limited),UTILITA ENERGY LIMITED,GRIDIMP LTD,PERSE TECHNOLOGY LIMITED,SSE DIGITAL SERVICES LIMITED,AMP (via Urban Reserve (AssetCo) Limited),INFINIS LIMITED,EQUIWATT LIMITED,AFFECT ENERGY LTD,HILDEBRAND TECHNOLOGY LIMITED,GRIDBEYOND LIMITED,OCTOPUS ENERGY LIMITED,OAKTREE POWER LIMITED,BRITISH GAS TRADING LIMITED"
26/08/2025,20:30,21:00,500,Live,0,All Providers,"ENGIE POWER LIMITED,AXLE ENERGY LIMITED,GALLAGHER AGGREGATES LIMITED,AMP (via Urban Reserve (AssetCo 2) Limited),UTILITA ENERGY LIMITED,GRIDIMP LTD,PERSE TECHNOLOGY LIMITED,SSE DIGITAL SERVICES LIMITED,AMP (via Urban Reserve (AssetCo) Limited),INFINIS LIMITED,EQUIWATT LIMITED,AFFECT ENERGY LTD,HILDEBRAND TECHNOLOGY LIMITED,GRIDBEYOND LIMITED,OCTOPUS ENERGY LIMITED,OAKTREE POWER LIMITED,BRITISH GAS TRADING LIMITED"
20/08/2025,18:00,18:30,500,Live,0,All Providers,"ENGIE POWER LIMITED,AXLE ENERGY LIMITED,GALLAGHER AGGREGATES LIMITED,AMP (via Urban Reserve (AssetCo 2) Limited),UTILITA ENERGY LIMITED,GRIDIMP LTD,PERSE TECHNOLOGY LIMITED,SSE DIGITAL SERVICES LIMITED,AMP (via Urban Reserve (AssetCo) Limited),INFINIS LIMITED,EQUIWATT LIMITED,AFFECT ENERGY LTD,HILDEBRAND TECHNOLOGY LIMITED,GRIDBEYOND LIMITED,OCTOPUS ENERGY LIMITED,OAKTREE POWER LIMITED,BRITISH GAS TRADING LIMITED"
20/08/2025,18:30,19:00,500,Live,0,All Providers,"ENGIE POWER LIMITED,AXLE ENERGY LIMITED,GALLAGHER AGGREGATES LIMITED,AMP (via Urban Reserve (AssetCo 2) Limited),UTILITA ENERGY LIMITED,GRIDIMP LTD,PERSE TECHNOLOGY LIMITED,SSE DIGITAL SERVICES LIMITED,AMP (via Urban Reserve (AssetCo) Limited),INFINIS LIMITED,EQUIWATT LIMITED,AFFECT ENERGY LTD,HILDEBRAND TECHNOLOGY LIMITED,GRIDBEYOND LIMITED,OCTOPUS ENERGY LIMITED,OAKTREE POWER LIMITED,BRITISH GAS TRADING LIMITED"
20/08/2025,19:00,19:30,500,Live,0,All Providers,"ENGIE POWER LIMITED,AXLE ENERGY LIMITED,GALLAGHER AGGREGATES LIMITED,AMP (via Urban Reserve (AssetCo 2) Limited),UTILITA ENERGY LIMITED,GRIDIMP LTD,PERSE TECHNOLOGY LIMITED,SSE DIGITAL SERVICES LIMITED,AMP (via Urban Reserve (AssetCo) Limited),INFINIS LIMITED,EQUIWATT LIMITED,AFFECT ENERGY LTD,HILDEBRAND TECHNOLOGY LIMITED,GRIDBEYOND LIMITED,OCTOPUS ENERGY LIMITED,OAKTREE POWER LIMITED,BRITISH GAS TRADING LIMITED"
20/08/2025,19:30,20:00,500,Live,0,All Providers,"ENGIE POWER LIMITED,AXLE ENERGY LIMITED,GALLAGHER AGGREGATES LIMITED,AMP (via Urban Reserve (AssetCo 2) Limited),UTILITA ENERGY LIMITED,GRIDIMP LTD,PERSE TECHNOLOGY LIMITED,SSE DIGITAL SERVICES LIMITED,AMP (via Urban Reserve (AssetCo) Limited),INFINIS LIMITED,EQUIWATT LIMITED,AFFECT ENERGY LTD,HILDEBRAND TECHNOLOGY LIMITED,GRIDBEYOND LIMITED,OCTOPUS ENERGY LIMITED,OAKTREE POWER LIMITED,BRITISH GAS TRADING LIMITED"
18/08/2025,18:00,18:30,500,Live,0,All Providers,"ENGIE POWER LIMITED,AXLE ENERGY LIMITED,GALLAGHER AGGREGATES LIMITED,AMP (via Urban Reserve (AssetCo 2) Limited),UTILITA ENERGY LIMITED,GRIDIMP LTD,PERSE TECHNOLOGY LIMITED,SSE DIGITAL SERVICES LIMITED,AMP (via Urban Reserve (AssetCo) Limited),INFINIS LIMITED,EQUIWATT LIMITED,HILDEBRAND TECHNOLOGY LIMITED,GRIDBEYOND LIMITED,OCTOPUS ENERGY LIMITED,OAKTREE POWER LIMITED,BRITISH GAS TRADING LIMITED"
18/08/2025,18:30,19:00,500,Live,0,All Providers,"ENGIE POWER LIMITED,AXLE ENERGY LIMITED,GALLAGHER AGGREGATES LIMITED,AMP (via Urban Reserve (AssetCo 2) Limited),UTILITA ENERGY LIMITED,GRIDIMP LTD,PERSE TECHNOLOGY LIMITED,SSE DIGITAL SERVICES LIMITED,AMP (via Urban Reserve (AssetCo) Limited),INFINIS LIMITED,EQUIWATT LIMITED,HILDEBRAND TECHNOLOGY LIMITED,GRIDBEYOND LIMITED,OCTOPUS ENERGY LIMITED,OAKTREE POWER LIMITED,BRITISH GAS TRADING LIMITED"
18/08/2025,19:00,19:30,500,Live,0,All Providers,"ENGIE POWER LIMITED,AXLE ENERGY LIMITED,GALLAGHER AGGREGATES LIMITED,AMP (via Urban Reserve (AssetCo 2) Limited),UTILITA ENERGY LIMITED,GRIDIMP LTD,PERSE TECHNOLOGY LIMITED,SSE DIGITAL SERVICES LIMITED,AMP (via Urban Reserve (AssetCo) Limited),INFINIS LIMITED,EQUIWATT LIMITED,HILDEBRAND TECHNOLOGY LIMITED,GRIDBEYOND LIMITED,OCTOPUS ENERGY LIMITED,OAKTREE POWER LIMITED,BRITISH GAS TRADING LIMITED"
18/08/2025,19:30,20:00,500,Live,0,All Providers,"ENGIE POWER LIMITED,AXLE ENERGY LIMITED,GALLAGHER AGGREGATES LIMITED,AMP (via Urban Reserve (AssetCo 2) Limited),UTILITA ENERGY LIMITED,GRIDIMP LTD,PERSE TECHNOLOGY LIMITED,SSE DIGITAL SERVICES LIMITED,AMP (via Urban Reserve (AssetCo) Limited),INFINIS LIMITED,EQUIWATT LIMITED,HILDEBRAND TECHNOLOGY LIMITED,GRIDBEYOND LIMITED,OCTOPUS ENERGY LIMITED,OAKTREE POWER LIMITED,BRITISH GAS TRADING LIMITED"
18/08/2025,20:00,20:30,500,Live,0,All Providers,"ENGIE POWER LIMITED,AXLE ENERGY LIMITED,GALLAGHER AGGREGATES LIMITED,AMP (via Urban Reserve (AssetCo 2) Limited),UTILITA ENERGY LIMITED,GRIDIMP LTD,PERSE TECHNOLOGY LIMITED,SSE DIGITAL SERVICES LIMITED,AMP (via Urban Reserve (AssetCo) Limited),INFINIS LIMITED,EQUIWATT LIMITED,HILDEBRAND TECHNOLOGY LIMITED,GRIDBEYOND LIMITED,OCTOPUS ENERGY LIMITED,OAKTREE POWER LIMITED,BRITISH GAS TRADING LIMITED"
18/08/2025,20:30,21:00,500,Live,0,All Providers,"ENGIE POWER LIMITED,AXLE ENERGY LIMITED,GALLAGHER AGGREGATES LIMITED,AMP (via Urban Reserve (AssetCo 2) Limited),UTILITA ENERGY LIMITED,GRIDIMP LTD,PERSE TECHNOLOGY LIMITED,SSE DIGITAL SERVICES LIMITED,AMP (via Urban Reserve (AssetCo) Limited),INFINIS LIMITED,EQUIWATT LIMITED,HILDEBRAND TECHNOLOGY LIMITED,GRIDBEYOND LIMITED,OCTOPUS ENERGY LIMITED,OAKTREE POWER LIMITED,BRITISH GAS TRADING LIMITED"
15/08/2025,18:00,18:30,500,Live,0,All Providers,"ENGIE POWER LIMITED,AXLE ENERGY LIMITED,GALLAGHER AGGREGATES LIMITED,AMP (via Urban Reserve (AssetCo 2) Limited),UTILITA ENERGY LIMITED,GRIDIMP LTD,PERSE TECHNOLOGY LIMITED,SSE DIGITAL SERVICES LIMITED,AMP (via Urban Reserve (AssetCo) Limited),INFINIS LIMITED,EQUIWATT LIMITED,HILDEBRAND TECHNOLOGY LIMITED,GRIDBEYOND LIMITED,OCTOPUS ENERGY LIMITED,OAKTREE POWER LIMITED,BRITISH GAS TRADING LIMITED"
15/08/2025,18:30,19:00,500,Live,0,All Providers,"ENGIE POWER LIMITED,AXLE ENERGY LIMITED,GALLAGHER AGGREGATES LIMITED,AMP (via Urban Reserve (AssetCo 2) Limited),UTILITA ENERGY LIMITED,GRIDIMP LTD,PERSE TECHNOLOGY LIMITED,SSE DIGITAL SERVICES LIMITED,AMP (via Urban Reserve (AssetCo) Limited),INFINIS LIMITED,EQUIWATT LIMITED,HILDEBRAND TECHNOLOGY LIMITED,GRIDBEYOND LIMITED,OCTOPUS ENERGY LIMITED,OAKTREE POWER LIMITED,BRITISH GAS TRADING LIMITED"
15/08/2025,19:00,19:30,350,Live,0,All Providers,"ENGIE POWER LIMITED,AXLE ENERGY LIMITED,GALLAGHER AGGREGATES LIMITED,AMP (via Urban Reserve (AssetCo 2) Limited),UTILITA ENERGY LIMITED,GRIDIMP LTD,PERSE TECHNOLOGY LIMITED,SSE DIGITAL SERVICES LIMITED,AMP (via Urban Reserve (AssetCo) Limited),INFINIS LIMITED,EQUIWATT LIMITED,HILDEBRAND TECHNOLOGY LIMITED,GRIDBEYOND LIMITED,OCTOPUS ENERGY LIMITED,OAKTREE POWER LIMITED,BRITISH GAS TRADING LIMITED"
15/08/2025,19:30,20:00,350,Live,0,All Providers,"ENGIE POWER LIMITED,AXLE ENERGY LIMITED,GALLAGHER AGGREGATES LIMITED,AMP (via Urban Reserve (AssetCo 2) Limited),UTILITA ENERGY LIMITED,GRIDIMP LTD,PERSE TECHNOLOGY LIMITED,SSE DIGITAL SERVICES LIMITED,AMP (via Urban Reserve (AssetCo) Limited),INFINIS LIMITED,EQUIWATT LIMITED,HILDEBRAND TECHNOLOGY LIMITED,GRIDBEYOND LIMITED,OCTOPUS ENERGY LIMITED,OAKTREE POWER LIMITED,BRITISH GAS TRADING LIMITED"
14/08/2025,19:00,19:30,500,Live,0,All Providers,"ENGIE POWER LIMITED,AXLE ENERGY LIMITED,GALLAGHER AGGREGATES LIMITED,AMP (via Urban Reserve (AssetCo 2) Limited),UTILITA ENERGY LIMITED,GRIDIMP LTD,PERSE TECHNOLOGY LIMITED,SSE DIGITAL SERVICES LIMITED,AMP (via Urban Reserve (AssetCo) Limited),INFINIS LIMITED,EQUIWATT LIMITED,HILDEBRAND TECHNOLOGY LIMITED,GRIDBEYOND LIMITED,OCTOPUS ENERGY LIMITED,OAKTREE POWER LIMITED,BRITISH GAS TRADING LIMITED"
14/08/2025,19:30,20:00,500,Live,0,All Providers,"ENGIE POWER LIMITED,AXLE ENERGY LIMITED,GALLAGHER AGGREGATES LIMITED,AMP (via Urban Reserve (AssetCo 2) Limited),UTILITA ENERGY LIMITED,GRIDIMP LTD,PERSE TECHNOLOGY LIMITED,SSE DIGITAL SERVICES LIMITED,AMP (via Urban Reserve (AssetCo) Limited),INFINIS LIMITED,EQUIWATT LIMITED,HILDEBRAND TECHNOLOGY LIMITED,GRIDBEYOND LIMITED,OCTOPUS ENERGY LIMITED,OAKTREE POWER LIMITED,BRITISH GAS TRADING LIMITED"
14/08/2025,20:00,20:30,500,Live,0,All Providers,"ENGIE POWER LIMITED,AXLE ENERGY LIMITED,GALLAGHER AGGREGATES LIMITED,AMP (via Urban Reserve (AssetCo 2) Limited),UTILITA ENERGY LIMITED,GRIDIMP LTD,PERSE TECHNOLOGY LIMITED,SSE DIGITAL SERVICES LIMITED,AMP (via Urban Reserve (AssetCo) Limited),INFINIS LIMITED,EQUIWATT LIMITED,HILDEBRAND TECHNOLOGY LIMITED,GRIDBEYOND LIMITED,OCTOPUS ENERGY LIMITED,OAKTREE POWER LIMITED,BRITISH GAS TRADING LIMITED"
14/08/2025,20:30,21:00,500,Live,0,All Providers,"ENGIE POWER LIMITED,AXLE ENERGY LIMITED,GALLAGHER AGGREGATES LIMITED,AMP (via Urban Reserve (AssetCo 2) Limited),UTILITA ENERGY LIMITED,GRIDIMP LTD,PERSE TECHNOLOGY LIMITED,SSE DIGITAL SERVICES LIMITED,AMP (via Urban Reserve (AssetCo) Limited),INFINIS LIMITED,EQUIWATT LIMITED,HILDEBRAND TECHNOLOGY LIMITED,GRIDBEYOND LIMITED,OCTOPUS ENERGY LIMITED,OAKTREE POWER LIMITED,BRITISH GAS TRADING LIMITED"
11/08/2025,16:00,16:30,500,Live,0,All Providers,"ENGIE POWER LIMITED,AXLE ENERGY LIMITED,GALLAGHER AGGREGATES LIMITED,AMP (via Urban Reserve (AssetCo 2) Limited),UTILITA ENERGY LIMITED,GRIDIMP LTD,PERSE TECHNOLOGY LIMITED,SSE DIGITAL SERVICES LIMITED,AMP (via Urban Reserve (AssetCo) Limited),INFINIS LIMITED,EQUIWATT LIMITED,HILDEBRAND TECHNOLOGY LIMITED,GRIDBEYOND LIMITED,OCTOPUS ENERGY LIMITED,OAKTREE POWER LIMITED,BRITISH GAS TRADING LIMITED"
11/08/2025,16:30,17:00,500,Live,0,All Providers,"ENGIE POWER LIMITED,AXLE ENERGY LIMITED,GALLAGHER AGGREGATES LIMITED,AMP (via Urban Reserve (AssetCo 2) Limited),UTILITA ENERGY LIMITED,GRIDIMP LTD,PERSE TECHNOLOGY LIMITED,SSE DIGITAL SERVICES LIMITED,AMP (via Urban Reserve (AssetCo) Limited),INFINIS LIMITED,EQUIWATT LIMITED,HILDEBRAND TECHNOLOGY LIMITED,GRIDBEYOND LIMITED,OCTOPUS ENERGY LIMITED,OAKTREE POWER LIMITED,BRITISH GAS TRADING LIMITED"
11/08/2025,17:00,17:30,500,Live,0,All Providers,"ENGIE POWER LIMITED,AXLE ENERGY LIMITED,GALLAGHER AGGREGATES LIMITED,AMP (via Urban Reserve (AssetCo 2) Limited),UTILITA ENERGY LIMITED,GRIDIMP LTD,PERSE TECHNOLOGY LIMITED,SSE DIGITAL SERVICES LIMITED,AMP (via Urban Reserve (AssetCo) Limited),INFINIS LIMITED,EQUIWATT LIMITED,HILDEBRAND TECHNOLOGY LIMITED,GRIDBEYOND LIMITED,OCTOPUS ENERGY LIMITED,OAKTREE POWER LIMITED,BRITISH GAS TRADING LIMITED"
11/08/2025,17:30,18:00,500,Live,0,All Providers,"ENGIE POWER LIMITED,AXLE ENERGY LIMITED,GALLAGHER AGGREGATES LIMITED,AMP (via Urban Reserve (AssetCo 2) Limited),UTILITA ENERGY LIMITED,GRIDIMP LTD,PERSE TECHNOLOGY LIMITED,SSE DIGITAL SERVICES LIMITED,AMP (via Urban Reserve (AssetCo) Limited),INFINIS LIMITED,EQUIWATT LIMITED,HILDEBRAND TECHNOLOGY LIMITED,GRIDBEYOND LIMITED,OCTOPUS ENERGY LIMITED,OAKTREE POWER LIMITED,BRITISH GAS TRADING LIMITED"
11/08/2025,18:00,18:30,500,Live,0,All Providers,"ENGIE POWER LIMITED,AXLE ENERGY LIMITED,GALLAGHER AGGREGATES LIMITED,AMP (via Urban Reserve (AssetCo 2) Limited),UTILITA ENERGY LIMITED,GRIDIMP LTD,PERSE TECHNOLOGY LIMITED,SSE DIGITAL SERVICES LIMITED,AMP (via Urban Reserve (AssetCo) Limited),INFINIS LIMITED,EQUIWATT LIMITED,HILDEBRAND TECHNOLOGY LIMITED,GRIDBEYOND LIMITED,OCTOPUS ENERGY LIMITED,OAKTREE POWER LIMITED,BRITISH GAS TRADING LIMITED"
11/08/2025,18:30,19:00,500,Live,0,All Providers,"ENGIE POWER LIMITED,AXLE ENERGY LIMITED,GALLAGHER AGGREGATES LIMITED,AMP (via Urban Reserve (AssetCo 2) Limited),UTILITA ENERGY LIMITED,GRIDIMP LTD,PERSE TECHNOLOGY LIMITED,SSE DIGITAL SERVICES LIMITED,AMP (via Urban Reserve (AssetCo) Limited),INFINIS LIMITED,EQUIWATT LIMITED,HILDEBRAND TECHNOLOGY LIMITED,GRIDBEYOND LIMITED,OCTOPUS ENERGY LIMITED,OAKTREE POWER LIMITED,BRITISH GAS TRADING LIMITED"
11/08/2025,19:00,19:30,500,Live,0,All Providers,"ENGIE POWER LIMITED,AXLE ENERGY LIMITED,GALLAGHER AGGREGATES LIMITED,AMP (via Urban Reserve (AssetCo 2) Limited),UTILITA ENERGY LIMITED,GRIDIMP LTD,PERSE TECHNOLOGY LIMITED,SSE DIGITAL SERVICES LIMITED,AMP (via Urban Reserve (AssetCo) Limited),INFINIS LIMITED,EQUIWATT LIMITED,HILDEBRAND TECHNOLOGY LIMITED,GRIDBEYOND LIMITED,OCTOPUS ENERGY LIMITED,OAKTREE POWER LIMITED,BRITISH GAS TRADING LIMITED"
11/08/2025,19:30,20:00,500,Live,0,All Providers,"ENGIE POWER LIMITED,AXLE ENERGY LIMITED,GALLAGHER AGGREGATES LIMITED,AMP (via Urban Reserve (AssetCo 2) Limited),UTILITA ENERGY LIMITED,GRIDIMP LTD,PERSE TECHNOLOGY LIMITED,SSE DIGITAL SERVICES LIMITED,AMP (via Urban Reserve (AssetCo) Limited),INFINIS LIMITED,EQUIWATT LIMITED,HILDEBRAND TECHNOLOGY LIMITED,GRIDBEYOND LIMITED,OCTOPUS ENERGY LIMITED,OAKTREE POWER LIMITED,BRITISH GAS TRADING LIMITED"
11/08/2025,20:00,20:30,500,Live,0,All Providers,"ENGIE POWER LIMITED,AXLE ENERGY LIMITED,GALLAGHER AGGREGATES LIMITED,AMP (via Urban Reserve (AssetCo 2) Limited),UTILITA ENERGY LIMITED,GRIDIMP LTD,PERSE TECHNOLOGY LIMITED,SSE DIGITAL SERVICES LIMITED,AMP (via Urban Reserve (AssetCo) Limited),INFINIS LIMITED,EQUIWATT LIMITED,HILDEBRAND TECHNOLOGY LIMITED,GRIDBEYOND LIMITED,OCTOPUS ENERGY LIMITED,OAKTREE POWER LIMITED,BRITISH GAS TRADING LIMITED"
11/08/2025,20:30,21:00,500,Live,0,All Providers,"ENGIE POWER LIMITED,AXLE ENERGY LIMITED,GALLAGHER AGGREGATES LIMITED,AMP (via Urban Reserve (AssetCo 2) Limited),UTILITA ENERGY LIMITED,GRIDIMP LTD,PERSE TECHNOLOGY LIMITED,SSE DIGITAL SERVICES LIMITED,AMP (via Urban Reserve (AssetCo) Limited),INFINIS LIMITED,EQUIWATT LIMITED,HILDEBRAND TECHNOLOGY LIMITED,GRIDBEYOND LIMITED,OCTOPUS ENERGY LIMITED,OAKTREE POWER LIMITED,BRITISH GAS TRADING LIMITED"
11/08/2025,21:00,21:30,500,Live,0,All Providers,"ENGIE POWER LIMITED,AXLE ENERGY LIMITED,GALLAGHER AGGREGATES LIMITED,AMP (via Urban Reserve (AssetCo 2) Limited),UTILITA ENERGY LIMITED,GRIDIMP LTD,PERSE TECHNOLOGY LIMITED,SSE DIGITAL SERVICES LIMITED,AMP (via Urban Reserve (AssetCo) Limited),INFINIS LIMITED,EQUIWATT LIMITED,HILDEBRAND TECHNOLOGY LIMITED,GRIDBEYOND LIMITED,OCTOPUS ENERGY LIMITED,OAKTREE POWER LIMITED,BRITISH GAS TRADING LIMITED"
11/08/2025,21:30,22:00,500,Live,0,All Providers,"ENGIE POWER LIMITED,AXLE ENERGY LIMITED,GALLAGHER AGGREGATES LIMITED,AMP (via Urban Reserve (AssetCo 2) Limited),UTILITA ENERGY LIMITED,GRIDIMP LTD,PERSE TECHNOLOGY LIMITED,SSE DIGITAL SERVICES LIMITED,AMP (via Urban Reserve (AssetCo) Limited),INFINIS LIMITED,EQUIWATT LIMITED,HILDEBRAND TECHNOLOGY LIMITED,GRIDBEYOND LIMITED,OCTOPUS ENERGY LIMITED,OAKTREE POWER LIMITED,BRITISH GAS TRADING LIMITED"
10/08/2025,19:00,19:30,500,Live,0,All Providers,"ENGIE POWER LIMITED,AXLE ENERGY LIMITED,GALLAGHER AGGREGATES LIMITED,AMP (via Urban Reserve (AssetCo 2) Limited),UTILITA ENERGY LIMITED,GRIDIMP LTD,PERSE TECHNOLOGY LIMITED,SSE DIGITAL SERVICES LIMITED,AMP (via Urban Reserve (AssetCo) Limited),INFINIS LIMITED,EQUIWATT LIMITED,HILDEBRAND TECHNOLOGY LIMITED,GRIDBEYOND LIMITED,OCTOPUS ENERGY LIMITED,OAKTREE POWER LIMITED,BRITISH GAS TRADING LIMITED"
10/08/2025,19:30,20:00,500,Live,0,All Providers,"ENGIE POWER LIMITED,AXLE ENERGY LIMITED,GALLAGHER AGGREGATES LIMITED,AMP (via Urban Reserve (AssetCo 2) Limited),UTILITA ENERGY LIMITED,GRIDIMP LTD,PERSE TECHNOLOGY LIMITED,SSE DIGITAL SERVICES LIMITED,AMP (via Urban Reserve (AssetCo) Limited),INFINIS LIMITED,EQUIWATT LIMITED,HILDEBRAND TECHNOLOGY LIMITED,GRIDBEYOND LIMITED,OCTOPUS ENERGY LIMITED,OAKTREE POWER LIMITED,BRITISH GAS TRADING LIMITED"
08/08/2025,19:00,19:30,500,Live,0,All Providers,"ENGIE POWER LIMITED,AXLE ENERGY LIMITED,GALLAGHER AGGREGATES LIMITED,AMP (via Urban Reserve (AssetCo 2) Limited),UTILITA ENERGY LIMITED,GRIDIMP LTD,PERSE TECHNOLOGY LIMITED,SSE DIGITAL SERVICES LIMITED,AMP (via Urban Reserve (AssetCo) Limited),INFINIS LIMITED,EQUIWATT LIMITED,HILDEBRAND TECHNOLOGY LIMITED,GRIDBEYOND LIMITED,OCTOPUS ENERGY LIMITED,OAKTREE POWER LIMITED,BRITISH GAS TRADING LIMITED"
08/08/2025,19:30,20:00,500,Live,0,All Providers,"ENGIE POWER LIMITED,AXLE ENERGY LIMITED,GALLAGHER AGGREGATES LIMITED,AMP (via Urban Reserve (AssetCo 2) Limited),UTILITA ENERGY LIMITED,GRIDIMP LTD,PERSE TECHNOLOGY LIMITED,SSE DIGITAL SERVICES LIMITED,AMP (via Urban Reserve (AssetCo) Limited),INFINIS LIMITED,EQUIWATT LIMITED,HILDEBRAND TECHNOLOGY LIMITED,GRIDBEYOND LIMITED,OCTOPUS ENERGY LIMITED,OAKTREE POWER LIMITED,BRITISH GAS TRADING LIMITED"
08/08/2025,20:00,20:30,500,Live,0,All Providers,"ENGIE POWER LIMITED,AXLE ENERGY LIMITED,GALLAGHER AGGREGATES LIMITED,AMP (via Urban Reserve (AssetCo 2) Limited),UTILITA ENERGY LIMITED,GRIDIMP LTD,PERSE TECHNOLOGY LIMITED,SSE DIGITAL SERVICES LIMITED,AMP (via Urban Reserve (AssetCo) Limited),INFINIS LIMITED,EQUIWATT LIMITED,HILDEBRAND TECHNOLOGY LIMITED,GRIDBEYOND LIMITED,OCTOPUS ENERGY LIMITED,OAKTREE POWER LIMITED,BRITISH GAS TRADING LIMITED"
08/08/2025,20:30,21:00,500,Live,0,All Providers,"ENGIE POWER LIMITED,AXLE ENERGY LIMITED,GALLAGHER AGGREGATES LIMITED,AMP (via Urban Reserve (AssetCo 2) Limited),UTILITA ENERGY LIMITED,GRIDIMP LTD,PERSE TECHNOLOGY LIMITED,SSE DIGITAL SERVICES LIMITED,AMP (via Urban Reserve (AssetCo) Limited),INFINIS LIMITED,EQUIWATT LIMITED,HILDEBRAND TECHNOLOGY LIMITED,GRIDBEYOND LIMITED,OCTOPUS ENERGY LIMITED,OAKTREE POWER LIMITED,BRITISH GAS TRADING LIMITED"
07/08/2025,18:00,18:30,300,Live,0,All Providers,"ENGIE POWER LIMITED,AXLE ENERGY LIMITED,GALLAGHER AGGREGATES LIMITED,AMP (via Urban Reserve (AssetCo 2) Limited),UTILITA ENERGY LIMITED,GRIDIMP LTD,PERSE TECHNOLOGY LIMITED,SSE DIGITAL SERVICES LIMITED,AMP (via Urban Reserve (AssetCo) Limited),INFINIS LIMITED,EQUIWATT LIMITED,HILDEBRAND TECHNOLOGY LIMITED,GRIDBEYOND LIMITED,OCTOPUS ENERGY LIMITED,OAKTREE POWER LIMITED,BRITISH GAS TRADING LIMITED"
07/08/2025,18:30,19:00,300,Live,0,All Providers,"ENGIE POWER LIMITED,AXLE ENERGY LIMITED,GALLAGHER AGGREGATES LIMITED,AMP (via Urban Reserve (AssetCo 2) Limited),UTILITA ENERGY LIMITED,GRIDIMP LTD,PERSE TECHNOLOGY LIMITED,SSE DIGITAL SERVICES LIMITED,AMP (via Urban Reserve (AssetCo) Limited),INFINIS LIMITED,EQUIWATT LIMITED,HILDEBRAND TECHNOLOGY LIMITED,GRIDBEYOND LIMITED,OCTOPUS ENERGY LIMITED,OAKTREE POWER LIMITED,BRITISH GAS TRADING LIMITED"
07/08/2025,19:00,19:30,300,Live,0,All Providers,"ENGIE POWER LIMITED,AXLE ENERGY LIMITED,GALLAGHER AGGREGATES LIMITED,AMP (via Urban Reserve (AssetCo 2) Limited),UTILITA ENERGY LIMITED,GRIDIMP LTD,PERSE TECHNOLOGY LIMITED,SSE DIGITAL SERVICES LIMITED,AMP (via Urban Reserve (AssetCo) Limited),INFINIS LIMITED,EQUIWATT LIMITED,HILDEBRAND TECHNOLOGY LIMITED,GRIDBEYOND LIMITED,OCTOPUS ENERGY LIMITED,OAKTREE POWER LIMITED,BRITISH GAS TRADING LIMITED"
07/08/2025,19:30,20:00,300,Live,0,All Providers,"ENGIE POWER LIMITED,AXLE ENERGY LIMITED,GALLAGHER AGGREGATES LIMITED,AMP (via Urban Reserve (AssetCo 2) Limited),UTILITA ENERGY LIMITED,GRIDIMP LTD,PERSE TECHNOLOGY LIMITED,SSE DIGITAL SERVICES LIMITED,AMP (via Urban Reserve (AssetCo) Limited),INFINIS LIMITED,EQUIWATT LIMITED,HILDEBRAND TECHNOLOGY LIMITED,GRIDBEYOND LIMITED,OCTOPUS ENERGY LIMITED,OAKTREE POWER LIMITED,BRITISH GAS TRADING LIMITED"
07/08/2025,20:00,20:30,300,Live,0,All Providers,"ENGIE POWER LIMITED,AXLE ENERGY LIMITED,GALLAGHER AGGREGATES LIMITED,AMP (via Urban Reserve (AssetCo 2) Limited),UTILITA ENERGY LIMITED,GRIDIMP LTD,PERSE TECHNOLOGY LIMITED,SSE DIGITAL SERVICES LIMITED,AMP (via Urban Reserve (AssetCo) Limited),INFINIS LIMITED,EQUIWATT LIMITED,HILDEBRAND TECHNOLOGY LIMITED,GRIDBEYOND LIMITED,OCTOPUS ENERGY LIMITED,OAKTREE POWER LIMITED,BRITISH GAS TRADING LIMITED"
07/08/2025,20:30,21:00,300,Live,0,All Providers,"ENGIE POWER LIMITED,AXLE ENERGY LIMITED,GALLAGHER AGGREGATES LIMITED,AMP (via Urban Reserve (AssetCo 2) Limited),UTILITA ENERGY LIMITED,GRIDIMP LTD,PERSE TECHNOLOGY LIMITED,SSE DIGITAL SERVICES LIMITED,AMP (via Urban Reserve (AssetCo) Limited),INFINIS LIMITED,EQUIWATT LIMITED,HILDEBRAND TECHNOLOGY LIMITED,GRIDBEYOND LIMITED,OCTOPUS ENERGY LIMITED,OAKTREE POWER LIMITED,BRITISH GAS TRADING LIMITED"
07/08/2025,21:00,21:30,300,Live,0,All Providers,"ENGIE POWER LIMITED,AXLE ENERGY LIMITED,GALLAGHER AGGREGATES LIMITED,AMP (via Urban Reserve (AssetCo 2) Limited),UTILITA ENERGY LIMITED,GRIDIMP LTD,PERSE TECHNOLOGY LIMITED,SSE DIGITAL SERVICES LIMITED,AMP (via Urban Reserve (AssetCo) Limited),INFINIS LIMITED,EQUIWATT LIMITED,HILDEBRAND TECHNOLOGY LIMITED,GRIDBEYOND LIMITED,OCTOPUS ENERGY LIMITED,OAKTREE POWER LIMITED,BRITISH GAS TRADING LIMITED"
07/08/2025,21:30,22:00,300,Live,0,All Providers,"ENGIE POWER LIMITED,AXLE ENERGY LIMITED,GALLAGHER AGGREGATES LIMITED,AMP (via Urban Reserve (AssetCo 2) Limited),UTILITA ENERGY LIMITED,GRIDIMP LTD,PERSE TECHNOLOGY LIMITED,SSE DIGITAL SERVICES LIMITED,AMP (via Urban Reserve (AssetCo) Limited),INFINIS LIMITED,EQUIWATT LIMITED,HILDEBRAND TECHNOLOGY LIMITED,GRIDBEYOND LIMITED,OCTOPUS ENERGY LIMITED,OAKTREE POWER LIMITED,BRITISH GAS TRADING LIMITED"
07/08/2025,22:00,22:30,300,Live,0,All Providers,"ENGIE POWER LIMITED,AXLE ENERGY LIMITED,GALLAGHER AGGREGATES LIMITED,AMP (via Urban Reserve (AssetCo 2) Limited),UTILITA ENERGY LIMITED,GRIDIMP LTD,PERSE TECHNOLOGY LIMITED,SSE DIGITAL SERVICES LIMITED,AMP (via Urban Reserve (AssetCo) Limited),INFINIS LIMITED,EQUIWATT LIMITED,HILDEBRAND TECHNOLOGY LIMITED,GRIDBEYOND LIMITED,OCTOPUS ENERGY LIMITED,OAKTREE POWER LIMITED,BRITISH GAS TRADING LIMITED"
07/08/2025,22:30,23:00,300,Live,0,All Providers,"ENGIE POWER LIMITED,AXLE ENERGY LIMITED,GALLAGHER AGGREGATES LIMITED,AMP (via Urban Reserve (AssetCo 2) Limited),UTILITA ENERGY LIMITED,GRIDIMP LTD,PERSE TECHNOLOGY LIMITED,SSE DIGITAL SERVICES LIMITED,AMP (via Urban Reserve (AssetCo) Limited),INFINIS LIMITED,EQUIWATT LIMITED,HILDEBRAND TECHNOLOGY LIMITED,GRIDBEYOND LIMITED,OCTOPUS ENERGY LIMITED,OAKTREE POWER LIMITED,BRITISH GAS TRADING LIMITED"
06/08/2025,18:00,18:30,500,Live,0,All Providers,"ENGIE POWER LIMITED,AXLE ENERGY LIMITED,GALLAGHER AGGREGATES LIMITED,AMP (via Urban Reserve (AssetCo 2) Limited),UTILITA ENERGY LIMITED,GRIDIMP LTD,PERSE TECHNOLOGY LIMITED,SSE DIGITAL SERVICES LIMITED,AMP (via Urban Reserve (AssetCo) Limited),INFINIS LIMITED,EQUIWATT LIMITED,HILDEBRAND TECHNOLOGY LIMITED,GRIDBEYOND LIMITED,OCTOPUS ENERGY LIMITED,OAKTREE POWER LIMITED,BRITISH GAS TRADING LIMITED"
06/08/2025,18:30,19:00,500,Live,0,All Providers,"ENGIE POWER LIMITED,AXLE ENERGY LIMITED,GALLAGHER AGGREGATES LIMITED,AMP (via Urban Reserve (AssetCo 2) Limited),UTILITA ENERGY LIMITED,GRIDIMP LTD,PERSE TECHNOLOGY LIMITED,SSE DIGITAL SERVICES LIMITED,AMP (via Urban Reserve (AssetCo) Limited),INFINIS LIMITED,EQUIWATT LIMITED,HILDEBRAND TECHNOLOGY LIMITED,GRIDBEYOND LIMITED,OCTOPUS ENERGY LIMITED,OAKTREE POWER LIMITED,BRITISH GAS TRADING LIMITED"
06/08/2025,19:00,19:30,500,Live,0,All Providers,"ENGIE POWER LIMITED,AXLE ENERGY LIMITED,GALLAGHER AGGREGATES LIMITED,AMP (via Urban Reserve (AssetCo 2) Limited),UTILITA ENERGY LIMITED,GRIDIMP LTD,PERSE TECHNOLOGY LIMITED,SSE DIGITAL SERVICES LIMITED,AMP (via Urban Reserve (AssetCo) Limited),INFINIS LIMITED,EQUIWATT LIMITED,HILDEBRAND TECHNOLOGY LIMITED,GRIDBEYOND LIMITED,OCTOPUS ENERGY LIMITED,OAKTREE POWER LIMITED,BRITISH GAS TRADING LIMITED"
06/08/2025,19:30,20:00,500,Live,0,All Providers,"ENGIE POWER LIMITED,AXLE ENERGY LIMITED,GALLAGHER AGGREGATES LIMITED,AMP (via Urban Reserve (AssetCo 2) Limited),UTILITA ENERGY LIMITED,GRIDIMP LTD,PERSE TECHNOLOGY LIMITED,SSE DIGITAL SERVICES LIMITED,AMP (via Urban Reserve (AssetCo) Limited),INFINIS LIMITED,EQUIWATT LIMITED,HILDEBRAND TECHNOLOGY LIMITED,GRIDBEYOND LIMITED,OCTOPUS ENERGY LIMITED,OAKTREE POWER LIMITED,BRITISH GAS TRADING LIMITED"
06/08/2025,20:00,20:30,500,Live,0,All Providers,"ENGIE POWER LIMITED,AXLE ENERGY LIMITED,GALLAGHER AGGREGATES LIMITED,AMP (via Urban Reserve (AssetCo 2) Limited),UTILITA ENERGY LIMITED,GRIDIMP LTD,PERSE TECHNOLOGY LIMITED,SSE DIGITAL SERVICES LIMITED,AMP (via Urban Reserve (AssetCo) Limited),INFINIS LIMITED,EQUIWATT LIMITED,HILDEBRAND TECHNOLOGY LIMITED,GRIDBEYOND LIMITED,OCTOPUS ENERGY LIMITED,OAKTREE POWER LIMITED,BRITISH GAS TRADING LIMITED"
06/08/2025,20:30,21:00,500,Live,0,All Providers,"ENGIE POWER LIMITED,AXLE ENERGY LIMITED,GALLAGHER AGGREGATES LIMITED,AMP (via Urban Reserve (AssetCo 2) Limited),UTILITA ENERGY LIMITED,GRIDIMP LTD,PERSE TECHNOLOGY LIMITED,SSE DIGITAL SERVICES LIMITED,AMP (via Urban Reserve (AssetCo) Limited),INFINIS LIMITED,EQUIWATT LIMITED,HILDEBRAND TECHNOLOGY LIMITED,GRIDBEYOND LIMITED,OCTOPUS ENERGY LIMITED,OAKTREE POWER LIMITED,BRITISH GAS TRADING LIMITED"
06/08/2025,21:00,21:30,500,Live,0,All Providers,"ENGIE POWER LIMITED,AXLE ENERGY LIMITED,GALLAGHER AGGREGATES LIMITED,AMP (via Urban Reserve (AssetCo 2) Limited),UTILITA ENERGY LIMITED,GRIDIMP LTD,PERSE TECHNOLOGY LIMITED,SSE DIGITAL SERVICES LIMITED,AMP (via Urban Reserve (AssetCo) Limited),INFINIS LIMITED,EQUIWATT LIMITED,HILDEBRAND TECHNOLOGY LIMITED,GRIDBEYOND LIMITED,OCTOPUS ENERGY LIMITED,OAKTREE POWER LIMITED,BRITISH GAS TRADING LIMITED"
06/08/2025,21:30,22:00,500,Live,0,All Providers,"ENGIE POWER LIMITED,AXLE ENERGY LIMITED,GALLAGHER AGGREGATES LIMITED,AMP (via Urban Reserve (AssetCo 2) Limited),UTILITA ENERGY LIMITED,GRIDIMP LTD,PERSE TECHNOLOGY LIMITED,SSE DIGITAL SERVICES LIMITED,AMP (via Urban Reserve (AssetCo) Limited),INFINIS LIMITED,EQUIWATT LIMITED,HILDEBRAND TECHNOLOGY LIMITED,GRIDBEYOND LIMITED,OCTOPUS ENERGY LIMITED,OAKTREE POWER LIMITED,BRITISH GAS TRADING LIMITED"
06/08/2025,22:00,22:30,500,Live,0,All Providers,"ENGIE POWER LIMITED,AXLE ENERGY LIMITED,GALLAGHER AGGREGATES LIMITED,AMP (via Urban Reserve (AssetCo 2) Limited),UTILITA ENERGY LIMITED,GRIDIMP LTD,PERSE TECHNOLOGY LIMITED,SSE DIGITAL SERVICES LIMITED,AMP (via Urban Reserve (AssetCo) Limited),INFINIS LIMITED,EQUIWATT LIMITED,HILDEBRAND TECHNOLOGY LIMITED,GRIDBEYOND LIMITED,OCTOPUS ENERGY LIMITED,OAKTREE POWER LIMITED,BRITISH GAS TRADING LIMITED"
06/08/2025,22:30,23:00,500,Live,0,All Providers,"ENGIE POWER LIMITED,AXLE ENERGY LIMITED,GALLAGHER AGGREGATES LIMITED,AMP (via Urban Reserve (AssetCo 2) Limited),UTILITA ENERGY LIMITED,GRIDIMP LTD,PERSE TECHNOLOGY LIMITED,SSE DIGITAL SERVICES LIMITED,AMP (via Urban Reserve (AssetCo) Limited),INFINIS LIMITED,EQUIWATT LIMITED,HILDEBRAND TECHNOLOGY LIMITED,GRIDBEYOND LIMITED,OCTOPUS ENERGY LIMITED,OAKTREE POWER LIMITED,BRITISH GAS TRADING LIMITED"
04/08/2025,16:00,16:30,500,Live,0,All Providers,"ENGIE POWER LIMITED,AXLE ENERGY LIMITED,GALLAGHER AGGREGATES LIMITED,AMP (via Urban Reserve (AssetCo 2) Limited),UTILITA ENERGY LIMITED,GRIDIMP LTD,PERSE TECHNOLOGY LIMITED,SSE DIGITAL SERVICES LIMITED,AMP (via Urban Reserve (AssetCo) Limited),INFINIS LIMITED,EQUIWATT LIMITED,HILDEBRAND TECHNOLOGY LIMITED,GRIDBEYOND LIMITED,OCTOPUS ENERGY LIMITED,OAKTREE POWER LIMITED,BRITISH GAS TRADING LIMITED"
04/08/2025,16:30,17:00,500,Live,0,All Providers,"ENGIE POWER LIMITED,AXLE ENERGY LIMITED,GALLAGHER AGGREGATES LIMITED,AMP (via Urban Reserve (AssetCo 2) Limited),UTILITA ENERGY LIMITED,GRIDIMP LTD,PERSE TECHNOLOGY LIMITED,SSE DIGITAL SERVICES LIMITED,AMP (via Urban Reserve (AssetCo) Limited),INFINIS LIMITED,EQUIWATT LIMITED,HILDEBRAND TECHNOLOGY LIMITED,GRIDBEYOND LIMITED,OCTOPUS ENERGY LIMITED,OAKTREE POWER LIMITED,BRITISH GAS TRADING LIMITED"
04/08/2025,17:00,17:30,500,Live,0,All Providers,"ENGIE POWER LIMITED,AXLE ENERGY LIMITED,GALLAGHER AGGREGATES LIMITED,AMP (via Urban Reserve (AssetCo 2) Limited),UTILITA ENERGY LIMITED,GRIDIMP LTD,PERSE TECHNOLOGY LIMITED,SSE DIGITAL SERVICES LIMITED,AMP (via Urban Reserve (AssetCo) Limited),INFINIS LIMITED,EQUIWATT LIMITED,HILDEBRAND TECHNOLOGY LIMITED,GRIDBEYOND LIMITED,OCTOPUS ENERGY LIMITED,OAKTREE POWER LIMITED,BRITISH GAS TRADING LIMITED"
04/08/2025,17:30,18:00,500,Live,0,All Providers,"ENGIE POWER LIMITED,AXLE ENERGY LIMITED,GALLAGHER AGGREGATES LIMITED,AMP (via Urban Reserve (AssetCo 2) Limited),UTILITA ENERGY LIMITED,GRIDIMP LTD,PERSE TECHNOLOGY LIMITED,SSE DIGITAL SERVICES LIMITED,AMP (via Urban Reserve (AssetCo) Limited),INFINIS LIMITED,EQUIWATT LIMITED,HILDEBRAND TECHNOLOGY LIMITED,GRIDBEYOND LIMITED,OCTOPUS ENERGY LIMITED,OAKTREE POWER LIMITED,BRITISH GAS TRADING LIMITED"
04/08/2025,18:00,18:30,500,Live,0,All Providers,"ENGIE POWER LIMITED,AXLE ENERGY LIMITED,GALLAGHER AGGREGATES LIMITED,AMP (via Urban Reserve (AssetCo 2) Limited),UTILITA ENERGY LIMITED,GRIDIMP LTD,PERSE TECHNOLOGY LIMITED,SSE DIGITAL SERVICES LIMITED,AMP (via Urban Reserve (AssetCo) Limited),INFINIS LIMITED,EQUIWATT LIMITED,HILDEBRAND TECHNOLOGY LIMITED,GRIDBEYOND LIMITED,OCTOPUS ENERGY LIMITED,OAKTREE POWER LIMITED,BRITISH GAS TRADING LIMITED"
04/08/2025,18:30,19:00,500,Live,0,All Providers,"ENGIE POWER LIMITED,AXLE ENERGY LIMITED,GALLAGHER AGGREGATES LIMITED,AMP (via Urban Reserve (AssetCo 2) Limited),UTILITA ENERGY LIMITED,GRIDIMP LTD,PERSE TECHNOLOGY LIMITED,SSE DIGITAL SERVICES LIMITED,AMP (via Urban Reserve (AssetCo) Limited),INFINIS LIMITED,EQUIWATT LIMITED,HILDEBRAND TECHNOLOGY LIMITED,GRIDBEYOND LIMITED,OCTOPUS ENERGY LIMITED,OAKTREE POWER LIMITED,BRITISH GAS TRADING LIMITED"
04/08/2025,19:00,19:30,500,Live,0,All Providers,"ENGIE POWER LIMITED,AXLE ENERGY LIMITED,GALLAGHER AGGREGATES LIMITED,AMP (via Urban Reserve (AssetCo 2) Limited),UTILITA ENERGY LIMITED,GRIDIMP LTD,PERSE TECHNOLOGY LIMITED,SSE DIGITAL SERVICES LIMITED,AMP (via Urban Reserve (AssetCo) Limited),INFINIS LIMITED,EQUIWATT LIMITED,HILDEBRAND TECHNOLOGY LIMITED,GRIDBEYOND LIMITED,OCTOPUS ENERGY LIMITED,OAKTREE POWER LIMITED,BRITISH GAS TRADING LIMITED"
04/08/2025,19:30,20:00,500,Live,0,All Providers,"ENGIE POWER LIMITED,AXLE ENERGY LIMITED,GALLAGHER AGGREGATES LIMITED,AMP (via Urban Reserve (AssetCo 2) Limited),UTILITA ENERGY LIMITED,GRIDIMP LTD,PERSE TECHNOLOGY LIMITED,SSE DIGITAL SERVICES LIMITED,AMP (via Urban Reserve (AssetCo) Limited),INFINIS LIMITED,EQUIWATT LIMITED,HILDEBRAND TECHNOLOGY LIMITED,GRIDBEYOND LIMITED,OCTOPUS ENERGY LIMITED,OAKTREE POWER LIMITED,BRITISH GAS TRADING LIMITED"
04/08/2025,20:00,20:30,500,Live,0,All Providers,"ENGIE POWER LIMITED,AXLE ENERGY LIMITED,GALLAGHER AGGREGATES LIMITED,AMP (via Urban Reserve (AssetCo 2) Limited),UTILITA ENERGY LIMITED,GRIDIMP LTD,PERSE TECHNOLOGY LIMITED,SSE DIGITAL SERVICES LIMITED,AMP (via Urban Reserve (AssetCo) Limited),INFINIS LIMITED,EQUIWATT LIMITED,HILDEBRAND TECHNOLOGY LIMITED,GRIDBEYOND LIMITED,OCTOPUS ENERGY LIMITED,OAKTREE POWER LIMITED,BRITISH GAS TRADING LIMITED"
04/08/2025,20:30,21:00,500,Live,0,All Providers,"ENGIE POWER LIMITED,AXLE ENERGY LIMITED,GALLAGHER AGGREGATES LIMITED,AMP (via Urban Reserve (AssetCo 2) Limited),UTILITA ENERGY LIMITED,GRIDIMP LTD,PERSE TECHNOLOGY LIMITED,SSE DIGITAL SERVICES LIMITED,AMP (via Urban Reserve (AssetCo) Limited),INFINIS LIMITED,EQUIWATT LIMITED,HILDEBRAND TECHNOLOGY LIMITED,GRIDBEYOND LIMITED,OCTOPUS ENERGY LIMITED,OAKTREE POWER LIMITED,BRITISH GAS TRADING LIMITED"
04/08/2025,21:00,21:30,500,Live,0,All Providers,"ENGIE POWER LIMITED,AXLE ENERGY LIMITED,GALLAGHER AGGREGATES LIMITED,AMP (via Urban Reserve (AssetCo 2) Limited),UTILITA ENERGY LIMITED,GRIDIMP LTD,PERSE TECHNOLOGY LIMITED,SSE DIGITAL SERVICES LIMITED,AMP (via Urban Reserve (AssetCo) Limited),INFINIS LIMITED,EQUIWATT LIMITED,HILDEBRAND TECHNOLOGY LIMITED,GRIDBEYOND LIMITED,OCTOPUS ENERGY LIMITED,OAKTREE POWER LIMITED,BRITISH GAS TRADING LIMITED"
04/08/2025,21:30,22:00,500,Live,0,All Providers,"ENGIE POWER LIMITED,AXLE ENERGY LIMITED,GALLAGHER AGGREGATES LIMITED,AMP (via Urban Reserve (AssetCo 2) Limited),UTILITA ENERGY LIMITED,GRIDIMP LTD,PERSE TECHNOLOGY LIMITED,SSE DIGITAL SERVICES LIMITED,AMP (via Urban Reserve (AssetCo) Limited),INFINIS LIMITED,EQUIWATT LIMITED,HILDEBRAND TECHNOLOGY LIMITED,GRIDBEYOND LIMITED,OCTOPUS ENERGY LIMITED,OAKTREE POWER LIMITED,BRITISH GAS TRADING LIMITED"
04/08/2025,22:00,22:30,500,Live,0,All Providers,"ENGIE POWER LIMITED,AXLE ENERGY LIMITED,GALLAGHER AGGREGATES LIMITED,AMP (via Urban Reserve (AssetCo 2) Limited),UTILITA ENERGY LIMITED,GRIDIMP LTD,PERSE TECHNOLOGY LIMITED,SSE DIGITAL SERVICES LIMITED,AMP (via Urban Reserve (AssetCo) Limited),INFINIS LIMITED,EQUIWATT LIMITED,HILDEBRAND TECHNOLOGY LIMITED,GRIDBEYOND LIMITED,OCTOPUS ENERGY LIMITED,OAKTREE POWER LIMITED,BRITISH GAS TRADING LIMITED"
04/08/2025,22:30,23:00,500,Live,0,All Providers,"ENGIE POWER LIMITED,AXLE ENERGY LIMITED,GALLAGHER AGGREGATES LIMITED,AMP (via Urban Reserve (AssetCo 2) Limited),UTILITA ENERGY LIMITED,GRIDIMP LTD,PERSE TECHNOLOGY LIMITED,SSE DIGITAL SERVICES LIMITED,AMP (via Urban Reserve (AssetCo) Limited),INFINIS LIMITED,EQUIWATT LIMITED,HILDEBRAND TECHNOLOGY LIMITED,GRIDBEYOND LIMITED,OCTOPUS ENERGY LIMITED,OAKTREE POWER LIMITED,BRITISH GAS TRADING LIMITED"
02/08/2025,19:00,19:30,500,Live,0,All Providers,"ENGIE POWER LIMITED,AXLE ENERGY LIMITED,GALLAGHER AGGREGATES LIMITED,AMP (via Urban Reserve (AssetCo 2) Limited),UTILITA ENERGY LIMITED,GRIDIMP LTD,PERSE TECHNOLOGY LIMITED,SSE DIGITAL SERVICES LIMITED,AMP (via Urban Reserve (AssetCo) Limited),INFINIS LIMITED,EQUIWATT LIMITED,HILDEBRAND TECHNOLOGY LIMITED,GRIDBEYOND LIMITED,OCTOPUS ENERGY LIMITED,OAKTREE POWER LIMITED,BRITISH GAS TRADING LIMITED"
02/08/2025,19:30,20:00,500,Live,0,All Providers,"ENGIE POWER LIMITED,AXLE ENERGY LIMITED,GALLAGHER AGGREGATES LIMITED,AMP (via Urban Reserve (AssetCo 2) Limited),UTILITA ENERGY LIMITED,GRIDIMP LTD,PERSE TECHNOLOGY LIMITED,SSE DIGITAL SERVICES LIMITED,AMP (via Urban Reserve (AssetCo) Limited),INFINIS LIMITED,EQUIWATT LIMITED,HILDEBRAND TECHNOLOGY LIMITED,GRIDBEYOND LIMITED,OCTOPUS ENERGY LIMITED,OAKTREE POWER LIMITED,BRITISH GAS TRADING LIMITED"
02/08/2025,20:00,20:30,500,Live,0,All Providers,"ENGIE POWER LIMITED,AXLE ENERGY LIMITED,GALLAGHER AGGREGATES LIMITED,AMP (via Urban Reserve (AssetCo 2) Limited),UTILITA ENERGY LIMITED,GRIDIMP LTD,PERSE TECHNOLOGY LIMITED,SSE DIGITAL SERVICES LIMITED,AMP (via Urban Reserve (AssetCo) Limited),INFINIS LIMITED,EQUIWATT LIMITED,HILDEBRAND TECHNOLOGY LIMITED,GRIDBEYOND LIMITED,OCTOPUS ENERGY LIMITED,OAKTREE POWER LIMITED,BRITISH GAS TRADING LIMITED"
02/08/2025,20:30,21:00,500,Live,0,All Providers,"ENGIE POWER LIMITED,AXLE ENERGY LIMITED,GALLAGHER AGGREGATES LIMITED,AMP (via Urban Reserve (AssetCo 2) Limited),UTILITA ENERGY LIMITED,GRIDIMP LTD,PERSE TECHNOLOGY LIMITED,SSE DIGITAL SERVICES LIMITED,AMP (via Urban Reserve (AssetCo) Limited),INFINIS LIMITED,EQUIWATT LIMITED,HILDEBRAND TECHNOLOGY LIMITED,GRIDBEYOND LIMITED,OCTOPUS ENERGY LIMITED,OAKTREE POWER LIMITED,BRITISH GAS TRADING LIMITED"
02/08/2025,21:00,21:30,150,Live,0,All Providers,"ENGIE POWER LIMITED,AXLE ENERGY LIMITED,GALLAGHER AGGREGATES LIMITED,AMP (via Urban Reserve (AssetCo 2) Limited),UTILITA ENERGY LIMITED,GRIDIMP LTD,PERSE TECHNOLOGY LIMITED,SSE DIGITAL SERVICES LIMITED,AMP (via Urban Reserve (AssetCo) Limited),INFINIS LIMITED,EQUIWATT LIMITED,HILDEBRAND TECHNOLOGY LIMITED,GRIDBEYOND LIMITED,OCTOPUS ENERGY LIMITED,OAKTREE POWER LIMITED,BRITISH GAS TRADING LIMITED"
02/08/2025,21:30,22:00,150,Live,0,All Providers,"ENGIE POWER LIMITED,AXLE ENERGY LIMITED,GALLAGHER AGGREGATES LIMITED,AMP (via Urban Reserve (AssetCo 2) Limited),UTILITA ENERGY LIMITED,GRIDIMP LTD,PERSE TECHNOLOGY LIMITED,SSE DIGITAL SERVICES LIMITED,AMP (via Urban Reserve (AssetCo) Limited),INFINIS LIMITED,EQUIWATT LIMITED,HILDEBRAND TECHNOLOGY LIMITED,GRIDBEYOND LIMITED,OCTOPUS ENERGY LIMITED,OAKTREE POWER LIMITED,BRITISH GAS TRADING LIMITED"
01/08/2025,19:00,19:30,500,Live,0,All Providers,"ENGIE POWER LIMITED,AXLE ENERGY LIMITED,GALLAGHER AGGREGATES LIMITED,AMP (via Urban Reserve (AssetCo 2) Limited),UTILITA ENERGY LIMITED,GRIDIMP LTD,PERSE TECHNOLOGY LIMITED,SSE DIGITAL SERVICES LIMITED,AMP (via Urban Reserve (AssetCo) Limited),INFINIS LIMITED,EQUIWATT LIMITED,HILDEBRAND TECHNOLOGY LIMITED,GRIDBEYOND LIMITED,OCTOPUS ENERGY LIMITED,OAKTREE POWER LIMITED,BRITISH GAS TRADING LIMITED"
01/08/2025,19:30,20:00,500,Live,0,All Providers,"ENGIE POWER LIMITED,AXLE ENERGY LIMITED,GALLAGHER AGGREGATES LIMITED,AMP (via Urban Reserve (AssetCo 2) Limited),UTILITA ENERGY LIMITED,GRIDIMP LTD,PERSE TECHNOLOGY LIMITED,SSE DIGITAL SERVICES LIMITED,AMP (via Urban Reserve (AssetCo) Limited),INFINIS LIMITED,EQUIWATT LIMITED,HILDEBRAND TECHNOLOGY LIMITED,GRIDBEYOND LIMITED,OCTOPUS ENERGY LIMITED,OAKTREE POWER LIMITED,BRITISH GAS TRADING LIMITED"
31/07/2025,16:00,16:30,500,Live,0,All Providers,"ENGIE POWER LIMITED,AXLE ENERGY LIMITED,GALLAGHER AGGREGATES LIMITED,AMP (via Urban Reserve (AssetCo 2) Limited),UTILITA ENERGY LIMITED,GRIDIMP LTD,PERSE TECHNOLOGY LIMITED,SSE DIGITAL SERVICES LIMITED,AMP (via Urban Reserve (AssetCo) Limited),INFINIS LIMITED,EQUIWATT LIMITED,HILDEBRAND TECHNOLOGY LIMITED,GRIDBEYOND LIMITED,OCTOPUS ENERGY LIMITED,OAKTREE POWER LIMITED,BRITISH GAS TRADING LIMITED"
31/07/2025,16:30,17:00,500,Live,0,All Providers,"ENGIE POWER LIMITED,AXLE ENERGY LIMITED,GALLAGHER AGGREGATES LIMITED,AMP (via Urban Reserve (AssetCo 2) Limited),UTILITA ENERGY LIMITED,GRIDIMP LTD,PERSE TECHNOLOGY LIMITED,SSE DIGITAL SERVICES LIMITED,AMP (via Urban Reserve (AssetCo) Limited),INFINIS LIMITED,EQUIWATT LIMITED,HILDEBRAND TECHNOLOGY LIMITED,GRIDBEYOND LIMITED,OCTOPUS ENERGY LIMITED,OAKTREE POWER LIMITED,BRITISH GAS TRADING LIMITED"
31/07/2025,17:00,17:30,500,Live,0,All Providers,"ENGIE POWER LIMITED,AXLE ENERGY LIMITED,GALLAGHER AGGREGATES LIMITED,AMP (via Urban Reserve (AssetCo 2) Limited),UTILITA ENERGY LIMITED,GRIDIMP LTD,PERSE TECHNOLOGY LIMITED,SSE DIGITAL SERVICES LIMITED,AMP (via Urban Reserve (AssetCo) Limited),INFINIS LIMITED,EQUIWATT LIMITED,HILDEBRAND TECHNOLOGY LIMITED,GRIDBEYOND LIMITED,OCTOPUS ENERGY LIMITED,OAKTREE POWER LIMITED,BRITISH GAS TRADING LIMITED"
31/07/2025,17:30,18:00,500,Live,0,All Providers,"ENGIE POWER LIMITED,AXLE ENERGY LIMITED,GALLAGHER AGGREGATES LIMITED,AMP (via Urban Reserve (AssetCo 2) Limited),UTILITA ENERGY LIMITED,GRIDIMP LTD,PERSE TECHNOLOGY LIMITED,SSE DIGITAL SERVICES LIMITED,AMP (via Urban Reserve (AssetCo) Limited),INFINIS LIMITED,EQUIWATT LIMITED,HILDEBRAND TECHNOLOGY LIMITED,GRIDBEYOND LIMITED,OCTOPUS ENERGY LIMITED,OAKTREE POWER LIMITED,BRITISH GAS TRADING LIMITED"
31/07/2025,18:00,18:30,500,Live,0,All Providers,"ENGIE POWER LIMITED,AXLE ENERGY LIMITED,GALLAGHER AGGREGATES LIMITED,AMP (via Urban Reserve (AssetCo 2) Limited),UTILITA ENERGY LIMITED,GRIDIMP LTD,PERSE TECHNOLOGY LIMITED,SSE DIGITAL SERVICES LIMITED,AMP (via Urban Reserve (AssetCo) Limited),INFINIS LIMITED,EQUIWATT LIMITED,HILDEBRAND TECHNOLOGY LIMITED,GRIDBEYOND LIMITED,OCTOPUS ENERGY LIMITED,OAKTREE POWER LIMITED,BRITISH GAS TRADING LIMITED"
31/07/2025,18:30,19:00,500,Live,0,All Providers,"ENGIE POWER LIMITED,AXLE ENERGY LIMITED,GALLAGHER AGGREGATES LIMITED,AMP (via Urban Reserve (AssetCo 2) Limited),UTILITA ENERGY LIMITED,GRIDIMP LTD,PERSE TECHNOLOGY LIMITED,SSE DIGITAL SERVICES LIMITED,AMP (via Urban Reserve (AssetCo) Limited),INFINIS LIMITED,EQUIWATT LIMITED,HILDEBRAND TECHNOLOGY LIMITED,GRIDBEYOND LIMITED,OCTOPUS ENERGY LIMITED,OAKTREE POWER LIMITED,BRITISH GAS TRADING LIMITED"
31/07/2025,19:00,19:30,500,Live,0,All Providers,"ENGIE POWER LIMITED,AXLE ENERGY LIMITED,GALLAGHER AGGREGATES LIMITED,AMP (via Urban Reserve (AssetCo 2) Limited),UTILITA ENERGY LIMITED,GRIDIMP LTD,PERSE TECHNOLOGY LIMITED,SSE DIGITAL SERVICES LIMITED,AMP (via Urban Reserve (AssetCo) Limited),INFINIS LIMITED,EQUIWATT LIMITED,HILDEBRAND TECHNOLOGY LIMITED,GRIDBEYOND LIMITED,OCTOPUS ENERGY LIMITED,OAKTREE POWER LIMITED,BRITISH GAS TRADING LIMITED"
31/07/2025,19:30,20:00,500,Live,0,All Providers,"ENGIE POWER LIMITED,AXLE ENERGY LIMITED,GALLAGHER AGGREGATES LIMITED,AMP (via Urban Reserve (AssetCo 2) Limited),UTILITA ENERGY LIMITED,GRIDIMP LTD,PERSE TECHNOLOGY LIMITED,SSE DIGITAL SERVICES LIMITED,AMP (via Urban Reserve (AssetCo) Limited),INFINIS LIMITED,EQUIWATT LIMITED,HILDEBRAND TECHNOLOGY LIMITED,GRIDBEYOND LIMITED,OCTOPUS ENERGY LIMITED,OAKTREE POWER LIMITED,BRITISH GAS TRADING LIMITED"
31/07/2025,20:00,20:30,500,Live,0,All Providers,"ENGIE POWER LIMITED,AXLE ENERGY LIMITED,GALLAGHER AGGREGATES LIMITED,AMP (via Urban Reserve (AssetCo 2) Limited),UTILITA ENERGY LIMITED,GRIDIMP LTD,PERSE TECHNOLOGY LIMITED,SSE DIGITAL SERVICES LIMITED,AMP (via Urban Reserve (AssetCo) Limited),INFINIS LIMITED,EQUIWATT LIMITED,HILDEBRAND TECHNOLOGY LIMITED,GRIDBEYOND LIMITED,OCTOPUS ENERGY LIMITED,OAKTREE POWER LIMITED,BRITISH GAS TRADING LIMITED"
31/07/2025,20:30,21:00,500,Live,0,All Providers,"ENGIE POWER LIMITED,AXLE ENERGY LIMITED,GALLAGHER AGGREGATES LIMITED,AMP (via Urban Reserve (AssetCo 2) Limited),UTILITA ENERGY LIMITED,GRIDIMP LTD,PERSE TECHNOLOGY LIMITED,SSE DIGITAL SERVICES LIMITED,AMP (via Urban Reserve (AssetCo) Limited),INFINIS LIMITED,EQUIWATT LIMITED,HILDEBRAND TECHNOLOGY LIMITED,GRIDBEYOND LIMITED,OCTOPUS ENERGY LIMITED,OAKTREE POWER LIMITED,BRITISH GAS TRADING LIMITED"
29/07/2025,17:00,17:30,500,Live,0,All Providers,"ENGIE POWER LIMITED,AXLE ENERGY LIMITED,GALLAGHER AGGREGATES LIMITED,AMP (via Urban Reserve (AssetCo 2) Limited),UTILITA ENERGY LIMITED,GRIDIMP LTD,PERSE TECHNOLOGY LIMITED,SSE DIGITAL SERVICES LIMITED,AMP (via Urban Reserve (AssetCo) Limited),INFINIS LIMITED,EQUIWATT LIMITED,HILDEBRAND TECHNOLOGY LIMITED,GRIDBEYOND LIMITED,OCTOPUS ENERGY LIMITED,OAKTREE POWER LIMITED,BRITISH GAS TRADING LIMITED"
29/07/2025,17:30,18:00,500,Live,0,All Providers,"ENGIE POWER LIMITED,AXLE ENERGY LIMITED,GALLAGHER AGGREGATES LIMITED,AMP (via Urban Reserve (AssetCo 2) Limited),UTILITA ENERGY LIMITED,GRIDIMP LTD,PERSE TECHNOLOGY LIMITED,SSE DIGITAL SERVICES LIMITED,AMP (via Urban Reserve (AssetCo) Limited),INFINIS LIMITED,EQUIWATT LIMITED,HILDEBRAND TECHNOLOGY LIMITED,GRIDBEYOND LIMITED,OCTOPUS ENERGY LIMITED,OAKTREE POWER LIMITED,BRITISH GAS TRADING LIMITED"
29/07/2025,18:00,18:30,500,Live,0,All Providers,"ENGIE POWER LIMITED,AXLE ENERGY LIMITED,GALLAGHER AGGREGATES LIMITED,AMP (via Urban Reserve (AssetCo 2) Limited),UTILITA ENERGY LIMITED,GRIDIMP LTD,PERSE TECHNOLOGY LIMITED,SSE DIGITAL SERVICES LIMITED,AMP (via Urban Reserve (AssetCo) Limited),INFINIS LIMITED,EQUIWATT LIMITED,HILDEBRAND TECHNOLOGY LIMITED,GRIDBEYOND LIMITED,OCTOPUS ENERGY LIMITED,OAKTREE POWER LIMITED,BRITISH GAS TRADING LIMITED"
29/07/2025,18:30,19:00,500,Live,0,All Providers,"ENGIE POWER LIMITED,AXLE ENERGY LIMITED,GALLAGHER AGGREGATES LIMITED,AMP (via Urban Reserve (AssetCo 2) Limited),UTILITA ENERGY LIMITED,GRIDIMP LTD,PERSE TECHNOLOGY LIMITED,SSE DIGITAL SERVICES LIMITED,AMP (via Urban Reserve (AssetCo) Limited),INFINIS LIMITED,EQUIWATT LIMITED,HILDEBRAND TECHNOLOGY LIMITED,GRIDBEYOND LIMITED,OCTOPUS ENERGY LIMITED,OAKTREE POWER LIMITED,BRITISH GAS TRADING LIMITED"
29/07/2025,19:00,19:30,500,Live,0,All Providers,"ENGIE POWER LIMITED,AXLE ENERGY LIMITED,GALLAGHER AGGREGATES LIMITED,AMP (via Urban Reserve (AssetCo 2) Limited),UTILITA ENERGY LIMITED,GRIDIMP LTD,PERSE TECHNOLOGY LIMITED,SSE DIGITAL SERVICES LIMITED,AMP (via Urban Reserve (AssetCo) Limited),INFINIS LIMITED,EQUIWATT LIMITED,HILDEBRAND TECHNOLOGY LIMITED,GRIDBEYOND LIMITED,OCTOPUS ENERGY LIMITED,OAKTREE POWER LIMITED,BRITISH GAS TRADING LIMITED"
29/07/2025,19:30,20:00,500,Live,0,All Providers,"ENGIE POWER LIMITED,AXLE ENERGY LIMITED,GALLAGHER AGGREGATES LIMITED,AMP (via Urban Reserve (AssetCo 2) Limited),UTILITA ENERGY LIMITED,GRIDIMP LTD,PERSE TECHNOLOGY LIMITED,SSE DIGITAL SERVICES LIMITED,AMP (via Urban Reserve (AssetCo) Limited),INFINIS LIMITED,EQUIWATT LIMITED,HILDEBRAND TECHNOLOGY LIMITED,GRIDBEYOND LIMITED,OCTOPUS ENERGY LIMITED,OAKTREE POWER LIMITED,BRITISH GAS TRADING LIMITED"
29/07/2025,20:00,20:30,500,Live,0,All Providers,"ENGIE POWER LIMITED,AXLE ENERGY LIMITED,GALLAGHER AGGREGATES LIMITED,AMP (via Urban Reserve (AssetCo 2) Limited),UTILITA ENERGY LIMITED,GRIDIMP LTD,PERSE TECHNOLOGY LIMITED,SSE DIGITAL SERVICES LIMITED,AMP (via Urban Reserve (AssetCo) Limited),INFINIS LIMITED,EQUIWATT LIMITED,HILDEBRAND TECHNOLOGY LIMITED,GRIDBEYOND LIMITED,OCTOPUS ENERGY LIMITED,OAKTREE POWER LIMITED,BRITISH GAS TRADING LIMITED"
29/07/2025,20:30,21:00,500,Live,0,All Providers,"ENGIE POWER LIMITED,AXLE ENERGY LIMITED,GALLAGHER AGGREGATES LIMITED,AMP (via Urban Reserve (AssetCo 2) Limited),UTILITA ENERGY LIMITED,GRIDIMP LTD,PERSE TECHNOLOGY LIMITED,SSE DIGITAL SERVICES LIMITED,AMP (via Urban Reserve (AssetCo) Limited),INFINIS LIMITED,EQUIWATT LIMITED,HILDEBRAND TECHNOLOGY LIMITED,GRIDBEYOND LIMITED,OCTOPUS ENERGY LIMITED,OAKTREE POWER LIMITED,BRITISH GAS TRADING LIMITED"
28/07/2025,17:00,17:30,500,Live,0,All Providers,"ENGIE POWER LIMITED,AXLE ENERGY LIMITED,GALLAGHER AGGREGATES LIMITED,AMP (via Urban Reserve (AssetCo 2) Limited),UTILITA ENERGY LIMITED,GRIDIMP LTD,PERSE TECHNOLOGY LIMITED,SSE DIGITAL SERVICES LIMITED,AMP (via Urban Reserve (AssetCo) Limited),INFINIS LIMITED,EQUIWATT LIMITED,HILDEBRAND TECHNOLOGY LIMITED,GRIDBEYOND LIMITED,OCTOPUS ENERGY LIMITED,OAKTREE POWER LIMITED,BRITISH GAS TRADING LIMITED"
28/07/2025,17:30,18:00,500,Live,0,All Providers,"ENGIE POWER LIMITED,AXLE ENERGY LIMITED,GALLAGHER AGGREGATES LIMITED,AMP (via Urban Reserve (AssetCo 2) Limited),UTILITA ENERGY LIMITED,GRIDIMP LTD,PERSE TECHNOLOGY LIMITED,SSE DIGITAL SERVICES LIMITED,AMP (via Urban Reserve (AssetCo) Limited),INFINIS LIMITED,EQUIWATT LIMITED,HILDEBRAND TECHNOLOGY LIMITED,GRIDBEYOND LIMITED,OCTOPUS ENERGY LIMITED,OAKTREE POWER LIMITED,BRITISH GAS TRADING LIMITED"
28/07/2025,18:00,18:30,500,Live,0,All Providers,"ENGIE POWER LIMITED,AXLE ENERGY LIMITED,GALLAGHER AGGREGATES LIMITED,AMP (via Urban Reserve (AssetCo 2) Limited),UTILITA ENERGY LIMITED,GRIDIMP LTD,PERSE TECHNOLOGY LIMITED,SSE DIGITAL SERVICES LIMITED,AMP (via Urban Reserve (AssetCo) Limited),INFINIS LIMITED,EQUIWATT LIMITED,HILDEBRAND TECHNOLOGY LIMITED,GRIDBEYOND LIMITED,OCTOPUS ENERGY LIMITED,OAKTREE POWER LIMITED,BRITISH GAS TRADING LIMITED"
28/07/2025,18:30,19:00,500,Live,0,All Providers,"ENGIE POWER LIMITED,AXLE ENERGY LIMITED,GALLAGHER AGGREGATES LIMITED,AMP (via Urban Reserve (AssetCo 2) Limited),UTILITA ENERGY LIMITED,GRIDIMP LTD,PERSE TECHNOLOGY LIMITED,SSE DIGITAL SERVICES LIMITED,AMP (via Urban Reserve (AssetCo) Limited),INFINIS LIMITED,EQUIWATT LIMITED,HILDEBRAND TECHNOLOGY LIMITED,GRIDBEYOND LIMITED,OCTOPUS ENERGY LIMITED,OAKTREE POWER LIMITED,BRITISH GAS TRADING LIMITED"
28/07/2025,19:00,19:30,500,Live,0,All Providers,"ENGIE POWER LIMITED,AXLE ENERGY LIMITED,GALLAGHER AGGREGATES LIMITED,AMP (via Urban Reserve (AssetCo 2) Limited),UTILITA ENERGY LIMITED,GRIDIMP LTD,PERSE TECHNOLOGY LIMITED,SSE DIGITAL SERVICES LIMITED,AMP (via Urban Reserve (AssetCo) Limited),INFINIS LIMITED,EQUIWATT LIMITED,HILDEBRAND TECHNOLOGY LIMITED,GRIDBEYOND LIMITED,OCTOPUS ENERGY LIMITED,OAKTREE POWER LIMITED,BRITISH GAS TRADING LIMITED"
28/07/2025,19:30,20:00,500,Live,0,All Providers,"ENGIE POWER LIMITED,AXLE ENERGY LIMITED,GALLAGHER AGGREGATES LIMITED,AMP (via Urban Reserve (AssetCo 2) Limited),UTILITA ENERGY LIMITED,GRIDIMP LTD,PERSE TECHNOLOGY LIMITED,SSE DIGITAL SERVICES LIMITED,AMP (via Urban Reserve (AssetCo) Limited),INFINIS LIMITED,EQUIWATT LIMITED,HILDEBRAND TECHNOLOGY LIMITED,GRIDBEYOND LIMITED,OCTOPUS ENERGY LIMITED,OAKTREE POWER LIMITED,BRITISH GAS TRADING LIMITED"
28/07/2025,20:00,20:30,500,Live,0,All Providers,"ENGIE POWER LIMITED,AXLE ENERGY LIMITED,GALLAGHER AGGREGATES LIMITED,AMP (via Urban Reserve (AssetCo 2) Limited),UTILITA ENERGY LIMITED,GRIDIMP LTD,PERSE TECHNOLOGY LIMITED,SSE DIGITAL SERVICES LIMITED,AMP (via Urban Reserve (AssetCo) Limited),INFINIS LIMITED,EQUIWATT LIMITED,HILDEBRAND TECHNOLOGY LIMITED,GRIDBEYOND LIMITED,OCTOPUS ENERGY LIMITED,OAKTREE POWER LIMITED,BRITISH GAS TRADING LIMITED"
28/07/2025,20:30,21:00,500,Live,0,All Providers,"ENGIE POWER LIMITED,AXLE ENERGY LIMITED,GALLAGHER AGGREGATES LIMITED,AMP (via Urban Reserve (AssetCo 2) Limited),UTILITA ENERGY LIMITED,GRIDIMP LTD,PERSE TECHNOLOGY LIMITED,SSE DIGITAL SERVICES LIMITED,AMP (via Urban Reserve (AssetCo) Limited),INFINIS LIMITED,EQUIWATT LIMITED,HILDEBRAND TECHNOLOGY LIMITED,GRIDBEYOND LIMITED,OCTOPUS ENERGY LIMITED,OAKTREE POWER LIMITED,BRITISH GAS TRADING LIMITED"
27/07/2025,19:00,19:30,500,Live,0,All Providers,"ENGIE POWER LIMITED,AXLE ENERGY LIMITED,GALLAGHER AGGREGATES LIMITED,AMP (via Urban Reserve (AssetCo 2) Limited),UTILITA ENERGY LIMITED,GRIDIMP LTD,PERSE TECHNOLOGY LIMITED,SSE DIGITAL SERVICES LIMITED,AMP (via Urban Reserve (AssetCo) Limited),INFINIS LIMITED,EQUIWATT LIMITED,HILDEBRAND TECHNOLOGY LIMITED,GRIDBEYOND LIMITED,OCTOPUS ENERGY LIMITED,OAKTREE POWER LIMITED,BRITISH GAS TRADING LIMITED"
27/07/2025,19:30,20:00,500,Live,0,All Providers,"ENGIE POWER LIMITED,AXLE ENERGY LIMITED,GALLAGHER AGGREGATES LIMITED,AMP (via Urban Reserve (AssetCo 2) Limited),UTILITA ENERGY LIMITED,GRIDIMP LTD,PERSE TECHNOLOGY LIMITED,SSE DIGITAL SERVICES LIMITED,AMP (via Urban Reserve (AssetCo) Limited),INFINIS LIMITED,EQUIWATT LIMITED,HILDEBRAND TECHNOLOGY LIMITED,GRIDBEYOND LIMITED,OCTOPUS ENERGY LIMITED,OAKTREE POWER LIMITED,BRITISH GAS TRADING LIMITED"
26/07/2025,20:00,20:30,500,Live,0,All Providers,"ENGIE POWER LIMITED,AXLE ENERGY LIMITED,GALLAGHER AGGREGATES LIMITED,AMP (via Urban Reserve (AssetCo 2) Limited),UTILITA ENERGY LIMITED,GRIDIMP LTD,PERSE TECHNOLOGY LIMITED,SSE DIGITAL SERVICES LIMITED,AMP (via Urban Reserve (AssetCo) Limited),INFINIS LIMITED,EQUIWATT LIMITED,HILDEBRAND TECHNOLOGY LIMITED,GRIDBEYOND LIMITED,OCTOPUS ENERGY LIMITED,OAKTREE POWER LIMITED,BRITISH GAS TRADING LIMITED"
26/07/2025,20:30,21:00,500,Live,0,All Providers,"ENGIE POWER LIMITED,AXLE ENERGY LIMITED,GALLAGHER AGGREGATES LIMITED,AMP (via Urban Reserve (AssetCo 2) Limited),UTILITA ENERGY LIMITED,GRIDIMP LTD,PERSE TECHNOLOGY LIMITED,SSE DIGITAL SERVICES LIMITED,AMP (via Urban Reserve (AssetCo) Limited),INFINIS LIMITED,EQUIWATT LIMITED,HILDEBRAND TECHNOLOGY LIMITED,GRIDBEYOND LIMITED,OCTOPUS ENERGY LIMITED,OAKTREE POWER LIMITED,BRITISH GAS TRADING LIMITED"
24/07/2025,18:00,18:30,500,Live,0,All Providers,"ENGIE POWER LIMITED,AXLE ENERGY LIMITED,GALLAGHER AGGREGATES LIMITED,AMP (via Urban Reserve (AssetCo 2) Limited),UTILITA ENERGY LIMITED,GRIDIMP LTD,PERSE TECHNOLOGY LIMITED,SSE DIGITAL SERVICES LIMITED,AMP (via Urban Reserve (AssetCo) Limited),INFINIS LIMITED,EQUIWATT LIMITED,HILDEBRAND TECHNOLOGY LIMITED,GRIDBEYOND LIMITED,OCTOPUS ENERGY LIMITED,OAKTREE POWER LIMITED,BRITISH GAS TRADING LIMITED"
24/07/2025,18:30,19:00,500,Live,0,All Providers,"ENGIE POWER LIMITED,AXLE ENERGY LIMITED,GALLAGHER AGGREGATES LIMITED,AMP (via Urban Reserve (AssetCo 2) Limited),UTILITA ENERGY LIMITED,GRIDIMP LTD,PERSE TECHNOLOGY LIMITED,SSE DIGITAL SERVICES LIMITED,AMP (via Urban Reserve (AssetCo) Limited),INFINIS LIMITED,EQUIWATT LIMITED,HILDEBRAND TECHNOLOGY LIMITED,GRIDBEYOND LIMITED,OCTOPUS ENERGY LIMITED,OAKTREE POWER LIMITED,BRITISH GAS TRADING LIMITED"
24/07/2025,19:00,19:30,500,Live,0,All Providers,"ENGIE POWER LIMITED,AXLE ENERGY LIMITED,GALLAGHER AGGREGATES LIMITED,AMP (via Urban Reserve (AssetCo 2) Limited),UTILITA ENERGY LIMITED,GRIDIMP LTD,PERSE TECHNOLOGY LIMITED,SSE DIGITAL SERVICES LIMITED,AMP (via Urban Reserve (AssetCo) Limited),INFINIS LIMITED,EQUIWATT LIMITED,HILDEBRAND TECHNOLOGY LIMITED,GRIDBEYOND LIMITED,OCTOPUS ENERGY LIMITED,OAKTREE POWER LIMITED,BRITISH GAS TRADING LIMITED"
24/07/2025,19:30,20:00,500,Live,0,All Providers,"ENGIE POWER LIMITED,AXLE ENERGY LIMITED,GALLAGHER AGGREGATES LIMITED,AMP (via Urban Reserve (AssetCo 2) Limited),UTILITA ENERGY LIMITED,GRIDIMP LTD,PERSE TECHNOLOGY LIMITED,SSE DIGITAL SERVICES LIMITED,AMP (via Urban Reserve (AssetCo) Limited),INFINIS LIMITED,EQUIWATT LIMITED,HILDEBRAND TECHNOLOGY LIMITED,GRIDBEYOND LIMITED,OCTOPUS ENERGY LIMITED,OAKTREE POWER LIMITED,BRITISH GAS TRADING LIMITED"
24/07/2025,20:00,20:30,500,Live,0,All Providers,"ENGIE POWER LIMITED,AXLE ENERGY LIMITED,GALLAGHER AGGREGATES LIMITED,AMP (via Urban Reserve (AssetCo 2) Limited),UTILITA ENERGY LIMITED,GRIDIMP LTD,PERSE TECHNOLOGY LIMITED,SSE DIGITAL SERVICES LIMITED,AMP (via Urban Reserve (AssetCo) Limited),INFINIS LIMITED,EQUIWATT LIMITED,HILDEBRAND TECHNOLOGY LIMITED,GRIDBEYOND LIMITED,OCTOPUS ENERGY LIMITED,OAKTREE POWER LIMITED,BRITISH GAS TRADING LIMITED"
24/07/2025,20:30,21:00,500,Live,0,All Providers,"ENGIE POWER LIMITED,AXLE ENERGY LIMITED,GALLAGHER AGGREGATES LIMITED,AMP (via Urban Reserve (AssetCo 2) Limited),UTILITA ENERGY LIMITED,GRIDIMP LTD,PERSE TECHNOLOGY LIMITED,SSE DIGITAL SERVICES LIMITED,AMP (via Urban Reserve (AssetCo) Limited),INFINIS LIMITED,EQUIWATT LIMITED,HILDEBRAND TECHNOLOGY LIMITED,GRIDBEYOND LIMITED,OCTOPUS ENERGY LIMITED,OAKTREE POWER LIMITED,BRITISH GAS TRADING LIMITED"
22/07/2025,18:00,18:30,500,Live,0,All Providers,"ENGIE POWER LIMITED,AXLE ENERGY LIMITED,GALLAGHER AGGREGATES LIMITED,AMP (via Urban Reserve (AssetCo 2) Limited),UTILITA ENERGY LIMITED,GRIDIMP LTD,PERSE TECHNOLOGY LIMITED,SSE DIGITAL SERVICES LIMITED,AMP (via Urban Reserve (AssetCo) Limited),INFINIS LIMITED,EQUIWATT LIMITED,HILDEBRAND TECHNOLOGY LIMITED,GRIDBEYOND LIMITED,OCTOPUS ENERGY LIMITED,OAKTREE POWER LIMITED,BRITISH GAS TRADING LIMITED"
22/07/2025,18:30,19:00,500,Live,0,All Providers,"ENGIE POWER LIMITED,AXLE ENERGY LIMITED,GALLAGHER AGGREGATES LIMITED,AMP (via Urban Reserve (AssetCo 2) Limited),UTILITA ENERGY LIMITED,GRIDIMP LTD,PERSE TECHNOLOGY LIMITED,SSE DIGITAL SERVICES LIMITED,AMP (via Urban Reserve (AssetCo) Limited),INFINIS LIMITED,EQUIWATT LIMITED,HILDEBRAND TECHNOLOGY LIMITED,GRIDBEYOND LIMITED,OCTOPUS ENERGY LIMITED,OAKTREE POWER LIMITED,BRITISH GAS TRADING LIMITED"
22/07/2025,19:00,19:30,500,Live,0,All Providers,"ENGIE POWER LIMITED,AXLE ENERGY LIMITED,GALLAGHER AGGREGATES LIMITED,AMP (via Urban Reserve (AssetCo 2) Limited),UTILITA ENERGY LIMITED,GRIDIMP LTD,PERSE TECHNOLOGY LIMITED,SSE DIGITAL SERVICES LIMITED,AMP (via Urban Reserve (AssetCo) Limited),INFINIS LIMITED,EQUIWATT LIMITED,HILDEBRAND TECHNOLOGY LIMITED,GRIDBEYOND LIMITED,OCTOPUS ENERGY LIMITED,OAKTREE POWER LIMITED,BRITISH GAS TRADING LIMITED"
22/07/2025,19:30,20:00,500,Live,0,All Providers,"ENGIE POWER LIMITED,AXLE ENERGY LIMITED,GALLAGHER AGGREGATES LIMITED,AMP (via Urban Reserve (AssetCo 2) Limited),UTILITA ENERGY LIMITED,GRIDIMP LTD,PERSE TECHNOLOGY LIMITED,SSE DIGITAL SERVICES LIMITED,AMP (via Urban Reserve (AssetCo) Limited),INFINIS LIMITED,EQUIWATT LIMITED,HILDEBRAND TECHNOLOGY LIMITED,GRIDBEYOND LIMITED,OCTOPUS ENERGY LIMITED,OAKTREE POWER LIMITED,BRITISH GAS TRADING LIMITED"
22/07/2025,20:00,20:30,500,Live,0,All Providers,"ENGIE POWER LIMITED,AXLE ENERGY LIMITED,GALLAGHER AGGREGATES LIMITED,AMP (via Urban Reserve (AssetCo 2) Limited),UTILITA ENERGY LIMITED,GRIDIMP LTD,PERSE TECHNOLOGY LIMITED,SSE DIGITAL SERVICES LIMITED,AMP (via Urban Reserve (AssetCo) Limited),INFINIS LIMITED,EQUIWATT LIMITED,HILDEBRAND TECHNOLOGY LIMITED,GRIDBEYOND LIMITED,OCTOPUS ENERGY LIMITED,OAKTREE POWER LIMITED,BRITISH GAS TRADING LIMITED"
22/07/2025,20:30,21:00,500,Live,0,All Providers,"ENGIE POWER LIMITED,AXLE ENERGY LIMITED,GALLAGHER AGGREGATES LIMITED,AMP (via Urban Reserve (AssetCo 2) Limited),UTILITA ENERGY LIMITED,GRIDIMP LTD,PERSE TECHNOLOGY LIMITED,SSE DIGITAL SERVICES LIMITED,AMP (via Urban Reserve (AssetCo) Limited),INFINIS LIMITED,EQUIWATT LIMITED,HILDEBRAND TECHNOLOGY LIMITED,GRIDBEYOND LIMITED,OCTOPUS ENERGY LIMITED,OAKTREE POWER LIMITED,BRITISH GAS TRADING LIMITED"
21/07/2025,19:00,19:30,500,Live,0,All Providers,"ENGIE POWER LIMITED,AXLE ENERGY LIMITED,GALLAGHER AGGREGATES LIMITED,AMP (via Urban Reserve (AssetCo 2) Limited),UTILITA ENERGY LIMITED,GRIDIMP LTD,PERSE TECHNOLOGY LIMITED,SSE DIGITAL SERVICES LIMITED,AMP (via Urban Reserve (AssetCo) Limited),INFINIS LIMITED,EQUIWATT LIMITED,HILDEBRAND TECHNOLOGY LIMITED,GRIDBEYOND LIMITED,OCTOPUS ENERGY LIMITED,OAKTREE POWER LIMITED,BRITISH GAS TRADING LIMITED"
21/07/2025,19:30,20:00,500,Live,0,All Providers,"ENGIE POWER LIMITED,AXLE ENERGY LIMITED,GALLAGHER AGGREGATES LIMITED,AMP (via Urban Reserve (AssetCo 2) Limited),UTILITA ENERGY LIMITED,GRIDIMP LTD,PERSE TECHNOLOGY LIMITED,SSE DIGITAL SERVICES LIMITED,AMP (via Urban Reserve (AssetCo) Limited),INFINIS LIMITED,EQUIWATT LIMITED,HILDEBRAND TECHNOLOGY LIMITED,GRIDBEYOND LIMITED,OCTOPUS ENERGY LIMITED,OAKTREE POWER LIMITED,BRITISH GAS TRADING LIMITED"
21/07/2025,20:00,20:30,500,Live,0,All Providers,"ENGIE POWER LIMITED,AXLE ENERGY LIMITED,GALLAGHER AGGREGATES LIMITED,AMP (via Urban Reserve (AssetCo 2) Limited),UTILITA ENERGY LIMITED,GRIDIMP LTD,PERSE TECHNOLOGY LIMITED,SSE DIGITAL SERVICES LIMITED,AMP (via Urban Reserve (AssetCo) Limited),INFINIS LIMITED,EQUIWATT LIMITED,HILDEBRAND TECHNOLOGY LIMITED,GRIDBEYOND LIMITED,OCTOPUS ENERGY LIMITED,OAKTREE POWER LIMITED,BRITISH GAS TRADING LIMITED"
21/07/2025,20:30,21:00,500,Live,0,All Providers,"ENGIE POWER LIMITED,AXLE ENERGY LIMITED,GALLAGHER AGGREGATES LIMITED,AMP (via Urban Reserve (AssetCo 2) Limited),UTILITA ENERGY LIMITED,GRIDIMP LTD,PERSE TECHNOLOGY LIMITED,SSE DIGITAL SERVICES LIMITED,AMP (via Urban Reserve (AssetCo) Limited),INFINIS LIMITED,EQUIWATT LIMITED,HILDEBRAND TECHNOLOGY LIMITED,GRIDBEYOND LIMITED,OCTOPUS ENERGY LIMITED,OAKTREE POWER LIMITED,BRITISH GAS TRADING LIMITED"
20/07/2025,17:00,17:30,500,Live,0,All Providers,"ENGIE POWER LIMITED,AXLE ENERGY LIMITED,GALLAGHER AGGREGATES LIMITED,AMP (via Urban Reserve (AssetCo 2) Limited),UTILITA ENERGY LIMITED,GRIDIMP LTD,PERSE TECHNOLOGY LIMITED,SSE DIGITAL SERVICES LIMITED,AMP (via Urban Reserve (AssetCo) Limited),INFINIS LIMITED,EQUIWATT LIMITED,HILDEBRAND TECHNOLOGY LIMITED,GRIDBEYOND LIMITED,OCTOPUS ENERGY LIMITED,OAKTREE POWER LIMITED,BRITISH GAS TRADING LIMITED"
20/07/2025,17:30,18:00,500,Live,0,All Providers,"ENGIE POWER LIMITED,AXLE ENERGY LIMITED,GALLAGHER AGGREGATES LIMITED,AMP (via Urban Reserve (AssetCo 2) Limited),UTILITA ENERGY LIMITED,GRIDIMP LTD,PERSE TECHNOLOGY LIMITED,SSE DIGITAL SERVICES LIMITED,AMP (via Urban Reserve (AssetCo) Limited),INFINIS LIMITED,EQUIWATT LIMITED,HILDEBRAND TECHNOLOGY LIMITED,GRIDBEYOND LIMITED,OCTOPUS ENERGY LIMITED,OAKTREE POWER LIMITED,BRITISH GAS TRADING LIMITED"
20/07/2025,18:00,18:30,500,Live,0,All Providers,"ENGIE POWER LIMITED,AXLE ENERGY LIMITED,GALLAGHER AGGREGATES LIMITED,AMP (via Urban Reserve (AssetCo 2) Limited),UTILITA ENERGY LIMITED,GRIDIMP LTD,PERSE TECHNOLOGY LIMITED,SSE DIGITAL SERVICES LIMITED,AMP (via Urban Reserve (AssetCo) Limited),INFINIS LIMITED,EQUIWATT LIMITED,HILDEBRAND TECHNOLOGY LIMITED,GRIDBEYOND LIMITED,OCTOPUS ENERGY LIMITED,OAKTREE POWER LIMITED,BRITISH GAS TRADING LIMITED"
20/07/2025,18:30,19:00,500,Live,0,All Providers,"ENGIE POWER LIMITED,AXLE ENERGY LIMITED,GALLAGHER AGGREGATES LIMITED,AMP (via Urban Reserve (AssetCo 2) Limited),UTILITA ENERGY LIMITED,GRIDIMP LTD,PERSE TECHNOLOGY LIMITED,SSE DIGITAL SERVICES LIMITED,AMP (via Urban Reserve (AssetCo) Limited),INFINIS LIMITED,EQUIWATT LIMITED,HILDEBRAND TECHNOLOGY LIMITED,GRIDBEYOND LIMITED,OCTOPUS ENERGY LIMITED,OAKTREE POWER LIMITED,BRITISH GAS TRADING LIMITED"
20/07/2025,19:00,19:30,500,Live,0,All Providers,"ENGIE POWER LIMITED,AXLE ENERGY LIMITED,GALLAGHER AGGREGATES LIMITED,AMP (via Urban Reserve (AssetCo 2) Limited),UTILITA ENERGY LIMITED,GRIDIMP LTD,PERSE TECHNOLOGY LIMITED,SSE DIGITAL SERVICES LIMITED,AMP (via Urban Reserve (AssetCo) Limited),INFINIS LIMITED,EQUIWATT LIMITED,HILDEBRAND TECHNOLOGY LIMITED,GRIDBEYOND LIMITED,OCTOPUS ENERGY LIMITED,OAKTREE POWER LIMITED,BRITISH GAS TRADING LIMITED"
20/07/2025,19:30,20:00,500,Live,0,All Providers,"ENGIE POWER LIMITED,AXLE ENERGY LIMITED,GALLAGHER AGGREGATES LIMITED,AMP (via Urban Reserve (AssetCo 2) Limited),UTILITA ENERGY LIMITED,GRIDIMP LTD,PERSE TECHNOLOGY LIMITED,SSE DIGITAL SERVICES LIMITED,AMP (via Urban Reserve (AssetCo) Limited),INFINIS LIMITED,EQUIWATT LIMITED,HILDEBRAND TECHNOLOGY LIMITED,GRIDBEYOND LIMITED,OCTOPUS ENERGY LIMITED,OAKTREE POWER LIMITED,BRITISH GAS TRADING LIMITED"
20/07/2025,20:00,20:30,500,Live,0,All Providers,"ENGIE POWER LIMITED,AXLE ENERGY LIMITED,GALLAGHER AGGREGATES LIMITED,AMP (via Urban Reserve (AssetCo 2) Limited),UTILITA ENERGY LIMITED,GRIDIMP LTD,PERSE TECHNOLOGY LIMITED,SSE DIGITAL SERVICES LIMITED,AMP (via Urban Reserve (AssetCo) Limited),INFINIS LIMITED,EQUIWATT LIMITED,HILDEBRAND TECHNOLOGY LIMITED,GRIDBEYOND LIMITED,OCTOPUS ENERGY LIMITED,OAKTREE POWER LIMITED,BRITISH GAS TRADING LIMITED"
20/07/2025,20:30,21:00,500,Live,0,All Providers,"ENGIE POWER LIMITED,AXLE ENERGY LIMITED,GALLAGHER AGGREGATES LIMITED,AMP (via Urban Reserve (AssetCo 2) Limited),UTILITA ENERGY LIMITED,GRIDIMP LTD,PERSE TECHNOLOGY LIMITED,SSE DIGITAL SERVICES LIMITED,AMP (via Urban Reserve (AssetCo) Limited),INFINIS LIMITED,EQUIWATT LIMITED,HILDEBRAND TECHNOLOGY LIMITED,GRIDBEYOND LIMITED,OCTOPUS ENERGY LIMITED,OAKTREE POWER LIMITED,BRITISH GAS TRADING LIMITED"
18/07/2025,17:00,17:30,500,Live,0,All Providers,"ENGIE POWER LIMITED,AXLE ENERGY LIMITED,GALLAGHER AGGREGATES LIMITED,AMP (via Urban Reserve (AssetCo 2) Limited),UTILITA ENERGY LIMITED,GRIDIMP LTD,PERSE TECHNOLOGY LIMITED,SSE DIGITAL SERVICES LIMITED,AMP (via Urban Reserve (AssetCo) Limited),INFINIS LIMITED,EQUIWATT LIMITED,HILDEBRAND TECHNOLOGY LIMITED,GRIDBEYOND LIMITED,OCTOPUS ENERGY LIMITED,OAKTREE POWER LIMITED,BRITISH GAS TRADING LIMITED"
18/07/2025,17:30,18:00,500,Live,0,All Providers,"ENGIE POWER LIMITED,AXLE ENERGY LIMITED,GALLAGHER AGGREGATES LIMITED,AMP (via Urban Reserve (AssetCo 2) Limited),UTILITA ENERGY LIMITED,GRIDIMP LTD,PERSE TECHNOLOGY LIMITED,SSE DIGITAL SERVICES LIMITED,AMP (via Urban Reserve (AssetCo) Limited),INFINIS LIMITED,EQUIWATT LIMITED,HILDEBRAND TECHNOLOGY LIMITED,GRIDBEYOND LIMITED,OCTOPUS ENERGY LIMITED,OAKTREE POWER LIMITED,BRITISH GAS TRADING LIMITED"
18/07/2025,18:00,18:30,500,Live,0,All Providers,"ENGIE POWER LIMITED,AXLE ENERGY LIMITED,GALLAGHER AGGREGATES LIMITED,AMP (via Urban Reserve (AssetCo 2) Limited),UTILITA ENERGY LIMITED,GRIDIMP LTD,PERSE TECHNOLOGY LIMITED,SSE DIGITAL SERVICES LIMITED,AMP (via Urban Reserve (AssetCo) Limited),INFINIS LIMITED,EQUIWATT LIMITED,HILDEBRAND TECHNOLOGY LIMITED,GRIDBEYOND LIMITED,OCTOPUS ENERGY LIMITED,OAKTREE POWER LIMITED,BRITISH GAS TRADING LIMITED"
18/07/2025,18:30,19:00,500,Live,0,All Providers,"ENGIE POWER LIMITED,AXLE ENERGY LIMITED,GALLAGHER AGGREGATES LIMITED,AMP (via Urban Reserve (AssetCo 2) Limited),UTILITA ENERGY LIMITED,GRIDIMP LTD,PERSE TECHNOLOGY LIMITED,SSE DIGITAL SERVICES LIMITED,AMP (via Urban Reserve (AssetCo) Limited),INFINIS LIMITED,EQUIWATT LIMITED,HILDEBRAND TECHNOLOGY LIMITED,GRIDBEYOND LIMITED,OCTOPUS ENERGY LIMITED,OAKTREE POWER LIMITED,BRITISH GAS TRADING LIMITED"
18/07/2025,19:00,19:30,500,Live,0,All Providers,"ENGIE POWER LIMITED,AXLE ENERGY LIMITED,GALLAGHER AGGREGATES LIMITED,AMP (via Urban Reserve (AssetCo 2) Limited),UTILITA ENERGY LIMITED,GRIDIMP LTD,PERSE TECHNOLOGY LIMITED,SSE DIGITAL SERVICES LIMITED,AMP (via Urban Reserve (AssetCo) Limited),INFINIS LIMITED,EQUIWATT LIMITED,HILDEBRAND TECHNOLOGY LIMITED,GRIDBEYOND LIMITED,OCTOPUS ENERGY LIMITED,OAKTREE POWER LIMITED,BRITISH GAS TRADING LIMITED"
18/07/2025,19:30,20:00,500,Live,0,All Providers,"ENGIE POWER LIMITED,AXLE ENERGY LIMITED,GALLAGHER AGGREGATES LIMITED,AMP (via Urban Reserve (AssetCo 2) Limited),UTILITA ENERGY LIMITED,GRIDIMP LTD,PERSE TECHNOLOGY LIMITED,SSE DIGITAL SERVICES LIMITED,AMP (via Urban Reserve (AssetCo) Limited),INFINIS LIMITED,EQUIWATT LIMITED,HILDEBRAND TECHNOLOGY LIMITED,GRIDBEYOND LIMITED,OCTOPUS ENERGY LIMITED,OAKTREE POWER LIMITED,BRITISH GAS TRADING LIMITED"
18/07/2025,20:00,20:30,500,Live,0,All Providers,"ENGIE POWER LIMITED,AXLE ENERGY LIMITED,GALLAGHER AGGREGATES LIMITED,AMP (via Urban Reserve (AssetCo 2) Limited),UTILITA ENERGY LIMITED,GRIDIMP LTD,PERSE TECHNOLOGY LIMITED,SSE DIGITAL SERVICES LIMITED,AMP (via Urban Reserve (AssetCo) Limited),INFINIS LIMITED,EQUIWATT LIMITED,HILDEBRAND TECHNOLOGY LIMITED,GRIDBEYOND LIMITED,OCTOPUS ENERGY LIMITED,OAKTREE POWER LIMITED,BRITISH GAS TRADING LIMITED"
18/07/2025,20:30,21:00,500,Live,0,All Providers,"ENGIE POWER LIMITED,AXLE ENERGY LIMITED,GALLAGHER AGGREGATES LIMITED,AMP (via Urban Reserve (AssetCo 2) Limited),UTILITA ENERGY LIMITED,GRIDIMP LTD,PERSE TECHNOLOGY LIMITED,SSE DIGITAL SERVICES LIMITED,AMP (via Urban Reserve (AssetCo) Limited),INFINIS LIMITED,EQUIWATT LIMITED,HILDEBRAND TECHNOLOGY LIMITED,GRIDBEYOND LIMITED,OCTOPUS ENERGY LIMITED,OAKTREE POWER LIMITED,BRITISH GAS TRADING LIMITED"
16/07/2025,18:00,18:30,300,Live,0,All Providers,"ENGIE POWER LIMITED,AXLE ENERGY LIMITED,GALLAGHER AGGREGATES LIMITED,AMP (via Urban Reserve (AssetCo 2) Limited),UTILITA ENERGY LIMITED,GRIDIMP LTD,PERSE TECHNOLOGY LIMITED,SSE DIGITAL SERVICES LIMITED,AMP (via Urban Reserve (AssetCo) Limited),INFINIS LIMITED,EQUIWATT LIMITED,HILDEBRAND TECHNOLOGY LIMITED,GRIDBEYOND LIMITED,OCTOPUS ENERGY LIMITED,OAKTREE POWER LIMITED,BRITISH GAS TRADING LIMITED"
16/07/2025,18:30,19:00,300,Live,0,All Providers,"ENGIE POWER LIMITED,AXLE ENERGY LIMITED,GALLAGHER AGGREGATES LIMITED,AMP (via Urban Reserve (AssetCo 2) Limited),UTILITA ENERGY LIMITED,GRIDIMP LTD,PERSE TECHNOLOGY LIMITED,SSE DIGITAL SERVICES LIMITED,AMP (via Urban Reserve (AssetCo) Limited),INFINIS LIMITED,EQUIWATT LIMITED,HILDEBRAND TECHNOLOGY LIMITED,GRIDBEYOND LIMITED,OCTOPUS ENERGY LIMITED,OAKTREE POWER LIMITED,BRITISH GAS TRADING LIMITED"
16/07/2025,19:00,19:30,500,Live,0,All Providers,"ENGIE POWER LIMITED,AXLE ENERGY LIMITED,GALLAGHER AGGREGATES LIMITED,AMP (via Urban Reserve (AssetCo 2) Limited),UTILITA ENERGY LIMITED,GRIDIMP LTD,PERSE TECHNOLOGY LIMITED,SSE DIGITAL SERVICES LIMITED,AMP (via Urban Reserve (AssetCo) Limited),INFINIS LIMITED,EQUIWATT LIMITED,HILDEBRAND TECHNOLOGY LIMITED,GRIDBEYOND LIMITED,OCTOPUS ENERGY LIMITED,OAKTREE POWER LIMITED,BRITISH GAS TRADING LIMITED"
16/07/2025,19:30,20:00,500,Live,0,All Providers,"ENGIE POWER LIMITED,AXLE ENERGY LIMITED,GALLAGHER AGGREGATES LIMITED,AMP (via Urban Reserve (AssetCo 2) Limited),UTILITA ENERGY LIMITED,GRIDIMP LTD,PERSE TECHNOLOGY LIMITED,SSE DIGITAL SERVICES LIMITED,AMP (via Urban Reserve (AssetCo) Limited),INFINIS LIMITED,EQUIWATT LIMITED,HILDEBRAND TECHNOLOGY LIMITED,GRIDBEYOND LIMITED,OCTOPUS ENERGY LIMITED,OAKTREE POWER LIMITED,BRITISH GAS TRADING LIMITED"
16/07/2025,20:00,20:30,500,Live,0,All Providers,"ENGIE POWER LIMITED,AXLE ENERGY LIMITED,GALLAGHER AGGREGATES LIMITED,AMP (via Urban Reserve (AssetCo 2) Limited),UTILITA ENERGY LIMITED,GRIDIMP LTD,PERSE TECHNOLOGY LIMITED,SSE DIGITAL SERVICES LIMITED,AMP (via Urban Reserve (AssetCo) Limited),INFINIS LIMITED,EQUIWATT LIMITED,HILDEBRAND TECHNOLOGY LIMITED,GRIDBEYOND LIMITED,OCTOPUS ENERGY LIMITED,OAKTREE POWER LIMITED,BRITISH GAS TRADING LIMITED"
16/07/2025,20:30,21:00,500,Live,0,All Providers,"ENGIE POWER LIMITED,AXLE ENERGY LIMITED,GALLAGHER AGGREGATES LIMITED,AMP (via Urban Reserve (AssetCo 2) Limited),UTILITA ENERGY LIMITED,GRIDIMP LTD,PERSE TECHNOLOGY LIMITED,SSE DIGITAL SERVICES LIMITED,AMP (via Urban Reserve (AssetCo) Limited),INFINIS LIMITED,EQUIWATT LIMITED,HILDEBRAND TECHNOLOGY LIMITED,GRIDBEYOND LIMITED,OCTOPUS ENERGY LIMITED,OAKTREE POWER LIMITED,BRITISH GAS TRADING LIMITED"
16/07/2025,21:00,21:30,300,Live,0,All Providers,"ENGIE POWER LIMITED,AXLE ENERGY LIMITED,GALLAGHER AGGREGATES LIMITED,AMP (via Urban Reserve (AssetCo 2) Limited),UTILITA ENERGY LIMITED,GRIDIMP LTD,PERSE TECHNOLOGY LIMITED,SSE DIGITAL SERVICES LIMITED,AMP (via Urban Reserve (AssetCo) Limited),INFINIS LIMITED,EQUIWATT LIMITED,HILDEBRAND TECHNOLOGY LIMITED,GRIDBEYOND LIMITED,OCTOPUS ENERGY LIMITED,OAKTREE POWER LIMITED,BRITISH GAS TRADING LIMITED"
16/07/2025,21:30,22:00,300,Live,0,All Providers,"ENGIE POWER LIMITED,AXLE ENERGY LIMITED,GALLAGHER AGGREGATES LIMITED,AMP (via Urban Reserve (AssetCo 2) Limited),UTILITA ENERGY LIMITED,GRIDIMP LTD,PERSE TECHNOLOGY LIMITED,SSE DIGITAL SERVICES LIMITED,AMP (via Urban Reserve (AssetCo) Limited),INFINIS LIMITED,EQUIWATT LIMITED,HILDEBRAND TECHNOLOGY LIMITED,GRIDBEYOND LIMITED,OCTOPUS ENERGY LIMITED,OAKTREE POWER LIMITED,BRITISH GAS TRADING LIMITED"
14/07/2025,18:00,18:30,500,Live,0,All Providers,"ENGIE POWER LIMITED,AXLE ENERGY LIMITED,GALLAGHER AGGREGATES LIMITED,AMP (via Urban Reserve (AssetCo 2) Limited),UTILITA ENERGY LIMITED,GRIDIMP LTD,PERSE TECHNOLOGY LIMITED,SSE DIGITAL SERVICES LIMITED,AMP (via Urban Reserve (AssetCo) Limited),INFINIS LIMITED,EQUIWATT LIMITED,HILDEBRAND TECHNOLOGY LIMITED,GRIDBEYOND LIMITED,OCTOPUS ENERGY LIMITED,OAKTREE POWER LIMITED,BRITISH GAS TRADING LIMITED"
14/07/2025,18:30,19:00,500,Live,0,All Providers,"ENGIE POWER LIMITED,AXLE ENERGY LIMITED,GALLAGHER AGGREGATES LIMITED,AMP (via Urban Reserve (AssetCo 2) Limited),UTILITA ENERGY LIMITED,GRIDIMP LTD,PERSE TECHNOLOGY LIMITED,SSE DIGITAL SERVICES LIMITED,AMP (via Urban Reserve (AssetCo) Limited),INFINIS LIMITED,EQUIWATT LIMITED,HILDEBRAND TECHNOLOGY LIMITED,GRIDBEYOND LIMITED,OCTOPUS ENERGY LIMITED,OAKTREE POWER LIMITED,BRITISH GAS TRADING LIMITED"
14/07/2025,19:00,19:30,500,Live,0,All Providers,"ENGIE POWER LIMITED,AXLE ENERGY LIMITED,GALLAGHER AGGREGATES LIMITED,AMP (via Urban Reserve (AssetCo 2) Limited),UTILITA ENERGY LIMITED,GRIDIMP LTD,PERSE TECHNOLOGY LIMITED,SSE DIGITAL SERVICES LIMITED,AMP (via Urban Reserve (AssetCo) Limited),INFINIS LIMITED,EQUIWATT LIMITED,HILDEBRAND TECHNOLOGY LIMITED,GRIDBEYOND LIMITED,OCTOPUS ENERGY LIMITED,OAKTREE POWER LIMITED,BRITISH GAS TRADING LIMITED"
14/07/2025,19:30,20:00,500,Live,0,All Providers,"ENGIE POWER LIMITED,AXLE ENERGY LIMITED,GALLAGHER AGGREGATES LIMITED,AMP (via Urban Reserve (AssetCo 2) Limited),UTILITA ENERGY LIMITED,GRIDIMP LTD,PERSE TECHNOLOGY LIMITED,SSE DIGITAL SERVICES LIMITED,AMP (via Urban Reserve (AssetCo) Limited),INFINIS LIMITED,EQUIWATT LIMITED,HILDEBRAND TECHNOLOGY LIMITED,GRIDBEYOND LIMITED,OCTOPUS ENERGY LIMITED,OAKTREE POWER LIMITED,BRITISH GAS TRADING LIMITED"
14/07/2025,20:00,20:30,500,Live,0,All Providers,"ENGIE POWER LIMITED,AXLE ENERGY LIMITED,GALLAGHER AGGREGATES LIMITED,AMP (via Urban Reserve (AssetCo 2) Limited),UTILITA ENERGY LIMITED,GRIDIMP LTD,PERSE TECHNOLOGY LIMITED,SSE DIGITAL SERVICES LIMITED,AMP (via Urban Reserve (AssetCo) Limited),INFINIS LIMITED,EQUIWATT LIMITED,HILDEBRAND TECHNOLOGY LIMITED,GRIDBEYOND LIMITED,OCTOPUS ENERGY LIMITED,OAKTREE POWER LIMITED,BRITISH GAS TRADING LIMITED"
14/07/2025,20:30,21:00,500,Live,0,All Providers,"ENGIE POWER LIMITED,AXLE ENERGY LIMITED,GALLAGHER AGGREGATES LIMITED,AMP (via Urban Reserve (AssetCo 2) Limited),UTILITA ENERGY LIMITED,GRIDIMP LTD,PERSE TECHNOLOGY LIMITED,SSE DIGITAL SERVICES LIMITED,AMP (via Urban Reserve (AssetCo) Limited),INFINIS LIMITED,EQUIWATT LIMITED,HILDEBRAND TECHNOLOGY LIMITED,GRIDBEYOND LIMITED,OCTOPUS ENERGY LIMITED,OAKTREE POWER LIMITED,BRITISH GAS TRADING LIMITED"
10/07/2025,18:00,18:30,500,Live,0,All Providers,"ENGIE POWER LIMITED,AXLE ENERGY LIMITED,GALLAGHER AGGREGATES LIMITED,AMP (via Urban Reserve (AssetCo 2) Limited),UTILITA ENERGY LIMITED,GRIDIMP LTD,PERSE TECHNOLOGY LIMITED,SSE DIGITAL SERVICES LIMITED,AMP (via Urban Reserve (AssetCo) Limited),INFINIS LIMITED,EQUIWATT LIMITED,HILDEBRAND TECHNOLOGY LIMITED,GRIDBEYOND LIMITED,OCTOPUS ENERGY LIMITED,OAKTREE POWER LIMITED,BRITISH GAS TRADING LIMITED"
10/07/2025,18:30,19:00,500,Live,0,All Providers,"ENGIE POWER LIMITED,AXLE ENERGY LIMITED,GALLAGHER AGGREGATES LIMITED,AMP (via Urban Reserve (AssetCo 2) Limited),UTILITA ENERGY LIMITED,GRIDIMP LTD,PERSE TECHNOLOGY LIMITED,SSE DIGITAL SERVICES LIMITED,AMP (via Urban Reserve (AssetCo) Limited),INFINIS LIMITED,EQUIWATT LIMITED,HILDEBRAND TECHNOLOGY LIMITED,GRIDBEYOND LIMITED,OCTOPUS ENERGY LIMITED,OAKTREE POWER LIMITED,BRITISH GAS TRADING LIMITED"
10/07/2025,19:00,19:30,500,Live,0,All Providers,"ENGIE POWER LIMITED,AXLE ENERGY LIMITED,GALLAGHER AGGREGATES LIMITED,AMP (via Urban Reserve (AssetCo 2) Limited),UTILITA ENERGY LIMITED,GRIDIMP LTD,PERSE TECHNOLOGY LIMITED,SSE DIGITAL SERVICES LIMITED,AMP (via Urban Reserve (AssetCo) Limited),INFINIS LIMITED,EQUIWATT LIMITED,HILDEBRAND TECHNOLOGY LIMITED,GRIDBEYOND LIMITED,OCTOPUS ENERGY LIMITED,OAKTREE POWER LIMITED,BRITISH GAS TRADING LIMITED"
10/07/2025,19:30,20:00,500,Live,0,All Providers,"ENGIE POWER LIMITED,AXLE ENERGY LIMITED,GALLAGHER AGGREGATES LIMITED,AMP (via Urban Reserve (AssetCo 2) Limited),UTILITA ENERGY LIMITED,GRIDIMP LTD,PERSE TECHNOLOGY LIMITED,SSE DIGITAL SERVICES LIMITED,AMP (via Urban Reserve (AssetCo) Limited),INFINIS LIMITED,EQUIWATT LIMITED,HILDEBRAND TECHNOLOGY LIMITED,GRIDBEYOND LIMITED,OCTOPUS ENERGY LIMITED,OAKTREE POWER LIMITED,BRITISH GAS TRADING LIMITED"
10/07/2025,20:00,20:30,500,Live,0,All Providers,"ENGIE POWER LIMITED,AXLE ENERGY LIMITED,GALLAGHER AGGREGATES LIMITED,AMP (via Urban Reserve (AssetCo 2) Limited),UTILITA ENERGY LIMITED,GRIDIMP LTD,PERSE TECHNOLOGY LIMITED,SSE DIGITAL SERVICES LIMITED,AMP (via Urban Reserve (AssetCo) Limited),INFINIS LIMITED,EQUIWATT LIMITED,HILDEBRAND TECHNOLOGY LIMITED,GRIDBEYOND LIMITED,OCTOPUS ENERGY LIMITED,OAKTREE POWER LIMITED,BRITISH GAS TRADING LIMITED"
10/07/2025,20:30,21:00,500,Live,0,All Providers,"ENGIE POWER LIMITED,AXLE ENERGY LIMITED,GALLAGHER AGGREGATES LIMITED,AMP (via Urban Reserve (AssetCo 2) Limited),UTILITA ENERGY LIMITED,GRIDIMP LTD,PERSE TECHNOLOGY LIMITED,SSE DIGITAL SERVICES LIMITED,AMP (via Urban Reserve (AssetCo) Limited),INFINIS LIMITED,EQUIWATT LIMITED,HILDEBRAND TECHNOLOGY LIMITED,GRIDBEYOND LIMITED,OCTOPUS ENERGY LIMITED,OAKTREE POWER LIMITED,BRITISH GAS TRADING LIMITED"
09/07/2025,18:00,18:30,500,Live,0,All Providers,"ENGIE POWER LIMITED,AXLE ENERGY LIMITED,GALLAGHER AGGREGATES LIMITED,AMP (via Urban Reserve (AssetCo 2) Limited),UTILITA ENERGY LIMITED,GRIDIMP LTD,PERSE TECHNOLOGY LIMITED,SSE DIGITAL SERVICES LIMITED,AMP (via Urban Reserve (AssetCo) Limited),INFINIS LIMITED,EQUIWATT LIMITED,HILDEBRAND TECHNOLOGY LIMITED,GRIDBEYOND LIMITED,OCTOPUS ENERGY LIMITED,OAKTREE POWER LIMITED,BRITISH GAS TRADING LIMITED"
09/07/2025,18:30,19:00,500,Live,0,All Providers,"ENGIE POWER LIMITED,AXLE ENERGY LIMITED,GALLAGHER AGGREGATES LIMITED,AMP (via Urban Reserve (AssetCo 2) Limited),UTILITA ENERGY LIMITED,GRIDIMP LTD,PERSE TECHNOLOGY LIMITED,SSE DIGITAL SERVICES LIMITED,AMP (via Urban Reserve (AssetCo) Limited),INFINIS LIMITED,EQUIWATT LIMITED,HILDEBRAND TECHNOLOGY LIMITED,GRIDBEYOND LIMITED,OCTOPUS ENERGY LIMITED,OAKTREE POWER LIMITED,BRITISH GAS TRADING LIMITED"
09/07/2025,19:00,19:30,500,Live,0,All Providers,"ENGIE POWER LIMITED,AXLE ENERGY LIMITED,GALLAGHER AGGREGATES LIMITED,AMP (via Urban Reserve (AssetCo 2) Limited),UTILITA ENERGY LIMITED,GRIDIMP LTD,PERSE TECHNOLOGY LIMITED,SSE DIGITAL SERVICES LIMITED,AMP (via Urban Reserve (AssetCo) Limited),INFINIS LIMITED,EQUIWATT LIMITED,HILDEBRAND TECHNOLOGY LIMITED,GRIDBEYOND LIMITED,OCTOPUS ENERGY LIMITED,OAKTREE POWER LIMITED,BRITISH GAS TRADING LIMITED"
09/07/2025,19:30,20:00,500,Live,0,All Providers,"ENGIE POWER LIMITED,AXLE ENERGY LIMITED,GALLAGHER AGGREGATES LIMITED,AMP (via Urban Reserve (AssetCo 2) Limited),UTILITA ENERGY LIMITED,GRIDIMP LTD,PERSE TECHNOLOGY LIMITED,SSE DIGITAL SERVICES LIMITED,AMP (via Urban Reserve (AssetCo) Limited),INFINIS LIMITED,EQUIWATT LIMITED,HILDEBRAND TECHNOLOGY LIMITED,GRIDBEYOND LIMITED,OCTOPUS ENERGY LIMITED,OAKTREE POWER LIMITED,BRITISH GAS TRADING LIMITED"
09/07/2025,20:00,20:30,500,Live,0,All Providers,"ENGIE POWER LIMITED,AXLE ENERGY LIMITED,GALLAGHER AGGREGATES LIMITED,AMP (via Urban Reserve (AssetCo 2) Limited),UTILITA ENERGY LIMITED,GRIDIMP LTD,PERSE TECHNOLOGY LIMITED,SSE DIGITAL SERVICES LIMITED,AMP (via Urban Reserve (AssetCo) Limited),INFINIS LIMITED,EQUIWATT LIMITED,HILDEBRAND TECHNOLOGY LIMITED,GRIDBEYOND LIMITED,OCTOPUS ENERGY LIMITED,OAKTREE POWER LIMITED,BRITISH GAS TRADING LIMITED"
09/07/2025,20:30,21:00,500,Live,0,All Providers,"ENGIE POWER LIMITED,AXLE ENERGY LIMITED,GALLAGHER AGGREGATES LIMITED,AMP (via Urban Reserve (AssetCo 2) Limited),UTILITA ENERGY LIMITED,GRIDIMP LTD,PERSE TECHNOLOGY LIMITED,SSE DIGITAL SERVICES LIMITED,AMP (via Urban Reserve (AssetCo) Limited),INFINIS LIMITED,EQUIWATT LIMITED,HILDEBRAND TECHNOLOGY LIMITED,GRIDBEYOND LIMITED,OCTOPUS ENERGY LIMITED,OAKTREE POWER LIMITED,BRITISH GAS TRADING LIMITED"
09/07/2025,21:00,21:30,500,Live,0,All Providers,"ENGIE POWER LIMITED,AXLE ENERGY LIMITED,GALLAGHER AGGREGATES LIMITED,AMP (via Urban Reserve (AssetCo 2) Limited),UTILITA ENERGY LIMITED,GRIDIMP LTD,PERSE TECHNOLOGY LIMITED,SSE DIGITAL SERVICES LIMITED,AMP (via Urban Reserve (AssetCo) Limited),INFINIS LIMITED,EQUIWATT LIMITED,HILDEBRAND TECHNOLOGY LIMITED,GRIDBEYOND LIMITED,OCTOPUS ENERGY LIMITED,OAKTREE POWER LIMITED,BRITISH GAS TRADING LIMITED"
09/07/2025,21:30,22:00,500,Live,0,All Providers,"ENGIE POWER LIMITED,AXLE ENERGY LIMITED,GALLAGHER AGGREGATES LIMITED,AMP (via Urban Reserve (AssetCo 2) Limited),UTILITA ENERGY LIMITED,GRIDIMP LTD,PERSE TECHNOLOGY LIMITED,SSE DIGITAL SERVICES LIMITED,AMP (via Urban Reserve (AssetCo) Limited),INFINIS LIMITED,EQUIWATT LIMITED,HILDEBRAND TECHNOLOGY LIMITED,GRIDBEYOND LIMITED,OCTOPUS ENERGY LIMITED,OAKTREE POWER LIMITED,BRITISH GAS TRADING LIMITED"
09/07/2025,22:00,22:30,500,Live,0,All Providers,"ENGIE POWER LIMITED,AXLE ENERGY LIMITED,GALLAGHER AGGREGATES LIMITED,AMP (via Urban Reserve (AssetCo 2) Limited),UTILITA ENERGY LIMITED,GRIDIMP LTD,PERSE TECHNOLOGY LIMITED,SSE DIGITAL SERVICES LIMITED,AMP (via Urban Reserve (AssetCo) Limited),INFINIS LIMITED,EQUIWATT LIMITED,HILDEBRAND TECHNOLOGY LIMITED,GRIDBEYOND LIMITED,OCTOPUS ENERGY LIMITED,OAKTREE POWER LIMITED,BRITISH GAS TRADING LIMITED"
09/07/2025,22:30,23:00,500,Live,0,All Providers,"ENGIE POWER LIMITED,AXLE ENERGY LIMITED,GALLAGHER AGGREGATES LIMITED,AMP (via Urban Reserve (AssetCo 2) Limited),UTILITA ENERGY LIMITED,GRIDIMP LTD,PERSE TECHNOLOGY LIMITED,SSE DIGITAL SERVICES LIMITED,AMP (via Urban Reserve (AssetCo) Limited),INFINIS LIMITED,EQUIWATT LIMITED,HILDEBRAND TECHNOLOGY LIMITED,GRIDBEYOND LIMITED,OCTOPUS ENERGY LIMITED,OAKTREE POWER LIMITED,BRITISH GAS TRADING LIMITED"
08/07/2025,19:00,19:30,500,Live,0,All Providers,"ENGIE POWER LIMITED,AXLE ENERGY LIMITED,GALLAGHER AGGREGATES LIMITED,AMP (via Urban Reserve (AssetCo 2) Limited),UTILITA ENERGY LIMITED,GRIDIMP LTD,PERSE TECHNOLOGY LIMITED,SSE DIGITAL SERVICES LIMITED,AMP (via Urban Reserve (AssetCo) Limited),INFINIS LIMITED,EQUIWATT LIMITED,HILDEBRAND TECHNOLOGY LIMITED,GRIDBEYOND LIMITED,OCTOPUS ENERGY LIMITED,OAKTREE POWER LIMITED,BRITISH GAS TRADING LIMITED"
08/07/2025,19:30,20:00,500,Live,0,All Providers,"ENGIE POWER LIMITED,AXLE ENERGY LIMITED,GALLAGHER AGGREGATES LIMITED,AMP (via Urban Reserve (AssetCo 2) Limited),UTILITA ENERGY LIMITED,GRIDIMP LTD,PERSE TECHNOLOGY LIMITED,SSE DIGITAL SERVICES LIMITED,AMP (via Urban Reserve (AssetCo) Limited),INFINIS LIMITED,EQUIWATT LIMITED,HILDEBRAND TECHNOLOGY LIMITED,GRIDBEYOND LIMITED,OCTOPUS ENERGY LIMITED,OAKTREE POWER LIMITED,BRITISH GAS TRADING LIMITED"
08/07/2025,20:00,20:30,400,Live,0,All Providers,"ENGIE POWER LIMITED,AXLE ENERGY LIMITED,GALLAGHER AGGREGATES LIMITED,AMP (via Urban Reserve (AssetCo 2) Limited),UTILITA ENERGY LIMITED,GRIDIMP LTD,PERSE TECHNOLOGY LIMITED,SSE DIGITAL SERVICES LIMITED,AMP (via Urban Reserve (AssetCo) Limited),INFINIS LIMITED,EQUIWATT LIMITED,HILDEBRAND TECHNOLOGY LIMITED,GRIDBEYOND LIMITED,OCTOPUS ENERGY LIMITED,OAKTREE POWER LIMITED,BRITISH GAS TRADING LIMITED"
08/07/2025,20:30,21:00,400,Live,0,All Providers,"ENGIE POWER LIMITED,AXLE ENERGY LIMITED,GALLAGHER AGGREGATES LIMITED,AMP (via Urban Reserve (AssetCo 2) Limited),UTILITA ENERGY LIMITED,GRIDIMP LTD,PERSE TECHNOLOGY LIMITED,SSE DIGITAL SERVICES LIMITED,AMP (via Urban Reserve (AssetCo) Limited),INFINIS LIMITED,EQUIWATT LIMITED,HILDEBRAND TECHNOLOGY LIMITED,GRIDBEYOND LIMITED,OCTOPUS ENERGY LIMITED,OAKTREE POWER LIMITED,BRITISH GAS TRADING LIMITED"
07/07/2025,19:00,19:30,500,Live,0,All Providers,"ENGIE POWER LIMITED,AXLE ENERGY LIMITED,GALLAGHER AGGREGATES LIMITED,AMP (via Urban Reserve (AssetCo 2) Limited),UTILITA ENERGY LIMITED,GRIDIMP LTD,PERSE TECHNOLOGY LIMITED,SSE DIGITAL SERVICES LIMITED,AMP (via Urban Reserve (AssetCo) Limited),INFINIS LIMITED,EQUIWATT LIMITED,HILDEBRAND TECHNOLOGY LIMITED,GRIDBEYOND LIMITED,OCTOPUS ENERGY LIMITED,OAKTREE POWER LIMITED,BRITISH GAS TRADING LIMITED"
07/07/2025,19:30,20:00,500,Live,0,All Providers,"ENGIE POWER LIMITED,AXLE ENERGY LIMITED,GALLAGHER AGGREGATES LIMITED,AMP (via Urban Reserve (AssetCo 2) Limited),UTILITA ENERGY LIMITED,GRIDIMP LTD,PERSE TECHNOLOGY LIMITED,SSE DIGITAL SERVICES LIMITED,AMP (via Urban Reserve (AssetCo) Limited),INFINIS LIMITED,EQUIWATT LIMITED,HILDEBRAND TECHNOLOGY LIMITED,GRIDBEYOND LIMITED,OCTOPUS ENERGY LIMITED,OAKTREE POWER LIMITED,BRITISH GAS TRADING LIMITED"
07/07/2025,20:00,20:30,500,Live,0,All Providers,"ENGIE POWER LIMITED,AXLE ENERGY LIMITED,GALLAGHER AGGREGATES LIMITED,AMP (via Urban Reserve (AssetCo 2) Limited),UTILITA ENERGY LIMITED,GRIDIMP LTD,PERSE TECHNOLOGY LIMITED,SSE DIGITAL SERVICES LIMITED,AMP (via Urban Reserve (AssetCo) Limited),INFINIS LIMITED,EQUIWATT LIMITED,HILDEBRAND TECHNOLOGY LIMITED,GRIDBEYOND LIMITED,OCTOPUS ENERGY LIMITED,OAKTREE POWER LIMITED,BRITISH GAS TRADING LIMITED"
07/07/2025,20:30,21:00,500,Live,0,All Providers,"ENGIE POWER LIMITED,AXLE ENERGY LIMITED,GALLAGHER AGGREGATES LIMITED,AMP (via Urban Reserve (AssetCo 2) Limited),UTILITA ENERGY LIMITED,GRIDIMP LTD,PERSE TECHNOLOGY LIMITED,SSE DIGITAL SERVICES LIMITED,AMP (via Urban Reserve (AssetCo) Limited),INFINIS LIMITED,EQUIWATT LIMITED,HILDEBRAND TECHNOLOGY LIMITED,GRIDBEYOND LIMITED,OCTOPUS ENERGY LIMITED,OAKTREE POWER LIMITED,BRITISH GAS TRADING LIMITED"
04/07/2025,16:00,16:30,500,Live,0,All Providers,"ENGIE POWER LIMITED,AXLE ENERGY LIMITED,GALLAGHER AGGREGATES LIMITED,AMP (via Urban Reserve (AssetCo 2) Limited),UTILITA ENERGY LIMITED,GRIDIMP LTD,PERSE TECHNOLOGY LIMITED,SSE DIGITAL SERVICES LIMITED,AMP (via Urban Reserve (AssetCo) Limited),INFINIS LIMITED,EQUIWATT LIMITED,HILDEBRAND TECHNOLOGY LIMITED,GRIDBEYOND LIMITED,OCTOPUS ENERGY LIMITED,OAKTREE POWER LIMITED,BRITISH GAS TRADING LIMITED"
04/07/2025,16:30,17:00,500,Live,0,All Providers,"ENGIE POWER LIMITED,AXLE ENERGY LIMITED,GALLAGHER AGGREGATES LIMITED,AMP (via Urban Reserve (AssetCo 2) Limited),UTILITA ENERGY LIMITED,GRIDIMP LTD,PERSE TECHNOLOGY LIMITED,SSE DIGITAL SERVICES LIMITED,AMP (via Urban Reserve (AssetCo) Limited),INFINIS LIMITED,EQUIWATT LIMITED,HILDEBRAND TECHNOLOGY LIMITED,GRIDBEYOND LIMITED,OCTOPUS ENERGY LIMITED,OAKTREE POWER LIMITED,BRITISH GAS TRADING LIMITED"
04/07/2025,17:00,17:30,500,Live,0,All Providers,"ENGIE POWER LIMITED,AXLE ENERGY LIMITED,GALLAGHER AGGREGATES LIMITED,AMP (via Urban Reserve (AssetCo 2) Limited),UTILITA ENERGY LIMITED,GRIDIMP LTD,PERSE TECHNOLOGY LIMITED,SSE DIGITAL SERVICES LIMITED,AMP (via Urban Reserve (AssetCo) Limited),INFINIS LIMITED,EQUIWATT LIMITED,HILDEBRAND TECHNOLOGY LIMITED,GRIDBEYOND LIMITED,OCTOPUS ENERGY LIMITED,OAKTREE POWER LIMITED,BRITISH GAS TRADING LIMITED"
04/07/2025,17:30,18:00,500,Live,0,All Providers,"ENGIE POWER LIMITED,AXLE ENERGY LIMITED,GALLAGHER AGGREGATES LIMITED,AMP (via Urban Reserve (AssetCo 2) Limited),UTILITA ENERGY LIMITED,GRIDIMP LTD,PERSE TECHNOLOGY LIMITED,SSE DIGITAL SERVICES LIMITED,AMP (via Urban Reserve (AssetCo) Limited),INFINIS LIMITED,EQUIWATT LIMITED,HILDEBRAND TECHNOLOGY LIMITED,GRIDBEYOND LIMITED,OCTOPUS ENERGY LIMITED,OAKTREE POWER LIMITED,BRITISH GAS TRADING LIMITED"
04/07/2025,18:00,18:30,500,Live,0,All Providers,"ENGIE POWER LIMITED,AXLE ENERGY LIMITED,GALLAGHER AGGREGATES LIMITED,AMP (via Urban Reserve (AssetCo 2) Limited),UTILITA ENERGY LIMITED,GRIDIMP LTD,PERSE TECHNOLOGY LIMITED,SSE DIGITAL SERVICES LIMITED,AMP (via Urban Reserve (AssetCo) Limited),INFINIS LIMITED,EQUIWATT LIMITED,HILDEBRAND TECHNOLOGY LIMITED,GRIDBEYOND LIMITED,OCTOPUS ENERGY LIMITED,OAKTREE POWER LIMITED,BRITISH GAS TRADING LIMITED"
04/07/2025,18:30,19:00,500,Live,0,All Providers,"ENGIE POWER LIMITED,AXLE ENERGY LIMITED,GALLAGHER AGGREGATES LIMITED,AMP (via Urban Reserve (AssetCo 2) Limited),UTILITA ENERGY LIMITED,GRIDIMP LTD,PERSE TECHNOLOGY LIMITED,SSE DIGITAL SERVICES LIMITED,AMP (via Urban Reserve (AssetCo) Limited),INFINIS LIMITED,EQUIWATT LIMITED,HILDEBRAND TECHNOLOGY LIMITED,GRIDBEYOND LIMITED,OCTOPUS ENERGY LIMITED,OAKTREE POWER LIMITED,BRITISH GAS TRADING LIMITED"
04/07/2025,19:00,19:30,500,Live,0,All Providers,"ENGIE POWER LIMITED,AXLE ENERGY LIMITED,GALLAGHER AGGREGATES LIMITED,AMP (via Urban Reserve (AssetCo 2) Limited),UTILITA ENERGY LIMITED,GRIDIMP LTD,PERSE TECHNOLOGY LIMITED,SSE DIGITAL SERVICES LIMITED,AMP (via Urban Reserve (AssetCo) Limited),INFINIS LIMITED,EQUIWATT LIMITED,HILDEBRAND TECHNOLOGY LIMITED,GRIDBEYOND LIMITED,OCTOPUS ENERGY LIMITED,OAKTREE POWER LIMITED,BRITISH GAS TRADING LIMITED"
04/07/2025,19:30,20:00,500,Live,0,All Providers,"ENGIE POWER LIMITED,AXLE ENERGY LIMITED,GALLAGHER AGGREGATES LIMITED,AMP (via Urban Reserve (AssetCo 2) Limited),UTILITA ENERGY LIMITED,GRIDIMP LTD,PERSE TECHNOLOGY LIMITED,SSE DIGITAL SERVICES LIMITED,AMP (via Urban Reserve (AssetCo) Limited),INFINIS LIMITED,EQUIWATT LIMITED,HILDEBRAND TECHNOLOGY LIMITED,GRIDBEYOND LIMITED,OCTOPUS ENERGY LIMITED,OAKTREE POWER LIMITED,BRITISH GAS TRADING LIMITED"
04/07/2025,20:00,20:30,500,Live,0,All Providers,"ENGIE POWER LIMITED,AXLE ENERGY LIMITED,GALLAGHER AGGREGATES LIMITED,AMP (via Urban Reserve (AssetCo 2) Limited),UTILITA ENERGY LIMITED,GRIDIMP LTD,PERSE TECHNOLOGY LIMITED,SSE DIGITAL SERVICES LIMITED,AMP (via Urban Reserve (AssetCo) Limited),INFINIS LIMITED,EQUIWATT LIMITED,HILDEBRAND TECHNOLOGY LIMITED,GRIDBEYOND LIMITED,OCTOPUS ENERGY LIMITED,OAKTREE POWER LIMITED,BRITISH GAS TRADING LIMITED"
04/07/2025,20:30,21:00,500,Live,0,All Providers,"ENGIE POWER LIMITED,AXLE ENERGY LIMITED,GALLAGHER AGGREGATES LIMITED,AMP (via Urban Reserve (AssetCo 2) Limited),UTILITA ENERGY LIMITED,GRIDIMP LTD,PERSE TECHNOLOGY LIMITED,SSE DIGITAL SERVICES LIMITED,AMP (via Urban Reserve (AssetCo) Limited),INFINIS LIMITED,EQUIWATT LIMITED,HILDEBRAND TECHNOLOGY LIMITED,GRIDBEYOND LIMITED,OCTOPUS ENERGY LIMITED,OAKTREE POWER LIMITED,BRITISH GAS TRADING LIMITED"
04/07/2025,21:00,21:30,500,Live,0,All Providers,"ENGIE POWER LIMITED,AXLE ENERGY LIMITED,GALLAGHER AGGREGATES LIMITED,AMP (via Urban Reserve (AssetCo 2) Limited),UTILITA ENERGY LIMITED,GRIDIMP LTD,PERSE TECHNOLOGY LIMITED,SSE DIGITAL SERVICES LIMITED,AMP (via Urban Reserve (AssetCo) Limited),INFINIS LIMITED,EQUIWATT LIMITED,HILDEBRAND TECHNOLOGY LIMITED,GRIDBEYOND LIMITED,OCTOPUS ENERGY LIMITED,OAKTREE POWER LIMITED,BRITISH GAS TRADING LIMITED"
04/07/2025,21:30,22:00,500,Live,0,All Providers,"ENGIE POWER LIMITED,AXLE ENERGY LIMITED,GALLAGHER AGGREGATES LIMITED,AMP (via Urban Reserve (AssetCo 2) Limited),UTILITA ENERGY LIMITED,GRIDIMP LTD,PERSE TECHNOLOGY LIMITED,SSE DIGITAL SERVICES LIMITED,AMP (via Urban Reserve (AssetCo) Limited),INFINIS LIMITED,EQUIWATT LIMITED,HILDEBRAND TECHNOLOGY LIMITED,GRIDBEYOND LIMITED,OCTOPUS ENERGY LIMITED,OAKTREE POWER LIMITED,BRITISH GAS TRADING LIMITED"
04/07/2025,22:00,22:30,500,Live,0,All Providers,"ENGIE POWER LIMITED,AXLE ENERGY LIMITED,GALLAGHER AGGREGATES LIMITED,AMP (via Urban Reserve (AssetCo 2) Limited),UTILITA ENERGY LIMITED,GRIDIMP LTD,PERSE TECHNOLOGY LIMITED,SSE DIGITAL SERVICES LIMITED,AMP (via Urban Reserve (AssetCo) Limited),INFINIS LIMITED,EQUIWATT LIMITED,HILDEBRAND TECHNOLOGY LIMITED,GRIDBEYOND LIMITED,OCTOPUS ENERGY LIMITED,OAKTREE POWER LIMITED,BRITISH GAS TRADING LIMITED"
04/07/2025,22:30,23:00,500,Live,0,All Providers,"ENGIE POWER LIMITED,AXLE ENERGY LIMITED,GALLAGHER AGGREGATES LIMITED,AMP (via Urban Reserve (AssetCo 2) Limited),UTILITA ENERGY LIMITED,GRIDIMP LTD,PERSE TECHNOLOGY LIMITED,SSE DIGITAL SERVICES LIMITED,AMP (via Urban Reserve (AssetCo) Limited),INFINIS LIMITED,EQUIWATT LIMITED,HILDEBRAND TECHNOLOGY LIMITED,GRIDBEYOND LIMITED,OCTOPUS ENERGY LIMITED,OAKTREE POWER LIMITED,BRITISH GAS TRADING LIMITED"
01/07/2025,18:00,18:30,500,Live,0,All Providers,"ENGIE POWER LIMITED,AXLE ENERGY LIMITED,GALLAGHER AGGREGATES LIMITED,AMP (via Urban Reserve (AssetCo 2) Limited),UTILITA ENERGY LIMITED,GRIDIMP LTD,PERSE TECHNOLOGY LIMITED,SSE DIGITAL SERVICES LIMITED,AMP (via Urban Reserve (AssetCo) Limited),INFINIS LIMITED,EQUIWATT LIMITED,HILDEBRAND TECHNOLOGY LIMITED,GRIDBEYOND LIMITED,OCTOPUS ENERGY LIMITED,OAKTREE POWER LIMITED,BRITISH GAS TRADING LIMITED"
01/07/2025,18:30,19:00,500,Live,0,All Providers,"ENGIE POWER LIMITED,AXLE ENERGY LIMITED,GALLAGHER AGGREGATES LIMITED,AMP (via Urban Reserve (AssetCo 2) Limited),UTILITA ENERGY LIMITED,GRIDIMP LTD,PERSE TECHNOLOGY LIMITED,SSE DIGITAL SERVICES LIMITED,AMP (via Urban Reserve (AssetCo) Limited),INFINIS LIMITED,EQUIWATT LIMITED,HILDEBRAND TECHNOLOGY LIMITED,GRIDBEYOND LIMITED,OCTOPUS ENERGY LIMITED,OAKTREE POWER LIMITED,BRITISH GAS TRADING LIMITED"
01/07/2025,19:00,19:30,500,Live,0,All Providers,"ENGIE POWER LIMITED,AXLE ENERGY LIMITED,GALLAGHER AGGREGATES LIMITED,AMP (via Urban Reserve (AssetCo 2) Limited),UTILITA ENERGY LIMITED,GRIDIMP LTD,PERSE TECHNOLOGY LIMITED,SSE DIGITAL SERVICES LIMITED,AMP (via Urban Reserve (AssetCo) Limited),INFINIS LIMITED,EQUIWATT LIMITED,HILDEBRAND TECHNOLOGY LIMITED,GRIDBEYOND LIMITED,OCTOPUS ENERGY LIMITED,OAKTREE POWER LIMITED,BRITISH GAS TRADING LIMITED"
01/07/2025,19:30,20:00,500,Live,0,All Providers,"ENGIE POWER LIMITED,AXLE ENERGY LIMITED,GALLAGHER AGGREGATES LIMITED,AMP (via Urban Reserve (AssetCo 2) Limited),UTILITA ENERGY LIMITED,GRIDIMP LTD,PERSE TECHNOLOGY LIMITED,SSE DIGITAL SERVICES LIMITED,AMP (via Urban Reserve (AssetCo) Limited),INFINIS LIMITED,EQUIWATT LIMITED,HILDEBRAND TECHNOLOGY LIMITED,GRIDBEYOND LIMITED,OCTOPUS ENERGY LIMITED,OAKTREE POWER LIMITED,BRITISH GAS TRADING LIMITED"
01/07/2025,20:00,20:30,500,Live,0,All Providers,"ENGIE POWER LIMITED,AXLE ENERGY LIMITED,GALLAGHER AGGREGATES LIMITED,AMP (via Urban Reserve (AssetCo 2) Limited),UTILITA ENERGY LIMITED,GRIDIMP LTD,PERSE TECHNOLOGY LIMITED,SSE DIGITAL SERVICES LIMITED,AMP (via Urban Reserve (AssetCo) Limited),INFINIS LIMITED,EQUIWATT LIMITED,HILDEBRAND TECHNOLOGY LIMITED,GRIDBEYOND LIMITED,OCTOPUS ENERGY LIMITED,OAKTREE POWER LIMITED,BRITISH GAS TRADING LIMITED"
01/07/2025,20:30,21:00,500,Live,0,All Providers,"ENGIE POWER LIMITED,AXLE ENERGY LIMITED,GALLAGHER AGGREGATES LIMITED,AMP (via Urban Reserve (AssetCo 2) Limited),UTILITA ENERGY LIMITED,GRIDIMP LTD,PERSE TECHNOLOGY LIMITED,SSE DIGITAL SERVICES LIMITED,AMP (via Urban Reserve (AssetCo) Limited),INFINIS LIMITED,EQUIWATT LIMITED,HILDEBRAND TECHNOLOGY LIMITED,GRIDBEYOND LIMITED,OCTOPUS ENERGY LIMITED,OAKTREE POWER LIMITED,BRITISH GAS TRADING LIMITED"
01/07/2025,21:00,21:30,500,Live,0,All Providers,"ENGIE POWER LIMITED,AXLE ENERGY LIMITED,GALLAGHER AGGREGATES LIMITED,AMP (via Urban Reserve (AssetCo 2) Limited),UTILITA ENERGY LIMITED,GRIDIMP LTD,PERSE TECHNOLOGY LIMITED,SSE DIGITAL SERVICES LIMITED,AMP (via Urban Reserve (AssetCo) Limited),INFINIS LIMITED,EQUIWATT LIMITED,HILDEBRAND TECHNOLOGY LIMITED,GRIDBEYOND LIMITED,OCTOPUS ENERGY LIMITED,OAKTREE POWER LIMITED,BRITISH GAS TRADING LIMITED"
01/07/2025,21:30,22:00,500,Live,0,All Providers,"ENGIE POWER LIMITED,AXLE ENERGY LIMITED,GALLAGHER AGGREGATES LIMITED,AMP (via Urban Reserve (AssetCo 2) Limited),UTILITA ENERGY LIMITED,GRIDIMP LTD,PERSE TECHNOLOGY LIMITED,SSE DIGITAL SERVICES LIMITED,AMP (via Urban Reserve (AssetCo) Limited),INFINIS LIMITED,EQUIWATT LIMITED,HILDEBRAND TECHNOLOGY LIMITED,GRIDBEYOND LIMITED,OCTOPUS ENERGY LIMITED,OAKTREE POWER LIMITED,BRITISH GAS TRADING LIMITED"
01/07/2025,22:00,22:30,500,Live,0,All Providers,"ENGIE POWER LIMITED,AXLE ENERGY LIMITED,GALLAGHER AGGREGATES LIMITED,AMP (via Urban Reserve (AssetCo 2) Limited),UTILITA ENERGY LIMITED,GRIDIMP LTD,PERSE TECHNOLOGY LIMITED,SSE DIGITAL SERVICES LIMITED,AMP (via Urban Reserve (AssetCo) Limited),INFINIS LIMITED,EQUIWATT LIMITED,HILDEBRAND TECHNOLOGY LIMITED,GRIDBEYOND LIMITED,OCTOPUS ENERGY LIMITED,OAKTREE POWER LIMITED,BRITISH GAS TRADING LIMITED"
01/07/2025,22:30,23:00,500,Live,0,All Providers,"ENGIE POWER LIMITED,AXLE ENERGY LIMITED,GALLAGHER AGGREGATES LIMITED,AMP (via Urban Reserve (AssetCo 2) Limited),UTILITA ENERGY LIMITED,GRIDIMP LTD,PERSE TECHNOLOGY LIMITED,SSE DIGITAL SERVICES LIMITED,AMP (via Urban Reserve (AssetCo) Limited),INFINIS LIMITED,EQUIWATT LIMITED,HILDEBRAND TECHNOLOGY LIMITED,GRIDBEYOND LIMITED,OCTOPUS ENERGY LIMITED,OAKTREE POWER LIMITED,BRITISH GAS TRADING LIMITED"
30/06/2025,18:00,18:30,500,Live,0,All Providers,"ENGIE POWER LIMITED,AXLE ENERGY LIMITED,GALLAGHER AGGREGATES LIMITED,AMP (via Urban Reserve (AssetCo 2) Limited),UTILITA ENERGY LIMITED,GRIDIMP LTD,PERSE TECHNOLOGY LIMITED,SSE DIGITAL SERVICES LIMITED,AMP (via Urban Reserve (AssetCo) Limited),INFINIS LIMITED,EQUIWATT LIMITED,HILDEBRAND TECHNOLOGY LIMITED,GRIDBEYOND LIMITED,OCTOPUS ENERGY LIMITED,OAKTREE POWER LIMITED,BRITISH GAS TRADING LIMITED"
30/06/2025,18:30,19:00,500,Live,0,All Providers,"ENGIE POWER LIMITED,AXLE ENERGY LIMITED,GALLAGHER AGGREGATES LIMITED,AMP (via Urban Reserve (AssetCo 2) Limited),UTILITA ENERGY LIMITED,GRIDIMP LTD,PERSE TECHNOLOGY LIMITED,SSE DIGITAL SERVICES LIMITED,AMP (via Urban Reserve (AssetCo) Limited),INFINIS LIMITED,EQUIWATT LIMITED,HILDEBRAND TECHNOLOGY LIMITED,GRIDBEYOND LIMITED,OCTOPUS ENERGY LIMITED,OAKTREE POWER LIMITED,BRITISH GAS TRADING LIMITED"
30/06/2025,19:00,19:30,500,Live,0,All Providers,"ENGIE POWER LIMITED,AXLE ENERGY LIMITED,GALLAGHER AGGREGATES LIMITED,AMP (via Urban Reserve (AssetCo 2) Limited),UTILITA ENERGY LIMITED,GRIDIMP LTD,PERSE TECHNOLOGY LIMITED,SSE DIGITAL SERVICES LIMITED,AMP (via Urban Reserve (AssetCo) Limited),INFINIS LIMITED,EQUIWATT LIMITED,HILDEBRAND TECHNOLOGY LIMITED,GRIDBEYOND LIMITED,OCTOPUS ENERGY LIMITED,OAKTREE POWER LIMITED,BRITISH GAS TRADING LIMITED"
30/06/2025,19:30,20:00,500,Live,0,All Providers,"ENGIE POWER LIMITED,AXLE ENERGY LIMITED,GALLAGHER AGGREGATES LIMITED,AMP (via Urban Reserve (AssetCo 2) Limited),UTILITA ENERGY LIMITED,GRIDIMP LTD,PERSE TECHNOLOGY LIMITED,SSE DIGITAL SERVICES LIMITED,AMP (via Urban Reserve (AssetCo) Limited),INFINIS LIMITED,EQUIWATT LIMITED,HILDEBRAND TECHNOLOGY LIMITED,GRIDBEYOND LIMITED,OCTOPUS ENERGY LIMITED,OAKTREE POWER LIMITED,BRITISH GAS TRADING LIMITED"
30/06/2025,20:00,20:30,500,Live,0,All Providers,"ENGIE POWER LIMITED,AXLE ENERGY LIMITED,GALLAGHER AGGREGATES LIMITED,AMP (via Urban Reserve (AssetCo 2) Limited),UTILITA ENERGY LIMITED,GRIDIMP LTD,PERSE TECHNOLOGY LIMITED,SSE DIGITAL SERVICES LIMITED,AMP (via Urban Reserve (AssetCo) Limited),INFINIS LIMITED,EQUIWATT LIMITED,HILDEBRAND TECHNOLOGY LIMITED,GRIDBEYOND LIMITED,OCTOPUS ENERGY LIMITED,OAKTREE POWER LIMITED,BRITISH GAS TRADING LIMITED"
30/06/2025,20:30,21:00,500,Live,0,All Providers,"ENGIE POWER LIMITED,AXLE ENERGY LIMITED,GALLAGHER AGGREGATES LIMITED,AMP (via Urban Reserve (AssetCo 2) Limited),UTILITA ENERGY LIMITED,GRIDIMP LTD,PERSE TECHNOLOGY LIMITED,SSE DIGITAL SERVICES LIMITED,AMP (via Urban Reserve (AssetCo) Limited),INFINIS LIMITED,EQUIWATT LIMITED,HILDEBRAND TECHNOLOGY LIMITED,GRIDBEYOND LIMITED,OCTOPUS ENERGY LIMITED,OAKTREE POWER LIMITED,BRITISH GAS TRADING LIMITED"
30/06/2025,21:00,21:30,500,Live,0,All Providers,"ENGIE POWER LIMITED,AXLE ENERGY LIMITED,GALLAGHER AGGREGATES LIMITED,AMP (via Urban Reserve (AssetCo 2) Limited),UTILITA ENERGY LIMITED,GRIDIMP LTD,PERSE TECHNOLOGY LIMITED,SSE DIGITAL SERVICES LIMITED,AMP (via Urban Reserve (AssetCo) Limited),INFINIS LIMITED,EQUIWATT LIMITED,HILDEBRAND TECHNOLOGY LIMITED,GRIDBEYOND LIMITED,OCTOPUS ENERGY LIMITED,OAKTREE POWER LIMITED,BRITISH GAS TRADING LIMITED"
30/06/2025,21:30,22:00,500,Live,0,All Providers,"ENGIE POWER LIMITED,AXLE ENERGY LIMITED,GALLAGHER AGGREGATES LIMITED,AMP (via Urban Reserve (AssetCo 2) Limited),UTILITA ENERGY LIMITED,GRIDIMP LTD,PERSE TECHNOLOGY LIMITED,SSE DIGITAL SERVICES LIMITED,AMP (via Urban Reserve (AssetCo) Limited),INFINIS LIMITED,EQUIWATT LIMITED,HILDEBRAND TECHNOLOGY LIMITED,GRIDBEYOND LIMITED,OCTOPUS ENERGY LIMITED,OAKTREE POWER LIMITED,BRITISH GAS TRADING LIMITED"
30/06/2025,22:00,22:30,500,Live,0,All Providers,"ENGIE POWER LIMITED,AXLE ENERGY LIMITED,GALLAGHER AGGREGATES LIMITED,AMP (via Urban Reserve (AssetCo 2) Limited),UTILITA ENERGY LIMITED,GRIDIMP LTD,PERSE TECHNOLOGY LIMITED,SSE DIGITAL SERVICES LIMITED,AMP (via Urban Reserve (AssetCo) Limited),INFINIS LIMITED,EQUIWATT LIMITED,HILDEBRAND TECHNOLOGY LIMITED,GRIDBEYOND LIMITED,OCTOPUS ENERGY LIMITED,OAKTREE POWER LIMITED,BRITISH GAS TRADING LIMITED"
30/06/2025,22:30,23:00,500,Live,0,All Providers,"ENGIE POWER LIMITED,AXLE ENERGY LIMITED,GALLAGHER AGGREGATES LIMITED,AMP (via Urban Reserve (AssetCo 2) Limited),UTILITA ENERGY LIMITED,GRIDIMP LTD,PERSE TECHNOLOGY LIMITED,SSE DIGITAL SERVICES LIMITED,AMP (via Urban Reserve (AssetCo) Limited),INFINIS LIMITED,EQUIWATT LIMITED,HILDEBRAND TECHNOLOGY LIMITED,GRIDBEYOND LIMITED,OCTOPUS ENERGY LIMITED,OAKTREE POWER LIMITED,BRITISH GAS TRADING LIMITED"
27/06/2025,20:00,20:30,500,Live,0,All Providers,"ENGIE POWER LIMITED,AXLE ENERGY LIMITED,GALLAGHER AGGREGATES LIMITED,AMP (via Urban Reserve (AssetCo 2) Limited),UTILITA ENERGY LIMITED,GRIDIMP LTD,PERSE TECHNOLOGY LIMITED,SSE DIGITAL SERVICES LIMITED,AMP (via Urban Reserve (AssetCo) Limited),INFINIS LIMITED,EQUIWATT LIMITED,HILDEBRAND TECHNOLOGY LIMITED,GRIDBEYOND LIMITED,OCTOPUS ENERGY LIMITED,OAKTREE POWER LIMITED,BRITISH GAS TRADING LIMITED"
27/06/2025,20:30,21:00,500,Live,0,All Providers,"ENGIE POWER LIMITED,AXLE ENERGY LIMITED,GALLAGHER AGGREGATES LIMITED,AMP (via Urban Reserve (AssetCo 2) Limited),UTILITA ENERGY LIMITED,GRIDIMP LTD,PERSE TECHNOLOGY LIMITED,SSE DIGITAL SERVICES LIMITED,AMP (via Urban Reserve (AssetCo) Limited),INFINIS LIMITED,EQUIWATT LIMITED,HILDEBRAND TECHNOLOGY LIMITED,GRIDBEYOND LIMITED,OCTOPUS ENERGY LIMITED,OAKTREE POWER LIMITED,BRITISH GAS TRADING LIMITED"
27/06/2025,21:00,21:30,500,Live,0,All Providers,"ENGIE POWER LIMITED,AXLE ENERGY LIMITED,GALLAGHER AGGREGATES LIMITED,AMP (via Urban Reserve (AssetCo 2) Limited),UTILITA ENERGY LIMITED,GRIDIMP LTD,PERSE TECHNOLOGY LIMITED,SSE DIGITAL SERVICES LIMITED,AMP (via Urban Reserve (AssetCo) Limited),INFINIS LIMITED,EQUIWATT LIMITED,HILDEBRAND TECHNOLOGY LIMITED,GRIDBEYOND LIMITED,OCTOPUS ENERGY LIMITED,OAKTREE POWER LIMITED,BRITISH GAS TRADING LIMITED"
27/06/2025,21:30,22:00,500,Live,0,All Providers,"ENGIE POWER LIMITED,AXLE ENERGY LIMITED,GALLAGHER AGGREGATES LIMITED,AMP (via Urban Reserve (AssetCo 2) Limited),UTILITA ENERGY LIMITED,GRIDIMP LTD,PERSE TECHNOLOGY LIMITED,SSE DIGITAL SERVICES LIMITED,AMP (via Urban Reserve (AssetCo) Limited),INFINIS LIMITED,EQUIWATT LIMITED,HILDEBRAND TECHNOLOGY LIMITED,GRIDBEYOND LIMITED,OCTOPUS ENERGY LIMITED,OAKTREE POWER LIMITED,BRITISH GAS TRADING LIMITED"
26/06/2025,18:00,18:30,500,Live,0,All Providers,"ENGIE POWER LIMITED,AXLE ENERGY LIMITED,GALLAGHER AGGREGATES LIMITED,AMP (via Urban Reserve (AssetCo 2) Limited),UTILITA ENERGY LIMITED,GRIDIMP LTD,PERSE TECHNOLOGY LIMITED,SSE DIGITAL SERVICES LIMITED,AMP (via Urban Reserve (AssetCo) Limited),INFINIS LIMITED,EQUIWATT LIMITED,HILDEBRAND TECHNOLOGY LIMITED,GRIDBEYOND LIMITED,OCTOPUS ENERGY LIMITED,OAKTREE POWER LIMITED,BRITISH GAS TRADING LIMITED"
26/06/2025,18:30,19:00,500,Live,0,All Providers,"ENGIE POWER LIMITED,AXLE ENERGY LIMITED,GALLAGHER AGGREGATES LIMITED,AMP (via Urban Reserve (AssetCo 2) Limited),UTILITA ENERGY LIMITED,GRIDIMP LTD,PERSE TECHNOLOGY LIMITED,SSE DIGITAL SERVICES LIMITED,AMP (via Urban Reserve (AssetCo) Limited),INFINIS LIMITED,EQUIWATT LIMITED,HILDEBRAND TECHNOLOGY LIMITED,GRIDBEYOND LIMITED,OCTOPUS ENERGY LIMITED,OAKTREE POWER LIMITED,BRITISH GAS TRADING LIMITED"
26/06/2025,19:00,19:30,500,Live,0,All Providers,"ENGIE POWER LIMITED,AXLE ENERGY LIMITED,GALLAGHER AGGREGATES LIMITED,AMP (via Urban Reserve (AssetCo 2) Limited),UTILITA ENERGY LIMITED,GRIDIMP LTD,PERSE TECHNOLOGY LIMITED,SSE DIGITAL SERVICES LIMITED,AMP (via Urban Reserve (AssetCo) Limited),INFINIS LIMITED,EQUIWATT LIMITED,HILDEBRAND TECHNOLOGY LIMITED,GRIDBEYOND LIMITED,OCTOPUS ENERGY LIMITED,OAKTREE POWER LIMITED,BRITISH GAS TRADING LIMITED"
26/06/2025,19:30,20:00,500,Live,0,All Providers,"ENGIE POWER LIMITED,AXLE ENERGY LIMITED,GALLAGHER AGGREGATES LIMITED,AMP (via Urban Reserve (AssetCo 2) Limited),UTILITA ENERGY LIMITED,GRIDIMP LTD,PERSE TECHNOLOGY LIMITED,SSE DIGITAL SERVICES LIMITED,AMP (via Urban Reserve (AssetCo) Limited),INFINIS LIMITED,EQUIWATT LIMITED,HILDEBRAND TECHNOLOGY LIMITED,GRIDBEYOND LIMITED,OCTOPUS ENERGY LIMITED,OAKTREE POWER LIMITED,BRITISH GAS TRADING LIMITED"
26/06/2025,20:00,20:30,500,Live,0,All Providers,"ENGIE POWER LIMITED,AXLE ENERGY LIMITED,GALLAGHER AGGREGATES LIMITED,AMP (via Urban Reserve (AssetCo 2) Limited),UTILITA ENERGY LIMITED,GRIDIMP LTD,PERSE TECHNOLOGY LIMITED,SSE DIGITAL SERVICES LIMITED,AMP (via Urban Reserve (AssetCo) Limited),INFINIS LIMITED,EQUIWATT LIMITED,HILDEBRAND TECHNOLOGY LIMITED,GRIDBEYOND LIMITED,OCTOPUS ENERGY LIMITED,OAKTREE POWER LIMITED,BRITISH GAS TRADING LIMITED"
26/06/2025,20:30,21:00,500,Live,0,All Providers,"ENGIE POWER LIMITED,AXLE ENERGY LIMITED,GALLAGHER AGGREGATES LIMITED,AMP (via Urban Reserve (AssetCo 2) Limited),UTILITA ENERGY LIMITED,GRIDIMP LTD,PERSE TECHNOLOGY LIMITED,SSE DIGITAL SERVICES LIMITED,AMP (via Urban Reserve (AssetCo) Limited),INFINIS LIMITED,EQUIWATT LIMITED,HILDEBRAND TECHNOLOGY LIMITED,GRIDBEYOND LIMITED,OCTOPUS ENERGY LIMITED,OAKTREE POWER LIMITED,BRITISH GAS TRADING LIMITED"
25/06/2025,18:00,18:30,500,Live,0,All Providers,"ENGIE POWER LIMITED,AXLE ENERGY LIMITED,GALLAGHER AGGREGATES LIMITED,AMP (via Urban Reserve (AssetCo 2) Limited),UTILITA ENERGY LIMITED,GRIDIMP LTD,PERSE TECHNOLOGY LIMITED,SSE DIGITAL SERVICES LIMITED,AMP (via Urban Reserve (AssetCo) Limited),INFINIS LIMITED,EQUIWATT LIMITED,HILDEBRAND TECHNOLOGY LIMITED,GRIDBEYOND LIMITED,OCTOPUS ENERGY LIMITED,OAKTREE POWER LIMITED,BRITISH GAS TRADING LIMITED"
25/06/2025,18:30,19:00,500,Live,0,All Providers,"ENGIE POWER LIMITED,AXLE ENERGY LIMITED,GALLAGHER AGGREGATES LIMITED,AMP (via Urban Reserve (AssetCo 2) Limited),UTILITA ENERGY LIMITED,GRIDIMP LTD,PERSE TECHNOLOGY LIMITED,SSE DIGITAL SERVICES LIMITED,AMP (via Urban Reserve (AssetCo) Limited),INFINIS LIMITED,EQUIWATT LIMITED,HILDEBRAND TECHNOLOGY LIMITED,GRIDBEYOND LIMITED,OCTOPUS ENERGY LIMITED,OAKTREE POWER LIMITED,BRITISH GAS TRADING LIMITED"
25/06/2025,19:00,19:30,500,Live,0,All Providers,"ENGIE POWER LIMITED,AXLE ENERGY LIMITED,GALLAGHER AGGREGATES LIMITED,AMP (via Urban Reserve (AssetCo 2) Limited),UTILITA ENERGY LIMITED,GRIDIMP LTD,PERSE TECHNOLOGY LIMITED,SSE DIGITAL SERVICES LIMITED,AMP (via Urban Reserve (AssetCo) Limited),INFINIS LIMITED,EQUIWATT LIMITED,HILDEBRAND TECHNOLOGY LIMITED,GRIDBEYOND LIMITED,OCTOPUS ENERGY LIMITED,OAKTREE POWER LIMITED,BRITISH GAS TRADING LIMITED"
25/06/2025,19:30,20:00,500,Live,0,All Providers,"ENGIE POWER LIMITED,AXLE ENERGY LIMITED,GALLAGHER AGGREGATES LIMITED,AMP (via Urban Reserve (AssetCo 2) Limited),UTILITA ENERGY LIMITED,GRIDIMP LTD,PERSE TECHNOLOGY LIMITED,SSE DIGITAL SERVICES LIMITED,AMP (via Urban Reserve (AssetCo) Limited),INFINIS LIMITED,EQUIWATT LIMITED,HILDEBRAND TECHNOLOGY LIMITED,GRIDBEYOND LIMITED,OCTOPUS ENERGY LIMITED,OAKTREE POWER LIMITED,BRITISH GAS TRADING LIMITED"
25/06/2025,20:00,20:30,500,Live,0,All Providers,"ENGIE POWER LIMITED,AXLE ENERGY LIMITED,GALLAGHER AGGREGATES LIMITED,AMP (via Urban Reserve (AssetCo 2) Limited),UTILITA ENERGY LIMITED,GRIDIMP LTD,PERSE TECHNOLOGY LIMITED,SSE DIGITAL SERVICES LIMITED,AMP (via Urban Reserve (AssetCo) Limited),INFINIS LIMITED,EQUIWATT LIMITED,HILDEBRAND TECHNOLOGY LIMITED,GRIDBEYOND LIMITED,OCTOPUS ENERGY LIMITED,OAKTREE POWER LIMITED,BRITISH GAS TRADING LIMITED"
25/06/2025,20:30,21:00,500,Live,0,All Providers,"ENGIE POWER LIMITED,AXLE ENERGY LIMITED,GALLAGHER AGGREGATES LIMITED,AMP (via Urban Reserve (AssetCo 2) Limited),UTILITA ENERGY LIMITED,GRIDIMP LTD,PERSE TECHNOLOGY LIMITED,SSE DIGITAL SERVICES LIMITED,AMP (via Urban Reserve (AssetCo) Limited),INFINIS LIMITED,EQUIWATT LIMITED,HILDEBRAND TECHNOLOGY LIMITED,GRIDBEYOND LIMITED,OCTOPUS ENERGY LIMITED,OAKTREE POWER LIMITED,BRITISH GAS TRADING LIMITED"
24/06/2025,19:00,19:30,500,Live,0,All Providers,"ENGIE POWER LIMITED,AXLE ENERGY LIMITED,GALLAGHER AGGREGATES LIMITED,AMP (via Urban Reserve (AssetCo 2) Limited),UTILITA ENERGY LIMITED,GRIDIMP LTD,PERSE TECHNOLOGY LIMITED,SSE DIGITAL SERVICES LIMITED,AMP (via Urban Reserve (AssetCo) Limited),INFINIS LIMITED,EQUIWATT LIMITED,HILDEBRAND TECHNOLOGY LIMITED,GRIDBEYOND LIMITED,OCTOPUS ENERGY LIMITED,OAKTREE POWER LIMITED,BRITISH GAS TRADING LIMITED"
24/06/2025,19:30,20:00,500,Live,0,All Providers,"ENGIE POWER LIMITED,AXLE ENERGY LIMITED,GALLAGHER AGGREGATES LIMITED,AMP (via Urban Reserve (AssetCo 2) Limited),UTILITA ENERGY LIMITED,GRIDIMP LTD,PERSE TECHNOLOGY LIMITED,SSE DIGITAL SERVICES LIMITED,AMP (via Urban Reserve (AssetCo) Limited),INFINIS LIMITED,EQUIWATT LIMITED,HILDEBRAND TECHNOLOGY LIMITED,GRIDBEYOND LIMITED,OCTOPUS ENERGY LIMITED,OAKTREE POWER LIMITED,BRITISH GAS TRADING LIMITED"
24/06/2025,20:00,20:30,500,Live,0,All Providers,"ENGIE POWER LIMITED,AXLE ENERGY LIMITED,GALLAGHER AGGREGATES LIMITED,AMP (via Urban Reserve (AssetCo 2) Limited),UTILITA ENERGY LIMITED,GRIDIMP LTD,PERSE TECHNOLOGY LIMITED,SSE DIGITAL SERVICES LIMITED,AMP (via Urban Reserve (AssetCo) Limited),INFINIS LIMITED,EQUIWATT LIMITED,HILDEBRAND TECHNOLOGY LIMITED,GRIDBEYOND LIMITED,OCTOPUS ENERGY LIMITED,OAKTREE POWER LIMITED,BRITISH GAS TRADING LIMITED"
24/06/2025,20:30,21:00,500,Live,0,All Providers,"ENGIE POWER LIMITED,AXLE ENERGY LIMITED,GALLAGHER AGGREGATES LIMITED,AMP (via Urban Reserve (AssetCo 2) Limited),UTILITA ENERGY LIMITED,GRIDIMP LTD,PERSE TECHNOLOGY LIMITED,SSE DIGITAL SERVICES LIMITED,AMP (via Urban Reserve (AssetCo) Limited),INFINIS LIMITED,EQUIWATT LIMITED,HILDEBRAND TECHNOLOGY LIMITED,GRIDBEYOND LIMITED,OCTOPUS ENERGY LIMITED,OAKTREE POWER LIMITED,BRITISH GAS TRADING LIMITED"
24/06/2025,21:00,21:30,500,Live,0,All Providers,"ENGIE POWER LIMITED,AXLE ENERGY LIMITED,GALLAGHER AGGREGATES LIMITED,AMP (via Urban Reserve (AssetCo 2) Limited),UTILITA ENERGY LIMITED,GRIDIMP LTD,PERSE TECHNOLOGY LIMITED,SSE DIGITAL SERVICES LIMITED,AMP (via Urban Reserve (AssetCo) Limited),INFINIS LIMITED,EQUIWATT LIMITED,HILDEBRAND TECHNOLOGY LIMITED,GRIDBEYOND LIMITED,OCTOPUS ENERGY LIMITED,OAKTREE POWER LIMITED,BRITISH GAS TRADING LIMITED"
24/06/2025,21:30,22:00,500,Live,0,All Providers,"ENGIE POWER LIMITED,AXLE ENERGY LIMITED,GALLAGHER AGGREGATES LIMITED,AMP (via Urban Reserve (AssetCo 2) Limited),UTILITA ENERGY LIMITED,GRIDIMP LTD,PERSE TECHNOLOGY LIMITED,SSE DIGITAL SERVICES LIMITED,AMP (via Urban Reserve (AssetCo) Limited),INFINIS LIMITED,EQUIWATT LIMITED,HILDEBRAND TECHNOLOGY LIMITED,GRIDBEYOND LIMITED,OCTOPUS ENERGY LIMITED,OAKTREE POWER LIMITED,BRITISH GAS TRADING LIMITED"
23/06/2025,19:00,19:30,500,Live,0,All Providers,"ENGIE POWER LIMITED,AXLE ENERGY LIMITED,GALLAGHER AGGREGATES LIMITED,AMP (via Urban Reserve (AssetCo 2) Limited),UTILITA ENERGY LIMITED,GRIDIMP LTD,PERSE TECHNOLOGY LIMITED,SSE DIGITAL SERVICES LIMITED,AMP (via Urban Reserve (AssetCo) Limited),INFINIS LIMITED,EQUIWATT LIMITED,HILDEBRAND TECHNOLOGY LIMITED,GRIDBEYOND LIMITED,OCTOPUS ENERGY LIMITED,OAKTREE POWER LIMITED,BRITISH GAS TRADING LIMITED"
23/06/2025,19:30,20:00,500,Live,0,All Providers,"ENGIE POWER LIMITED,AXLE ENERGY LIMITED,GALLAGHER AGGREGATES LIMITED,AMP (via Urban Reserve (AssetCo 2) Limited),UTILITA ENERGY LIMITED,GRIDIMP LTD,PERSE TECHNOLOGY LIMITED,SSE DIGITAL SERVICES LIMITED,AMP (via Urban Reserve (AssetCo) Limited),INFINIS LIMITED,EQUIWATT LIMITED,HILDEBRAND TECHNOLOGY LIMITED,GRIDBEYOND LIMITED,OCTOPUS ENERGY LIMITED,OAKTREE POWER LIMITED,BRITISH GAS TRADING LIMITED"
23/06/2025,20:00,20:30,500,Live,0,All Providers,"ENGIE POWER LIMITED,AXLE ENERGY LIMITED,GALLAGHER AGGREGATES LIMITED,AMP (via Urban Reserve (AssetCo 2) Limited),UTILITA ENERGY LIMITED,GRIDIMP LTD,PERSE TECHNOLOGY LIMITED,SSE DIGITAL SERVICES LIMITED,AMP (via Urban Reserve (AssetCo) Limited),INFINIS LIMITED,EQUIWATT LIMITED,HILDEBRAND TECHNOLOGY LIMITED,GRIDBEYOND LIMITED,OCTOPUS ENERGY LIMITED,OAKTREE POWER LIMITED,BRITISH GAS TRADING LIMITED"
23/06/2025,20:30,21:00,500,Live,0,All Providers,"ENGIE POWER LIMITED,AXLE ENERGY LIMITED,GALLAGHER AGGREGATES LIMITED,AMP (via Urban Reserve (AssetCo 2) Limited),UTILITA ENERGY LIMITED,GRIDIMP LTD,PERSE TECHNOLOGY LIMITED,SSE DIGITAL SERVICES LIMITED,AMP (via Urban Reserve (AssetCo) Limited),INFINIS LIMITED,EQUIWATT LIMITED,HILDEBRAND TECHNOLOGY LIMITED,GRIDBEYOND LIMITED,OCTOPUS ENERGY LIMITED,OAKTREE POWER LIMITED,BRITISH GAS TRADING LIMITED"
22/06/2025,18:00,18:30,500,Live,0,All Providers,"ENGIE POWER LIMITED,AXLE ENERGY LIMITED,GALLAGHER AGGREGATES LIMITED,AMP (via Urban Reserve (AssetCo 2) Limited),UTILITA ENERGY LIMITED,GRIDIMP LTD,PERSE TECHNOLOGY LIMITED,SSE DIGITAL SERVICES LIMITED,AMP (via Urban Reserve (AssetCo) Limited),INFINIS LIMITED,EQUIWATT LIMITED,HILDEBRAND TECHNOLOGY LIMITED,GRIDBEYOND LIMITED,OCTOPUS ENERGY LIMITED,OAKTREE POWER LIMITED,BRITISH GAS TRADING LIMITED"
22/06/2025,18:30,19:00,500,Live,0,All Providers,"ENGIE POWER LIMITED,AXLE ENERGY LIMITED,GALLAGHER AGGREGATES LIMITED,AMP (via Urban Reserve (AssetCo 2) Limited),UTILITA ENERGY LIMITED,GRIDIMP LTD,PERSE TECHNOLOGY LIMITED,SSE DIGITAL SERVICES LIMITED,AMP (via Urban Reserve (AssetCo) Limited),INFINIS LIMITED,EQUIWATT LIMITED,HILDEBRAND TECHNOLOGY LIMITED,GRIDBEYOND LIMITED,OCTOPUS ENERGY LIMITED,OAKTREE POWER LIMITED,BRITISH GAS TRADING LIMITED"
22/06/2025,19:00,19:30,500,Live,0,All Providers,"ENGIE POWER LIMITED,AXLE ENERGY LIMITED,GALLAGHER AGGREGATES LIMITED,AMP (via Urban Reserve (AssetCo 2) Limited),UTILITA ENERGY LIMITED,GRIDIMP LTD,PERSE TECHNOLOGY LIMITED,SSE DIGITAL SERVICES LIMITED,AMP (via Urban Reserve (AssetCo) Limited),INFINIS LIMITED,EQUIWATT LIMITED,HILDEBRAND TECHNOLOGY LIMITED,GRIDBEYOND LIMITED,OCTOPUS ENERGY LIMITED,OAKTREE POWER LIMITED,BRITISH GAS TRADING LIMITED"
22/06/2025,19:30,20:00,500,Live,0,All Providers,"ENGIE POWER LIMITED,AXLE ENERGY LIMITED,GALLAGHER AGGREGATES LIMITED,AMP (via Urban Reserve (AssetCo 2) Limited),UTILITA ENERGY LIMITED,GRIDIMP LTD,PERSE TECHNOLOGY LIMITED,SSE DIGITAL SERVICES LIMITED,AMP (via Urban Reserve (AssetCo) Limited),INFINIS LIMITED,EQUIWATT LIMITED,HILDEBRAND TECHNOLOGY LIMITED,GRIDBEYOND LIMITED,OCTOPUS ENERGY LIMITED,OAKTREE POWER LIMITED,BRITISH GAS TRADING LIMITED"
22/06/2025,20:00,20:30,500,Live,0,All Providers,"ENGIE POWER LIMITED,AXLE ENERGY LIMITED,GALLAGHER AGGREGATES LIMITED,AMP (via Urban Reserve (AssetCo 2) Limited),UTILITA ENERGY LIMITED,GRIDIMP LTD,PERSE TECHNOLOGY LIMITED,SSE DIGITAL SERVICES LIMITED,AMP (via Urban Reserve (AssetCo) Limited),INFINIS LIMITED,EQUIWATT LIMITED,HILDEBRAND TECHNOLOGY LIMITED,GRIDBEYOND LIMITED,OCTOPUS ENERGY LIMITED,OAKTREE POWER LIMITED,BRITISH GAS TRADING LIMITED"
22/06/2025,20:30,21:00,500,Live,0,All Providers,"ENGIE POWER LIMITED,AXLE ENERGY LIMITED,GALLAGHER AGGREGATES LIMITED,AMP (via Urban Reserve (AssetCo 2) Limited),UTILITA ENERGY LIMITED,GRIDIMP LTD,PERSE TECHNOLOGY LIMITED,SSE DIGITAL SERVICES LIMITED,AMP (via Urban Reserve (AssetCo) Limited),INFINIS LIMITED,EQUIWATT LIMITED,HILDEBRAND TECHNOLOGY LIMITED,GRIDBEYOND LIMITED,OCTOPUS ENERGY LIMITED,OAKTREE POWER LIMITED,BRITISH GAS TRADING LIMITED"
22/06/2025,21:00,21:30,500,Live,0,All Providers,"ENGIE POWER LIMITED,AXLE ENERGY LIMITED,GALLAGHER AGGREGATES LIMITED,AMP (via Urban Reserve (AssetCo 2) Limited),UTILITA ENERGY LIMITED,GRIDIMP LTD,PERSE TECHNOLOGY LIMITED,SSE DIGITAL SERVICES LIMITED,AMP (via Urban Reserve (AssetCo) Limited),INFINIS LIMITED,EQUIWATT LIMITED,HILDEBRAND TECHNOLOGY LIMITED,GRIDBEYOND LIMITED,OCTOPUS ENERGY LIMITED,OAKTREE POWER LIMITED,BRITISH GAS TRADING LIMITED"
22/06/2025,21:30,22:00,500,Live,0,All Providers,"ENGIE POWER LIMITED,AXLE ENERGY LIMITED,GALLAGHER AGGREGATES LIMITED,AMP (via Urban Reserve (AssetCo 2) Limited),UTILITA ENERGY LIMITED,GRIDIMP LTD,PERSE TECHNOLOGY LIMITED,SSE DIGITAL SERVICES LIMITED,AMP (via Urban Reserve (AssetCo) Limited),INFINIS LIMITED,EQUIWATT LIMITED,HILDEBRAND TECHNOLOGY LIMITED,GRIDBEYOND LIMITED,OCTOPUS ENERGY LIMITED,OAKTREE POWER LIMITED,BRITISH GAS TRADING LIMITED"
21/06/2025,18:00,18:30,500,Live,0,All Providers,"ENGIE POWER LIMITED,AXLE ENERGY LIMITED,GALLAGHER AGGREGATES LIMITED,AMP (via Urban Reserve (AssetCo 2) Limited),UTILITA ENERGY LIMITED,GRIDIMP LTD,PERSE TECHNOLOGY LIMITED,SSE DIGITAL SERVICES LIMITED,AMP (via Urban Reserve (AssetCo) Limited),INFINIS LIMITED,EQUIWATT LIMITED,HILDEBRAND TECHNOLOGY LIMITED,GRIDBEYOND LIMITED,OCTOPUS ENERGY LIMITED,OAKTREE POWER LIMITED,BRITISH GAS TRADING LIMITED"
21/06/2025,18:30,19:00,500,Live,0,All Providers,"ENGIE POWER LIMITED,AXLE ENERGY LIMITED,GALLAGHER AGGREGATES LIMITED,AMP (via Urban Reserve (AssetCo 2) Limited),UTILITA ENERGY LIMITED,GRIDIMP LTD,PERSE TECHNOLOGY LIMITED,SSE DIGITAL SERVICES LIMITED,AMP (via Urban Reserve (AssetCo) Limited),INFINIS LIMITED,EQUIWATT LIMITED,HILDEBRAND TECHNOLOGY LIMITED,GRIDBEYOND LIMITED,OCTOPUS ENERGY LIMITED,OAKTREE POWER LIMITED,BRITISH GAS TRADING LIMITED"
21/06/2025,19:00,19:30,500,Live,0,All Providers,"ENGIE POWER LIMITED,AXLE ENERGY LIMITED,GALLAGHER AGGREGATES LIMITED,AMP (via Urban Reserve (AssetCo 2) Limited),UTILITA ENERGY LIMITED,GRIDIMP LTD,PERSE TECHNOLOGY LIMITED,SSE DIGITAL SERVICES LIMITED,AMP (via Urban Reserve (AssetCo) Limited),INFINIS LIMITED,EQUIWATT LIMITED,HILDEBRAND TECHNOLOGY LIMITED,GRIDBEYOND LIMITED,OCTOPUS ENERGY LIMITED,OAKTREE POWER LIMITED,BRITISH GAS TRADING LIMITED"
21/06/2025,19:30,20:00,500,Live,0,All Providers,"ENGIE POWER LIMITED,AXLE ENERGY LIMITED,GALLAGHER AGGREGATES LIMITED,AMP (via Urban Reserve (AssetCo 2) Limited),UTILITA ENERGY LIMITED,GRIDIMP LTD,PERSE TECHNOLOGY LIMITED,SSE DIGITAL SERVICES LIMITED,AMP (via Urban Reserve (AssetCo) Limited),INFINIS LIMITED,EQUIWATT LIMITED,HILDEBRAND TECHNOLOGY LIMITED,GRIDBEYOND LIMITED,OCTOPUS ENERGY LIMITED,OAKTREE POWER LIMITED,BRITISH GAS TRADING LIMITED"
21/06/2025,20:00,20:30,500,Live,0,All Providers,"ENGIE POWER LIMITED,AXLE ENERGY LIMITED,GALLAGHER AGGREGATES LIMITED,AMP (via Urban Reserve (AssetCo 2) Limited),UTILITA ENERGY LIMITED,GRIDIMP LTD,PERSE TECHNOLOGY LIMITED,SSE DIGITAL SERVICES LIMITED,AMP (via Urban Reserve (AssetCo) Limited),INFINIS LIMITED,EQUIWATT LIMITED,HILDEBRAND TECHNOLOGY LIMITED,GRIDBEYOND LIMITED,OCTOPUS ENERGY LIMITED,OAKTREE POWER LIMITED,BRITISH GAS TRADING LIMITED"
21/06/2025,20:30,21:00,500,Live,0,All Providers,"ENGIE POWER LIMITED,AXLE ENERGY LIMITED,GALLAGHER AGGREGATES LIMITED,AMP (via Urban Reserve (AssetCo 2) Limited),UTILITA ENERGY LIMITED,GRIDIMP LTD,PERSE TECHNOLOGY LIMITED,SSE DIGITAL SERVICES LIMITED,AMP (via Urban Reserve (AssetCo) Limited),INFINIS LIMITED,EQUIWATT LIMITED,HILDEBRAND TECHNOLOGY LIMITED,GRIDBEYOND LIMITED,OCTOPUS ENERGY LIMITED,OAKTREE POWER LIMITED,BRITISH GAS TRADING LIMITED"
17/06/2025,19:00,19:30,500,Live,0,All Providers,"ENGIE POWER LIMITED,AXLE ENERGY LIMITED,GALLAGHER AGGREGATES LIMITED,AMP (via Urban Reserve (AssetCo 2) Limited),UTILITA ENERGY LIMITED,GRIDIMP LTD,PERSE TECHNOLOGY LIMITED,SSE DIGITAL SERVICES LIMITED,AMP (via Urban Reserve (AssetCo) Limited),INFINIS LIMITED,EQUIWATT LIMITED,ORANGE POWER LTD,Attune Power LTD,AFFECT ENERGY LTD,HILDEBRAND TECHNOLOGY LIMITED,GRIDBEYOND LIMITED,OCTOPUS ENERGY LIMITED,DRAX ENERGY SOLUTIONS LIMITED,Electryone AI,OAKTREE POWER LIMITED,BRITISH GAS TRADING LIMITED,CARBONLACES LIMITED,VEST Energy Limited"
17/06/2025,19:30,20:00,500,Live,0,All Providers,"ENGIE POWER LIMITED,AXLE ENERGY LIMITED,GALLAGHER AGGREGATES LIMITED,AMP (via Urban Reserve (AssetCo 2) Limited),UTILITA ENERGY LIMITED,GRIDIMP LTD,PERSE TECHNOLOGY LIMITED,SSE DIGITAL SERVICES LIMITED,AMP (via Urban Reserve (AssetCo) Limited),INFINIS LIMITED,EQUIWATT LIMITED,ORANGE POWER LTD,Attune Power LTD,AFFECT ENERGY LTD,HILDEBRAND TECHNOLOGY LIMITED,GRIDBEYOND LIMITED,OCTOPUS ENERGY LIMITED,DRAX ENERGY SOLUTIONS LIMITED,Electryone AI,OAKTREE POWER LIMITED,BRITISH GAS TRADING LIMITED,CARBONLACES LIMITED,VEST Energy Limited"
17/06/2025,20:00,20:30,500,Live,0,All Providers,"ENGIE POWER LIMITED,AXLE ENERGY LIMITED,GALLAGHER AGGREGATES LIMITED,AMP (via Urban Reserve (AssetCo 2) Limited),UTILITA ENERGY LIMITED,GRIDIMP LTD,PERSE TECHNOLOGY LIMITED,SSE DIGITAL SERVICES LIMITED,AMP (via Urban Reserve (AssetCo) Limited),INFINIS LIMITED,EQUIWATT LIMITED,ORANGE POWER LTD,Attune Power LTD,AFFECT ENERGY LTD,HILDEBRAND TECHNOLOGY LIMITED,GRIDBEYOND LIMITED,OCTOPUS ENERGY LIMITED,DRAX ENERGY SOLUTIONS LIMITED,Electryone AI,OAKTREE POWER LIMITED,BRITISH GAS TRADING LIMITED,CARBONLACES LIMITED,VEST Energy Limited"
17/06/2025,20:30,21:00,500,Live,0,All Providers,"ENGIE POWER LIMITED,AXLE ENERGY LIMITED,GALLAGHER AGGREGATES LIMITED,AMP (via Urban Reserve (AssetCo 2) Limited),UTILITA ENERGY LIMITED,GRIDIMP LTD,PERSE TECHNOLOGY LIMITED,SSE DIGITAL SERVICES LIMITED,AMP (via Urban Reserve (AssetCo) Limited),INFINIS LIMITED,EQUIWATT LIMITED,ORANGE POWER LTD,Attune Power LTD,AFFECT ENERGY LTD,HILDEBRAND TECHNOLOGY LIMITED,GRIDBEYOND LIMITED,OCTOPUS ENERGY LIMITED,DRAX ENERGY SOLUTIONS LIMITED,Electryone AI,OAKTREE POWER LIMITED,BRITISH GAS TRADING LIMITED,CARBONLACES LIMITED,VEST Energy Limited"
13/06/2025,18:00,18:30,500,Live,0,All Providers,"ENGIE POWER LIMITED,AXLE ENERGY LIMITED,GALLAGHER AGGREGATES LIMITED,AMP (via Urban Reserve (AssetCo 2) Limited),UTILITA ENERGY LIMITED,GRIDIMP LTD,PERSE TECHNOLOGY LIMITED,SSE DIGITAL SERVICES LIMITED,AMP (via Urban Reserve (AssetCo) Limited),INFINIS LIMITED,EQUIWATT LIMITED,HILDEBRAND TECHNOLOGY LIMITED,GRIDBEYOND LIMITED,OCTOPUS ENERGY LIMITED,OAKTREE POWER LIMITED,BRITISH GAS TRADING LIMITED"
13/06/2025,18:30,19:00,500,Live,0,All Providers,"ENGIE POWER LIMITED,AXLE ENERGY LIMITED,GALLAGHER AGGREGATES LIMITED,AMP (via Urban Reserve (AssetCo 2) Limited),UTILITA ENERGY LIMITED,GRIDIMP LTD,PERSE TECHNOLOGY LIMITED,SSE DIGITAL SERVICES LIMITED,AMP (via Urban Reserve (AssetCo) Limited),INFINIS LIMITED,EQUIWATT LIMITED,HILDEBRAND TECHNOLOGY LIMITED,GRIDBEYOND LIMITED,OCTOPUS ENERGY LIMITED,OAKTREE POWER LIMITED,BRITISH GAS TRADING LIMITED"
13/06/2025,19:00,19:30,500,Live,0,All Providers,"ENGIE POWER LIMITED,AXLE ENERGY LIMITED,GALLAGHER AGGREGATES LIMITED,AMP (via Urban Reserve (AssetCo 2) Limited),UTILITA ENERGY LIMITED,GRIDIMP LTD,PERSE TECHNOLOGY LIMITED,SSE DIGITAL SERVICES LIMITED,AMP (via Urban Reserve (AssetCo) Limited),INFINIS LIMITED,EQUIWATT LIMITED,HILDEBRAND TECHNOLOGY LIMITED,GRIDBEYOND LIMITED,OCTOPUS ENERGY LIMITED,OAKTREE POWER LIMITED,BRITISH GAS TRADING LIMITED"
13/06/2025,19:30,20:00,500,Live,0,All Providers,"ENGIE POWER LIMITED,AXLE ENERGY LIMITED,GALLAGHER AGGREGATES LIMITED,AMP (via Urban Reserve (AssetCo 2) Limited),UTILITA ENERGY LIMITED,GRIDIMP LTD,PERSE TECHNOLOGY LIMITED,SSE DIGITAL SERVICES LIMITED,AMP (via Urban Reserve (AssetCo) Limited),INFINIS LIMITED,EQUIWATT LIMITED,HILDEBRAND TECHNOLOGY LIMITED,GRIDBEYOND LIMITED,OCTOPUS ENERGY LIMITED,OAKTREE POWER LIMITED,BRITISH GAS TRADING LIMITED"
10/06/2025,18:00,18:30,500,Live,0,All Providers,"ENGIE POWER LIMITED,AXLE ENERGY LIMITED,GALLAGHER AGGREGATES LIMITED,AMP (via Urban Reserve (AssetCo 2) Limited),UTILITA ENERGY LIMITED,GRIDIMP LTD,PERSE TECHNOLOGY LIMITED,SSE DIGITAL SERVICES LIMITED,AMP (via Urban Reserve (AssetCo) Limited),INFINIS LIMITED,EQUIWATT LIMITED,HILDEBRAND TECHNOLOGY LIMITED,GRIDBEYOND LIMITED,OCTOPUS ENERGY LIMITED,OAKTREE POWER LIMITED,BRITISH GAS TRADING LIMITED"
10/06/2025,18:30,19:00,500,Live,0,All Providers,"ENGIE POWER LIMITED,AXLE ENERGY LIMITED,GALLAGHER AGGREGATES LIMITED,AMP (via Urban Reserve (AssetCo 2) Limited),UTILITA ENERGY LIMITED,GRIDIMP LTD,PERSE TECHNOLOGY LIMITED,SSE DIGITAL SERVICES LIMITED,AMP (via Urban Reserve (AssetCo) Limited),INFINIS LIMITED,EQUIWATT LIMITED,HILDEBRAND TECHNOLOGY LIMITED,GRIDBEYOND LIMITED,OCTOPUS ENERGY LIMITED,OAKTREE POWER LIMITED,BRITISH GAS TRADING LIMITED"
10/06/2025,19:00,19:30,500,Live,0,All Providers,"ENGIE POWER LIMITED,AXLE ENERGY LIMITED,GALLAGHER AGGREGATES LIMITED,AMP (via Urban Reserve (AssetCo 2) Limited),UTILITA ENERGY LIMITED,GRIDIMP LTD,PERSE TECHNOLOGY LIMITED,SSE DIGITAL SERVICES LIMITED,AMP (via Urban Reserve (AssetCo) Limited),INFINIS LIMITED,EQUIWATT LIMITED,HILDEBRAND TECHNOLOGY LIMITED,GRIDBEYOND LIMITED,OCTOPUS ENERGY LIMITED,OAKTREE POWER LIMITED,BRITISH GAS TRADING LIMITED"
10/06/2025,19:30,20:00,500,Live,0,All Providers,"ENGIE POWER LIMITED,AXLE ENERGY LIMITED,GALLAGHER AGGREGATES LIMITED,AMP (via Urban Reserve (AssetCo 2) Limited),UTILITA ENERGY LIMITED,GRIDIMP LTD,PERSE TECHNOLOGY LIMITED,SSE DIGITAL SERVICES LIMITED,AMP (via Urban Reserve (AssetCo) Limited),INFINIS LIMITED,EQUIWATT LIMITED,HILDEBRAND TECHNOLOGY LIMITED,GRIDBEYOND LIMITED,OCTOPUS ENERGY LIMITED,OAKTREE POWER LIMITED,BRITISH GAS TRADING LIMITED"
09/06/2025,19:00,19:30,500,Live,0,All Providers,"ENGIE POWER LIMITED,AXLE ENERGY LIMITED,GALLAGHER AGGREGATES LIMITED,AMP (via Urban Reserve (AssetCo 2) Limited),UTILITA ENERGY LIMITED,GRIDIMP LTD,PERSE TECHNOLOGY LIMITED,SSE DIGITAL SERVICES LIMITED,AMP (via Urban Reserve (AssetCo) Limited),INFINIS LIMITED,EQUIWATT LIMITED,HILDEBRAND TECHNOLOGY LIMITED,GRIDBEYOND LIMITED,OCTOPUS ENERGY LIMITED,OAKTREE POWER LIMITED,BRITISH GAS TRADING LIMITED"
09/06/2025,19:30,20:00,500,Live,0,All Providers,"ENGIE POWER LIMITED,AXLE ENERGY LIMITED,GALLAGHER AGGREGATES LIMITED,AMP (via Urban Reserve (AssetCo 2) Limited),UTILITA ENERGY LIMITED,GRIDIMP LTD,PERSE TECHNOLOGY LIMITED,SSE DIGITAL SERVICES LIMITED,AMP (via Urban Reserve (AssetCo) Limited),INFINIS LIMITED,EQUIWATT LIMITED,HILDEBRAND TECHNOLOGY LIMITED,GRIDBEYOND LIMITED,OCTOPUS ENERGY LIMITED,OAKTREE POWER LIMITED,BRITISH GAS TRADING LIMITED"
09/06/2025,20:00,20:30,500,Live,0,All Providers,"ENGIE POWER LIMITED,AXLE ENERGY LIMITED,GALLAGHER AGGREGATES LIMITED,AMP (via Urban Reserve (AssetCo 2) Limited),UTILITA ENERGY LIMITED,GRIDIMP LTD,PERSE TECHNOLOGY LIMITED,SSE DIGITAL SERVICES LIMITED,AMP (via Urban Reserve (AssetCo) Limited),INFINIS LIMITED,EQUIWATT LIMITED,HILDEBRAND TECHNOLOGY LIMITED,GRIDBEYOND LIMITED,OCTOPUS ENERGY LIMITED,OAKTREE POWER LIMITED,BRITISH GAS TRADING LIMITED"
09/06/2025,20:30,21:00,500,Live,0,All Providers,"ENGIE POWER LIMITED,AXLE ENERGY LIMITED,GALLAGHER AGGREGATES LIMITED,AMP (via Urban Reserve (AssetCo 2) Limited),UTILITA ENERGY LIMITED,GRIDIMP LTD,PERSE TECHNOLOGY LIMITED,SSE DIGITAL SERVICES LIMITED,AMP (via Urban Reserve (AssetCo) Limited),INFINIS LIMITED,EQUIWATT LIMITED,HILDEBRAND TECHNOLOGY LIMITED,GRIDBEYOND LIMITED,OCTOPUS ENERGY LIMITED,OAKTREE POWER LIMITED,BRITISH GAS TRADING LIMITED"
07/06/2025,19:00,19:30,400,Live,0,All Providers,"ENGIE POWER LIMITED,AXLE ENERGY LIMITED,GALLAGHER AGGREGATES LIMITED,AMP (via Urban Reserve (AssetCo 2) Limited),UTILITA ENERGY LIMITED,GRIDIMP LTD,PERSE TECHNOLOGY LIMITED,SSE DIGITAL SERVICES LIMITED,AMP (via Urban Reserve (AssetCo) Limited),INFINIS LIMITED,EQUIWATT LIMITED,HILDEBRAND TECHNOLOGY LIMITED,GRIDBEYOND LIMITED,OCTOPUS ENERGY LIMITED,OAKTREE POWER LIMITED,BRITISH GAS TRADING LIMITED"
07/06/2025,19:30,20:00,400,Live,0,All Providers,"ENGIE POWER LIMITED,AXLE ENERGY LIMITED,GALLAGHER AGGREGATES LIMITED,AMP (via Urban Reserve (AssetCo 2) Limited),UTILITA ENERGY LIMITED,GRIDIMP LTD,PERSE TECHNOLOGY LIMITED,SSE DIGITAL SERVICES LIMITED,AMP (via Urban Reserve (AssetCo) Limited),INFINIS LIMITED,EQUIWATT LIMITED,HILDEBRAND TECHNOLOGY LIMITED,GRIDBEYOND LIMITED,OCTOPUS ENERGY LIMITED,OAKTREE POWER LIMITED,BRITISH GAS TRADING LIMITED"
07/06/2025,20:00,20:30,400,Live,0,All Providers,"ENGIE POWER LIMITED,AXLE ENERGY LIMITED,GALLAGHER AGGREGATES LIMITED,AMP (via Urban Reserve (AssetCo 2) Limited),UTILITA ENERGY LIMITED,GRIDIMP LTD,PERSE TECHNOLOGY LIMITED,SSE DIGITAL SERVICES LIMITED,AMP (via Urban Reserve (AssetCo) Limited),INFINIS LIMITED,EQUIWATT LIMITED,HILDEBRAND TECHNOLOGY LIMITED,GRIDBEYOND LIMITED,OCTOPUS ENERGY LIMITED,OAKTREE POWER LIMITED,BRITISH GAS TRADING LIMITED"
07/06/2025,20:30,21:00,400,Live,0,All Providers,"ENGIE POWER LIMITED,AXLE ENERGY LIMITED,GALLAGHER AGGREGATES LIMITED,AMP (via Urban Reserve (AssetCo 2) Limited),UTILITA ENERGY LIMITED,GRIDIMP LTD,PERSE TECHNOLOGY LIMITED,SSE DIGITAL SERVICES LIMITED,AMP (via Urban Reserve (AssetCo) Limited),INFINIS LIMITED,EQUIWATT LIMITED,HILDEBRAND TECHNOLOGY LIMITED,GRIDBEYOND LIMITED,OCTOPUS ENERGY LIMITED,OAKTREE POWER LIMITED,BRITISH GAS TRADING LIMITED"
05/06/2025,18:00,18:30,500,Live,0,All Providers,"ENGIE POWER LIMITED,AXLE ENERGY LIMITED,GALLAGHER AGGREGATES LIMITED,AMP (via Urban Reserve (AssetCo 2) Limited),UTILITA ENERGY LIMITED,GRIDIMP LTD,PERSE TECHNOLOGY LIMITED,SSE DIGITAL SERVICES LIMITED,AMP (via Urban Reserve (AssetCo) Limited),INFINIS LIMITED,EQUIWATT LIMITED,HILDEBRAND TECHNOLOGY LIMITED,GRIDBEYOND LIMITED,OCTOPUS ENERGY LIMITED,OAKTREE POWER LIMITED,BRITISH GAS TRADING LIMITED"
05/06/2025,18:30,19:00,500,Live,0,All Providers,"ENGIE POWER LIMITED,AXLE ENERGY LIMITED,GALLAGHER AGGREGATES LIMITED,AMP (via Urban Reserve (AssetCo 2) Limited),UTILITA ENERGY LIMITED,GRIDIMP LTD,PERSE TECHNOLOGY LIMITED,SSE DIGITAL SERVICES LIMITED,AMP (via Urban Reserve (AssetCo) Limited),INFINIS LIMITED,EQUIWATT LIMITED,HILDEBRAND TECHNOLOGY LIMITED,GRIDBEYOND LIMITED,OCTOPUS ENERGY LIMITED,OAKTREE POWER LIMITED,BRITISH GAS TRADING LIMITED"
05/06/2025,19:00,19:30,500,Live,0,All Providers,"ENGIE POWER LIMITED,AXLE ENERGY LIMITED,GALLAGHER AGGREGATES LIMITED,AMP (via Urban Reserve (AssetCo 2) Limited),UTILITA ENERGY LIMITED,GRIDIMP LTD,PERSE TECHNOLOGY LIMITED,SSE DIGITAL SERVICES LIMITED,AMP (via Urban Reserve (AssetCo) Limited),INFINIS LIMITED,EQUIWATT LIMITED,HILDEBRAND TECHNOLOGY LIMITED,GRIDBEYOND LIMITED,OCTOPUS ENERGY LIMITED,OAKTREE POWER LIMITED,BRITISH GAS TRADING LIMITED"
05/06/2025,19:30,20:00,500,Live,0,All Providers,"ENGIE POWER LIMITED,AXLE ENERGY LIMITED,GALLAGHER AGGREGATES LIMITED,AMP (via Urban Reserve (AssetCo 2) Limited),UTILITA ENERGY LIMITED,GRIDIMP LTD,PERSE TECHNOLOGY LIMITED,SSE DIGITAL SERVICES LIMITED,AMP (via Urban Reserve (AssetCo) Limited),INFINIS LIMITED,EQUIWATT LIMITED,HILDEBRAND TECHNOLOGY LIMITED,GRIDBEYOND LIMITED,OCTOPUS ENERGY LIMITED,OAKTREE POWER LIMITED,BRITISH GAS TRADING LIMITED"
04/06/2025,20:00,20:30,500,Live,0,All Providers,"CUB (UK) LTD,ENGIE POWER LIMITED,AXLE ENERGY LIMITED,GALLAGHER AGGREGATES LIMITED,AMP (via Urban Reserve (AssetCo 2) Limited),UTILITA ENERGY LIMITED,GRIDIMP LTD,PERSE TECHNOLOGY LIMITED,SSE DIGITAL SERVICES LIMITED,AMP (via Urban Reserve (AssetCo) Limited),INFINIS LIMITED,EQUIWATT LIMITED,HILDEBRAND TECHNOLOGY LIMITED,GRIDBEYOND LIMITED,OCTOPUS ENERGY LIMITED,OAKTREE POWER LIMITED,BRITISH GAS TRADING LIMITED"
04/06/2025,20:30,21:00,500,Live,0,All Providers,"CUB (UK) LTD,ENGIE POWER LIMITED,AXLE ENERGY LIMITED,GALLAGHER AGGREGATES LIMITED,AMP (via Urban Reserve (AssetCo 2) Limited),UTILITA ENERGY LIMITED,GRIDIMP LTD,PERSE TECHNOLOGY LIMITED,SSE DIGITAL SERVICES LIMITED,AMP (via Urban Reserve (AssetCo) Limited),INFINIS LIMITED,EQUIWATT LIMITED,HILDEBRAND TECHNOLOGY LIMITED,GRIDBEYOND LIMITED,OCTOPUS ENERGY LIMITED,OAKTREE POWER LIMITED,BRITISH GAS TRADING LIMITED"
28/05/2025,20:00,20:30,500,Live,0,All Providers,"CUB (UK) LTD,ENGIE POWER LIMITED,AXLE ENERGY LIMITED,GALLAGHER AGGREGATES LIMITED,AMP (via Urban Reserve (AssetCo 2) Limited),UTILITA ENERGY LIMITED,GRIDIMP LTD,PERSE TECHNOLOGY LIMITED,SSE DIGITAL SERVICES LIMITED,AMP (via Urban Reserve (AssetCo) Limited),INFINIS LIMITED,EQUIWATT LIMITED,HILDEBRAND TECHNOLOGY LIMITED,GRIDBEYOND LIMITED,OCTOPUS ENERGY LIMITED,OAKTREE POWER LIMITED,BRITISH GAS TRADING LIMITED"
28/05/2025,20:30,21:00,500,Live,0,All Providers,"CUB (UK) LTD,ENGIE POWER LIMITED,AXLE ENERGY LIMITED,GALLAGHER AGGREGATES LIMITED,AMP (via Urban Reserve (AssetCo 2) Limited),UTILITA ENERGY LIMITED,GRIDIMP LTD,PERSE TECHNOLOGY LIMITED,SSE DIGITAL SERVICES LIMITED,AMP (via Urban Reserve (AssetCo) Limited),INFINIS LIMITED,EQUIWATT LIMITED,HILDEBRAND TECHNOLOGY LIMITED,GRIDBEYOND LIMITED,OCTOPUS ENERGY LIMITED,OAKTREE POWER LIMITED,BRITISH GAS TRADING LIMITED"
26/05/2025,18:00,18:30,500,Live,0,All Providers,"CUB (UK) LTD,ENGIE POWER LIMITED,AXLE ENERGY LIMITED,GALLAGHER AGGREGATES LIMITED,AMP (via Urban Reserve (AssetCo 2) Limited),UTILITA ENERGY LIMITED,GRIDIMP LTD,PERSE TECHNOLOGY LIMITED,SSE DIGITAL SERVICES LIMITED,AMP (via Urban Reserve (AssetCo) Limited),INFINIS LIMITED,EQUIWATT LIMITED,HILDEBRAND TECHNOLOGY LIMITED,GRIDBEYOND LIMITED,OCTOPUS ENERGY LIMITED,OAKTREE POWER LIMITED,BRITISH GAS TRADING LIMITED"
26/05/2025,18:30,19:00,500,Live,0,All Providers,"CUB (UK) LTD,ENGIE POWER LIMITED,AXLE ENERGY LIMITED,GALLAGHER AGGREGATES LIMITED,AMP (via Urban Reserve (AssetCo 2) Limited),UTILITA ENERGY LIMITED,GRIDIMP LTD,PERSE TECHNOLOGY LIMITED,SSE DIGITAL SERVICES LIMITED,AMP (via Urban Reserve (AssetCo) Limited),INFINIS LIMITED,EQUIWATT LIMITED,HILDEBRAND TECHNOLOGY LIMITED,GRIDBEYOND LIMITED,OCTOPUS ENERGY LIMITED,OAKTREE POWER LIMITED,BRITISH GAS TRADING LIMITED"
20/05/2025,18:00,18:30,300,Live,0,All Providers,"CUB (UK) LTD,ENGIE POWER LIMITED,AXLE ENERGY LIMITED,GALLAGHER AGGREGATES LIMITED,AMP (via Urban Reserve (AssetCo 2) Limited),UTILITA ENERGY LIMITED,GRIDIMP LTD,PERSE TECHNOLOGY LIMITED,SSE DIGITAL SERVICES LIMITED,AMP (via Urban Reserve (AssetCo) Limited),INFINIS LIMITED,EQUIWATT LIMITED,HILDEBRAND TECHNOLOGY LIMITED,GRIDBEYOND LIMITED,OCTOPUS ENERGY LIMITED,OAKTREE POWER LIMITED,BRITISH GAS TRADING LIMITED"
20/05/2025,18:30,19:00,300,Live,0,All Providers,"CUB (UK) LTD,ENGIE POWER LIMITED,AXLE ENERGY LIMITED,GALLAGHER AGGREGATES LIMITED,AMP (via Urban Reserve (AssetCo 2) Limited),UTILITA ENERGY LIMITED,GRIDIMP LTD,PERSE TECHNOLOGY LIMITED,SSE DIGITAL SERVICES LIMITED,AMP (via Urban Reserve (AssetCo) Limited),INFINIS LIMITED,EQUIWATT LIMITED,HILDEBRAND TECHNOLOGY LIMITED,GRIDBEYOND LIMITED,OCTOPUS ENERGY LIMITED,OAKTREE POWER LIMITED,BRITISH GAS TRADING LIMITED"
20/05/2025,19:00,19:30,500,Live,0,All Providers,"CUB (UK) LTD,ENGIE POWER LIMITED,AXLE ENERGY LIMITED,GALLAGHER AGGREGATES LIMITED,AMP (via Urban Reserve (AssetCo 2) Limited),UTILITA ENERGY LIMITED,GRIDIMP LTD,PERSE TECHNOLOGY LIMITED,SSE DIGITAL SERVICES LIMITED,AMP (via Urban Reserve (AssetCo) Limited),INFINIS LIMITED,EQUIWATT LIMITED,HILDEBRAND TECHNOLOGY LIMITED,GRIDBEYOND LIMITED,OCTOPUS ENERGY LIMITED,OAKTREE POWER LIMITED,BRITISH GAS TRADING LIMITED"
20/05/2025,19:30,20:00,500,Live,0,All Providers,"CUB (UK) LTD,ENGIE POWER LIMITED,AXLE ENERGY LIMITED,GALLAGHER AGGREGATES LIMITED,AMP (via Urban Reserve (AssetCo 2) Limited),UTILITA ENERGY LIMITED,GRIDIMP LTD,PERSE TECHNOLOGY LIMITED,SSE DIGITAL SERVICES LIMITED,AMP (via Urban Reserve (AssetCo) Limited),INFINIS LIMITED,EQUIWATT LIMITED,HILDEBRAND TECHNOLOGY LIMITED,GRIDBEYOND LIMITED,OCTOPUS ENERGY LIMITED,OAKTREE POWER LIMITED,BRITISH GAS TRADING LIMITED"
20/05/2025,20:00,20:30,300,Live,0,All Providers,"CUB (UK) LTD,ENGIE POWER LIMITED,AXLE ENERGY LIMITED,GALLAGHER AGGREGATES LIMITED,AMP (via Urban Reserve (AssetCo 2) Limited),UTILITA ENERGY LIMITED,GRIDIMP LTD,PERSE TECHNOLOGY LIMITED,SSE DIGITAL SERVICES LIMITED,AMP (via Urban Reserve (AssetCo) Limited),INFINIS LIMITED,EQUIWATT LIMITED,HILDEBRAND TECHNOLOGY LIMITED,GRIDBEYOND LIMITED,OCTOPUS ENERGY LIMITED,OAKTREE POWER LIMITED,BRITISH GAS TRADING LIMITED"
20/05/2025,20:30,21:00,300,Live,0,All Providers,"CUB (UK) LTD,ENGIE POWER LIMITED,AXLE ENERGY LIMITED,GALLAGHER AGGREGATES LIMITED,AMP (via Urban Reserve (AssetCo 2) Limited),UTILITA ENERGY LIMITED,GRIDIMP LTD,PERSE TECHNOLOGY LIMITED,SSE DIGITAL SERVICES LIMITED,AMP (via Urban Reserve (AssetCo) Limited),INFINIS LIMITED,EQUIWATT LIMITED,HILDEBRAND TECHNOLOGY LIMITED,GRIDBEYOND LIMITED,OCTOPUS ENERGY LIMITED,OAKTREE POWER LIMITED,BRITISH GAS TRADING LIMITED"
19/05/2025,18:00,18:30,500,Live,0,All Providers,"CUB (UK) LTD,ENGIE POWER LIMITED,AXLE ENERGY LIMITED,GALLAGHER AGGREGATES LIMITED,AMP (via Urban Reserve (AssetCo 2) Limited),UTILITA ENERGY LIMITED,GRIDIMP LTD,PERSE TECHNOLOGY LIMITED,SSE DIGITAL SERVICES LIMITED,AMP (via Urban Reserve (AssetCo) Limited),INFINIS LIMITED,EQUIWATT LIMITED,HILDEBRAND TECHNOLOGY LIMITED,GRIDBEYOND LIMITED,OCTOPUS ENERGY LIMITED,OAKTREE POWER LIMITED,BRITISH GAS TRADING LIMITED"
19/05/2025,18:30,19:00,500,Live,0,All Providers,"CUB (UK) LTD,ENGIE POWER LIMITED,AXLE ENERGY LIMITED,GALLAGHER AGGREGATES LIMITED,AMP (via Urban Reserve (AssetCo 2) Limited),UTILITA ENERGY LIMITED,GRIDIMP LTD,PERSE TECHNOLOGY LIMITED,SSE DIGITAL SERVICES LIMITED,AMP (via Urban Reserve (AssetCo) Limited),INFINIS LIMITED,EQUIWATT LIMITED,HILDEBRAND TECHNOLOGY LIMITED,GRIDBEYOND LIMITED,OCTOPUS ENERGY LIMITED,OAKTREE POWER LIMITED,BRITISH GAS TRADING LIMITED"
19/05/2025,19:00,19:30,500,Live,0,All Providers,"CUB (UK) LTD,ENGIE POWER LIMITED,AXLE ENERGY LIMITED,GALLAGHER AGGREGATES LIMITED,AMP (via Urban Reserve (AssetCo 2) Limited),UTILITA ENERGY LIMITED,GRIDIMP LTD,PERSE TECHNOLOGY LIMITED,SSE DIGITAL SERVICES LIMITED,AMP (via Urban Reserve (AssetCo) Limited),INFINIS LIMITED,EQUIWATT LIMITED,HILDEBRAND TECHNOLOGY LIMITED,GRIDBEYOND LIMITED,OCTOPUS ENERGY LIMITED,OAKTREE POWER LIMITED,BRITISH GAS TRADING LIMITED"
19/05/2025,19:30,20:00,500,Live,0,All Providers,"CUB (UK) LTD,ENGIE POWER LIMITED,AXLE ENERGY LIMITED,GALLAGHER AGGREGATES LIMITED,AMP (via Urban Reserve (AssetCo 2) Limited),UTILITA ENERGY LIMITED,GRIDIMP LTD,PERSE TECHNOLOGY LIMITED,SSE DIGITAL SERVICES LIMITED,AMP (via Urban Reserve (AssetCo) Limited),INFINIS LIMITED,EQUIWATT LIMITED,HILDEBRAND TECHNOLOGY LIMITED,GRIDBEYOND LIMITED,OCTOPUS ENERGY LIMITED,OAKTREE POWER LIMITED,BRITISH GAS TRADING LIMITED"
19/05/2025,20:00,20:30,500,Live,0,All Providers,"CUB (UK) LTD,ENGIE POWER LIMITED,AXLE ENERGY LIMITED,GALLAGHER AGGREGATES LIMITED,AMP (via Urban Reserve (AssetCo 2) Limited),UTILITA ENERGY LIMITED,GRIDIMP LTD,PERSE TECHNOLOGY LIMITED,SSE DIGITAL SERVICES LIMITED,AMP (via Urban Reserve (AssetCo) Limited),INFINIS LIMITED,EQUIWATT LIMITED,HILDEBRAND TECHNOLOGY LIMITED,GRIDBEYOND LIMITED,OCTOPUS ENERGY LIMITED,OAKTREE POWER LIMITED,BRITISH GAS TRADING LIMITED"
19/05/2025,20:30,21:00,500,Live,0,All Providers,"CUB (UK) LTD,ENGIE POWER LIMITED,AXLE ENERGY LIMITED,GALLAGHER AGGREGATES LIMITED,AMP (via Urban Reserve (AssetCo 2) Limited),UTILITA ENERGY LIMITED,GRIDIMP LTD,PERSE TECHNOLOGY LIMITED,SSE DIGITAL SERVICES LIMITED,AMP (via Urban Reserve (AssetCo) Limited),INFINIS LIMITED,EQUIWATT LIMITED,HILDEBRAND TECHNOLOGY LIMITED,GRIDBEYOND LIMITED,OCTOPUS ENERGY LIMITED,OAKTREE POWER LIMITED,BRITISH GAS TRADING LIMITED"
16/05/2025,20:00,20:30,500,Live,0,All Providers,"CUB (UK) LTD,ENGIE POWER LIMITED,AXLE ENERGY LIMITED,GALLAGHER AGGREGATES LIMITED,AMP (via Urban Reserve (AssetCo 2) Limited),UTILITA ENERGY LIMITED,GRIDIMP LTD,PERSE TECHNOLOGY LIMITED,SSE DIGITAL SERVICES LIMITED,AMP (via Urban Reserve (AssetCo) Limited),INFINIS LIMITED,EQUIWATT LIMITED,HILDEBRAND TECHNOLOGY LIMITED,GRIDBEYOND LIMITED,OCTOPUS ENERGY LIMITED,OAKTREE POWER LIMITED,BRITISH GAS TRADING LIMITED"
16/05/2025,20:30,21:00,500,Live,0,All Providers,"CUB (UK) LTD,ENGIE POWER LIMITED,AXLE ENERGY LIMITED,GALLAGHER AGGREGATES LIMITED,AMP (via Urban Reserve (AssetCo 2) Limited),UTILITA ENERGY LIMITED,GRIDIMP LTD,PERSE TECHNOLOGY LIMITED,SSE DIGITAL SERVICES LIMITED,AMP (via Urban Reserve (AssetCo) Limited),INFINIS LIMITED,EQUIWATT LIMITED,HILDEBRAND TECHNOLOGY LIMITED,GRIDBEYOND LIMITED,OCTOPUS ENERGY LIMITED,OAKTREE POWER LIMITED,BRITISH GAS TRADING LIMITED"
16/05/2025,21:00,21:30,500,Live,0,All Providers,"CUB (UK) LTD,ENGIE POWER LIMITED,AXLE ENERGY LIMITED,GALLAGHER AGGREGATES LIMITED,AMP (via Urban Reserve (AssetCo 2) Limited),UTILITA ENERGY LIMITED,GRIDIMP LTD,PERSE TECHNOLOGY LIMITED,SSE DIGITAL SERVICES LIMITED,AMP (via Urban Reserve (AssetCo) Limited),INFINIS LIMITED,EQUIWATT LIMITED,HILDEBRAND TECHNOLOGY LIMITED,GRIDBEYOND LIMITED,OCTOPUS ENERGY LIMITED,OAKTREE POWER LIMITED,BRITISH GAS TRADING LIMITED"
16/05/2025,21:30,22:00,500,Live,0,All Providers,"CUB (UK) LTD,ENGIE POWER LIMITED,AXLE ENERGY LIMITED,GALLAGHER AGGREGATES LIMITED,AMP (via Urban Reserve (AssetCo 2) Limited),UTILITA ENERGY LIMITED,GRIDIMP LTD,PERSE TECHNOLOGY LIMITED,SSE DIGITAL SERVICES LIMITED,AMP (via Urban Reserve (AssetCo) Limited),INFINIS LIMITED,EQUIWATT LIMITED,HILDEBRAND TECHNOLOGY LIMITED,GRIDBEYOND LIMITED,OCTOPUS ENERGY LIMITED,OAKTREE POWER LIMITED,BRITISH GAS TRADING LIMITED"
16/05/2025,22:00,22:30,500,Live,0,All Providers,"CUB (UK) LTD,ENGIE POWER LIMITED,AXLE ENERGY LIMITED,GALLAGHER AGGREGATES LIMITED,AMP (via Urban Reserve (AssetCo 2) Limited),UTILITA ENERGY LIMITED,GRIDIMP LTD,PERSE TECHNOLOGY LIMITED,SSE DIGITAL SERVICES LIMITED,AMP (via Urban Reserve (AssetCo) Limited),INFINIS LIMITED,EQUIWATT LIMITED,HILDEBRAND TECHNOLOGY LIMITED,GRIDBEYOND LIMITED,OCTOPUS ENERGY LIMITED,OAKTREE POWER LIMITED,BRITISH GAS TRADING LIMITED"
16/05/2025,22:30,23:00,500,Live,0,All Providers,"CUB (UK) LTD,ENGIE POWER LIMITED,AXLE ENERGY LIMITED,GALLAGHER AGGREGATES LIMITED,AMP (via Urban Reserve (AssetCo 2) Limited),UTILITA ENERGY LIMITED,GRIDIMP LTD,PERSE TECHNOLOGY LIMITED,SSE DIGITAL SERVICES LIMITED,AMP (via Urban Reserve (AssetCo) Limited),INFINIS LIMITED,EQUIWATT LIMITED,HILDEBRAND TECHNOLOGY LIMITED,GRIDBEYOND LIMITED,OCTOPUS ENERGY LIMITED,OAKTREE POWER LIMITED,BRITISH GAS TRADING LIMITED"
15/05/2025,17:00,17:30,300,Live,0,All Providers,"CUB (UK) LTD,ENGIE POWER LIMITED,AXLE ENERGY LIMITED,GALLAGHER AGGREGATES LIMITED,AMP (via Urban Reserve (AssetCo 2) Limited),UTILITA ENERGY LIMITED,GRIDIMP LTD,PERSE TECHNOLOGY LIMITED,SSE DIGITAL SERVICES LIMITED,AMP (via Urban Reserve (AssetCo) Limited),INFINIS LIMITED,EQUIWATT LIMITED,HILDEBRAND TECHNOLOGY LIMITED,GRIDBEYOND LIMITED,OCTOPUS ENERGY LIMITED,OAKTREE POWER LIMITED,BRITISH GAS TRADING LIMITED"
15/05/2025,17:30,18:00,300,Live,0,All Providers,"CUB (UK) LTD,ENGIE POWER LIMITED,AXLE ENERGY LIMITED,GALLAGHER AGGREGATES LIMITED,AMP (via Urban Reserve (AssetCo 2) Limited),UTILITA ENERGY LIMITED,GRIDIMP LTD,PERSE TECHNOLOGY LIMITED,SSE DIGITAL SERVICES LIMITED,AMP (via Urban Reserve (AssetCo) Limited),INFINIS LIMITED,EQUIWATT LIMITED,HILDEBRAND TECHNOLOGY LIMITED,GRIDBEYOND LIMITED,OCTOPUS ENERGY LIMITED,OAKTREE POWER LIMITED,BRITISH GAS TRADING LIMITED"
15/05/2025,18:00,18:30,300,Live,0,All Providers,"CUB (UK) LTD,ENGIE POWER LIMITED,AXLE ENERGY LIMITED,GALLAGHER AGGREGATES LIMITED,AMP (via Urban Reserve (AssetCo 2) Limited),UTILITA ENERGY LIMITED,GRIDIMP LTD,PERSE TECHNOLOGY LIMITED,SSE DIGITAL SERVICES LIMITED,AMP (via Urban Reserve (AssetCo) Limited),INFINIS LIMITED,EQUIWATT LIMITED,HILDEBRAND TECHNOLOGY LIMITED,GRIDBEYOND LIMITED,OCTOPUS ENERGY LIMITED,OAKTREE POWER LIMITED,BRITISH GAS TRADING LIMITED"
15/05/2025,18:30,19:00,300,Live,0,All Providers,"CUB (UK) LTD,ENGIE POWER LIMITED,AXLE ENERGY LIMITED,GALLAGHER AGGREGATES LIMITED,AMP (via Urban Reserve (AssetCo 2) Limited),UTILITA ENERGY LIMITED,GRIDIMP LTD,PERSE TECHNOLOGY LIMITED,SSE DIGITAL SERVICES LIMITED,AMP (via Urban Reserve (AssetCo) Limited),INFINIS LIMITED,EQUIWATT LIMITED,HILDEBRAND TECHNOLOGY LIMITED,GRIDBEYOND LIMITED,OCTOPUS ENERGY LIMITED,OAKTREE POWER LIMITED,BRITISH GAS TRADING LIMITED"
15/05/2025,19:00,19:30,300,Live,0,All Providers,"CUB (UK) LTD,ENGIE POWER LIMITED,AXLE ENERGY LIMITED,GALLAGHER AGGREGATES LIMITED,AMP (via Urban Reserve (AssetCo 2) Limited),UTILITA ENERGY LIMITED,GRIDIMP LTD,PERSE TECHNOLOGY LIMITED,SSE DIGITAL SERVICES LIMITED,AMP (via Urban Reserve (AssetCo) Limited),INFINIS LIMITED,EQUIWATT LIMITED,HILDEBRAND TECHNOLOGY LIMITED,GRIDBEYOND LIMITED,OCTOPUS ENERGY LIMITED,OAKTREE POWER LIMITED,BRITISH GAS TRADING LIMITED"
15/05/2025,19:30,20:00,300,Live,0,All Providers,"CUB (UK) LTD,ENGIE POWER LIMITED,AXLE ENERGY LIMITED,GALLAGHER AGGREGATES LIMITED,AMP (via Urban Reserve (AssetCo 2) Limited),UTILITA ENERGY LIMITED,GRIDIMP LTD,PERSE TECHNOLOGY LIMITED,SSE DIGITAL SERVICES LIMITED,AMP (via Urban Reserve (AssetCo) Limited),INFINIS LIMITED,EQUIWATT LIMITED,HILDEBRAND TECHNOLOGY LIMITED,GRIDBEYOND LIMITED,OCTOPUS ENERGY LIMITED,OAKTREE POWER LIMITED,BRITISH GAS TRADING LIMITED"
11/05/2025,18:00,18:30,500,Live,0,All Providers,"CUB (UK) LTD,ENGIE POWER LIMITED,AXLE ENERGY LIMITED,GALLAGHER AGGREGATES LIMITED,AMP (via Urban Reserve (AssetCo 2) Limited),UTILITA ENERGY LIMITED,GRIDIMP LTD,PERSE TECHNOLOGY LIMITED,SSE DIGITAL SERVICES LIMITED,AMP (via Urban Reserve (AssetCo) Limited),INFINIS LIMITED,EQUIWATT LIMITED,HILDEBRAND TECHNOLOGY LIMITED,GRIDBEYOND LIMITED,OCTOPUS ENERGY LIMITED,OAKTREE POWER LIMITED,BRITISH GAS TRADING LIMITED"
11/05/2025,18:30,19:00,500,Live,0,All Providers,"CUB (UK) LTD,ENGIE POWER LIMITED,AXLE ENERGY LIMITED,GALLAGHER AGGREGATES LIMITED,AMP (via Urban Reserve (AssetCo 2) Limited),UTILITA ENERGY LIMITED,GRIDIMP LTD,PERSE TECHNOLOGY LIMITED,SSE DIGITAL SERVICES LIMITED,AMP (via Urban Reserve (AssetCo) Limited),INFINIS LIMITED,EQUIWATT LIMITED,HILDEBRAND TECHNOLOGY LIMITED,GRIDBEYOND LIMITED,OCTOPUS ENERGY LIMITED,OAKTREE POWER LIMITED,BRITISH GAS TRADING LIMITED"
11/05/2025,19:00,19:30,500,Live,0,All Providers,"CUB (UK) LTD,ENGIE POWER LIMITED,AXLE ENERGY LIMITED,GALLAGHER AGGREGATES LIMITED,AMP (via Urban Reserve (AssetCo 2) Limited),UTILITA ENERGY LIMITED,GRIDIMP LTD,PERSE TECHNOLOGY LIMITED,SSE DIGITAL SERVICES LIMITED,AMP (via Urban Reserve (AssetCo) Limited),INFINIS LIMITED,EQUIWATT LIMITED,HILDEBRAND TECHNOLOGY LIMITED,GRIDBEYOND LIMITED,OCTOPUS ENERGY LIMITED,OAKTREE POWER LIMITED,BRITISH GAS TRADING LIMITED"
11/05/2025,19:30,20:00,500,Live,0,All Providers,"CUB (UK) LTD,ENGIE POWER LIMITED,AXLE ENERGY LIMITED,GALLAGHER AGGREGATES LIMITED,AMP (via Urban Reserve (AssetCo 2) Limited),UTILITA ENERGY LIMITED,GRIDIMP LTD,PERSE TECHNOLOGY LIMITED,SSE DIGITAL SERVICES LIMITED,AMP (via Urban Reserve (AssetCo) Limited),INFINIS LIMITED,EQUIWATT LIMITED,HILDEBRAND TECHNOLOGY LIMITED,GRIDBEYOND LIMITED,OCTOPUS ENERGY LIMITED,OAKTREE POWER LIMITED,BRITISH GAS TRADING LIMITED"
11/05/2025,20:00,20:30,500,Live,0,All Providers,"CUB (UK) LTD,ENGIE POWER LIMITED,AXLE ENERGY LIMITED,GALLAGHER AGGREGATES LIMITED,AMP (via Urban Reserve (AssetCo 2) Limited),UTILITA ENERGY LIMITED,GRIDIMP LTD,PERSE TECHNOLOGY LIMITED,SSE DIGITAL SERVICES LIMITED,AMP (via Urban Reserve (AssetCo) Limited),INFINIS LIMITED,EQUIWATT LIMITED,HILDEBRAND TECHNOLOGY LIMITED,GRIDBEYOND LIMITED,OCTOPUS ENERGY LIMITED,OAKTREE POWER LIMITED,BRITISH GAS TRADING LIMITED"
11/05/2025,20:30,21:00,500,Live,0,All Providers,"CUB (UK) LTD,ENGIE POWER LIMITED,AXLE ENERGY LIMITED,GALLAGHER AGGREGATES LIMITED,AMP (via Urban Reserve (AssetCo 2) Limited),UTILITA ENERGY LIMITED,GRIDIMP LTD,PERSE TECHNOLOGY LIMITED,SSE DIGITAL SERVICES LIMITED,AMP (via Urban Reserve (AssetCo) Limited),INFINIS LIMITED,EQUIWATT LIMITED,HILDEBRAND TECHNOLOGY LIMITED,GRIDBEYOND LIMITED,OCTOPUS ENERGY LIMITED,OAKTREE POWER LIMITED,BRITISH GAS TRADING LIMITED"
10/05/2025,18:00,18:30,500,Live,0,All Providers,"CUB (UK) LTD,ENGIE POWER LIMITED,AXLE ENERGY LIMITED,GALLAGHER AGGREGATES LIMITED,AMP (via Urban Reserve (AssetCo 2) Limited),UTILITA ENERGY LIMITED,GRIDIMP LTD,PERSE TECHNOLOGY LIMITED,SSE DIGITAL SERVICES LIMITED,AMP (via Urban Reserve (AssetCo) Limited),INFINIS LIMITED,EQUIWATT LIMITED,HILDEBRAND TECHNOLOGY LIMITED,GRIDBEYOND LIMITED,OCTOPUS ENERGY LIMITED,OAKTREE POWER LIMITED,BRITISH GAS TRADING LIMITED"
10/05/2025,18:30,19:00,500,Live,0,All Providers,"CUB (UK) LTD,ENGIE POWER LIMITED,AXLE ENERGY LIMITED,GALLAGHER AGGREGATES LIMITED,AMP (via Urban Reserve (AssetCo 2) Limited),UTILITA ENERGY LIMITED,GRIDIMP LTD,PERSE TECHNOLOGY LIMITED,SSE DIGITAL SERVICES LIMITED,AMP (via Urban Reserve (AssetCo) Limited),INFINIS LIMITED,EQUIWATT LIMITED,HILDEBRAND TECHNOLOGY LIMITED,GRIDBEYOND LIMITED,OCTOPUS ENERGY LIMITED,OAKTREE POWER LIMITED,BRITISH GAS TRADING LIMITED"
10/05/2025,19:00,19:30,500,Live,0,All Providers,"CUB (UK) LTD,ENGIE POWER LIMITED,AXLE ENERGY LIMITED,GALLAGHER AGGREGATES LIMITED,AMP (via Urban Reserve (AssetCo 2) Limited),UTILITA ENERGY LIMITED,GRIDIMP LTD,PERSE TECHNOLOGY LIMITED,SSE DIGITAL SERVICES LIMITED,AMP (via Urban Reserve (AssetCo) Limited),INFINIS LIMITED,EQUIWATT LIMITED,HILDEBRAND TECHNOLOGY LIMITED,GRIDBEYOND LIMITED,OCTOPUS ENERGY LIMITED,OAKTREE POWER LIMITED,BRITISH GAS TRADING LIMITED"
10/05/2025,19:30,20:00,500,Live,0,All Providers,"CUB (UK) LTD,ENGIE POWER LIMITED,AXLE ENERGY LIMITED,GALLAGHER AGGREGATES LIMITED,AMP (via Urban Reserve (AssetCo 2) Limited),UTILITA ENERGY LIMITED,GRIDIMP LTD,PERSE TECHNOLOGY LIMITED,SSE DIGITAL SERVICES LIMITED,AMP (via Urban Reserve (AssetCo) Limited),INFINIS LIMITED,EQUIWATT LIMITED,HILDEBRAND TECHNOLOGY LIMITED,GRIDBEYOND LIMITED,OCTOPUS ENERGY LIMITED,OAKTREE POWER LIMITED,BRITISH GAS TRADING LIMITED"
10/05/2025,20:00,20:30,500,Live,0,All Providers,"CUB (UK) LTD,ENGIE POWER LIMITED,AXLE ENERGY LIMITED,GALLAGHER AGGREGATES LIMITED,AMP (via Urban Reserve (AssetCo 2) Limited),UTILITA ENERGY LIMITED,GRIDIMP LTD,PERSE TECHNOLOGY LIMITED,SSE DIGITAL SERVICES LIMITED,AMP (via Urban Reserve (AssetCo) Limited),INFINIS LIMITED,EQUIWATT LIMITED,HILDEBRAND TECHNOLOGY LIMITED,GRIDBEYOND LIMITED,OCTOPUS ENERGY LIMITED,OAKTREE POWER LIMITED,BRITISH GAS TRADING LIMITED"
10/05/2025,20:30,21:00,500,Live,0,All Providers,"CUB (UK) LTD,ENGIE POWER LIMITED,AXLE ENERGY LIMITED,GALLAGHER AGGREGATES LIMITED,AMP (via Urban Reserve (AssetCo 2) Limited),UTILITA ENERGY LIMITED,GRIDIMP LTD,PERSE TECHNOLOGY LIMITED,SSE DIGITAL SERVICES LIMITED,AMP (via Urban Reserve (AssetCo) Limited),INFINIS LIMITED,EQUIWATT LIMITED,HILDEBRAND TECHNOLOGY LIMITED,GRIDBEYOND LIMITED,OCTOPUS ENERGY LIMITED,OAKTREE POWER LIMITED,BRITISH GAS TRADING LIMITED"
09/05/2025,18:00,18:30,500,Live,0,All Providers,"CUB (UK) LTD,ENGIE POWER LIMITED,AXLE ENERGY LIMITED,GALLAGHER AGGREGATES LIMITED,AMP (via Urban Reserve (AssetCo 2) Limited),UTILITA ENERGY LIMITED,GRIDIMP LTD,PERSE TECHNOLOGY LIMITED,SSE DIGITAL SERVICES LIMITED,AMP (via Urban Reserve (AssetCo) Limited),INFINIS LIMITED,EQUIWATT LIMITED,HILDEBRAND TECHNOLOGY LIMITED,GRIDBEYOND LIMITED,OCTOPUS ENERGY LIMITED,OAKTREE POWER LIMITED,BRITISH GAS TRADING LIMITED"
09/05/2025,18:30,19:00,500,Live,0,All Providers,"CUB (UK) LTD,ENGIE POWER LIMITED,AXLE ENERGY LIMITED,GALLAGHER AGGREGATES LIMITED,AMP (via Urban Reserve (AssetCo 2) Limited),UTILITA ENERGY LIMITED,GRIDIMP LTD,PERSE TECHNOLOGY LIMITED,SSE DIGITAL SERVICES LIMITED,AMP (via Urban Reserve (AssetCo) Limited),INFINIS LIMITED,EQUIWATT LIMITED,HILDEBRAND TECHNOLOGY LIMITED,GRIDBEYOND LIMITED,OCTOPUS ENERGY LIMITED,OAKTREE POWER LIMITED,BRITISH GAS TRADING LIMITED"
09/05/2025,19:00,19:30,500,Live,0,All Providers,"CUB (UK) LTD,ENGIE POWER LIMITED,AXLE ENERGY LIMITED,GALLAGHER AGGREGATES LIMITED,AMP (via Urban Reserve (AssetCo 2) Limited),UTILITA ENERGY LIMITED,GRIDIMP LTD,PERSE TECHNOLOGY LIMITED,SSE DIGITAL SERVICES LIMITED,AMP (via Urban Reserve (AssetCo) Limited),INFINIS LIMITED,EQUIWATT LIMITED,HILDEBRAND TECHNOLOGY LIMITED,GRIDBEYOND LIMITED,OCTOPUS ENERGY LIMITED,OAKTREE POWER LIMITED,BRITISH GAS TRADING LIMITED"
09/05/2025,19:30,20:00,500,Live,0,All Providers,"CUB (UK) LTD,ENGIE POWER LIMITED,AXLE ENERGY LIMITED,GALLAGHER AGGREGATES LIMITED,AMP (via Urban Reserve (AssetCo 2) Limited),UTILITA ENERGY LIMITED,GRIDIMP LTD,PERSE TECHNOLOGY LIMITED,SSE DIGITAL SERVICES LIMITED,AMP (via Urban Reserve (AssetCo) Limited),INFINIS LIMITED,EQUIWATT LIMITED,HILDEBRAND TECHNOLOGY LIMITED,GRIDBEYOND LIMITED,OCTOPUS ENERGY LIMITED,OAKTREE POWER LIMITED,BRITISH GAS TRADING LIMITED"
09/05/2025,20:00,20:30,500,Live,0,All Providers,"CUB (UK) LTD,ENGIE POWER LIMITED,AXLE ENERGY LIMITED,GALLAGHER AGGREGATES LIMITED,AMP (via Urban Reserve (AssetCo 2) Limited),UTILITA ENERGY LIMITED,GRIDIMP LTD,PERSE TECHNOLOGY LIMITED,SSE DIGITAL SERVICES LIMITED,AMP (via Urban Reserve (AssetCo) Limited),INFINIS LIMITED,EQUIWATT LIMITED,HILDEBRAND TECHNOLOGY LIMITED,GRIDBEYOND LIMITED,OCTOPUS ENERGY LIMITED,OAKTREE POWER LIMITED,BRITISH GAS TRADING LIMITED"
09/05/2025,20:30,21:00,500,Live,0,All Providers,"CUB (UK) LTD,ENGIE POWER LIMITED,AXLE ENERGY LIMITED,GALLAGHER AGGREGATES LIMITED,AMP (via Urban Reserve (AssetCo 2) Limited),UTILITA ENERGY LIMITED,GRIDIMP LTD,PERSE TECHNOLOGY LIMITED,SSE DIGITAL SERVICES LIMITED,AMP (via Urban Reserve (AssetCo) Limited),INFINIS LIMITED,EQUIWATT LIMITED,HILDEBRAND TECHNOLOGY LIMITED,GRIDBEYOND LIMITED,OCTOPUS ENERGY LIMITED,OAKTREE POWER LIMITED,BRITISH GAS TRADING LIMITED"
08/05/2025,17:00,17:30,500,Live,0,All Providers,"CUB (UK) LTD,ENGIE POWER LIMITED,AXLE ENERGY LIMITED,GALLAGHER AGGREGATES LIMITED,AMP (via Urban Reserve (AssetCo 2) Limited),UTILITA ENERGY LIMITED,GRIDIMP LTD,PERSE TECHNOLOGY LIMITED,SSE DIGITAL SERVICES LIMITED,AMP (via Urban Reserve (AssetCo) Limited),INFINIS LIMITED,EQUIWATT LIMITED,HILDEBRAND TECHNOLOGY LIMITED,GRIDBEYOND LIMITED,OCTOPUS ENERGY LIMITED,OAKTREE POWER LIMITED,BRITISH GAS TRADING LIMITED"
08/05/2025,17:30,18:00,500,Live,0,All Providers,"CUB (UK) LTD,ENGIE POWER LIMITED,AXLE ENERGY LIMITED,GALLAGHER AGGREGATES LIMITED,AMP (via Urban Reserve (AssetCo 2) Limited),UTILITA ENERGY LIMITED,GRIDIMP LTD,PERSE TECHNOLOGY LIMITED,SSE DIGITAL SERVICES LIMITED,AMP (via Urban Reserve (AssetCo) Limited),INFINIS LIMITED,EQUIWATT LIMITED,HILDEBRAND TECHNOLOGY LIMITED,GRIDBEYOND LIMITED,OCTOPUS ENERGY LIMITED,OAKTREE POWER LIMITED,BRITISH GAS TRADING LIMITED"
08/05/2025,18:00,18:30,500,Live,0,All Providers,"CUB (UK) LTD,ENGIE POWER LIMITED,AXLE ENERGY LIMITED,GALLAGHER AGGREGATES LIMITED,AMP (via Urban Reserve (AssetCo 2) Limited),UTILITA ENERGY LIMITED,GRIDIMP LTD,PERSE TECHNOLOGY LIMITED,SSE DIGITAL SERVICES LIMITED,AMP (via Urban Reserve (AssetCo) Limited),INFINIS LIMITED,EQUIWATT LIMITED,HILDEBRAND TECHNOLOGY LIMITED,GRIDBEYOND LIMITED,OCTOPUS ENERGY LIMITED,OAKTREE POWER LIMITED,BRITISH GAS TRADING LIMITED"
08/05/2025,18:30,19:00,500,Live,0,All Providers,"CUB (UK) LTD,ENGIE POWER LIMITED,AXLE ENERGY LIMITED,GALLAGHER AGGREGATES LIMITED,AMP (via Urban Reserve (AssetCo 2) Limited),UTILITA ENERGY LIMITED,GRIDIMP LTD,PERSE TECHNOLOGY LIMITED,SSE DIGITAL SERVICES LIMITED,AMP (via Urban Reserve (AssetCo) Limited),INFINIS LIMITED,EQUIWATT LIMITED,HILDEBRAND TECHNOLOGY LIMITED,GRIDBEYOND LIMITED,OCTOPUS ENERGY LIMITED,OAKTREE POWER LIMITED,BRITISH GAS TRADING LIMITED"
08/05/2025,19:00,19:30,500,Live,0,All Providers,"CUB (UK) LTD,ENGIE POWER LIMITED,AXLE ENERGY LIMITED,GALLAGHER AGGREGATES LIMITED,AMP (via Urban Reserve (AssetCo 2) Limited),UTILITA ENERGY LIMITED,GRIDIMP LTD,PERSE TECHNOLOGY LIMITED,SSE DIGITAL SERVICES LIMITED,AMP (via Urban Reserve (AssetCo) Limited),INFINIS LIMITED,EQUIWATT LIMITED,HILDEBRAND TECHNOLOGY LIMITED,GRIDBEYOND LIMITED,OCTOPUS ENERGY LIMITED,OAKTREE POWER LIMITED,BRITISH GAS TRADING LIMITED"
08/05/2025,19:30,20:00,500,Live,0,All Providers,"CUB (UK) LTD,ENGIE POWER LIMITED,AXLE ENERGY LIMITED,GALLAGHER AGGREGATES LIMITED,AMP (via Urban Reserve (AssetCo 2) Limited),UTILITA ENERGY LIMITED,GRIDIMP LTD,PERSE TECHNOLOGY LIMITED,SSE DIGITAL SERVICES LIMITED,AMP (via Urban Reserve (AssetCo) Limited),INFINIS LIMITED,EQUIWATT LIMITED,HILDEBRAND TECHNOLOGY LIMITED,GRIDBEYOND LIMITED,OCTOPUS ENERGY LIMITED,OAKTREE POWER LIMITED,BRITISH GAS TRADING LIMITED"
08/05/2025,20:00,20:30,500,Live,0,All Providers,"CUB (UK) LTD,ENGIE POWER LIMITED,AXLE ENERGY LIMITED,GALLAGHER AGGREGATES LIMITED,AMP (via Urban Reserve (AssetCo 2) Limited),UTILITA ENERGY LIMITED,GRIDIMP LTD,PERSE TECHNOLOGY LIMITED,SSE DIGITAL SERVICES LIMITED,AMP (via Urban Reserve (AssetCo) Limited),INFINIS LIMITED,EQUIWATT LIMITED,HILDEBRAND TECHNOLOGY LIMITED,GRIDBEYOND LIMITED,OCTOPUS ENERGY LIMITED,OAKTREE POWER LIMITED,BRITISH GAS TRADING LIMITED"
08/05/2025,20:30,21:00,500,Live,0,All Providers,"CUB (UK) LTD,ENGIE POWER LIMITED,AXLE ENERGY LIMITED,GALLAGHER AGGREGATES LIMITED,AMP (via Urban Reserve (AssetCo 2) Limited),UTILITA ENERGY LIMITED,GRIDIMP LTD,PERSE TECHNOLOGY LIMITED,SSE DIGITAL SERVICES LIMITED,AMP (via Urban Reserve (AssetCo) Limited),INFINIS LIMITED,EQUIWATT LIMITED,HILDEBRAND TECHNOLOGY LIMITED,GRIDBEYOND LIMITED,OCTOPUS ENERGY LIMITED,OAKTREE POWER LIMITED,BRITISH GAS TRADING LIMITED"
07/05/2025,17:00,17:30,500,Live,0,All Providers,"CUB (UK) LTD,ENGIE POWER LIMITED,AXLE ENERGY LIMITED,GALLAGHER AGGREGATES LIMITED,AMP (via Urban Reserve (AssetCo 2) Limited),UTILITA ENERGY LIMITED,GRIDIMP LTD,PERSE TECHNOLOGY LIMITED,SSE DIGITAL SERVICES LIMITED,AMP (via Urban Reserve (AssetCo) Limited),INFINIS LIMITED,EQUIWATT LIMITED,HILDEBRAND TECHNOLOGY LIMITED,GRIDBEYOND LIMITED,OCTOPUS ENERGY LIMITED,OAKTREE POWER LIMITED,BRITISH GAS TRADING LIMITED"
07/05/2025,17:30,18:00,500,Live,0,All Providers,"CUB (UK) LTD,ENGIE POWER LIMITED,AXLE ENERGY LIMITED,GALLAGHER AGGREGATES LIMITED,AMP (via Urban Reserve (AssetCo 2) Limited),UTILITA ENERGY LIMITED,GRIDIMP LTD,PERSE TECHNOLOGY LIMITED,SSE DIGITAL SERVICES LIMITED,AMP (via Urban Reserve (AssetCo) Limited),INFINIS LIMITED,EQUIWATT LIMITED,HILDEBRAND TECHNOLOGY LIMITED,GRIDBEYOND LIMITED,OCTOPUS ENERGY LIMITED,OAKTREE POWER LIMITED,BRITISH GAS TRADING LIMITED"
07/05/2025,18:00,18:30,500,Live,0,All Providers,"CUB (UK) LTD,ENGIE POWER LIMITED,AXLE ENERGY LIMITED,GALLAGHER AGGREGATES LIMITED,AMP (via Urban Reserve (AssetCo 2) Limited),UTILITA ENERGY LIMITED,GRIDIMP LTD,PERSE TECHNOLOGY LIMITED,SSE DIGITAL SERVICES LIMITED,AMP (via Urban Reserve (AssetCo) Limited),INFINIS LIMITED,EQUIWATT LIMITED,HILDEBRAND TECHNOLOGY LIMITED,GRIDBEYOND LIMITED,OCTOPUS ENERGY LIMITED,OAKTREE POWER LIMITED,BRITISH GAS TRADING LIMITED"
07/05/2025,18:30,19:00,500,Live,0,All Providers,"CUB (UK) LTD,ENGIE POWER LIMITED,AXLE ENERGY LIMITED,GALLAGHER AGGREGATES LIMITED,AMP (via Urban Reserve (AssetCo 2) Limited),UTILITA ENERGY LIMITED,GRIDIMP LTD,PERSE TECHNOLOGY LIMITED,SSE DIGITAL SERVICES LIMITED,AMP (via Urban Reserve (AssetCo) Limited),INFINIS LIMITED,EQUIWATT LIMITED,HILDEBRAND TECHNOLOGY LIMITED,GRIDBEYOND LIMITED,OCTOPUS ENERGY LIMITED,OAKTREE POWER LIMITED,BRITISH GAS TRADING LIMITED"
07/05/2025,19:00,19:30,500,Live,0,All Providers,"CUB (UK) LTD,ENGIE POWER LIMITED,AXLE ENERGY LIMITED,GALLAGHER AGGREGATES LIMITED,AMP (via Urban Reserve (AssetCo 2) Limited),UTILITA ENERGY LIMITED,GRIDIMP LTD,PERSE TECHNOLOGY LIMITED,SSE DIGITAL SERVICES LIMITED,AMP (via Urban Reserve (AssetCo) Limited),INFINIS LIMITED,EQUIWATT LIMITED,HILDEBRAND TECHNOLOGY LIMITED,GRIDBEYOND LIMITED,OCTOPUS ENERGY LIMITED,OAKTREE POWER LIMITED,BRITISH GAS TRADING LIMITED"
07/05/2025,19:30,20:00,500,Live,0,All Providers,"CUB (UK) LTD,ENGIE POWER LIMITED,AXLE ENERGY LIMITED,GALLAGHER AGGREGATES LIMITED,AMP (via Urban Reserve (AssetCo 2) Limited),UTILITA ENERGY LIMITED,GRIDIMP LTD,PERSE TECHNOLOGY LIMITED,SSE DIGITAL SERVICES LIMITED,AMP (via Urban Reserve (AssetCo) Limited),INFINIS LIMITED,EQUIWATT LIMITED,HILDEBRAND TECHNOLOGY LIMITED,GRIDBEYOND LIMITED,OCTOPUS ENERGY LIMITED,OAKTREE POWER LIMITED,BRITISH GAS TRADING LIMITED"
07/05/2025,20:00,20:30,500,Live,0,All Providers,"CUB (UK) LTD,ENGIE POWER LIMITED,AXLE ENERGY LIMITED,GALLAGHER AGGREGATES LIMITED,AMP (via Urban Reserve (AssetCo 2) Limited),UTILITA ENERGY LIMITED,GRIDIMP LTD,PERSE TECHNOLOGY LIMITED,SSE DIGITAL SERVICES LIMITED,AMP (via Urban Reserve (AssetCo) Limited),INFINIS LIMITED,EQUIWATT LIMITED,HILDEBRAND TECHNOLOGY LIMITED,GRIDBEYOND LIMITED,OCTOPUS ENERGY LIMITED,OAKTREE POWER LIMITED,BRITISH GAS TRADING LIMITED"
07/05/2025,20:30,21:00,500,Live,0,All Providers,"CUB (UK) LTD,ENGIE POWER LIMITED,AXLE ENERGY LIMITED,GALLAGHER AGGREGATES LIMITED,AMP (via Urban Reserve (AssetCo 2) Limited),UTILITA ENERGY LIMITED,GRIDIMP LTD,PERSE TECHNOLOGY LIMITED,SSE DIGITAL SERVICES LIMITED,AMP (via Urban Reserve (AssetCo) Limited),INFINIS LIMITED,EQUIWATT LIMITED,HILDEBRAND TECHNOLOGY LIMITED,GRIDBEYOND LIMITED,OCTOPUS ENERGY LIMITED,OAKTREE POWER LIMITED,BRITISH GAS TRADING LIMITED"
07/05/2025,21:00,21:30,500,Live,0,All Providers,"CUB (UK) LTD,ENGIE POWER LIMITED,AXLE ENERGY LIMITED,GALLAGHER AGGREGATES LIMITED,AMP (via Urban Reserve (AssetCo 2) Limited),UTILITA ENERGY LIMITED,GRIDIMP LTD,PERSE TECHNOLOGY LIMITED,SSE DIGITAL SERVICES LIMITED,AMP (via Urban Reserve (AssetCo) Limited),INFINIS LIMITED,EQUIWATT LIMITED,HILDEBRAND TECHNOLOGY LIMITED,GRIDBEYOND LIMITED,OCTOPUS ENERGY LIMITED,OAKTREE POWER LIMITED,BRITISH GAS TRADING LIMITED"
07/05/2025,21:30,22:00,500,Live,0,All Providers,"CUB (UK) LTD,ENGIE POWER LIMITED,AXLE ENERGY LIMITED,GALLAGHER AGGREGATES LIMITED,AMP (via Urban Reserve (AssetCo 2) Limited),UTILITA ENERGY LIMITED,GRIDIMP LTD,PERSE TECHNOLOGY LIMITED,SSE DIGITAL SERVICES LIMITED,AMP (via Urban Reserve (AssetCo) Limited),INFINIS LIMITED,EQUIWATT LIMITED,HILDEBRAND TECHNOLOGY LIMITED,GRIDBEYOND LIMITED,OCTOPUS ENERGY LIMITED,OAKTREE POWER LIMITED,BRITISH GAS TRADING LIMITED"
06/05/2025,17:00,17:30,500,Live,0,All Providers,"CUB (UK) LTD,ENGIE POWER LIMITED,AXLE ENERGY LIMITED,GALLAGHER AGGREGATES LIMITED,AMP (via Urban Reserve (AssetCo 2) Limited),UTILITA ENERGY LIMITED,GRIDIMP LTD,PERSE TECHNOLOGY LIMITED,SSE DIGITAL SERVICES LIMITED,AMP (via Urban Reserve (AssetCo) Limited),INFINIS LIMITED,EQUIWATT LIMITED,HILDEBRAND TECHNOLOGY LIMITED,GRIDBEYOND LIMITED,OCTOPUS ENERGY LIMITED,OAKTREE POWER LIMITED,BRITISH GAS TRADING LIMITED"
06/05/2025,17:30,18:00,500,Live,0,All Providers,"CUB (UK) LTD,ENGIE POWER LIMITED,AXLE ENERGY LIMITED,GALLAGHER AGGREGATES LIMITED,AMP (via Urban Reserve (AssetCo 2) Limited),UTILITA ENERGY LIMITED,GRIDIMP LTD,PERSE TECHNOLOGY LIMITED,SSE DIGITAL SERVICES LIMITED,AMP (via Urban Reserve (AssetCo) Limited),INFINIS LIMITED,EQUIWATT LIMITED,HILDEBRAND TECHNOLOGY LIMITED,GRIDBEYOND LIMITED,OCTOPUS ENERGY LIMITED,OAKTREE POWER LIMITED,BRITISH GAS TRADING LIMITED"
06/05/2025,18:00,18:30,500,Live,0,All Providers,"CUB (UK) LTD,ENGIE POWER LIMITED,AXLE ENERGY LIMITED,GALLAGHER AGGREGATES LIMITED,AMP (via Urban Reserve (AssetCo 2) Limited),UTILITA ENERGY LIMITED,GRIDIMP LTD,PERSE TECHNOLOGY LIMITED,SSE DIGITAL SERVICES LIMITED,AMP (via Urban Reserve (AssetCo) Limited),INFINIS LIMITED,EQUIWATT LIMITED,HILDEBRAND TECHNOLOGY LIMITED,GRIDBEYOND LIMITED,OCTOPUS ENERGY LIMITED,OAKTREE POWER LIMITED,BRITISH GAS TRADING LIMITED"
06/05/2025,18:30,19:00,500,Live,0,All Providers,"CUB (UK) LTD,ENGIE POWER LIMITED,AXLE ENERGY LIMITED,GALLAGHER AGGREGATES LIMITED,AMP (via Urban Reserve (AssetCo 2) Limited),UTILITA ENERGY LIMITED,GRIDIMP LTD,PERSE TECHNOLOGY LIMITED,SSE DIGITAL SERVICES LIMITED,AMP (via Urban Reserve (AssetCo) Limited),INFINIS LIMITED,EQUIWATT LIMITED,HILDEBRAND TECHNOLOGY LIMITED,GRIDBEYOND LIMITED,OCTOPUS ENERGY LIMITED,OAKTREE POWER LIMITED,BRITISH GAS TRADING LIMITED"
06/05/2025,19:00,19:30,500,Live,0,All Providers,"CUB (UK) LTD,ENGIE POWER LIMITED,AXLE ENERGY LIMITED,GALLAGHER AGGREGATES LIMITED,AMP (via Urban Reserve (AssetCo 2) Limited),UTILITA ENERGY LIMITED,GRIDIMP LTD,PERSE TECHNOLOGY LIMITED,SSE DIGITAL SERVICES LIMITED,AMP (via Urban Reserve (AssetCo) Limited),INFINIS LIMITED,EQUIWATT LIMITED,HILDEBRAND TECHNOLOGY LIMITED,GRIDBEYOND LIMITED,OCTOPUS ENERGY LIMITED,OAKTREE POWER LIMITED,BRITISH GAS TRADING LIMITED"
06/05/2025,19:30,20:00,500,Live,0,All Providers,"CUB (UK) LTD,ENGIE POWER LIMITED,AXLE ENERGY LIMITED,GALLAGHER AGGREGATES LIMITED,AMP (via Urban Reserve (AssetCo 2) Limited),UTILITA ENERGY LIMITED,GRIDIMP LTD,PERSE TECHNOLOGY LIMITED,SSE DIGITAL SERVICES LIMITED,AMP (via Urban Reserve (AssetCo) Limited),INFINIS LIMITED,EQUIWATT LIMITED,HILDEBRAND TECHNOLOGY LIMITED,GRIDBEYOND LIMITED,OCTOPUS ENERGY LIMITED,OAKTREE POWER LIMITED,BRITISH GAS TRADING LIMITED"
06/05/2025,20:00,20:30,500,Live,0,All Providers,"CUB (UK) LTD,ENGIE POWER LIMITED,AXLE ENERGY LIMITED,GALLAGHER AGGREGATES LIMITED,AMP (via Urban Reserve (AssetCo 2) Limited),UTILITA ENERGY LIMITED,GRIDIMP LTD,PERSE TECHNOLOGY LIMITED,SSE DIGITAL SERVICES LIMITED,AMP (via Urban Reserve (AssetCo) Limited),INFINIS LIMITED,EQUIWATT LIMITED,HILDEBRAND TECHNOLOGY LIMITED,GRIDBEYOND LIMITED,OCTOPUS ENERGY LIMITED,OAKTREE POWER LIMITED,BRITISH GAS TRADING LIMITED"
06/05/2025,20:30,21:00,500,Live,0,All Providers,"CUB (UK) LTD,ENGIE POWER LIMITED,AXLE ENERGY LIMITED,GALLAGHER AGGREGATES LIMITED,AMP (via Urban Reserve (AssetCo 2) Limited),UTILITA ENERGY LIMITED,GRIDIMP LTD,PERSE TECHNOLOGY LIMITED,SSE DIGITAL SERVICES LIMITED,AMP (via Urban Reserve (AssetCo) Limited),INFINIS LIMITED,EQUIWATT LIMITED,HILDEBRAND TECHNOLOGY LIMITED,GRIDBEYOND LIMITED,OCTOPUS ENERGY LIMITED,OAKTREE POWER LIMITED,BRITISH GAS TRADING LIMITED"
29/04/2025,18:00,18:30,500,Live,0,All Providers,"CUB (UK) LTD,ENGIE POWER LIMITED,AXLE ENERGY LIMITED,GALLAGHER AGGREGATES LIMITED,AMP (via Urban Reserve (AssetCo 2) Limited),UTILITA ENERGY LIMITED,GRIDIMP LTD,PERSE TECHNOLOGY LIMITED,SSE DIGITAL SERVICES LIMITED,AMP (via Urban Reserve (AssetCo) Limited),INFINIS LIMITED,EQUIWATT LIMITED,HILDEBRAND TECHNOLOGY LIMITED,GRIDBEYOND LIMITED,OCTOPUS ENERGY LIMITED,OAKTREE POWER LIMITED,BRITISH GAS TRADING LIMITED"
29/04/2025,18:30,19:00,500,Live,0,All Providers,"CUB (UK) LTD,ENGIE POWER LIMITED,AXLE ENERGY LIMITED,GALLAGHER AGGREGATES LIMITED,AMP (via Urban Reserve (AssetCo 2) Limited),UTILITA ENERGY LIMITED,GRIDIMP LTD,PERSE TECHNOLOGY LIMITED,SSE DIGITAL SERVICES LIMITED,AMP (via Urban Reserve (AssetCo) Limited),INFINIS LIMITED,EQUIWATT LIMITED,HILDEBRAND TECHNOLOGY LIMITED,GRIDBEYOND LIMITED,OCTOPUS ENERGY LIMITED,OAKTREE POWER LIMITED,BRITISH GAS TRADING LIMITED"
29/04/2025,19:00,19:30,500,Live,0,All Providers,"CUB (UK) LTD,ENGIE POWER LIMITED,AXLE ENERGY LIMITED,GALLAGHER AGGREGATES LIMITED,AMP (via Urban Reserve (AssetCo 2) Limited),UTILITA ENERGY LIMITED,GRIDIMP LTD,PERSE TECHNOLOGY LIMITED,SSE DIGITAL SERVICES LIMITED,AMP (via Urban Reserve (AssetCo) Limited),INFINIS LIMITED,EQUIWATT LIMITED,HILDEBRAND TECHNOLOGY LIMITED,GRIDBEYOND LIMITED,OCTOPUS ENERGY LIMITED,OAKTREE POWER LIMITED,BRITISH GAS TRADING LIMITED"
29/04/2025,19:30,20:00,500,Live,0,All Providers,"CUB (UK) LTD,ENGIE POWER LIMITED,AXLE ENERGY LIMITED,GALLAGHER AGGREGATES LIMITED,AMP (via Urban Reserve (AssetCo 2) Limited),UTILITA ENERGY LIMITED,GRIDIMP LTD,PERSE TECHNOLOGY LIMITED,SSE DIGITAL SERVICES LIMITED,AMP (via Urban Reserve (AssetCo) Limited),INFINIS LIMITED,EQUIWATT LIMITED,HILDEBRAND TECHNOLOGY LIMITED,GRIDBEYOND LIMITED,OCTOPUS ENERGY LIMITED,OAKTREE POWER LIMITED,BRITISH GAS TRADING LIMITED"
28/04/2025,17:00,17:30,500,Live,0,All Providers,"CUB (UK) LTD,ENGIE POWER LIMITED,AXLE ENERGY LIMITED,GALLAGHER AGGREGATES LIMITED,AMP (via Urban Reserve (AssetCo 2) Limited),UTILITA ENERGY LIMITED,GRIDIMP LTD,PERSE TECHNOLOGY LIMITED,SSE DIGITAL SERVICES LIMITED,AMP (via Urban Reserve (AssetCo) Limited),INFINIS LIMITED,EQUIWATT LIMITED,HILDEBRAND TECHNOLOGY LIMITED,GRIDBEYOND LIMITED,OCTOPUS ENERGY LIMITED,OAKTREE POWER LIMITED,BRITISH GAS TRADING LIMITED"
28/04/2025,17:30,18:00,500,Live,0,All Providers,"CUB (UK) LTD,ENGIE POWER LIMITED,AXLE ENERGY LIMITED,GALLAGHER AGGREGATES LIMITED,AMP (via Urban Reserve (AssetCo 2) Limited),UTILITA ENERGY LIMITED,GRIDIMP LTD,PERSE TECHNOLOGY LIMITED,SSE DIGITAL SERVICES LIMITED,AMP (via Urban Reserve (AssetCo) Limited),INFINIS LIMITED,EQUIWATT LIMITED,HILDEBRAND TECHNOLOGY LIMITED,GRIDBEYOND LIMITED,OCTOPUS ENERGY LIMITED,OAKTREE POWER LIMITED,BRITISH GAS TRADING LIMITED"
28/04/2025,18:00,18:30,500,Live,0,All Providers,"CUB (UK) LTD,ENGIE POWER LIMITED,AXLE ENERGY LIMITED,GALLAGHER AGGREGATES LIMITED,AMP (via Urban Reserve (AssetCo 2) Limited),UTILITA ENERGY LIMITED,GRIDIMP LTD,PERSE TECHNOLOGY LIMITED,SSE DIGITAL SERVICES LIMITED,AMP (via Urban Reserve (AssetCo) Limited),INFINIS LIMITED,EQUIWATT LIMITED,HILDEBRAND TECHNOLOGY LIMITED,GRIDBEYOND LIMITED,OCTOPUS ENERGY LIMITED,OAKTREE POWER LIMITED,BRITISH GAS TRADING LIMITED"
28/04/2025,18:30,19:00,500,Live,0,All Providers,"CUB (UK) LTD,ENGIE POWER LIMITED,AXLE ENERGY LIMITED,GALLAGHER AGGREGATES LIMITED,AMP (via Urban Reserve (AssetCo 2) Limited),UTILITA ENERGY LIMITED,GRIDIMP LTD,PERSE TECHNOLOGY LIMITED,SSE DIGITAL SERVICES LIMITED,AMP (via Urban Reserve (AssetCo) Limited),INFINIS LIMITED,EQUIWATT LIMITED,HILDEBRAND TECHNOLOGY LIMITED,GRIDBEYOND LIMITED,OCTOPUS ENERGY LIMITED,OAKTREE POWER LIMITED,BRITISH GAS TRADING LIMITED"
23/04/2025,18:00,18:30,500,Live,0,All Providers,"CUB (UK) LTD,ENGIE POWER LIMITED,AXLE ENERGY LIMITED,GALLAGHER AGGREGATES LIMITED,AMP (via Urban Reserve (AssetCo 2) Limited),UTILITA ENERGY LIMITED,GRIDIMP LTD,PERSE TECHNOLOGY LIMITED,SSE DIGITAL SERVICES LIMITED,AMP (via Urban Reserve (AssetCo) Limited),INFINIS LIMITED,EQUIWATT LIMITED,HILDEBRAND TECHNOLOGY LIMITED,GRIDBEYOND LIMITED,OCTOPUS ENERGY LIMITED,OAKTREE POWER LIMITED,BRITISH GAS TRADING LIMITED"
23/04/2025,18:30,19:00,500,Live,0,All Providers,"CUB (UK) LTD,ENGIE POWER LIMITED,AXLE ENERGY LIMITED,GALLAGHER AGGREGATES LIMITED,AMP (via Urban Reserve (AssetCo 2) Limited),UTILITA ENERGY LIMITED,GRIDIMP LTD,PERSE TECHNOLOGY LIMITED,SSE DIGITAL SERVICES LIMITED,AMP (via Urban Reserve (AssetCo) Limited),INFINIS LIMITED,EQUIWATT LIMITED,HILDEBRAND TECHNOLOGY LIMITED,GRIDBEYOND LIMITED,OCTOPUS ENERGY LIMITED,OAKTREE POWER LIMITED,BRITISH GAS TRADING LIMITED"
23/04/2025,19:00,19:30,500,Live,0,All Providers,"CUB (UK) LTD,ENGIE POWER LIMITED,AXLE ENERGY LIMITED,GALLAGHER AGGREGATES LIMITED,AMP (via Urban Reserve (AssetCo 2) Limited),UTILITA ENERGY LIMITED,GRIDIMP LTD,PERSE TECHNOLOGY LIMITED,SSE DIGITAL SERVICES LIMITED,AMP (via Urban Reserve (AssetCo) Limited),INFINIS LIMITED,EQUIWATT LIMITED,HILDEBRAND TECHNOLOGY LIMITED,GRIDBEYOND LIMITED,OCTOPUS ENERGY LIMITED,OAKTREE POWER LIMITED,BRITISH GAS TRADING LIMITED"
23/04/2025,19:30,20:00,500,Live,0,All Providers,"CUB (UK) LTD,ENGIE POWER LIMITED,AXLE ENERGY LIMITED,GALLAGHER AGGREGATES LIMITED,AMP (via Urban Reserve (AssetCo 2) Limited),UTILITA ENERGY LIMITED,GRIDIMP LTD,PERSE TECHNOLOGY LIMITED,SSE DIGITAL SERVICES LIMITED,AMP (via Urban Reserve (AssetCo) Limited),INFINIS LIMITED,EQUIWATT LIMITED,HILDEBRAND TECHNOLOGY LIMITED,GRIDBEYOND LIMITED,OCTOPUS ENERGY LIMITED,OAKTREE POWER LIMITED,BRITISH GAS TRADING LIMITED"
22/04/2025,18:00,18:30,500,Live,0,All Providers,"CUB (UK) LTD,ENGIE POWER LIMITED,AXLE ENERGY LIMITED,GALLAGHER AGGREGATES LIMITED,AMP (via Urban Reserve (AssetCo 2) Limited),UTILITA ENERGY LIMITED,GRIDIMP LTD,PERSE TECHNOLOGY LIMITED,SSE DIGITAL SERVICES LIMITED,AMP (via Urban Reserve (AssetCo) Limited),INFINIS LIMITED,EQUIWATT LIMITED,HILDEBRAND TECHNOLOGY LIMITED,GRIDBEYOND LIMITED,OCTOPUS ENERGY LIMITED,OAKTREE POWER LIMITED,BRITISH GAS TRADING LIMITED"
22/04/2025,18:30,19:00,500,Live,0,All Providers,"CUB (UK) LTD,ENGIE POWER LIMITED,AXLE ENERGY LIMITED,GALLAGHER AGGREGATES LIMITED,AMP (via Urban Reserve (AssetCo 2) Limited),UTILITA ENERGY LIMITED,GRIDIMP LTD,PERSE TECHNOLOGY LIMITED,SSE DIGITAL SERVICES LIMITED,AMP (via Urban Reserve (AssetCo) Limited),INFINIS LIMITED,EQUIWATT LIMITED,HILDEBRAND TECHNOLOGY LIMITED,GRIDBEYOND LIMITED,OCTOPUS ENERGY LIMITED,OAKTREE POWER LIMITED,BRITISH GAS TRADING LIMITED"
22/04/2025,19:00,19:30,500,Live,0,All Providers,"CUB (UK) LTD,ENGIE POWER LIMITED,AXLE ENERGY LIMITED,GALLAGHER AGGREGATES LIMITED,AMP (via Urban Reserve (AssetCo 2) Limited),UTILITA ENERGY LIMITED,GRIDIMP LTD,PERSE TECHNOLOGY LIMITED,SSE DIGITAL SERVICES LIMITED,AMP (via Urban Reserve (AssetCo) Limited),INFINIS LIMITED,EQUIWATT LIMITED,HILDEBRAND TECHNOLOGY LIMITED,GRIDBEYOND LIMITED,OCTOPUS ENERGY LIMITED,OAKTREE POWER LIMITED,BRITISH GAS TRADING LIMITED"
22/04/2025,19:30,20:00,500,Live,0,All Providers,"CUB (UK) LTD,ENGIE POWER LIMITED,AXLE ENERGY LIMITED,GALLAGHER AGGREGATES LIMITED,AMP (via Urban Reserve (AssetCo 2) Limited),UTILITA ENERGY LIMITED,GRIDIMP LTD,PERSE TECHNOLOGY LIMITED,SSE DIGITAL SERVICES LIMITED,AMP (via Urban Reserve (AssetCo) Limited),INFINIS LIMITED,EQUIWATT LIMITED,HILDEBRAND TECHNOLOGY LIMITED,GRIDBEYOND LIMITED,OCTOPUS ENERGY LIMITED,OAKTREE POWER LIMITED,BRITISH GAS TRADING LIMITED"
18/04/2025,19:00,19:30,500,Live,0,All Providers,"CUB (UK) LTD,ENGIE POWER LIMITED,AXLE ENERGY LIMITED,GALLAGHER AGGREGATES LIMITED,AMP (via Urban Reserve (AssetCo 2) Limited),UTILITA ENERGY LIMITED,GRIDIMP LTD,PERSE TECHNOLOGY LIMITED,SSE DIGITAL SERVICES LIMITED,AMP (via Urban Reserve (AssetCo) Limited),INFINIS LIMITED,EQUIWATT LIMITED,HILDEBRAND TECHNOLOGY LIMITED,GRIDBEYOND LIMITED,OCTOPUS ENERGY LIMITED,OAKTREE POWER LIMITED,BRITISH GAS TRADING LIMITED"
18/04/2025,19:30,20:00,500,Live,0,All Providers,"CUB (UK) LTD,ENGIE POWER LIMITED,AXLE ENERGY LIMITED,GALLAGHER AGGREGATES LIMITED,AMP (via Urban Reserve (AssetCo 2) Limited),UTILITA ENERGY LIMITED,GRIDIMP LTD,PERSE TECHNOLOGY LIMITED,SSE DIGITAL SERVICES LIMITED,AMP (via Urban Reserve (AssetCo) Limited),INFINIS LIMITED,EQUIWATT LIMITED,HILDEBRAND TECHNOLOGY LIMITED,GRIDBEYOND LIMITED,OCTOPUS ENERGY LIMITED,OAKTREE POWER LIMITED,BRITISH GAS TRADING LIMITED"
18/04/2025,20:00,20:30,500,Live,0,All Providers,"CUB (UK) LTD,ENGIE POWER LIMITED,AXLE ENERGY LIMITED,GALLAGHER AGGREGATES LIMITED,AMP (via Urban Reserve (AssetCo 2) Limited),UTILITA ENERGY LIMITED,GRIDIMP LTD,PERSE TECHNOLOGY LIMITED,SSE DIGITAL SERVICES LIMITED,AMP (via Urban Reserve (AssetCo) Limited),INFINIS LIMITED,EQUIWATT LIMITED,HILDEBRAND TECHNOLOGY LIMITED,GRIDBEYOND LIMITED,OCTOPUS ENERGY LIMITED,OAKTREE POWER LIMITED,BRITISH GAS TRADING LIMITED"
18/04/2025,20:30,21:00,500,Live,0,All Providers,"CUB (UK) LTD,ENGIE POWER LIMITED,AXLE ENERGY LIMITED,GALLAGHER AGGREGATES LIMITED,AMP (via Urban Reserve (AssetCo 2) Limited),UTILITA ENERGY LIMITED,GRIDIMP LTD,PERSE TECHNOLOGY LIMITED,SSE DIGITAL SERVICES LIMITED,AMP (via Urban Reserve (AssetCo) Limited),INFINIS LIMITED,EQUIWATT LIMITED,HILDEBRAND TECHNOLOGY LIMITED,GRIDBEYOND LIMITED,OCTOPUS ENERGY LIMITED,OAKTREE POWER LIMITED,BRITISH GAS TRADING LIMITED"
18/04/2025,21:00,21:30,500,Live,0,All Providers,"CUB (UK) LTD,ENGIE POWER LIMITED,AXLE ENERGY LIMITED,GALLAGHER AGGREGATES LIMITED,AMP (via Urban Reserve (AssetCo 2) Limited),UTILITA ENERGY LIMITED,GRIDIMP LTD,PERSE TECHNOLOGY LIMITED,SSE DIGITAL SERVICES LIMITED,AMP (via Urban Reserve (AssetCo) Limited),INFINIS LIMITED,EQUIWATT LIMITED,HILDEBRAND TECHNOLOGY LIMITED,GRIDBEYOND LIMITED,OCTOPUS ENERGY LIMITED,OAKTREE POWER LIMITED,BRITISH GAS TRADING LIMITED"
18/04/2025,21:30,22:00,500,Live,0,All Providers,"CUB (UK) LTD,ENGIE POWER LIMITED,AXLE ENERGY LIMITED,GALLAGHER AGGREGATES LIMITED,AMP (via Urban Reserve (AssetCo 2) Limited),UTILITA ENERGY LIMITED,GRIDIMP LTD,PERSE TECHNOLOGY LIMITED,SSE DIGITAL SERVICES LIMITED,AMP (via Urban Reserve (AssetCo) Limited),INFINIS LIMITED,EQUIWATT LIMITED,HILDEBRAND TECHNOLOGY LIMITED,GRIDBEYOND LIMITED,OCTOPUS ENERGY LIMITED,OAKTREE POWER LIMITED,BRITISH GAS TRADING LIMITED"
16/04/2025,19:00,19:30,500,Live,0,All Providers,"CUB (UK) LTD,ENGIE POWER LIMITED,AXLE ENERGY LIMITED,GALLAGHER AGGREGATES LIMITED,AMP (via Urban Reserve (AssetCo 2) Limited),UTILITA ENERGY LIMITED,GRIDIMP LTD,PERSE TECHNOLOGY LIMITED,SSE DIGITAL SERVICES LIMITED,AMP (via Urban Reserve (AssetCo) Limited),INFINIS LIMITED,EQUIWATT LIMITED,HILDEBRAND TECHNOLOGY LIMITED,GRIDBEYOND LIMITED,OCTOPUS ENERGY LIMITED,OAKTREE POWER LIMITED,BRITISH GAS TRADING LIMITED"
16/04/2025,19:30,20:00,500,Live,0,All Providers,"CUB (UK) LTD,ENGIE POWER LIMITED,AXLE ENERGY LIMITED,GALLAGHER AGGREGATES LIMITED,AMP (via Urban Reserve (AssetCo 2) Limited),UTILITA ENERGY LIMITED,GRIDIMP LTD,PERSE TECHNOLOGY LIMITED,SSE DIGITAL SERVICES LIMITED,AMP (via Urban Reserve (AssetCo) Limited),INFINIS LIMITED,EQUIWATT LIMITED,HILDEBRAND TECHNOLOGY LIMITED,GRIDBEYOND LIMITED,OCTOPUS ENERGY LIMITED,OAKTREE POWER LIMITED,BRITISH GAS TRADING LIMITED"
16/04/2025,21:00,21:30,500,Live,0,All Providers,"CUB (UK) LTD,ENGIE POWER LIMITED,AXLE ENERGY LIMITED,GALLAGHER AGGREGATES LIMITED,AMP (via Urban Reserve (AssetCo 2) Limited),UTILITA ENERGY LIMITED,GRIDIMP LTD,PERSE TECHNOLOGY LIMITED,SSE DIGITAL SERVICES LIMITED,AMP (via Urban Reserve (AssetCo) Limited),INFINIS LIMITED,EQUIWATT LIMITED,HILDEBRAND TECHNOLOGY LIMITED,GRIDBEYOND LIMITED,OCTOPUS ENERGY LIMITED,OAKTREE POWER LIMITED,BRITISH GAS TRADING LIMITED"
16/04/2025,21:30,22:00,500,Live,0,All Providers,"CUB (UK) LTD,ENGIE POWER LIMITED,AXLE ENERGY LIMITED,GALLAGHER AGGREGATES LIMITED,AMP (via Urban Reserve (AssetCo 2) Limited),UTILITA ENERGY LIMITED,GRIDIMP LTD,PERSE TECHNOLOGY LIMITED,SSE DIGITAL SERVICES LIMITED,AMP (via Urban Reserve (AssetCo) Limited),INFINIS LIMITED,EQUIWATT LIMITED,HILDEBRAND TECHNOLOGY LIMITED,GRIDBEYOND LIMITED,OCTOPUS ENERGY LIMITED,OAKTREE POWER LIMITED,BRITISH GAS TRADING LIMITED"
15/04/2025,17:00,17:30,500,Live,0,All Providers,"CUB (UK) LTD,ENGIE POWER LIMITED,AXLE ENERGY LIMITED,GALLAGHER AGGREGATES LIMITED,AMP (via Urban Reserve (AssetCo 2) Limited),UTILITA ENERGY LIMITED,GRIDIMP LTD,PERSE TECHNOLOGY LIMITED,SSE DIGITAL SERVICES LIMITED,AMP (via Urban Reserve (AssetCo) Limited),INFINIS LIMITED,EQUIWATT LIMITED,HILDEBRAND TECHNOLOGY LIMITED,GRIDBEYOND LIMITED,OCTOPUS ENERGY LIMITED,OAKTREE POWER LIMITED,BRITISH GAS TRADING LIMITED"
15/04/2025,17:30,18:00,500,Live,0,All Providers,"CUB (UK) LTD,ENGIE POWER LIMITED,AXLE ENERGY LIMITED,GALLAGHER AGGREGATES LIMITED,AMP (via Urban Reserve (AssetCo 2) Limited),UTILITA ENERGY LIMITED,GRIDIMP LTD,PERSE TECHNOLOGY LIMITED,SSE DIGITAL SERVICES LIMITED,AMP (via Urban Reserve (AssetCo) Limited),INFINIS LIMITED,EQUIWATT LIMITED,HILDEBRAND TECHNOLOGY LIMITED,GRIDBEYOND LIMITED,OCTOPUS ENERGY LIMITED,OAKTREE POWER LIMITED,BRITISH GAS TRADING LIMITED"
15/04/2025,18:00,18:30,500,Live,0,All Providers,"CUB (UK) LTD,ENGIE POWER LIMITED,AXLE ENERGY LIMITED,GALLAGHER AGGREGATES LIMITED,AMP (via Urban Reserve (AssetCo 2) Limited),UTILITA ENERGY LIMITED,GRIDIMP LTD,PERSE TECHNOLOGY LIMITED,SSE DIGITAL SERVICES LIMITED,AMP (via Urban Reserve (AssetCo) Limited),INFINIS LIMITED,EQUIWATT LIMITED,HILDEBRAND TECHNOLOGY LIMITED,GRIDBEYOND LIMITED,OCTOPUS ENERGY LIMITED,OAKTREE POWER LIMITED,BRITISH GAS TRADING LIMITED"
15/04/2025,18:30,19:00,500,Live,0,All Providers,"CUB (UK) LTD,ENGIE POWER LIMITED,AXLE ENERGY LIMITED,GALLAGHER AGGREGATES LIMITED,AMP (via Urban Reserve (AssetCo 2) Limited),UTILITA ENERGY LIMITED,GRIDIMP LTD,PERSE TECHNOLOGY LIMITED,SSE DIGITAL SERVICES LIMITED,AMP (via Urban Reserve (AssetCo) Limited),INFINIS LIMITED,EQUIWATT LIMITED,HILDEBRAND TECHNOLOGY LIMITED,GRIDBEYOND LIMITED,OCTOPUS ENERGY LIMITED,OAKTREE POWER LIMITED,BRITISH GAS TRADING LIMITED"
15/04/2025,19:00,19:30,500,Live,0,All Providers,"CUB (UK) LTD,ENGIE POWER LIMITED,AXLE ENERGY LIMITED,GALLAGHER AGGREGATES LIMITED,AMP (via Urban Reserve (AssetCo 2) Limited),UTILITA ENERGY LIMITED,GRIDIMP LTD,PERSE TECHNOLOGY LIMITED,SSE DIGITAL SERVICES LIMITED,AMP (via Urban Reserve (AssetCo) Limited),INFINIS LIMITED,EQUIWATT LIMITED,HILDEBRAND TECHNOLOGY LIMITED,GRIDBEYOND LIMITED,OCTOPUS ENERGY LIMITED,OAKTREE POWER LIMITED,BRITISH GAS TRADING LIMITED"
15/04/2025,19:30,20:00,500,Live,0,All Providers,"CUB (UK) LTD,ENGIE POWER LIMITED,AXLE ENERGY LIMITED,GALLAGHER AGGREGATES LIMITED,AMP (via Urban Reserve (AssetCo 2) Limited),UTILITA ENERGY LIMITED,GRIDIMP LTD,PERSE TECHNOLOGY LIMITED,SSE DIGITAL SERVICES LIMITED,AMP (via Urban Reserve (AssetCo) Limited),INFINIS LIMITED,EQUIWATT LIMITED,HILDEBRAND TECHNOLOGY LIMITED,GRIDBEYOND LIMITED,OCTOPUS ENERGY LIMITED,OAKTREE POWER LIMITED,BRITISH GAS TRADING LIMITED"
15/04/2025,20:00,20:30,500,Live,0,All Providers,"CUB (UK) LTD,ENGIE POWER LIMITED,AXLE ENERGY LIMITED,GALLAGHER AGGREGATES LIMITED,AMP (via Urban Reserve (AssetCo 2) Limited),UTILITA ENERGY LIMITED,GRIDIMP LTD,PERSE TECHNOLOGY LIMITED,SSE DIGITAL SERVICES LIMITED,AMP (via Urban Reserve (AssetCo) Limited),INFINIS LIMITED,EQUIWATT LIMITED,HILDEBRAND TECHNOLOGY LIMITED,GRIDBEYOND LIMITED,OCTOPUS ENERGY LIMITED,OAKTREE POWER LIMITED,BRITISH GAS TRADING LIMITED"
15/04/2025,20:30,21:00,500,Live,0,All Providers,"CUB (UK) LTD,ENGIE POWER LIMITED,AXLE ENERGY LIMITED,GALLAGHER AGGREGATES LIMITED,AMP (via Urban Reserve (AssetCo 2) Limited),UTILITA ENERGY LIMITED,GRIDIMP LTD,PERSE TECHNOLOGY LIMITED,SSE DIGITAL SERVICES LIMITED,AMP (via Urban Reserve (AssetCo) Limited),INFINIS LIMITED,EQUIWATT LIMITED,HILDEBRAND TECHNOLOGY LIMITED,GRIDBEYOND LIMITED,OCTOPUS ENERGY LIMITED,OAKTREE POWER LIMITED,BRITISH GAS TRADING LIMITED"
14/04/2025,17:00,17:30,500,Live,0,All Providers,"CUB (UK) LTD,ENGIE POWER LIMITED,AXLE ENERGY LIMITED,GALLAGHER AGGREGATES LIMITED,AMP (via Urban Reserve (AssetCo 2) Limited),UTILITA ENERGY LIMITED,GRIDIMP LTD,PERSE TECHNOLOGY LIMITED,SSE DIGITAL SERVICES LIMITED,AMP (via Urban Reserve (AssetCo) Limited),INFINIS LIMITED,EQUIWATT LIMITED,HILDEBRAND TECHNOLOGY LIMITED,GRIDBEYOND LIMITED,OCTOPUS ENERGY LIMITED,OAKTREE POWER LIMITED,BRITISH GAS TRADING LIMITED"
14/04/2025,17:30,18:00,500,Live,0,All Providers,"CUB (UK) LTD,ENGIE POWER LIMITED,AXLE ENERGY LIMITED,GALLAGHER AGGREGATES LIMITED,AMP (via Urban Reserve (AssetCo 2) Limited),UTILITA ENERGY LIMITED,GRIDIMP LTD,PERSE TECHNOLOGY LIMITED,SSE DIGITAL SERVICES LIMITED,AMP (via Urban Reserve (AssetCo) Limited),INFINIS LIMITED,EQUIWATT LIMITED,HILDEBRAND TECHNOLOGY LIMITED,GRIDBEYOND LIMITED,OCTOPUS ENERGY LIMITED,OAKTREE POWER LIMITED,BRITISH GAS TRADING LIMITED"
14/04/2025,18:00,18:30,500,Live,0,All Providers,"CUB (UK) LTD,ENGIE POWER LIMITED,AXLE ENERGY LIMITED,GALLAGHER AGGREGATES LIMITED,AMP (via Urban Reserve (AssetCo 2) Limited),UTILITA ENERGY LIMITED,GRIDIMP LTD,PERSE TECHNOLOGY LIMITED,SSE DIGITAL SERVICES LIMITED,AMP (via Urban Reserve (AssetCo) Limited),INFINIS LIMITED,EQUIWATT LIMITED,HILDEBRAND TECHNOLOGY LIMITED,GRIDBEYOND LIMITED,OCTOPUS ENERGY LIMITED,OAKTREE POWER LIMITED,BRITISH GAS TRADING LIMITED"
14/04/2025,18:30,19:00,500,Live,0,All Providers,"CUB (UK) LTD,ENGIE POWER LIMITED,AXLE ENERGY LIMITED,GALLAGHER AGGREGATES LIMITED,AMP (via Urban Reserve (AssetCo 2) Limited),UTILITA ENERGY LIMITED,GRIDIMP LTD,PERSE TECHNOLOGY LIMITED,SSE DIGITAL SERVICES LIMITED,AMP (via Urban Reserve (AssetCo) Limited),INFINIS LIMITED,EQUIWATT LIMITED,HILDEBRAND TECHNOLOGY LIMITED,GRIDBEYOND LIMITED,OCTOPUS ENERGY LIMITED,OAKTREE POWER LIMITED,BRITISH GAS TRADING LIMITED"
14/04/2025,19:00,19:30,500,Live,0,All Providers,"CUB (UK) LTD,ENGIE POWER LIMITED,AXLE ENERGY LIMITED,GALLAGHER AGGREGATES LIMITED,AMP (via Urban Reserve (AssetCo 2) Limited),UTILITA ENERGY LIMITED,GRIDIMP LTD,PERSE TECHNOLOGY LIMITED,SSE DIGITAL SERVICES LIMITED,AMP (via Urban Reserve (AssetCo) Limited),INFINIS LIMITED,EQUIWATT LIMITED,HILDEBRAND TECHNOLOGY LIMITED,GRIDBEYOND LIMITED,OCTOPUS ENERGY LIMITED,OAKTREE POWER LIMITED,BRITISH GAS TRADING LIMITED"
14/04/2025,19:30,20:00,500,Live,0,All Providers,"CUB (UK) LTD,ENGIE POWER LIMITED,AXLE ENERGY LIMITED,GALLAGHER AGGREGATES LIMITED,AMP (via Urban Reserve (AssetCo 2) Limited),UTILITA ENERGY LIMITED,GRIDIMP LTD,PERSE TECHNOLOGY LIMITED,SSE DIGITAL SERVICES LIMITED,AMP (via Urban Reserve (AssetCo) Limited),INFINIS LIMITED,EQUIWATT LIMITED,HILDEBRAND TECHNOLOGY LIMITED,GRIDBEYOND LIMITED,OCTOPUS ENERGY LIMITED,OAKTREE POWER LIMITED,BRITISH GAS TRADING LIMITED"
10/04/2025,17:00,17:30,500,Live,0,All Providers,"CUB (UK) LTD,ENGIE POWER LIMITED,AXLE ENERGY LIMITED,GALLAGHER AGGREGATES LIMITED,AMP (via Urban Reserve (AssetCo 2) Limited),UTILITA ENERGY LIMITED,GRIDIMP LTD,PERSE TECHNOLOGY LIMITED,SSE DIGITAL SERVICES LIMITED,AMP (via Urban Reserve (AssetCo) Limited),INFINIS LIMITED,EQUIWATT LIMITED,HILDEBRAND TECHNOLOGY LIMITED,GRIDBEYOND LIMITED,OCTOPUS ENERGY LIMITED,OAKTREE POWER LIMITED,BRITISH GAS TRADING LIMITED"
10/04/2025,17:30,18:00,500,Live,0,All Providers,"CUB (UK) LTD,ENGIE POWER LIMITED,AXLE ENERGY LIMITED,GALLAGHER AGGREGATES LIMITED,AMP (via Urban Reserve (AssetCo 2) Limited),UTILITA ENERGY LIMITED,GRIDIMP LTD,PERSE TECHNOLOGY LIMITED,SSE DIGITAL SERVICES LIMITED,AMP (via Urban Reserve (AssetCo) Limited),INFINIS LIMITED,EQUIWATT LIMITED,HILDEBRAND TECHNOLOGY LIMITED,GRIDBEYOND LIMITED,OCTOPUS ENERGY LIMITED,OAKTREE POWER LIMITED,BRITISH GAS TRADING LIMITED"
10/04/2025,18:00,18:30,500,Live,0,All Providers,"CUB (UK) LTD,ENGIE POWER LIMITED,AXLE ENERGY LIMITED,GALLAGHER AGGREGATES LIMITED,AMP (via Urban Reserve (AssetCo 2) Limited),UTILITA ENERGY LIMITED,GRIDIMP LTD,PERSE TECHNOLOGY LIMITED,SSE DIGITAL SERVICES LIMITED,AMP (via Urban Reserve (AssetCo) Limited),INFINIS LIMITED,EQUIWATT LIMITED,HILDEBRAND TECHNOLOGY LIMITED,GRIDBEYOND LIMITED,OCTOPUS ENERGY LIMITED,OAKTREE POWER LIMITED,BRITISH GAS TRADING LIMITED"
10/04/2025,18:30,19:00,500,Live,0,All Providers,"CUB (UK) LTD,ENGIE POWER LIMITED,AXLE ENERGY LIMITED,GALLAGHER AGGREGATES LIMITED,AMP (via Urban Reserve (AssetCo 2) Limited),UTILITA ENERGY LIMITED,GRIDIMP LTD,PERSE TECHNOLOGY LIMITED,SSE DIGITAL SERVICES LIMITED,AMP (via Urban Reserve (AssetCo) Limited),INFINIS LIMITED,EQUIWATT LIMITED,HILDEBRAND TECHNOLOGY LIMITED,GRIDBEYOND LIMITED,OCTOPUS ENERGY LIMITED,OAKTREE POWER LIMITED,BRITISH GAS TRADING LIMITED"
10/04/2025,19:00,19:30,500,Live,0,All Providers,"CUB (UK) LTD,ENGIE POWER LIMITED,AXLE ENERGY LIMITED,GALLAGHER AGGREGATES LIMITED,AMP (via Urban Reserve (AssetCo 2) Limited),UTILITA ENERGY LIMITED,GRIDIMP LTD,PERSE TECHNOLOGY LIMITED,SSE DIGITAL SERVICES LIMITED,AMP (via Urban Reserve (AssetCo) Limited),INFINIS LIMITED,EQUIWATT LIMITED,HILDEBRAND TECHNOLOGY LIMITED,GRIDBEYOND LIMITED,OCTOPUS ENERGY LIMITED,OAKTREE POWER LIMITED,BRITISH GAS TRADING LIMITED"
10/04/2025,19:30,20:00,500,Live,0,All Providers,"CUB (UK) LTD,ENGIE POWER LIMITED,AXLE ENERGY LIMITED,GALLAGHER AGGREGATES LIMITED,AMP (via Urban Reserve (AssetCo 2) Limited),UTILITA ENERGY LIMITED,GRIDIMP LTD,PERSE TECHNOLOGY LIMITED,SSE DIGITAL SERVICES LIMITED,AMP (via Urban Reserve (AssetCo) Limited),INFINIS LIMITED,EQUIWATT LIMITED,HILDEBRAND TECHNOLOGY LIMITED,GRIDBEYOND LIMITED,OCTOPUS ENERGY LIMITED,OAKTREE POWER LIMITED,BRITISH GAS TRADING LIMITED"
10/04/2025,20:00,20:30,500,Live,0,All Providers,"CUB (UK) LTD,ENGIE POWER LIMITED,AXLE ENERGY LIMITED,GALLAGHER AGGREGATES LIMITED,AMP (via Urban Reserve (AssetCo 2) Limited),UTILITA ENERGY LIMITED,GRIDIMP LTD,PERSE TECHNOLOGY LIMITED,SSE DIGITAL SERVICES LIMITED,AMP (via Urban Reserve (AssetCo) Limited),INFINIS LIMITED,EQUIWATT LIMITED,HILDEBRAND TECHNOLOGY LIMITED,GRIDBEYOND LIMITED,OCTOPUS ENERGY LIMITED,OAKTREE POWER LIMITED,BRITISH GAS TRADING LIMITED"
10/04/2025,20:30,21:00,500,Live,0,All Providers,"CUB (UK) LTD,ENGIE POWER LIMITED,AXLE ENERGY LIMITED,GALLAGHER AGGREGATES LIMITED,AMP (via Urban Reserve (AssetCo 2) Limited),UTILITA ENERGY LIMITED,GRIDIMP LTD,PERSE TECHNOLOGY LIMITED,SSE DIGITAL SERVICES LIMITED,AMP (via Urban Reserve (AssetCo) Limited),INFINIS LIMITED,EQUIWATT LIMITED,HILDEBRAND TECHNOLOGY LIMITED,GRIDBEYOND LIMITED,OCTOPUS ENERGY LIMITED,OAKTREE POWER LIMITED,BRITISH GAS TRADING LIMITED"
09/04/2025,18:00,18:30,200,Live,0,All Providers,"CUB (UK) LTD,ENGIE POWER LIMITED,AXLE ENERGY LIMITED,GALLAGHER AGGREGATES LIMITED,AMP (via Urban Reserve (AssetCo 2) Limited),UTILITA ENERGY LIMITED,GRIDIMP LTD,PERSE TECHNOLOGY LIMITED,SSE DIGITAL SERVICES LIMITED,AMP (via Urban Reserve (AssetCo) Limited),INFINIS LIMITED,EQUIWATT LIMITED,HILDEBRAND TECHNOLOGY LIMITED,GRIDBEYOND LIMITED,OCTOPUS ENERGY LIMITED,OAKTREE POWER LIMITED,BRITISH GAS TRADING LIMITED"
09/04/2025,18:30,19:00,200,Live,0,All Providers,"CUB (UK) LTD,ENGIE POWER LIMITED,AXLE ENERGY LIMITED,GALLAGHER AGGREGATES LIMITED,AMP (via Urban Reserve (AssetCo 2) Limited),UTILITA ENERGY LIMITED,GRIDIMP LTD,PERSE TECHNOLOGY LIMITED,SSE DIGITAL SERVICES LIMITED,AMP (via Urban Reserve (AssetCo) Limited),INFINIS LIMITED,EQUIWATT LIMITED,HILDEBRAND TECHNOLOGY LIMITED,GRIDBEYOND LIMITED,OCTOPUS ENERGY LIMITED,OAKTREE POWER LIMITED,BRITISH GAS TRADING LIMITED"
09/04/2025,19:00,19:30,200,Live,0,All Providers,"CUB (UK) LTD,ENGIE POWER LIMITED,AXLE ENERGY LIMITED,GALLAGHER AGGREGATES LIMITED,AMP (via Urban Reserve (AssetCo 2) Limited),UTILITA ENERGY LIMITED,GRIDIMP LTD,PERSE TECHNOLOGY LIMITED,SSE DIGITAL SERVICES LIMITED,AMP (via Urban Reserve (AssetCo) Limited),INFINIS LIMITED,EQUIWATT LIMITED,HILDEBRAND TECHNOLOGY LIMITED,GRIDBEYOND LIMITED,OCTOPUS ENERGY LIMITED,OAKTREE POWER LIMITED,BRITISH GAS TRADING LIMITED"
09/04/2025,19:30,20:00,200,Live,0,All Providers,"CUB (UK) LTD,ENGIE POWER LIMITED,AXLE ENERGY LIMITED,GALLAGHER AGGREGATES LIMITED,AMP (via Urban Reserve (AssetCo 2) Limited),UTILITA ENERGY LIMITED,GRIDIMP LTD,PERSE TECHNOLOGY LIMITED,SSE DIGITAL SERVICES LIMITED,AMP (via Urban Reserve (AssetCo) Limited),INFINIS LIMITED,EQUIWATT LIMITED,HILDEBRAND TECHNOLOGY LIMITED,GRIDBEYOND LIMITED,OCTOPUS ENERGY LIMITED,OAKTREE POWER LIMITED,BRITISH GAS TRADING LIMITED"
07/04/2025,19:00,19:30,500,Live,0,All Providers,"CUB (UK) LTD,ENGIE POWER LIMITED,AXLE ENERGY LIMITED,GALLAGHER AGGREGATES LIMITED,AMP (via Urban Reserve (AssetCo 2) Limited),UTILITA ENERGY LIMITED,GRIDIMP LTD,PERSE TECHNOLOGY LIMITED,SSE DIGITAL SERVICES LIMITED,AMP (via Urban Reserve (AssetCo) Limited),INFINIS LIMITED,EQUIWATT LIMITED,HILDEBRAND TECHNOLOGY LIMITED,GRIDBEYOND LIMITED,OCTOPUS ENERGY LIMITED,OAKTREE POWER LIMITED,BRITISH GAS TRADING LIMITED"
07/04/2025,19:30,20:00,500,Live,0,All Providers,"CUB (UK) LTD,ENGIE POWER LIMITED,AXLE ENERGY LIMITED,GALLAGHER AGGREGATES LIMITED,AMP (via Urban Reserve (AssetCo 2) Limited),UTILITA ENERGY LIMITED,GRIDIMP LTD,PERSE TECHNOLOGY LIMITED,SSE DIGITAL SERVICES LIMITED,AMP (via Urban Reserve (AssetCo) Limited),INFINIS LIMITED,EQUIWATT LIMITED,HILDEBRAND TECHNOLOGY LIMITED,GRIDBEYOND LIMITED,OCTOPUS ENERGY LIMITED,OAKTREE POWER LIMITED,BRITISH GAS TRADING LIMITED"
07/04/2025,20:00,20:30,500,Live,0,All Providers,"CUB (UK) LTD,ENGIE POWER LIMITED,AXLE ENERGY LIMITED,GALLAGHER AGGREGATES LIMITED,AMP (via Urban Reserve (AssetCo 2) Limited),UTILITA ENERGY LIMITED,GRIDIMP LTD,PERSE TECHNOLOGY LIMITED,SSE DIGITAL SERVICES LIMITED,AMP (via Urban Reserve (AssetCo) Limited),INFINIS LIMITED,EQUIWATT LIMITED,HILDEBRAND TECHNOLOGY LIMITED,GRIDBEYOND LIMITED,OCTOPUS ENERGY LIMITED,OAKTREE POWER LIMITED,BRITISH GAS TRADING LIMITED"
07/04/2025,20:30,21:00,500,Live,0,All Providers,"CUB (UK) LTD,ENGIE POWER LIMITED,AXLE ENERGY LIMITED,GALLAGHER AGGREGATES LIMITED,AMP (via Urban Reserve (AssetCo 2) Limited),UTILITA ENERGY LIMITED,GRIDIMP LTD,PERSE TECHNOLOGY LIMITED,SSE DIGITAL SERVICES LIMITED,AMP (via Urban Reserve (AssetCo) Limited),INFINIS LIMITED,EQUIWATT LIMITED,HILDEBRAND TECHNOLOGY LIMITED,GRIDBEYOND LIMITED,OCTOPUS ENERGY LIMITED,OAKTREE POWER LIMITED,BRITISH GAS TRADING LIMITED"
04/04/2025,16:00,16:30,500,Live,0,All Providers,"CUB (UK) LTD,ENGIE POWER LIMITED,AXLE ENERGY LIMITED,GALLAGHER AGGREGATES LIMITED,AMP (via Urban Reserve (AssetCo 2) Limited),UTILITA ENERGY LIMITED,GRIDIMP LTD,PERSE TECHNOLOGY LIMITED,SSE DIGITAL SERVICES LIMITED,AMP (via Urban Reserve (AssetCo) Limited),INFINIS LIMITED,EQUIWATT LIMITED,HILDEBRAND TECHNOLOGY LIMITED,GRIDBEYOND LIMITED,OCTOPUS ENERGY LIMITED,OAKTREE POWER LIMITED,BRITISH GAS TRADING LIMITED"
04/04/2025,16:30,17:00,500,Live,0,All Providers,"CUB (UK) LTD,ENGIE POWER LIMITED,AXLE ENERGY LIMITED,GALLAGHER AGGREGATES LIMITED,AMP (via Urban Reserve (AssetCo 2) Limited),UTILITA ENERGY LIMITED,GRIDIMP LTD,PERSE TECHNOLOGY LIMITED,SSE DIGITAL SERVICES LIMITED,AMP (via Urban Reserve (AssetCo) Limited),INFINIS LIMITED,EQUIWATT LIMITED,HILDEBRAND TECHNOLOGY LIMITED,GRIDBEYOND LIMITED,OCTOPUS ENERGY LIMITED,OAKTREE POWER LIMITED,BRITISH GAS TRADING LIMITED"
04/04/2025,17:00,17:30,500,Live,0,All Providers,"CUB (UK) LTD,ENGIE POWER LIMITED,AXLE ENERGY LIMITED,GALLAGHER AGGREGATES LIMITED,AMP (via Urban Reserve (AssetCo 2) Limited),UTILITA ENERGY LIMITED,GRIDIMP LTD,PERSE TECHNOLOGY LIMITED,SSE DIGITAL SERVICES LIMITED,AMP (via Urban Reserve (AssetCo) Limited),INFINIS LIMITED,EQUIWATT LIMITED,HILDEBRAND TECHNOLOGY LIMITED,GRIDBEYOND LIMITED,OCTOPUS ENERGY LIMITED,OAKTREE POWER LIMITED,BRITISH GAS TRADING LIMITED"
04/04/2025,17:30,18:00,500,Live,0,All Providers,"CUB (UK) LTD,ENGIE POWER LIMITED,AXLE ENERGY LIMITED,GALLAGHER AGGREGATES LIMITED,AMP (via Urban Reserve (AssetCo 2) Limited),UTILITA ENERGY LIMITED,GRIDIMP LTD,PERSE TECHNOLOGY LIMITED,SSE DIGITAL SERVICES LIMITED,AMP (via Urban Reserve (AssetCo) Limited),INFINIS LIMITED,EQUIWATT LIMITED,HILDEBRAND TECHNOLOGY LIMITED,GRIDBEYOND LIMITED,OCTOPUS ENERGY LIMITED,OAKTREE POWER LIMITED,BRITISH GAS TRADING LIMITED"
04/04/2025,18:00,18:30,500,Live,0,All Providers,"CUB (UK) LTD,ENGIE POWER LIMITED,AXLE ENERGY LIMITED,GALLAGHER AGGREGATES LIMITED,AMP (via Urban Reserve (AssetCo 2) Limited),UTILITA ENERGY LIMITED,GRIDIMP LTD,PERSE TECHNOLOGY LIMITED,SSE DIGITAL SERVICES LIMITED,AMP (via Urban Reserve (AssetCo) Limited),INFINIS LIMITED,EQUIWATT LIMITED,HILDEBRAND TECHNOLOGY LIMITED,GRIDBEYOND LIMITED,OCTOPUS ENERGY LIMITED,OAKTREE POWER LIMITED,BRITISH GAS TRADING LIMITED"
04/04/2025,18:30,19:00,500,Live,0,All Providers,"CUB (UK) LTD,ENGIE POWER LIMITED,AXLE ENERGY LIMITED,GALLAGHER AGGREGATES LIMITED,AMP (via Urban Reserve (AssetCo 2) Limited),UTILITA ENERGY LIMITED,GRIDIMP LTD,PERSE TECHNOLOGY LIMITED,SSE DIGITAL SERVICES LIMITED,AMP (via Urban Reserve (AssetCo) Limited),INFINIS LIMITED,EQUIWATT LIMITED,HILDEBRAND TECHNOLOGY LIMITED,GRIDBEYOND LIMITED,OCTOPUS ENERGY LIMITED,OAKTREE POWER LIMITED,BRITISH GAS TRADING LIMITED"
01/04/2025,17:00,17:30,500,Live,0,All Providers,"CUB (UK) LTD,ENGIE POWER LIMITED,AXLE ENERGY LIMITED,GALLAGHER AGGREGATES LIMITED,AMP (via Urban Reserve (AssetCo 2) Limited),UTILITA ENERGY LIMITED,GRIDIMP LTD,PERSE TECHNOLOGY LIMITED,SSE DIGITAL SERVICES LIMITED,AMP (via Urban Reserve (AssetCo) Limited),INFINIS LIMITED,EQUIWATT LIMITED,HILDEBRAND TECHNOLOGY LIMITED,GRIDBEYOND LIMITED,OCTOPUS ENERGY LIMITED,OAKTREE POWER LIMITED,BRITISH GAS TRADING LIMITED"
01/04/2025,17:30,18:00,500,Live,0,All Providers,"CUB (UK) LTD,ENGIE POWER LIMITED,AXLE ENERGY LIMITED,GALLAGHER AGGREGATES LIMITED,AMP (via Urban Reserve (AssetCo 2) Limited),UTILITA ENERGY LIMITED,GRIDIMP LTD,PERSE TECHNOLOGY LIMITED,SSE DIGITAL SERVICES LIMITED,AMP (via Urban Reserve (AssetCo) Limited),INFINIS LIMITED,EQUIWATT LIMITED,HILDEBRAND TECHNOLOGY LIMITED,GRIDBEYOND LIMITED,OCTOPUS ENERGY LIMITED,OAKTREE POWER LIMITED,BRITISH GAS TRADING LIMITED"
01/04/2025,18:00,18:30,500,Live,0,All Providers,"CUB (UK) LTD,ENGIE POWER LIMITED,AXLE ENERGY LIMITED,GALLAGHER AGGREGATES LIMITED,AMP (via Urban Reserve (AssetCo 2) Limited),UTILITA ENERGY LIMITED,GRIDIMP LTD,PERSE TECHNOLOGY LIMITED,SSE DIGITAL SERVICES LIMITED,AMP (via Urban Reserve (AssetCo) Limited),INFINIS LIMITED,EQUIWATT LIMITED,HILDEBRAND TECHNOLOGY LIMITED,GRIDBEYOND LIMITED,OCTOPUS ENERGY LIMITED,OAKTREE POWER LIMITED,BRITISH GAS TRADING LIMITED"
01/04/2025,18:30,19:00,500,Live,0,All Providers,"CUB (UK) LTD,ENGIE POWER LIMITED,AXLE ENERGY LIMITED,GALLAGHER AGGREGATES LIMITED,AMP (via Urban Reserve (AssetCo 2) Limited),UTILITA ENERGY LIMITED,GRIDIMP LTD,PERSE TECHNOLOGY LIMITED,SSE DIGITAL SERVICES LIMITED,AMP (via Urban Reserve (AssetCo) Limited),INFINIS LIMITED,EQUIWATT LIMITED,HILDEBRAND TECHNOLOGY LIMITED,GRIDBEYOND LIMITED,OCTOPUS ENERGY LIMITED,OAKTREE POWER LIMITED,BRITISH GAS TRADING LIMITED"
31/03/2025,17:00,17:30,500,Live,0,All Providers,"CUB (UK) LTD,ENGIE POWER LIMITED,AXLE ENERGY LIMITED,GALLAGHER AGGREGATES LIMITED,AMP (via Urban Reserve (AssetCo 2) Limited),UTILITA ENERGY LIMITED,GRIDIMP LTD,PERSE TECHNOLOGY LIMITED,SSE DIGITAL SERVICES LIMITED,AMP (via Urban Reserve (AssetCo) Limited),INFINIS LIMITED,EQUIWATT LIMITED,HILDEBRAND TECHNOLOGY LIMITED,GRIDBEYOND LIMITED,OCTOPUS ENERGY LIMITED,OAKTREE POWER LIMITED,BRITISH GAS TRADING LIMITED"
31/03/2025,17:30,18:00,500,Live,0,All Providers,"CUB (UK) LTD,ENGIE POWER LIMITED,AXLE ENERGY LIMITED,GALLAGHER AGGREGATES LIMITED,AMP (via Urban Reserve (AssetCo 2) Limited),UTILITA ENERGY LIMITED,GRIDIMP LTD,PERSE TECHNOLOGY LIMITED,SSE DIGITAL SERVICES LIMITED,AMP (via Urban Reserve (AssetCo) Limited),INFINIS LIMITED,EQUIWATT LIMITED,HILDEBRAND TECHNOLOGY LIMITED,GRIDBEYOND LIMITED,OCTOPUS ENERGY LIMITED,OAKTREE POWER LIMITED,BRITISH GAS TRADING LIMITED"
31/03/2025,18:00,18:30,500,Live,0,All Providers,"CUB (UK) LTD,ENGIE POWER LIMITED,AXLE ENERGY LIMITED,GALLAGHER AGGREGATES LIMITED,AMP (via Urban Reserve (AssetCo 2) Limited),UTILITA ENERGY LIMITED,GRIDIMP LTD,PERSE TECHNOLOGY LIMITED,SSE DIGITAL SERVICES LIMITED,AMP (via Urban Reserve (AssetCo) Limited),INFINIS LIMITED,EQUIWATT LIMITED,HILDEBRAND TECHNOLOGY LIMITED,GRIDBEYOND LIMITED,OCTOPUS ENERGY LIMITED,OAKTREE POWER LIMITED,BRITISH GAS TRADING LIMITED"
31/03/2025,18:30,19:00,500,Live,0,All Providers,"CUB (UK) LTD,ENGIE POWER LIMITED,AXLE ENERGY LIMITED,GALLAGHER AGGREGATES LIMITED,AMP (via Urban Reserve (AssetCo 2) Limited),UTILITA ENERGY LIMITED,GRIDIMP LTD,PERSE TECHNOLOGY LIMITED,SSE DIGITAL SERVICES LIMITED,AMP (via Urban Reserve (AssetCo) Limited),INFINIS LIMITED,EQUIWATT LIMITED,HILDEBRAND TECHNOLOGY LIMITED,GRIDBEYOND LIMITED,OCTOPUS ENERGY LIMITED,OAKTREE POWER LIMITED,BRITISH GAS TRADING LIMITED"
28/03/2025,18:00,18:30,500,Live,0,All Providers,"CUB (UK) LTD,ENGIE POWER LIMITED,AXLE ENERGY LIMITED,GALLAGHER AGGREGATES LIMITED,AMP (via Urban Reserve (AssetCo 2) Limited),UTILITA ENERGY LIMITED,GRIDIMP LTD,PERSE TECHNOLOGY LIMITED,SSE DIGITAL SERVICES LIMITED,AMP (via Urban Reserve (AssetCo) Limited),INFINIS LIMITED,EQUIWATT LIMITED,HILDEBRAND TECHNOLOGY LIMITED,GRIDBEYOND LIMITED,OCTOPUS ENERGY LIMITED,OAKTREE POWER LIMITED,BRITISH GAS TRADING LIMITED"
28/03/2025,18:30,19:00,500,Live,0,All Providers,"CUB (UK) LTD,ENGIE POWER LIMITED,AXLE ENERGY LIMITED,GALLAGHER AGGREGATES LIMITED,AMP (via Urban Reserve (AssetCo 2) Limited),UTILITA ENERGY LIMITED,GRIDIMP LTD,PERSE TECHNOLOGY LIMITED,SSE DIGITAL SERVICES LIMITED,AMP (via Urban Reserve (AssetCo) Limited),INFINIS LIMITED,EQUIWATT LIMITED,HILDEBRAND TECHNOLOGY LIMITED,GRIDBEYOND LIMITED,OCTOPUS ENERGY LIMITED,OAKTREE POWER LIMITED,BRITISH GAS TRADING LIMITED"
26/03/2025,16:00,16:30,300,Live,0,All Providers,"CUB (UK) LTD,ENGIE POWER LIMITED,AXLE ENERGY LIMITED,GALLAGHER AGGREGATES LIMITED,AMP (via Urban Reserve (AssetCo 2) Limited),UTILITA ENERGY LIMITED,GRIDIMP LTD,PERSE TECHNOLOGY LIMITED,SSE DIGITAL SERVICES LIMITED,AMP (via Urban Reserve (AssetCo) Limited),INFINIS LIMITED,EQUIWATT LIMITED,HILDEBRAND TECHNOLOGY LIMITED,GRIDBEYOND LIMITED,OCTOPUS ENERGY LIMITED,DRAX ENERGY SOLUTIONS LIMITED,OAKTREE POWER LIMITED,BRITISH GAS TRADING LIMITED"
26/03/2025,16:30,17:00,300,Live,0,All Providers,"CUB (UK) LTD,ENGIE POWER LIMITED,AXLE ENERGY LIMITED,GALLAGHER AGGREGATES LIMITED,AMP (via Urban Reserve (AssetCo 2) Limited),UTILITA ENERGY LIMITED,GRIDIMP LTD,PERSE TECHNOLOGY LIMITED,SSE DIGITAL SERVICES LIMITED,AMP (via Urban Reserve (AssetCo) Limited),INFINIS LIMITED,EQUIWATT LIMITED,HILDEBRAND TECHNOLOGY LIMITED,GRIDBEYOND LIMITED,OCTOPUS ENERGY LIMITED,DRAX ENERGY SOLUTIONS LIMITED,OAKTREE POWER LIMITED,BRITISH GAS TRADING LIMITED"
26/03/2025,17:00,17:30,300,Live,0,All Providers,"CUB (UK) LTD,ENGIE POWER LIMITED,AXLE ENERGY LIMITED,GALLAGHER AGGREGATES LIMITED,AMP (via Urban Reserve (AssetCo 2) Limited),UTILITA ENERGY LIMITED,GRIDIMP LTD,PERSE TECHNOLOGY LIMITED,SSE DIGITAL SERVICES LIMITED,AMP (via Urban Reserve (AssetCo) Limited),INFINIS LIMITED,EQUIWATT LIMITED,HILDEBRAND TECHNOLOGY LIMITED,GRIDBEYOND LIMITED,OCTOPUS ENERGY LIMITED,DRAX ENERGY SOLUTIONS LIMITED,OAKTREE POWER LIMITED,BRITISH GAS TRADING LIMITED"
26/03/2025,17:30,18:00,300,Live,0,All Providers,"CUB (UK) LTD,ENGIE POWER LIMITED,AXLE ENERGY LIMITED,GALLAGHER AGGREGATES LIMITED,AMP (via Urban Reserve (AssetCo 2) Limited),UTILITA ENERGY LIMITED,GRIDIMP LTD,PERSE TECHNOLOGY LIMITED,SSE DIGITAL SERVICES LIMITED,AMP (via Urban Reserve (AssetCo) Limited),INFINIS LIMITED,EQUIWATT LIMITED,HILDEBRAND TECHNOLOGY LIMITED,GRIDBEYOND LIMITED,OCTOPUS ENERGY LIMITED,DRAX ENERGY SOLUTIONS LIMITED,OAKTREE POWER LIMITED,BRITISH GAS TRADING LIMITED"
26/03/2025,18:00,18:30,300,Live,0,All Providers,"CUB (UK) LTD,ENGIE POWER LIMITED,AXLE ENERGY LIMITED,GALLAGHER AGGREGATES LIMITED,AMP (via Urban Reserve (AssetCo 2) Limited),UTILITA ENERGY LIMITED,GRIDIMP LTD,PERSE TECHNOLOGY LIMITED,SSE DIGITAL SERVICES LIMITED,AMP (via Urban Reserve (AssetCo) Limited),INFINIS LIMITED,EQUIWATT LIMITED,HILDEBRAND TECHNOLOGY LIMITED,GRIDBEYOND LIMITED,OCTOPUS ENERGY LIMITED,DRAX ENERGY SOLUTIONS LIMITED,OAKTREE POWER LIMITED,BRITISH GAS TRADING LIMITED"
26/03/2025,18:30,19:00,300,Live,0,All Providers,"CUB (UK) LTD,ENGIE POWER LIMITED,AXLE ENERGY LIMITED,GALLAGHER AGGREGATES LIMITED,AMP (via Urban Reserve (AssetCo 2) Limited),UTILITA ENERGY LIMITED,GRIDIMP LTD,PERSE TECHNOLOGY LIMITED,SSE DIGITAL SERVICES LIMITED,AMP (via Urban Reserve (AssetCo) Limited),INFINIS LIMITED,EQUIWATT LIMITED,HILDEBRAND TECHNOLOGY LIMITED,GRIDBEYOND LIMITED,OCTOPUS ENERGY LIMITED,DRAX ENERGY SOLUTIONS LIMITED,OAKTREE POWER LIMITED,BRITISH GAS TRADING LIMITED"
25/03/2025,16:00,16:30,500,Live,0,All Providers,"CUB (UK) LTD,ENGIE POWER LIMITED,AXLE ENERGY LIMITED,GALLAGHER AGGREGATES LIMITED,AMP (via Urban Reserve (AssetCo 2) Limited),UTILITA ENERGY LIMITED,GRIDIMP LTD,PERSE TECHNOLOGY LIMITED,SSE DIGITAL SERVICES LIMITED,AMP (via Urban Reserve (AssetCo) Limited),INFINIS LIMITED,EQUIWATT LIMITED,HILDEBRAND TECHNOLOGY LIMITED,GRIDBEYOND LIMITED,OCTOPUS ENERGY LIMITED,DRAX ENERGY SOLUTIONS LIMITED,OAKTREE POWER LIMITED,BRITISH GAS TRADING LIMITED"
25/03/2025,16:30,17:00,500,Live,0,All Providers,"CUB (UK) LTD,ENGIE POWER LIMITED,AXLE ENERGY LIMITED,GALLAGHER AGGREGATES LIMITED,AMP (via Urban Reserve (AssetCo 2) Limited),UTILITA ENERGY LIMITED,GRIDIMP LTD,PERSE TECHNOLOGY LIMITED,SSE DIGITAL SERVICES LIMITED,AMP (via Urban Reserve (AssetCo) Limited),INFINIS LIMITED,EQUIWATT LIMITED,HILDEBRAND TECHNOLOGY LIMITED,GRIDBEYOND LIMITED,OCTOPUS ENERGY LIMITED,DRAX ENERGY SOLUTIONS LIMITED,OAKTREE POWER LIMITED,BRITISH GAS TRADING LIMITED"
25/03/2025,17:00,17:30,500,Live,0,All Providers,"CUB (UK) LTD,ENGIE POWER LIMITED,AXLE ENERGY LIMITED,GALLAGHER AGGREGATES LIMITED,AMP (via Urban Reserve (AssetCo 2) Limited),UTILITA ENERGY LIMITED,GRIDIMP LTD,PERSE TECHNOLOGY LIMITED,SSE DIGITAL SERVICES LIMITED,AMP (via Urban Reserve (AssetCo) Limited),INFINIS LIMITED,EQUIWATT LIMITED,HILDEBRAND TECHNOLOGY LIMITED,GRIDBEYOND LIMITED,OCTOPUS ENERGY LIMITED,DRAX ENERGY SOLUTIONS LIMITED,OAKTREE POWER LIMITED,BRITISH GAS TRADING LIMITED"
25/03/2025,17:30,18:00,500,Live,0,All Providers,"CUB (UK) LTD,ENGIE POWER LIMITED,AXLE ENERGY LIMITED,GALLAGHER AGGREGATES LIMITED,AMP (via Urban Reserve (AssetCo 2) Limited),UTILITA ENERGY LIMITED,GRIDIMP LTD,PERSE TECHNOLOGY LIMITED,SSE DIGITAL SERVICES LIMITED,AMP (via Urban Reserve (AssetCo) Limited),INFINIS LIMITED,EQUIWATT LIMITED,HILDEBRAND TECHNOLOGY LIMITED,GRIDBEYOND LIMITED,OCTOPUS ENERGY LIMITED,DRAX ENERGY SOLUTIONS LIMITED,OAKTREE POWER LIMITED,BRITISH GAS TRADING LIMITED"
25/03/2025,18:00,18:30,500,Live,0,All Providers,"CUB (UK) LTD,ENGIE POWER LIMITED,AXLE ENERGY LIMITED,GALLAGHER AGGREGATES LIMITED,AMP (via Urban Reserve (AssetCo 2) Limited),UTILITA ENERGY LIMITED,GRIDIMP LTD,PERSE TECHNOLOGY LIMITED,SSE DIGITAL SERVICES LIMITED,AMP (via Urban Reserve (AssetCo) Limited),INFINIS LIMITED,EQUIWATT LIMITED,HILDEBRAND TECHNOLOGY LIMITED,GRIDBEYOND LIMITED,OCTOPUS ENERGY LIMITED,DRAX ENERGY SOLUTIONS LIMITED,OAKTREE POWER LIMITED,BRITISH GAS TRADING LIMITED"
25/03/2025,18:30,19:00,500,Live,0,All Providers,"CUB (UK) LTD,ENGIE POWER LIMITED,AXLE ENERGY LIMITED,GALLAGHER AGGREGATES LIMITED,AMP (via Urban Reserve (AssetCo 2) Limited),UTILITA ENERGY LIMITED,GRIDIMP LTD,PERSE TECHNOLOGY LIMITED,SSE DIGITAL SERVICES LIMITED,AMP (via Urban Reserve (AssetCo) Limited),INFINIS LIMITED,EQUIWATT LIMITED,HILDEBRAND TECHNOLOGY LIMITED,GRIDBEYOND LIMITED,OCTOPUS ENERGY LIMITED,DRAX ENERGY SOLUTIONS LIMITED,OAKTREE POWER LIMITED,BRITISH GAS TRADING LIMITED"
19/03/2025,16:00,16:30,500,Live,0,All Providers,"CUB (UK) LTD,ENGIE POWER LIMITED,AXLE ENERGY LIMITED,GALLAGHER AGGREGATES LIMITED,AMP (via Urban Reserve (AssetCo 2) Limited),UTILITA ENERGY LIMITED,GRIDIMP LTD,PERSE TECHNOLOGY LIMITED,SSE DIGITAL SERVICES LIMITED,AMP (via Urban Reserve (AssetCo) Limited),INFINIS LIMITED,EQUIWATT LIMITED,HILDEBRAND TECHNOLOGY LIMITED,GRIDBEYOND LIMITED,OCTOPUS ENERGY LIMITED,DRAX ENERGY SOLUTIONS LIMITED,OAKTREE POWER LIMITED,BRITISH GAS TRADING LIMITED"
19/03/2025,16:30,17:00,500,Live,0,All Providers,"CUB (UK) LTD,ENGIE POWER LIMITED,AXLE ENERGY LIMITED,GALLAGHER AGGREGATES LIMITED,AMP (via Urban Reserve (AssetCo 2) Limited),UTILITA ENERGY LIMITED,GRIDIMP LTD,PERSE TECHNOLOGY LIMITED,SSE DIGITAL SERVICES LIMITED,AMP (via Urban Reserve (AssetCo) Limited),INFINIS LIMITED,EQUIWATT LIMITED,HILDEBRAND TECHNOLOGY LIMITED,GRIDBEYOND LIMITED,OCTOPUS ENERGY LIMITED,DRAX ENERGY SOLUTIONS LIMITED,OAKTREE POWER LIMITED,BRITISH GAS TRADING LIMITED"
19/03/2025,17:00,17:30,500,Live,0,All Providers,"CUB (UK) LTD,ENGIE POWER LIMITED,AXLE ENERGY LIMITED,GALLAGHER AGGREGATES LIMITED,AMP (via Urban Reserve (AssetCo 2) Limited),UTILITA ENERGY LIMITED,GRIDIMP LTD,PERSE TECHNOLOGY LIMITED,SSE DIGITAL SERVICES LIMITED,AMP (via Urban Reserve (AssetCo) Limited),INFINIS LIMITED,EQUIWATT LIMITED,HILDEBRAND TECHNOLOGY LIMITED,GRIDBEYOND LIMITED,OCTOPUS ENERGY LIMITED,DRAX ENERGY SOLUTIONS LIMITED,OAKTREE POWER LIMITED,BRITISH GAS TRADING LIMITED"
19/03/2025,17:30,18:00,500,Live,0,All Providers,"CUB (UK) LTD,ENGIE POWER LIMITED,AXLE ENERGY LIMITED,GALLAGHER AGGREGATES LIMITED,AMP (via Urban Reserve (AssetCo 2) Limited),UTILITA ENERGY LIMITED,GRIDIMP LTD,PERSE TECHNOLOGY LIMITED,SSE DIGITAL SERVICES LIMITED,AMP (via Urban Reserve (AssetCo) Limited),INFINIS LIMITED,EQUIWATT LIMITED,HILDEBRAND TECHNOLOGY LIMITED,GRIDBEYOND LIMITED,OCTOPUS ENERGY LIMITED,DRAX ENERGY SOLUTIONS LIMITED,OAKTREE POWER LIMITED,BRITISH GAS TRADING LIMITED"
19/03/2025,18:00,18:30,500,Live,0,All Providers,"CUB (UK) LTD,ENGIE POWER LIMITED,AXLE ENERGY LIMITED,GALLAGHER AGGREGATES LIMITED,AMP (via Urban Reserve (AssetCo 2) Limited),UTILITA ENERGY LIMITED,GRIDIMP LTD,PERSE TECHNOLOGY LIMITED,SSE DIGITAL SERVICES LIMITED,AMP (via Urban Reserve (AssetCo) Limited),INFINIS LIMITED,EQUIWATT LIMITED,HILDEBRAND TECHNOLOGY LIMITED,GRIDBEYOND LIMITED,OCTOPUS ENERGY LIMITED,DRAX ENERGY SOLUTIONS LIMITED,OAKTREE POWER LIMITED,BRITISH GAS TRADING LIMITED"
19/03/2025,18:30,19:00,500,Live,0,All Providers,"CUB (UK) LTD,ENGIE POWER LIMITED,AXLE ENERGY LIMITED,GALLAGHER AGGREGATES LIMITED,AMP (via Urban Reserve (AssetCo 2) Limited),UTILITA ENERGY LIMITED,GRIDIMP LTD,PERSE TECHNOLOGY LIMITED,SSE DIGITAL SERVICES LIMITED,AMP (via Urban Reserve (AssetCo) Limited),INFINIS LIMITED,EQUIWATT LIMITED,HILDEBRAND TECHNOLOGY LIMITED,GRIDBEYOND LIMITED,OCTOPUS ENERGY LIMITED,DRAX ENERGY SOLUTIONS LIMITED,OAKTREE POWER LIMITED,BRITISH GAS TRADING LIMITED"
18/03/2025,18:00,18:30,300,Live,0,All Providers,"CUB (UK) LTD,ENGIE POWER LIMITED,AXLE ENERGY LIMITED,GALLAGHER AGGREGATES LIMITED,AMP (via Urban Reserve (AssetCo 2) Limited),UTILITA ENERGY LIMITED,GRIDIMP LTD,PERSE TECHNOLOGY LIMITED,SSE DIGITAL SERVICES LIMITED,AMP (via Urban Reserve (AssetCo) Limited),INFINIS LIMITED,EQUIWATT LIMITED,HILDEBRAND TECHNOLOGY LIMITED,GRIDBEYOND LIMITED,OCTOPUS ENERGY LIMITED,DRAX ENERGY SOLUTIONS LIMITED,OAKTREE POWER LIMITED,BRITISH GAS TRADING LIMITED"
18/03/2025,18:30,19:00,300,Live,0,All Providers,"CUB (UK) LTD,ENGIE POWER LIMITED,AXLE ENERGY LIMITED,GALLAGHER AGGREGATES LIMITED,AMP (via Urban Reserve (AssetCo 2) Limited),UTILITA ENERGY LIMITED,GRIDIMP LTD,PERSE TECHNOLOGY LIMITED,SSE DIGITAL SERVICES LIMITED,AMP (via Urban Reserve (AssetCo) Limited),INFINIS LIMITED,EQUIWATT LIMITED,HILDEBRAND TECHNOLOGY LIMITED,GRIDBEYOND LIMITED,OCTOPUS ENERGY LIMITED,DRAX ENERGY SOLUTIONS LIMITED,OAKTREE POWER LIMITED,BRITISH GAS TRADING LIMITED"
17/03/2025,17:00,17:30,100,Live,0,All Providers,"CUB (UK) LTD,ENGIE POWER LIMITED,AXLE ENERGY LIMITED,GALLAGHER AGGREGATES LIMITED,AMP (via Urban Reserve (AssetCo 2) Limited),UTILITA ENERGY LIMITED,GRIDIMP LTD,PERSE TECHNOLOGY LIMITED,SSE DIGITAL SERVICES LIMITED,AMP (via Urban Reserve (AssetCo) Limited),INFINIS LIMITED,EQUIWATT LIMITED,HILDEBRAND TECHNOLOGY LIMITED,GRIDBEYOND LIMITED,OCTOPUS ENERGY LIMITED,DRAX ENERGY SOLUTIONS LIMITED,OAKTREE POWER LIMITED,BRITISH GAS TRADING LIMITED"
17/03/2025,17:30,18:00,100,Live,0,All Providers,"CUB (UK) LTD,ENGIE POWER LIMITED,AXLE ENERGY LIMITED,GALLAGHER AGGREGATES LIMITED,AMP (via Urban Reserve (AssetCo 2) Limited),UTILITA ENERGY LIMITED,GRIDIMP LTD,PERSE TECHNOLOGY LIMITED,SSE DIGITAL SERVICES LIMITED,AMP (via Urban Reserve (AssetCo) Limited),INFINIS LIMITED,EQUIWATT LIMITED,HILDEBRAND TECHNOLOGY LIMITED,GRIDBEYOND LIMITED,OCTOPUS ENERGY LIMITED,DRAX ENERGY SOLUTIONS LIMITED,OAKTREE POWER LIMITED,BRITISH GAS TRADING LIMITED"
17/03/2025,18:00,18:30,500,Live,0,All Providers,"CUB (UK) LTD,ENGIE POWER LIMITED,AXLE ENERGY LIMITED,GALLAGHER AGGREGATES LIMITED,AMP (via Urban Reserve (AssetCo 2) Limited),UTILITA ENERGY LIMITED,GRIDIMP LTD,PERSE TECHNOLOGY LIMITED,SSE DIGITAL SERVICES LIMITED,AMP (via Urban Reserve (AssetCo) Limited),INFINIS LIMITED,EQUIWATT LIMITED,HILDEBRAND TECHNOLOGY LIMITED,GRIDBEYOND LIMITED,OCTOPUS ENERGY LIMITED,DRAX ENERGY SOLUTIONS LIMITED,OAKTREE POWER LIMITED,BRITISH GAS TRADING LIMITED"
17/03/2025,18:30,19:00,500,Live,0,All Providers,"CUB (UK) LTD,ENGIE POWER LIMITED,AXLE ENERGY LIMITED,GALLAGHER AGGREGATES LIMITED,AMP (via Urban Reserve (AssetCo 2) Limited),UTILITA ENERGY LIMITED,GRIDIMP LTD,PERSE TECHNOLOGY LIMITED,SSE DIGITAL SERVICES LIMITED,AMP (via Urban Reserve (AssetCo) Limited),INFINIS LIMITED,EQUIWATT LIMITED,HILDEBRAND TECHNOLOGY LIMITED,GRIDBEYOND LIMITED,OCTOPUS ENERGY LIMITED,DRAX ENERGY SOLUTIONS LIMITED,OAKTREE POWER LIMITED,BRITISH GAS TRADING LIMITED"
14/03/2025,16:00,16:30,500,Live,0,All Providers,"CUB (UK) LTD,ENGIE POWER LIMITED,AXLE ENERGY LIMITED,GALLAGHER AGGREGATES LIMITED,AMP (via Urban Reserve (AssetCo 2) Limited),UTILITA ENERGY LIMITED,GRIDIMP LTD,PERSE TECHNOLOGY LIMITED,SSE DIGITAL SERVICES LIMITED,AMP (via Urban Reserve (AssetCo) Limited),INFINIS LIMITED,EQUIWATT LIMITED,HILDEBRAND TECHNOLOGY LIMITED,GRIDBEYOND LIMITED,OCTOPUS ENERGY LIMITED,DRAX ENERGY SOLUTIONS LIMITED,OAKTREE POWER LIMITED,BRITISH GAS TRADING LIMITED"
14/03/2025,16:30,17:00,500,Live,0,All Providers,"CUB (UK) LTD,ENGIE POWER LIMITED,AXLE ENERGY LIMITED,GALLAGHER AGGREGATES LIMITED,AMP (via Urban Reserve (AssetCo 2) Limited),UTILITA ENERGY LIMITED,GRIDIMP LTD,PERSE TECHNOLOGY LIMITED,SSE DIGITAL SERVICES LIMITED,AMP (via Urban Reserve (AssetCo) Limited),INFINIS LIMITED,EQUIWATT LIMITED,HILDEBRAND TECHNOLOGY LIMITED,GRIDBEYOND LIMITED,OCTOPUS ENERGY LIMITED,DRAX ENERGY SOLUTIONS LIMITED,OAKTREE POWER LIMITED,BRITISH GAS TRADING LIMITED"
14/03/2025,17:00,17:30,500,Live,0,All Providers,"CUB (UK) LTD,ENGIE POWER LIMITED,AXLE ENERGY LIMITED,GALLAGHER AGGREGATES LIMITED,AMP (via Urban Reserve (AssetCo 2) Limited),UTILITA ENERGY LIMITED,GRIDIMP LTD,PERSE TECHNOLOGY LIMITED,SSE DIGITAL SERVICES LIMITED,AMP (via Urban Reserve (AssetCo) Limited),INFINIS LIMITED,EQUIWATT LIMITED,HILDEBRAND TECHNOLOGY LIMITED,GRIDBEYOND LIMITED,OCTOPUS ENERGY LIMITED,DRAX ENERGY SOLUTIONS LIMITED,OAKTREE POWER LIMITED,BRITISH GAS TRADING LIMITED"
14/03/2025,17:30,18:00,500,Live,0,All Providers,"CUB (UK) LTD,ENGIE POWER LIMITED,AXLE ENERGY LIMITED,GALLAGHER AGGREGATES LIMITED,AMP (via Urban Reserve (AssetCo 2) Limited),UTILITA ENERGY LIMITED,GRIDIMP LTD,PERSE TECHNOLOGY LIMITED,SSE DIGITAL SERVICES LIMITED,AMP (via Urban Reserve (AssetCo) Limited),INFINIS LIMITED,EQUIWATT LIMITED,HILDEBRAND TECHNOLOGY LIMITED,GRIDBEYOND LIMITED,OCTOPUS ENERGY LIMITED,DRAX ENERGY SOLUTIONS LIMITED,OAKTREE POWER LIMITED,BRITISH GAS TRADING LIMITED"
14/03/2025,18:00,18:30,500,Live,0,All Providers,"CUB (UK) LTD,ENGIE POWER LIMITED,AXLE ENERGY LIMITED,GALLAGHER AGGREGATES LIMITED,AMP (via Urban Reserve (AssetCo 2) Limited),UTILITA ENERGY LIMITED,GRIDIMP LTD,PERSE TECHNOLOGY LIMITED,SSE DIGITAL SERVICES LIMITED,AMP (via Urban Reserve (AssetCo) Limited),INFINIS LIMITED,EQUIWATT LIMITED,HILDEBRAND TECHNOLOGY LIMITED,GRIDBEYOND LIMITED,OCTOPUS ENERGY LIMITED,DRAX ENERGY SOLUTIONS LIMITED,OAKTREE POWER LIMITED,BRITISH GAS TRADING LIMITED"
14/03/2025,18:30,19:00,500,Live,0,All Providers,"CUB (UK) LTD,ENGIE POWER LIMITED,AXLE ENERGY LIMITED,GALLAGHER AGGREGATES LIMITED,AMP (via Urban Reserve (AssetCo 2) Limited),UTILITA ENERGY LIMITED,GRIDIMP LTD,PERSE TECHNOLOGY LIMITED,SSE DIGITAL SERVICES LIMITED,AMP (via Urban Reserve (AssetCo) Limited),INFINIS LIMITED,EQUIWATT LIMITED,HILDEBRAND TECHNOLOGY LIMITED,GRIDBEYOND LIMITED,OCTOPUS ENERGY LIMITED,DRAX ENERGY SOLUTIONS LIMITED,OAKTREE POWER LIMITED,BRITISH GAS TRADING LIMITED"
13/03/2025,16:00,16:30,500,Live,0,All Providers,"CUB (UK) LTD,ENGIE POWER LIMITED,AXLE ENERGY LIMITED,GALLAGHER AGGREGATES LIMITED,AMP (via Urban Reserve (AssetCo 2) Limited),UTILITA ENERGY LIMITED,GRIDIMP LTD,PERSE TECHNOLOGY LIMITED,SSE DIGITAL SERVICES LIMITED,AMP (via Urban Reserve (AssetCo) Limited),INFINIS LIMITED,EQUIWATT LIMITED,HILDEBRAND TECHNOLOGY LIMITED,GRIDBEYOND LIMITED,OCTOPUS ENERGY LIMITED,DRAX ENERGY SOLUTIONS LIMITED,OAKTREE POWER LIMITED,BRITISH GAS TRADING LIMITED"
13/03/2025,16:30,17:00,500,Live,0,All Providers,"CUB (UK) LTD,ENGIE POWER LIMITED,AXLE ENERGY LIMITED,GALLAGHER AGGREGATES LIMITED,AMP (via Urban Reserve (AssetCo 2) Limited),UTILITA ENERGY LIMITED,GRIDIMP LTD,PERSE TECHNOLOGY LIMITED,SSE DIGITAL SERVICES LIMITED,AMP (via Urban Reserve (AssetCo) Limited),INFINIS LIMITED,EQUIWATT LIMITED,HILDEBRAND TECHNOLOGY LIMITED,GRIDBEYOND LIMITED,OCTOPUS ENERGY LIMITED,DRAX ENERGY SOLUTIONS LIMITED,OAKTREE POWER LIMITED,BRITISH GAS TRADING LIMITED"
13/03/2025,17:00,17:30,500,Live,0,All Providers,"CUB (UK) LTD,ENGIE POWER LIMITED,AXLE ENERGY LIMITED,GALLAGHER AGGREGATES LIMITED,AMP (via Urban Reserve (AssetCo 2) Limited),UTILITA ENERGY LIMITED,GRIDIMP LTD,PERSE TECHNOLOGY LIMITED,SSE DIGITAL SERVICES LIMITED,AMP (via Urban Reserve (AssetCo) Limited),INFINIS LIMITED,EQUIWATT LIMITED,HILDEBRAND TECHNOLOGY LIMITED,GRIDBEYOND LIMITED,OCTOPUS ENERGY LIMITED,DRAX ENERGY SOLUTIONS LIMITED,OAKTREE POWER LIMITED,BRITISH GAS TRADING LIMITED"
13/03/2025,17:30,18:00,500,Live,0,All Providers,"CUB (UK) LTD,ENGIE POWER LIMITED,AXLE ENERGY LIMITED,GALLAGHER AGGREGATES LIMITED,AMP (via Urban Reserve (AssetCo 2) Limited),UTILITA ENERGY LIMITED,GRIDIMP LTD,PERSE TECHNOLOGY LIMITED,SSE DIGITAL SERVICES LIMITED,AMP (via Urban Reserve (AssetCo) Limited),INFINIS LIMITED,EQUIWATT LIMITED,HILDEBRAND TECHNOLOGY LIMITED,GRIDBEYOND LIMITED,OCTOPUS ENERGY LIMITED,DRAX ENERGY SOLUTIONS LIMITED,OAKTREE POWER LIMITED,BRITISH GAS TRADING LIMITED"
13/03/2025,18:00,18:30,500,Live,0,All Providers,"CUB (UK) LTD,ENGIE POWER LIMITED,AXLE ENERGY LIMITED,GALLAGHER AGGREGATES LIMITED,AMP (via Urban Reserve (AssetCo 2) Limited),UTILITA ENERGY LIMITED,GRIDIMP LTD,PERSE TECHNOLOGY LIMITED,SSE DIGITAL SERVICES LIMITED,AMP (via Urban Reserve (AssetCo) Limited),INFINIS LIMITED,EQUIWATT LIMITED,HILDEBRAND TECHNOLOGY LIMITED,GRIDBEYOND LIMITED,OCTOPUS ENERGY LIMITED,DRAX ENERGY SOLUTIONS LIMITED,OAKTREE POWER LIMITED,BRITISH GAS TRADING LIMITED"
13/03/2025,18:30,19:00,500,Live,0,All Providers,"CUB (UK) LTD,ENGIE POWER LIMITED,AXLE ENERGY LIMITED,GALLAGHER AGGREGATES LIMITED,AMP (via Urban Reserve (AssetCo 2) Limited),UTILITA ENERGY LIMITED,GRIDIMP LTD,PERSE TECHNOLOGY LIMITED,SSE DIGITAL SERVICES LIMITED,AMP (via Urban Reserve (AssetCo) Limited),INFINIS LIMITED,EQUIWATT LIMITED,HILDEBRAND TECHNOLOGY LIMITED,GRIDBEYOND LIMITED,OCTOPUS ENERGY LIMITED,DRAX ENERGY SOLUTIONS LIMITED,OAKTREE POWER LIMITED,BRITISH GAS TRADING LIMITED"
12/03/2025,16:00,16:30,500,Live,0,All Providers,"CUB (UK) LTD,ENGIE POWER LIMITED,AXLE ENERGY LIMITED,GALLAGHER AGGREGATES LIMITED,AMP (via Urban Reserve (AssetCo 2) Limited),UTILITA ENERGY LIMITED,GRIDIMP LTD,PERSE TECHNOLOGY LIMITED,SSE DIGITAL SERVICES LIMITED,AMP (via Urban Reserve (AssetCo) Limited),INFINIS LIMITED,EQUIWATT LIMITED,HILDEBRAND TECHNOLOGY LIMITED,GRIDBEYOND LIMITED,OCTOPUS ENERGY LIMITED,DRAX ENERGY SOLUTIONS LIMITED,OAKTREE POWER LIMITED,BRITISH GAS TRADING LIMITED"
12/03/2025,16:30,17:00,500,Live,0,All Providers,"CUB (UK) LTD,ENGIE POWER LIMITED,AXLE ENERGY LIMITED,GALLAGHER AGGREGATES LIMITED,AMP (via Urban Reserve (AssetCo 2) Limited),UTILITA ENERGY LIMITED,GRIDIMP LTD,PERSE TECHNOLOGY LIMITED,SSE DIGITAL SERVICES LIMITED,AMP (via Urban Reserve (AssetCo) Limited),INFINIS LIMITED,EQUIWATT LIMITED,HILDEBRAND TECHNOLOGY LIMITED,GRIDBEYOND LIMITED,OCTOPUS ENERGY LIMITED,DRAX ENERGY SOLUTIONS LIMITED,OAKTREE POWER LIMITED,BRITISH GAS TRADING LIMITED"
12/03/2025,17:00,17:30,500,Live,0,All Providers,"CUB (UK) LTD,ENGIE POWER LIMITED,AXLE ENERGY LIMITED,GALLAGHER AGGREGATES LIMITED,AMP (via Urban Reserve (AssetCo 2) Limited),UTILITA ENERGY LIMITED,GRIDIMP LTD,PERSE TECHNOLOGY LIMITED,SSE DIGITAL SERVICES LIMITED,AMP (via Urban Reserve (AssetCo) Limited),INFINIS LIMITED,EQUIWATT LIMITED,HILDEBRAND TECHNOLOGY LIMITED,GRIDBEYOND LIMITED,OCTOPUS ENERGY LIMITED,DRAX ENERGY SOLUTIONS LIMITED,OAKTREE POWER LIMITED,BRITISH GAS TRADING LIMITED"
12/03/2025,17:30,18:00,500,Live,0,All Providers,"CUB (UK) LTD,ENGIE POWER LIMITED,AXLE ENERGY LIMITED,GALLAGHER AGGREGATES LIMITED,AMP (via Urban Reserve (AssetCo 2) Limited),UTILITA ENERGY LIMITED,GRIDIMP LTD,PERSE TECHNOLOGY LIMITED,SSE DIGITAL SERVICES LIMITED,AMP (via Urban Reserve (AssetCo) Limited),INFINIS LIMITED,EQUIWATT LIMITED,HILDEBRAND TECHNOLOGY LIMITED,GRIDBEYOND LIMITED,OCTOPUS ENERGY LIMITED,DRAX ENERGY SOLUTIONS LIMITED,OAKTREE POWER LIMITED,BRITISH GAS TRADING LIMITED"
12/03/2025,18:00,18:30,500,Live,0,All Providers,"CUB (UK) LTD,ENGIE POWER LIMITED,AXLE ENERGY LIMITED,GALLAGHER AGGREGATES LIMITED,AMP (via Urban Reserve (AssetCo 2) Limited),UTILITA ENERGY LIMITED,GRIDIMP LTD,PERSE TECHNOLOGY LIMITED,SSE DIGITAL SERVICES LIMITED,AMP (via Urban Reserve (AssetCo) Limited),INFINIS LIMITED,EQUIWATT LIMITED,HILDEBRAND TECHNOLOGY LIMITED,GRIDBEYOND LIMITED,OCTOPUS ENERGY LIMITED,DRAX ENERGY SOLUTIONS LIMITED,OAKTREE POWER LIMITED,BRITISH GAS TRADING LIMITED"
12/03/2025,18:30,19:00,500,Live,0,All Providers,"CUB (UK) LTD,ENGIE POWER LIMITED,AXLE ENERGY LIMITED,GALLAGHER AGGREGATES LIMITED,AMP (via Urban Reserve (AssetCo 2) Limited),UTILITA ENERGY LIMITED,GRIDIMP LTD,PERSE TECHNOLOGY LIMITED,SSE DIGITAL SERVICES LIMITED,AMP (via Urban Reserve (AssetCo) Limited),INFINIS LIMITED,EQUIWATT LIMITED,HILDEBRAND TECHNOLOGY LIMITED,GRIDBEYOND LIMITED,OCTOPUS ENERGY LIMITED,DRAX ENERGY SOLUTIONS LIMITED,OAKTREE POWER LIMITED,BRITISH GAS TRADING LIMITED"
11/03/2025,16:00,16:30,500,Live,0,All Providers,"CUB (UK) LTD,ENGIE POWER LIMITED,AXLE ENERGY LIMITED,GALLAGHER AGGREGATES LIMITED,AMP (via Urban Reserve (AssetCo 2) Limited),UTILITA ENERGY LIMITED,GRIDIMP LTD,PERSE TECHNOLOGY LIMITED,SSE DIGITAL SERVICES LIMITED,AMP (via Urban Reserve (AssetCo) Limited),INFINIS LIMITED,EQUIWATT LIMITED,HILDEBRAND TECHNOLOGY LIMITED,GRIDBEYOND LIMITED,OCTOPUS ENERGY LIMITED,DRAX ENERGY SOLUTIONS LIMITED,OAKTREE POWER LIMITED,BRITISH GAS TRADING LIMITED"
11/03/2025,16:30,17:00,500,Live,0,All Providers,"CUB (UK) LTD,ENGIE POWER LIMITED,AXLE ENERGY LIMITED,GALLAGHER AGGREGATES LIMITED,AMP (via Urban Reserve (AssetCo 2) Limited),UTILITA ENERGY LIMITED,GRIDIMP LTD,PERSE TECHNOLOGY LIMITED,SSE DIGITAL SERVICES LIMITED,AMP (via Urban Reserve (AssetCo) Limited),INFINIS LIMITED,EQUIWATT LIMITED,HILDEBRAND TECHNOLOGY LIMITED,GRIDBEYOND LIMITED,OCTOPUS ENERGY LIMITED,DRAX ENERGY SOLUTIONS LIMITED,OAKTREE POWER LIMITED,BRITISH GAS TRADING LIMITED"
11/03/2025,17:00,17:30,500,Live,0,All Providers,"CUB (UK) LTD,ENGIE POWER LIMITED,AXLE ENERGY LIMITED,GALLAGHER AGGREGATES LIMITED,AMP (via Urban Reserve (AssetCo 2) Limited),UTILITA ENERGY LIMITED,GRIDIMP LTD,PERSE TECHNOLOGY LIMITED,SSE DIGITAL SERVICES LIMITED,AMP (via Urban Reserve (AssetCo) Limited),INFINIS LIMITED,EQUIWATT LIMITED,HILDEBRAND TECHNOLOGY LIMITED,GRIDBEYOND LIMITED,OCTOPUS ENERGY LIMITED,DRAX ENERGY SOLUTIONS LIMITED,OAKTREE POWER LIMITED,BRITISH GAS TRADING LIMITED"
11/03/2025,17:30,18:00,500,Live,0,All Providers,"CUB (UK) LTD,ENGIE POWER LIMITED,AXLE ENERGY LIMITED,GALLAGHER AGGREGATES LIMITED,AMP (via Urban Reserve (AssetCo 2) Limited),UTILITA ENERGY LIMITED,GRIDIMP LTD,PERSE TECHNOLOGY LIMITED,SSE DIGITAL SERVICES LIMITED,AMP (via Urban Reserve (AssetCo) Limited),INFINIS LIMITED,EQUIWATT LIMITED,HILDEBRAND TECHNOLOGY LIMITED,GRIDBEYOND LIMITED,OCTOPUS ENERGY LIMITED,DRAX ENERGY SOLUTIONS LIMITED,OAKTREE POWER LIMITED,BRITISH GAS TRADING LIMITED"
11/03/2025,18:00,18:30,500,Live,0,All Providers,"CUB (UK) LTD,ENGIE POWER LIMITED,AXLE ENERGY LIMITED,GALLAGHER AGGREGATES LIMITED,AMP (via Urban Reserve (AssetCo 2) Limited),UTILITA ENERGY LIMITED,GRIDIMP LTD,PERSE TECHNOLOGY LIMITED,SSE DIGITAL SERVICES LIMITED,AMP (via Urban Reserve (AssetCo) Limited),INFINIS LIMITED,EQUIWATT LIMITED,HILDEBRAND TECHNOLOGY LIMITED,GRIDBEYOND LIMITED,OCTOPUS ENERGY LIMITED,DRAX ENERGY SOLUTIONS LIMITED,OAKTREE POWER LIMITED,BRITISH GAS TRADING LIMITED"
11/03/2025,18:30,19:00,500,Live,0,All Providers,"CUB (UK) LTD,ENGIE POWER LIMITED,AXLE ENERGY LIMITED,GALLAGHER AGGREGATES LIMITED,AMP (via Urban Reserve (AssetCo 2) Limited),UTILITA ENERGY LIMITED,GRIDIMP LTD,PERSE TECHNOLOGY LIMITED,SSE DIGITAL SERVICES LIMITED,AMP (via Urban Reserve (AssetCo) Limited),INFINIS LIMITED,EQUIWATT LIMITED,HILDEBRAND TECHNOLOGY LIMITED,GRIDBEYOND LIMITED,OCTOPUS ENERGY LIMITED,DRAX ENERGY SOLUTIONS LIMITED,OAKTREE POWER LIMITED,BRITISH GAS TRADING LIMITED"
10/03/2025,17:00,17:30,500,Live,0,All Providers,"CUB (UK) LTD,ENGIE POWER LIMITED,AXLE ENERGY LIMITED,GALLAGHER AGGREGATES LIMITED,AMP (via Urban Reserve (AssetCo 2) Limited),UTILITA ENERGY LIMITED,GRIDIMP LTD,PERSE TECHNOLOGY LIMITED,SSE DIGITAL SERVICES LIMITED,AMP (via Urban Reserve (AssetCo) Limited),INFINIS LIMITED,EQUIWATT LIMITED,HILDEBRAND TECHNOLOGY LIMITED,GRIDBEYOND LIMITED,OCTOPUS ENERGY LIMITED,DRAX ENERGY SOLUTIONS LIMITED,OAKTREE POWER LIMITED,BRITISH GAS TRADING LIMITED"
10/03/2025,17:30,18:00,500,Live,0,All Providers,"CUB (UK) LTD,ENGIE POWER LIMITED,AXLE ENERGY LIMITED,GALLAGHER AGGREGATES LIMITED,AMP (via Urban Reserve (AssetCo 2) Limited),UTILITA ENERGY LIMITED,GRIDIMP LTD,PERSE TECHNOLOGY LIMITED,SSE DIGITAL SERVICES LIMITED,AMP (via Urban Reserve (AssetCo) Limited),INFINIS LIMITED,EQUIWATT LIMITED,HILDEBRAND TECHNOLOGY LIMITED,GRIDBEYOND LIMITED,OCTOPUS ENERGY LIMITED,DRAX ENERGY SOLUTIONS LIMITED,OAKTREE POWER LIMITED,BRITISH GAS TRADING LIMITED"
10/03/2025,18:00,18:30,500,Live,0,All Providers,"CUB (UK) LTD,ENGIE POWER LIMITED,AXLE ENERGY LIMITED,GALLAGHER AGGREGATES LIMITED,AMP (via Urban Reserve (AssetCo 2) Limited),UTILITA ENERGY LIMITED,GRIDIMP LTD,PERSE TECHNOLOGY LIMITED,SSE DIGITAL SERVICES LIMITED,AMP (via Urban Reserve (AssetCo) Limited),INFINIS LIMITED,EQUIWATT LIMITED, HILDEBRAND TECHNOLOGY LIMITED,GRIDBEYOND LIMITED,OCTOPUS ENERGY LIMITED,DRAX ENERGY SOLUTIONS LIMITED, OAKTREE POWER LIMITED,BRITISH GAS TRADING LIMITED"
10/03/2025,18:30,19:00,500,Live,0,All Providers,"CUB (UK) LTD,ENGIE POWER LIMITED,AXLE ENERGY LIMITED,GALLAGHER AGGREGATES LIMITED,AMP (via Urban Reserve (AssetCo 2) Limited),UTILITA ENERGY LIMITED,GRIDIMP LTD,PERSE TECHNOLOGY LIMITED,SSE DIGITAL SERVICES LIMITED,AMP (via Urban Reserve (AssetCo) Limited),INFINIS LIMITED,EQUIWATT LIMITED, HILDEBRAND TECHNOLOGY LIMITED,GRIDBEYOND LIMITED,OCTOPUS ENERGY LIMITED,DRAX ENERGY SOLUTIONS LIMITED, OAKTREE POWER LIMITED,BRITISH GAS TRADING LIMITED"
07/03/2025,17:00,17:30,500,Live,0,All Providers,"CUB (UK) LTD,ENGIE POWER LIMITED,AXLE ENERGY LIMITED,GALLAGHER AGGREGATES LIMITED,AMP (via Urban Reserve (AssetCo 2) Limited),UTILITA ENERGY LIMITED,GRIDIMP LTD,PERSE TECHNOLOGY LIMITED,SSE DIGITAL SERVICES LIMITED,AMP (via Urban Reserve (AssetCo) Limited),INFINIS LIMITED,EQUIWATT LIMITED,HILDEBRAND TECHNOLOGY LIMITED,GRIDBEYOND LIMITED,OCTOPUS ENERGY LIMITED,DRAX ENERGY SOLUTIONS LIMITED,OAKTREE POWER LIMITED,BRITISH GAS TRADING LIMITED"
07/03/2025,17:30,18:00,500,Live,0,All Providers,"CUB (UK) LTD,ENGIE POWER LIMITED,AXLE ENERGY LIMITED,GALLAGHER AGGREGATES LIMITED,AMP (via Urban Reserve (AssetCo 2) Limited),UTILITA ENERGY LIMITED,GRIDIMP LTD,PERSE TECHNOLOGY LIMITED,SSE DIGITAL SERVICES LIMITED,AMP (via Urban Reserve (AssetCo) Limited),INFINIS LIMITED,EQUIWATT LIMITED,HILDEBRAND TECHNOLOGY LIMITED,GRIDBEYOND LIMITED,OCTOPUS ENERGY LIMITED,DRAX ENERGY SOLUTIONS LIMITED,OAKTREE POWER LIMITED,BRITISH GAS TRADING LIMITED"
07/03/2025,18:00,18:30,500,Live,0,All Providers,"CUB (UK) LTD,ENGIE POWER LIMITED,AXLE ENERGY LIMITED,GALLAGHER AGGREGATES LIMITED,AMP (via Urban Reserve (AssetCo 2) Limited),UTILITA ENERGY LIMITED,GRIDIMP LTD,PERSE TECHNOLOGY LIMITED,SSE DIGITAL SERVICES LIMITED,AMP (via Urban Reserve (AssetCo) Limited),INFINIS LIMITED,EQUIWATT LIMITED,HILDEBRAND TECHNOLOGY LIMITED,GRIDBEYOND LIMITED,OCTOPUS ENERGY LIMITED,DRAX ENERGY SOLUTIONS LIMITED,OAKTREE POWER LIMITED,BRITISH GAS TRADING LIMITED"
07/03/2025,18:30,19:00,500,Live,0,All Providers,"CUB (UK) LTD,ENGIE POWER LIMITED,AXLE ENERGY LIMITED,GALLAGHER AGGREGATES LIMITED,AMP (via Urban Reserve (AssetCo 2) Limited),UTILITA ENERGY LIMITED,GRIDIMP LTD,PERSE TECHNOLOGY LIMITED,SSE DIGITAL SERVICES LIMITED,AMP (via Urban Reserve (AssetCo) Limited),INFINIS LIMITED,EQUIWATT LIMITED,HILDEBRAND TECHNOLOGY LIMITED,GRIDBEYOND LIMITED,OCTOPUS ENERGY LIMITED,DRAX ENERGY SOLUTIONS LIMITED,OAKTREE POWER LIMITED,BRITISH GAS TRADING LIMITED"
06/03/2025,16:00,16:30,500,Live,0,All Providers,"CUB (UK) LTD,ENGIE POWER LIMITED,AXLE ENERGY LIMITED,GALLAGHER AGGREGATES LIMITED,AMP (via Urban Reserve (AssetCo 2) Limited),UTILITA ENERGY LIMITED,GRIDIMP LTD,PERSE TECHNOLOGY LIMITED,SSE DIGITAL SERVICES LIMITED,AMP (via Urban Reserve (AssetCo) Limited),INFINIS LIMITED,EQUIWATT LIMITED, HILDEBRAND TECHNOLOGY LIMITED,GRIDBEYOND LIMITED,OCTOPUS ENERGY LIMITED,DRAX ENERGY SOLUTIONS LIMITED, OAKTREE POWER LIMITED,BRITISH GAS TRADING LIMITED"
06/03/2025,16:30,17:00,500,Live,0,All Providers,"CUB (UK) LTD,ENGIE POWER LIMITED,AXLE ENERGY LIMITED,GALLAGHER AGGREGATES LIMITED,AMP (via Urban Reserve (AssetCo 2) Limited),UTILITA ENERGY LIMITED,GRIDIMP LTD,PERSE TECHNOLOGY LIMITED,SSE DIGITAL SERVICES LIMITED,AMP (via Urban Reserve (AssetCo) Limited),INFINIS LIMITED,EQUIWATT LIMITED, HILDEBRAND TECHNOLOGY LIMITED,GRIDBEYOND LIMITED,OCTOPUS ENERGY LIMITED,DRAX ENERGY SOLUTIONS LIMITED, OAKTREE POWER LIMITED,BRITISH GAS TRADING LIMITED"
06/03/2025,17:00,17:30,500,Live,0,All Providers,"CUB (UK) LTD,ENGIE POWER LIMITED,AXLE ENERGY LIMITED,GALLAGHER AGGREGATES LIMITED,AMP (via Urban Reserve (AssetCo 2) Limited),UTILITA ENERGY LIMITED,GRIDIMP LTD,PERSE TECHNOLOGY LIMITED,SSE DIGITAL SERVICES LIMITED,AMP (via Urban Reserve (AssetCo) Limited),INFINIS LIMITED,EQUIWATT LIMITED, HILDEBRAND TECHNOLOGY LIMITED,GRIDBEYOND LIMITED,OCTOPUS ENERGY LIMITED,DRAX ENERGY SOLUTIONS LIMITED, OAKTREE POWER LIMITED,BRITISH GAS TRADING LIMITED"
06/03/2025,17:30,18:00,500,Live,0,All Providers,"CUB (UK) LTD,ENGIE POWER LIMITED,AXLE ENERGY LIMITED,GALLAGHER AGGREGATES LIMITED,AMP (via Urban Reserve (AssetCo 2) Limited),UTILITA ENERGY LIMITED,GRIDIMP LTD,PERSE TECHNOLOGY LIMITED,SSE DIGITAL SERVICES LIMITED,AMP (via Urban Reserve (AssetCo) Limited),INFINIS LIMITED,EQUIWATT LIMITED, HILDEBRAND TECHNOLOGY LIMITED,GRIDBEYOND LIMITED,OCTOPUS ENERGY LIMITED,DRAX ENERGY SOLUTIONS LIMITED, OAKTREE POWER LIMITED,BRITISH GAS TRADING LIMITED"
06/03/2025,18:00,18:30,500,Live,0,All Providers,"CUB (UK) LTD,ENGIE POWER LIMITED,AXLE ENERGY LIMITED,GALLAGHER AGGREGATES LIMITED,AMP (via Urban Reserve (AssetCo 2) Limited),UTILITA ENERGY LIMITED,GRIDIMP LTD,PERSE TECHNOLOGY LIMITED,SSE DIGITAL SERVICES LIMITED,AMP (via Urban Reserve (AssetCo) Limited),INFINIS LIMITED,EQUIWATT LIMITED, HILDEBRAND TECHNOLOGY LIMITED,GRIDBEYOND LIMITED,OCTOPUS ENERGY LIMITED,DRAX ENERGY SOLUTIONS LIMITED, OAKTREE POWER LIMITED,BRITISH GAS TRADING LIMITED"
06/03/2025,18:30,19:00,500,Live,0,All Providers,"CUB (UK) LTD,ENGIE POWER LIMITED,AXLE ENERGY LIMITED,GALLAGHER AGGREGATES LIMITED,AMP (via Urban Reserve (AssetCo 2) Limited),UTILITA ENERGY LIMITED,GRIDIMP LTD,PERSE TECHNOLOGY LIMITED,SSE DIGITAL SERVICES LIMITED,AMP (via Urban Reserve (AssetCo) Limited),INFINIS LIMITED,EQUIWATT LIMITED, HILDEBRAND TECHNOLOGY LIMITED,GRIDBEYOND LIMITED,OCTOPUS ENERGY LIMITED,DRAX ENERGY SOLUTIONS LIMITED, OAKTREE POWER LIMITED,BRITISH GAS TRADING LIMITED"
05/03/2025,16:00,16:30,500,Live,0,All Providers,"CUB (UK) LTD,ENGIE POWER LIMITED,AXLE ENERGY LIMITED,GALLAGHER AGGREGATES LIMITED,AMP (via Urban Reserve (AssetCo 2) Limited),UTILITA ENERGY LIMITED,GRIDIMP LTD,PERSE TECHNOLOGY LIMITED,SSE DIGITAL SERVICES LIMITED,AMP (via Urban Reserve (AssetCo) Limited),INFINIS LIMITED,EQUIWATT LIMITED, HILDEBRAND TECHNOLOGY LIMITED,GRIDBEYOND LIMITED,OCTOPUS ENERGY LIMITED,DRAX ENERGY SOLUTIONS LIMITED, OAKTREE POWER LIMITED,BRITISH GAS TRADING LIMITED"
05/03/2025,16:30,17:00,500,Live,0,All Providers,"CUB (UK) LTD,ENGIE POWER LIMITED,AXLE ENERGY LIMITED,GALLAGHER AGGREGATES LIMITED,AMP (via Urban Reserve (AssetCo 2) Limited),UTILITA ENERGY LIMITED,GRIDIMP LTD,PERSE TECHNOLOGY LIMITED,SSE DIGITAL SERVICES LIMITED,AMP (via Urban Reserve (AssetCo) Limited),INFINIS LIMITED,EQUIWATT LIMITED, HILDEBRAND TECHNOLOGY LIMITED,GRIDBEYOND LIMITED,OCTOPUS ENERGY LIMITED,DRAX ENERGY SOLUTIONS LIMITED, OAKTREE POWER LIMITED,BRITISH GAS TRADING LIMITED"
05/03/2025,17:00,17:30,500,Live,0,All Providers,"CUB (UK) LTD,ENGIE POWER LIMITED,AXLE ENERGY LIMITED,GALLAGHER AGGREGATES LIMITED,AMP (via Urban Reserve (AssetCo 2) Limited),UTILITA ENERGY LIMITED,GRIDIMP LTD,PERSE TECHNOLOGY LIMITED,SSE DIGITAL SERVICES LIMITED,AMP (via Urban Reserve (AssetCo) Limited),INFINIS LIMITED,EQUIWATT LIMITED, HILDEBRAND TECHNOLOGY LIMITED,GRIDBEYOND LIMITED,OCTOPUS ENERGY LIMITED,DRAX ENERGY SOLUTIONS LIMITED, OAKTREE POWER LIMITED,BRITISH GAS TRADING LIMITED"
05/03/2025,17:30,18:00,500,Live,0,All Providers,"CUB (UK) LTD,ENGIE POWER LIMITED,AXLE ENERGY LIMITED,GALLAGHER AGGREGATES LIMITED,AMP (via Urban Reserve (AssetCo 2) Limited),UTILITA ENERGY LIMITED,GRIDIMP LTD,PERSE TECHNOLOGY LIMITED,SSE DIGITAL SERVICES LIMITED,AMP (via Urban Reserve (AssetCo) Limited),INFINIS LIMITED,EQUIWATT LIMITED, HILDEBRAND TECHNOLOGY LIMITED,GRIDBEYOND LIMITED,OCTOPUS ENERGY LIMITED,DRAX ENERGY SOLUTIONS LIMITED, OAKTREE POWER LIMITED,BRITISH GAS TRADING LIMITED"
05/03/2025,18:00,18:30,500,Live,0,All Providers,"CUB (UK) LTD,ENGIE POWER LIMITED,AXLE ENERGY LIMITED,GALLAGHER AGGREGATES LIMITED,AMP (via Urban Reserve (AssetCo 2) Limited),UTILITA ENERGY LIMITED,GRIDIMP LTD,PERSE TECHNOLOGY LIMITED,SSE DIGITAL SERVICES LIMITED,AMP (via Urban Reserve (AssetCo) Limited),INFINIS LIMITED,EQUIWATT LIMITED, HILDEBRAND TECHNOLOGY LIMITED,GRIDBEYOND LIMITED,OCTOPUS ENERGY LIMITED,DRAX ENERGY SOLUTIONS LIMITED, OAKTREE POWER LIMITED,BRITISH GAS TRADING LIMITED"
05/03/2025,18:30,19:00,500,Live,0,All Providers,"CUB (UK) LTD,ENGIE POWER LIMITED,AXLE ENERGY LIMITED,GALLAGHER AGGREGATES LIMITED,AMP (via Urban Reserve (AssetCo 2) Limited),UTILITA ENERGY LIMITED,GRIDIMP LTD,PERSE TECHNOLOGY LIMITED,SSE DIGITAL SERVICES LIMITED,AMP (via Urban Reserve (AssetCo) Limited),INFINIS LIMITED,EQUIWATT LIMITED, HILDEBRAND TECHNOLOGY LIMITED,GRIDBEYOND LIMITED,OCTOPUS ENERGY LIMITED,DRAX ENERGY SOLUTIONS LIMITED, OAKTREE POWER LIMITED,BRITISH GAS TRADING LIMITED"
04/03/2025,16:00,16:30,500,Live,0,All Providers,"CUB (UK) LTD,ENGIE POWER LIMITED,AXLE ENERGY LIMITED,GALLAGHER AGGREGATES LIMITED,AMP (via Urban Reserve (AssetCo 2) Limited),UTILITA ENERGY LIMITED,GRIDIMP LTD,PERSE TECHNOLOGY LIMITED,SSE DIGITAL SERVICES LIMITED,AMP (via Urban Reserve (AssetCo) Limited),INFINIS LIMITED,EQUIWATT LIMITED, HILDEBRAND TECHNOLOGY LIMITED,GRIDBEYOND LIMITED,OCTOPUS ENERGY LIMITED,DRAX ENERGY SOLUTIONS LIMITED, OAKTREE POWER LIMITED,BRITISH GAS TRADING LIMITED"
04/03/2025,16:30,17:00,500,Live,0,All Providers,"CUB (UK) LTD,ENGIE POWER LIMITED,AXLE ENERGY LIMITED,GALLAGHER AGGREGATES LIMITED,AMP (via Urban Reserve (AssetCo 2) Limited),UTILITA ENERGY LIMITED,GRIDIMP LTD,PERSE TECHNOLOGY LIMITED,SSE DIGITAL SERVICES LIMITED,AMP (via Urban Reserve (AssetCo) Limited),INFINIS LIMITED,EQUIWATT LIMITED, HILDEBRAND TECHNOLOGY LIMITED,GRIDBEYOND LIMITED,OCTOPUS ENERGY LIMITED,DRAX ENERGY SOLUTIONS LIMITED, OAKTREE POWER LIMITED,BRITISH GAS TRADING LIMITED"
04/03/2025,17:00,17:30,500,Live,0,All Providers,"CUB (UK) LTD,ENGIE POWER LIMITED,AXLE ENERGY LIMITED,GALLAGHER AGGREGATES LIMITED,AMP (via Urban Reserve (AssetCo 2) Limited),UTILITA ENERGY LIMITED,GRIDIMP LTD,PERSE TECHNOLOGY LIMITED,SSE DIGITAL SERVICES LIMITED,AMP (via Urban Reserve (AssetCo) Limited),INFINIS LIMITED,EQUIWATT LIMITED, HILDEBRAND TECHNOLOGY LIMITED,GRIDBEYOND LIMITED,OCTOPUS ENERGY LIMITED,DRAX ENERGY SOLUTIONS LIMITED, OAKTREE POWER LIMITED,BRITISH GAS TRADING LIMITED"
04/03/2025,17:30,18:00,500,Live,0,All Providers,"CUB (UK) LTD,ENGIE POWER LIMITED,AXLE ENERGY LIMITED,GALLAGHER AGGREGATES LIMITED,AMP (via Urban Reserve (AssetCo 2) Limited),UTILITA ENERGY LIMITED,GRIDIMP LTD,PERSE TECHNOLOGY LIMITED,SSE DIGITAL SERVICES LIMITED,AMP (via Urban Reserve (AssetCo) Limited),INFINIS LIMITED,EQUIWATT LIMITED, HILDEBRAND TECHNOLOGY LIMITED,GRIDBEYOND LIMITED,OCTOPUS ENERGY LIMITED,DRAX ENERGY SOLUTIONS LIMITED, OAKTREE POWER LIMITED,BRITISH GAS TRADING LIMITED"
04/03/2025,18:00,18:30,500,Live,0,All Providers,"CUB (UK) LTD,ENGIE POWER LIMITED,AXLE ENERGY LIMITED,GALLAGHER AGGREGATES LIMITED,AMP (via Urban Reserve (AssetCo 2) Limited),UTILITA ENERGY LIMITED,GRIDIMP LTD,PERSE TECHNOLOGY LIMITED,SSE DIGITAL SERVICES LIMITED,AMP (via Urban Reserve (AssetCo) Limited),INFINIS LIMITED,EQUIWATT LIMITED, HILDEBRAND TECHNOLOGY LIMITED,GRIDBEYOND LIMITED,OCTOPUS ENERGY LIMITED,DRAX ENERGY SOLUTIONS LIMITED, OAKTREE POWER LIMITED,BRITISH GAS TRADING LIMITED"
04/03/2025,18:30,19:00,500,Live,0,All Providers,"CUB (UK) LTD,ENGIE POWER LIMITED,AXLE ENERGY LIMITED,GALLAGHER AGGREGATES LIMITED,AMP (via Urban Reserve (AssetCo 2) Limited),UTILITA ENERGY LIMITED,GRIDIMP LTD,PERSE TECHNOLOGY LIMITED,SSE DIGITAL SERVICES LIMITED,AMP (via Urban Reserve (AssetCo) Limited),INFINIS LIMITED,EQUIWATT LIMITED, HILDEBRAND TECHNOLOGY LIMITED,GRIDBEYOND LIMITED,OCTOPUS ENERGY LIMITED,DRAX ENERGY SOLUTIONS LIMITED, OAKTREE POWER LIMITED,BRITISH GAS TRADING LIMITED"
03/03/2025,16:00,16:30,500,Live,0,All Providers,"CUB (UK) LTD,ENGIE POWER LIMITED,AXLE ENERGY LIMITED,GALLAGHER AGGREGATES LIMITED,AMP (via Urban Reserve (AssetCo 2) Limited),UTILITA ENERGY LIMITED,GRIDIMP LTD,PERSE TECHNOLOGY LIMITED,SSE DIGITAL SERVICES LIMITED,AMP (via Urban Reserve (AssetCo) Limited),INFINIS LIMITED,EQUIWATT LIMITED, HILDEBRAND TECHNOLOGY LIMITED,GRIDBEYOND LIMITED,OCTOPUS ENERGY LIMITED,DRAX ENERGY SOLUTIONS LIMITED, OAKTREE POWER LIMITED,BRITISH GAS TRADING LIMITED"
03/03/2025,16:30,17:00,500,Live,0,All Providers,"CUB (UK) LTD,ENGIE POWER LIMITED,AXLE ENERGY LIMITED,GALLAGHER AGGREGATES LIMITED,AMP (via Urban Reserve (AssetCo 2) Limited),UTILITA ENERGY LIMITED,GRIDIMP LTD,PERSE TECHNOLOGY LIMITED,SSE DIGITAL SERVICES LIMITED,AMP (via Urban Reserve (AssetCo) Limited),INFINIS LIMITED,EQUIWATT LIMITED, HILDEBRAND TECHNOLOGY LIMITED,GRIDBEYOND LIMITED,OCTOPUS ENERGY LIMITED,DRAX ENERGY SOLUTIONS LIMITED, OAKTREE POWER LIMITED,BRITISH GAS TRADING LIMITED"
03/03/2025,17:00,17:30,500,Live,0,All Providers,"CUB (UK) LTD,ENGIE POWER LIMITED,AXLE ENERGY LIMITED,GALLAGHER AGGREGATES LIMITED,AMP (via Urban Reserve (AssetCo 2) Limited),UTILITA ENERGY LIMITED,GRIDIMP LTD,PERSE TECHNOLOGY LIMITED,SSE DIGITAL SERVICES LIMITED,AMP (via Urban Reserve (AssetCo) Limited),INFINIS LIMITED,EQUIWATT LIMITED, HILDEBRAND TECHNOLOGY LIMITED,GRIDBEYOND LIMITED,OCTOPUS ENERGY LIMITED,DRAX ENERGY SOLUTIONS LIMITED, OAKTREE POWER LIMITED,BRITISH GAS TRADING LIMITED"
03/03/2025,17:30,18:00,500,Live,0,All Providers,"CUB (UK) LTD,ENGIE POWER LIMITED,AXLE ENERGY LIMITED,GALLAGHER AGGREGATES LIMITED,AMP (via Urban Reserve (AssetCo 2) Limited),UTILITA ENERGY LIMITED,GRIDIMP LTD,PERSE TECHNOLOGY LIMITED,SSE DIGITAL SERVICES LIMITED,AMP (via Urban Reserve (AssetCo) Limited),INFINIS LIMITED,EQUIWATT LIMITED, HILDEBRAND TECHNOLOGY LIMITED,GRIDBEYOND LIMITED,OCTOPUS ENERGY LIMITED,DRAX ENERGY SOLUTIONS LIMITED, OAKTREE POWER LIMITED,BRITISH GAS TRADING LIMITED"
03/03/2025,18:00,18:30,500,Live,0,All Providers,"CUB (UK) LTD,ENGIE POWER LIMITED,AXLE ENERGY LIMITED,GALLAGHER AGGREGATES LIMITED,AMP (via Urban Reserve (AssetCo 2) Limited),UTILITA ENERGY LIMITED,GRIDIMP LTD,PERSE TECHNOLOGY LIMITED,SSE DIGITAL SERVICES LIMITED,AMP (via Urban Reserve (AssetCo) Limited),INFINIS LIMITED,EQUIWATT LIMITED, HILDEBRAND TECHNOLOGY LIMITED,GRIDBEYOND LIMITED,OCTOPUS ENERGY LIMITED,DRAX ENERGY SOLUTIONS LIMITED, OAKTREE POWER LIMITED,BRITISH GAS TRADING LIMITED"
03/03/2025,18:30,19:00,500,Live,0,All Providers,"CUB (UK) LTD,ENGIE POWER LIMITED,AXLE ENERGY LIMITED,GALLAGHER AGGREGATES LIMITED,AMP (via Urban Reserve (AssetCo 2) Limited),UTILITA ENERGY LIMITED,GRIDIMP LTD,PERSE TECHNOLOGY LIMITED,SSE DIGITAL SERVICES LIMITED,AMP (via Urban Reserve (AssetCo) Limited),INFINIS LIMITED,EQUIWATT LIMITED, HILDEBRAND TECHNOLOGY LIMITED,GRIDBEYOND LIMITED,OCTOPUS ENERGY LIMITED,DRAX ENERGY SOLUTIONS LIMITED, OAKTREE POWER LIMITED,BRITISH GAS TRADING LIMITED"
02/03/2025,16:00,16:30,500,Live,0,All Providers,"CUB (UK) LTD,ENGIE POWER LIMITED,AXLE ENERGY LIMITED,GALLAGHER AGGREGATES LIMITED,AMP (via Urban Reserve (AssetCo 2) Limited),UTILITA ENERGY LIMITED,GRIDIMP LTD,PERSE TECHNOLOGY LIMITED,SSE DIGITAL SERVICES LIMITED,AMP (via Urban Reserve (AssetCo) Limited),INFINIS LIMITED,EQUIWATT LIMITED, HILDEBRAND TECHNOLOGY LIMITED,GRIDBEYOND LIMITED,OCTOPUS ENERGY LIMITED,DRAX ENERGY SOLUTIONS LIMITED, OAKTREE POWER LIMITED,BRITISH GAS TRADING LIMITED"
02/03/2025,16:30,17:00,500,Live,0,All Providers,"CUB (UK) LTD,ENGIE POWER LIMITED,AXLE ENERGY LIMITED,GALLAGHER AGGREGATES LIMITED,AMP (via Urban Reserve (AssetCo 2) Limited),UTILITA ENERGY LIMITED,GRIDIMP LTD,PERSE TECHNOLOGY LIMITED,SSE DIGITAL SERVICES LIMITED,AMP (via Urban Reserve (AssetCo) Limited),INFINIS LIMITED,EQUIWATT LIMITED, HILDEBRAND TECHNOLOGY LIMITED,GRIDBEYOND LIMITED,OCTOPUS ENERGY LIMITED,DRAX ENERGY SOLUTIONS LIMITED, OAKTREE POWER LIMITED,BRITISH GAS TRADING LIMITED"
02/03/2025,17:00,17:30,500,Live,0,All Providers,"CUB (UK) LTD,ENGIE POWER LIMITED,AXLE ENERGY LIMITED,GALLAGHER AGGREGATES LIMITED,AMP (via Urban Reserve (AssetCo 2) Limited),UTILITA ENERGY LIMITED,GRIDIMP LTD,PERSE TECHNOLOGY LIMITED,SSE DIGITAL SERVICES LIMITED,AMP (via Urban Reserve (AssetCo) Limited),INFINIS LIMITED,EQUIWATT LIMITED, HILDEBRAND TECHNOLOGY LIMITED,GRIDBEYOND LIMITED,OCTOPUS ENERGY LIMITED,DRAX ENERGY SOLUTIONS LIMITED, OAKTREE POWER LIMITED,BRITISH GAS TRADING LIMITED"
02/03/2025,17:30,18:00,500,Live,0,All Providers,"CUB (UK) LTD,ENGIE POWER LIMITED,AXLE ENERGY LIMITED,GALLAGHER AGGREGATES LIMITED,AMP (via Urban Reserve (AssetCo 2) Limited),UTILITA ENERGY LIMITED,GRIDIMP LTD,PERSE TECHNOLOGY LIMITED,SSE DIGITAL SERVICES LIMITED,AMP (via Urban Reserve (AssetCo) Limited),INFINIS LIMITED,EQUIWATT LIMITED, HILDEBRAND TECHNOLOGY LIMITED,GRIDBEYOND LIMITED,OCTOPUS ENERGY LIMITED,DRAX ENERGY SOLUTIONS LIMITED, OAKTREE POWER LIMITED,BRITISH GAS TRADING LIMITED"
02/03/2025,18:00,18:30,500,Live,0,All Providers,"CUB (UK) LTD,ENGIE POWER LIMITED,AXLE ENERGY LIMITED,GALLAGHER AGGREGATES LIMITED,AMP (via Urban Reserve (AssetCo 2) Limited),UTILITA ENERGY LIMITED,GRIDIMP LTD,PERSE TECHNOLOGY LIMITED,SSE DIGITAL SERVICES LIMITED,AMP (via Urban Reserve (AssetCo) Limited),INFINIS LIMITED,EQUIWATT LIMITED, HILDEBRAND TECHNOLOGY LIMITED,GRIDBEYOND LIMITED,OCTOPUS ENERGY LIMITED,DRAX ENERGY SOLUTIONS LIMITED, OAKTREE POWER LIMITED,BRITISH GAS TRADING LIMITED"
02/03/2025,18:30,19:00,500,Live,0,All Providers,"CUB (UK) LTD,ENGIE POWER LIMITED,AXLE ENERGY LIMITED,GALLAGHER AGGREGATES LIMITED,AMP (via Urban Reserve (AssetCo 2) Limited),UTILITA ENERGY LIMITED,GRIDIMP LTD,PERSE TECHNOLOGY LIMITED,SSE DIGITAL SERVICES LIMITED,AMP (via Urban Reserve (AssetCo) Limited),INFINIS LIMITED,EQUIWATT LIMITED, HILDEBRAND TECHNOLOGY LIMITED,GRIDBEYOND LIMITED,OCTOPUS ENERGY LIMITED,DRAX ENERGY SOLUTIONS LIMITED, OAKTREE POWER LIMITED,BRITISH GAS TRADING LIMITED"
28/02/2025,16:00,16:30,500,Live,0,All Providers,"CUB (UK) LTD,ENGIE POWER LIMITED,AXLE ENERGY LIMITED,GALLAGHER AGGREGATES LIMITED,AMP (via Urban Reserve (AssetCo 2) Limited),UTILITA ENERGY LIMITED,GRIDIMP LTD,PERSE TECHNOLOGY LIMITED,SSE DIGITAL SERVICES LIMITED,AMP (via Urban Reserve (AssetCo) Limited),INFINIS LIMITED,EQUIWATT LIMITED, HILDEBRAND TECHNOLOGY LIMITED,GRIDBEYOND LIMITED,OCTOPUS ENERGY LIMITED,DRAX ENERGY SOLUTIONS LIMITED, OAKTREE POWER LIMITED,BRITISH GAS TRADING LIMITED"
28/02/2025,16:30,17:00,500,Live,0,All Providers,"CUB (UK) LTD,ENGIE POWER LIMITED,AXLE ENERGY LIMITED,GALLAGHER AGGREGATES LIMITED,AMP (via Urban Reserve (AssetCo 2) Limited),UTILITA ENERGY LIMITED,GRIDIMP LTD,PERSE TECHNOLOGY LIMITED,SSE DIGITAL SERVICES LIMITED,AMP (via Urban Reserve (AssetCo) Limited),INFINIS LIMITED,EQUIWATT LIMITED, HILDEBRAND TECHNOLOGY LIMITED,GRIDBEYOND LIMITED,OCTOPUS ENERGY LIMITED,DRAX ENERGY SOLUTIONS LIMITED, OAKTREE POWER LIMITED,BRITISH GAS TRADING LIMITED"
28/02/2025,17:00,17:30,500,Live,0,All Providers,"CUB (UK) LTD,ENGIE POWER LIMITED,AXLE ENERGY LIMITED,GALLAGHER AGGREGATES LIMITED,AMP (via Urban Reserve (AssetCo 2) Limited),UTILITA ENERGY LIMITED,GRIDIMP LTD,PERSE TECHNOLOGY LIMITED,SSE DIGITAL SERVICES LIMITED,AMP (via Urban Reserve (AssetCo) Limited),INFINIS LIMITED,EQUIWATT LIMITED, HILDEBRAND TECHNOLOGY LIMITED,GRIDBEYOND LIMITED,OCTOPUS ENERGY LIMITED,DRAX ENERGY SOLUTIONS LIMITED, OAKTREE POWER LIMITED,BRITISH GAS TRADING LIMITED"
28/02/2025,17:30,18:00,500,Live,0,All Providers,"CUB (UK) LTD,ENGIE POWER LIMITED,AXLE ENERGY LIMITED,GALLAGHER AGGREGATES LIMITED,AMP (via Urban Reserve (AssetCo 2) Limited),UTILITA ENERGY LIMITED,GRIDIMP LTD,PERSE TECHNOLOGY LIMITED,SSE DIGITAL SERVICES LIMITED,AMP (via Urban Reserve (AssetCo) Limited),INFINIS LIMITED,EQUIWATT LIMITED, HILDEBRAND TECHNOLOGY LIMITED,GRIDBEYOND LIMITED,OCTOPUS ENERGY LIMITED,DRAX ENERGY SOLUTIONS LIMITED, OAKTREE POWER LIMITED,BRITISH GAS TRADING LIMITED"
28/02/2025,18:00,18:30,500,Live,0,All Providers,"CUB (UK) LTD,ENGIE POWER LIMITED,AXLE ENERGY LIMITED,GALLAGHER AGGREGATES LIMITED,AMP (via Urban Reserve (AssetCo 2) Limited),UTILITA ENERGY LIMITED,GRIDIMP LTD,PERSE TECHNOLOGY LIMITED,SSE DIGITAL SERVICES LIMITED,AMP (via Urban Reserve (AssetCo) Limited),INFINIS LIMITED,EQUIWATT LIMITED, HILDEBRAND TECHNOLOGY LIMITED,GRIDBEYOND LIMITED,OCTOPUS ENERGY LIMITED,DRAX ENERGY SOLUTIONS LIMITED, OAKTREE POWER LIMITED,BRITISH GAS TRADING LIMITED"
28/02/2025,18:30,19:00,500,Live,0,All Providers,"CUB (UK) LTD,ENGIE POWER LIMITED,AXLE ENERGY LIMITED,GALLAGHER AGGREGATES LIMITED,AMP (via Urban Reserve (AssetCo 2) Limited),UTILITA ENERGY LIMITED,GRIDIMP LTD,PERSE TECHNOLOGY LIMITED,SSE DIGITAL SERVICES LIMITED,AMP (via Urban Reserve (AssetCo) Limited),INFINIS LIMITED,EQUIWATT LIMITED, HILDEBRAND TECHNOLOGY LIMITED,GRIDBEYOND LIMITED,OCTOPUS ENERGY LIMITED,DRAX ENERGY SOLUTIONS LIMITED, OAKTREE POWER LIMITED,BRITISH GAS TRADING LIMITED"
25/02/2025,16:00,16:30,500,Live,0,All Providers,"CUB (UK) LTD,ENGIE POWER LIMITED,AXLE ENERGY LIMITED,GALLAGHER AGGREGATES LIMITED,AMP (via Urban Reserve (AssetCo 2) Limited),UTILITA ENERGY LIMITED,GRIDIMP LTD,PERSE TECHNOLOGY LIMITED,SSE DIGITAL SERVICES LIMITED,AMP (via Urban Reserve (AssetCo) Limited),INFINIS LIMITED,EQUIWATT LIMITED, HILDEBRAND TECHNOLOGY LIMITED,GRIDBEYOND LIMITED,OCTOPUS ENERGY LIMITED,DRAX ENERGY SOLUTIONS LIMITED, OAKTREE POWER LIMITED,BRITISH GAS TRADING LIMITED"
25/02/2025,16:30,17:00,500,Live,0,All Providers,"CUB (UK) LTD,ENGIE POWER LIMITED,AXLE ENERGY LIMITED,GALLAGHER AGGREGATES LIMITED,AMP (via Urban Reserve (AssetCo 2) Limited),UTILITA ENERGY LIMITED,GRIDIMP LTD,PERSE TECHNOLOGY LIMITED,SSE DIGITAL SERVICES LIMITED,AMP (via Urban Reserve (AssetCo) Limited),INFINIS LIMITED,EQUIWATT LIMITED, HILDEBRAND TECHNOLOGY LIMITED,GRIDBEYOND LIMITED,OCTOPUS ENERGY LIMITED,DRAX ENERGY SOLUTIONS LIMITED, OAKTREE POWER LIMITED,BRITISH GAS TRADING LIMITED"
25/02/2025,17:00,17:30,500,Live,0,All Providers,"CUB (UK) LTD,ENGIE POWER LIMITED,AXLE ENERGY LIMITED,GALLAGHER AGGREGATES LIMITED,AMP (via Urban Reserve (AssetCo 2) Limited),UTILITA ENERGY LIMITED,GRIDIMP LTD,PERSE TECHNOLOGY LIMITED,SSE DIGITAL SERVICES LIMITED,AMP (via Urban Reserve (AssetCo) Limited),INFINIS LIMITED,EQUIWATT LIMITED, HILDEBRAND TECHNOLOGY LIMITED,GRIDBEYOND LIMITED,OCTOPUS ENERGY LIMITED,DRAX ENERGY SOLUTIONS LIMITED, OAKTREE POWER LIMITED,BRITISH GAS TRADING LIMITED"
25/02/2025,17:30,18:00,500,Live,0,All Providers,"CUB (UK) LTD,ENGIE POWER LIMITED,AXLE ENERGY LIMITED,GALLAGHER AGGREGATES LIMITED,AMP (via Urban Reserve (AssetCo 2) Limited),UTILITA ENERGY LIMITED,GRIDIMP LTD,PERSE TECHNOLOGY LIMITED,SSE DIGITAL SERVICES LIMITED,AMP (via Urban Reserve (AssetCo) Limited),INFINIS LIMITED,EQUIWATT LIMITED, HILDEBRAND TECHNOLOGY LIMITED,GRIDBEYOND LIMITED,OCTOPUS ENERGY LIMITED,DRAX ENERGY SOLUTIONS LIMITED, OAKTREE POWER LIMITED,BRITISH GAS TRADING LIMITED"
25/02/2025,18:00,18:30,500,Live,0,All Providers,"CUB (UK) LTD,ENGIE POWER LIMITED,AXLE ENERGY LIMITED,GALLAGHER AGGREGATES LIMITED,AMP (via Urban Reserve (AssetCo 2) Limited),UTILITA ENERGY LIMITED,GRIDIMP LTD,PERSE TECHNOLOGY LIMITED,SSE DIGITAL SERVICES LIMITED,AMP (via Urban Reserve (AssetCo) Limited),INFINIS LIMITED,EQUIWATT LIMITED, HILDEBRAND TECHNOLOGY LIMITED,GRIDBEYOND LIMITED,OCTOPUS ENERGY LIMITED,DRAX ENERGY SOLUTIONS LIMITED, OAKTREE POWER LIMITED,BRITISH GAS TRADING LIMITED"
25/02/2025,18:30,19:00,500,Live,0,All Providers,"CUB (UK) LTD,ENGIE POWER LIMITED,AXLE ENERGY LIMITED,GALLAGHER AGGREGATES LIMITED,AMP (via Urban Reserve (AssetCo 2) Limited),UTILITA ENERGY LIMITED,GRIDIMP LTD,PERSE TECHNOLOGY LIMITED,SSE DIGITAL SERVICES LIMITED,AMP (via Urban Reserve (AssetCo) Limited),INFINIS LIMITED,EQUIWATT LIMITED, HILDEBRAND TECHNOLOGY LIMITED,GRIDBEYOND LIMITED,OCTOPUS ENERGY LIMITED,DRAX ENERGY SOLUTIONS LIMITED, OAKTREE POWER LIMITED,BRITISH GAS TRADING LIMITED"
24/02/2025,16:00,16:30,500,Live,0,All Providers,"CUB (UK) LTD,ENGIE POWER LIMITED,AXLE ENERGY LIMITED,GALLAGHER AGGREGATES LIMITED,AMP (via Urban Reserve (AssetCo 2) Limited),UTILITA ENERGY LIMITED,GRIDIMP LTD,PERSE TECHNOLOGY LIMITED,SSE DIGITAL SERVICES LIMITED,AMP (via Urban Reserve (AssetCo) Limited),INFINIS LIMITED,EQUIWATT LIMITED, HILDEBRAND TECHNOLOGY LIMITED,GRIDBEYOND LIMITED,OCTOPUS ENERGY LIMITED,DRAX ENERGY SOLUTIONS LIMITED, OAKTREE POWER LIMITED,BRITISH GAS TRADING LIMITED"
24/02/2025,16:30,17:00,500,Live,0,All Providers,"CUB (UK) LTD,ENGIE POWER LIMITED,AXLE ENERGY LIMITED,GALLAGHER AGGREGATES LIMITED,AMP (via Urban Reserve (AssetCo 2) Limited),UTILITA ENERGY LIMITED,GRIDIMP LTD,PERSE TECHNOLOGY LIMITED,SSE DIGITAL SERVICES LIMITED,AMP (via Urban Reserve (AssetCo) Limited),INFINIS LIMITED,EQUIWATT LIMITED, HILDEBRAND TECHNOLOGY LIMITED,GRIDBEYOND LIMITED,OCTOPUS ENERGY LIMITED,DRAX ENERGY SOLUTIONS LIMITED, OAKTREE POWER LIMITED,BRITISH GAS TRADING LIMITED"
24/02/2025,17:00,17:30,500,Live,0,All Providers,"CUB (UK) LTD,ENGIE POWER LIMITED,AXLE ENERGY LIMITED,GALLAGHER AGGREGATES LIMITED,AMP (via Urban Reserve (AssetCo 2) Limited),UTILITA ENERGY LIMITED,GRIDIMP LTD,PERSE TECHNOLOGY LIMITED,SSE DIGITAL SERVICES LIMITED,AMP (via Urban Reserve (AssetCo) Limited),INFINIS LIMITED,EQUIWATT LIMITED, HILDEBRAND TECHNOLOGY LIMITED,GRIDBEYOND LIMITED,OCTOPUS ENERGY LIMITED,DRAX ENERGY SOLUTIONS LIMITED, OAKTREE POWER LIMITED,BRITISH GAS TRADING LIMITED"
24/02/2025,17:30,18:00,500,Live,0,All Providers,"CUB (UK) LTD,ENGIE POWER LIMITED,AXLE ENERGY LIMITED,GALLAGHER AGGREGATES LIMITED,AMP (via Urban Reserve (AssetCo 2) Limited),UTILITA ENERGY LIMITED,GRIDIMP LTD,PERSE TECHNOLOGY LIMITED,SSE DIGITAL SERVICES LIMITED,AMP (via Urban Reserve (AssetCo) Limited),INFINIS LIMITED,EQUIWATT LIMITED, HILDEBRAND TECHNOLOGY LIMITED,GRIDBEYOND LIMITED,OCTOPUS ENERGY LIMITED,DRAX ENERGY SOLUTIONS LIMITED, OAKTREE POWER LIMITED,BRITISH GAS TRADING LIMITED"
24/02/2025,18:00,18:30,500,Live,0,All Providers,"CUB (UK) LTD,ENGIE POWER LIMITED,AXLE ENERGY LIMITED,GALLAGHER AGGREGATES LIMITED,AMP (via Urban Reserve (AssetCo 2) Limited),UTILITA ENERGY LIMITED,GRIDIMP LTD,PERSE TECHNOLOGY LIMITED,SSE DIGITAL SERVICES LIMITED,AMP (via Urban Reserve (AssetCo) Limited),INFINIS LIMITED,EQUIWATT LIMITED, HILDEBRAND TECHNOLOGY LIMITED,GRIDBEYOND LIMITED,OCTOPUS ENERGY LIMITED,DRAX ENERGY SOLUTIONS LIMITED, OAKTREE POWER LIMITED,BRITISH GAS TRADING LIMITED"
24/02/2025,18:30,19:00,500,Live,0,All Providers,"CUB (UK) LTD,ENGIE POWER LIMITED,AXLE ENERGY LIMITED,GALLAGHER AGGREGATES LIMITED,AMP (via Urban Reserve (AssetCo 2) Limited),UTILITA ENERGY LIMITED,GRIDIMP LTD,PERSE TECHNOLOGY LIMITED,SSE DIGITAL SERVICES LIMITED,AMP (via Urban Reserve (AssetCo) Limited),INFINIS LIMITED,EQUIWATT LIMITED, HILDEBRAND TECHNOLOGY LIMITED,GRIDBEYOND LIMITED,OCTOPUS ENERGY LIMITED,DRAX ENERGY SOLUTIONS LIMITED, OAKTREE POWER LIMITED,BRITISH GAS TRADING LIMITED"
23/02/2025,16:00,16:30,500,Live,0,All Providers,"CUB (UK) LTD,ENGIE POWER LIMITED,AXLE ENERGY LIMITED,GALLAGHER AGGREGATES LIMITED,AMP (via Urban Reserve (AssetCo 2) Limited),UTILITA ENERGY LIMITED,GRIDIMP LTD,PERSE TECHNOLOGY LIMITED,SSE DIGITAL SERVICES LIMITED,AMP (via Urban Reserve (AssetCo) Limited),INFINIS LIMITED,EQUIWATT LIMITED, HILDEBRAND TECHNOLOGY LIMITED,GRIDBEYOND LIMITED,OCTOPUS ENERGY LIMITED,DRAX ENERGY SOLUTIONS LIMITED, OAKTREE POWER LIMITED,BRITISH GAS TRADING LIMITED"
23/02/2025,16:30,17:00,500,Live,0,All Providers,"CUB (UK) LTD,ENGIE POWER LIMITED,AXLE ENERGY LIMITED,GALLAGHER AGGREGATES LIMITED,AMP (via Urban Reserve (AssetCo 2) Limited),UTILITA ENERGY LIMITED,GRIDIMP LTD,PERSE TECHNOLOGY LIMITED,SSE DIGITAL SERVICES LIMITED,AMP (via Urban Reserve (AssetCo) Limited),INFINIS LIMITED,EQUIWATT LIMITED, HILDEBRAND TECHNOLOGY LIMITED,GRIDBEYOND LIMITED,OCTOPUS ENERGY LIMITED,DRAX ENERGY SOLUTIONS LIMITED, OAKTREE POWER LIMITED,BRITISH GAS TRADING LIMITED"
23/02/2025,17:00,17:30,500,Live,0,All Providers,"CUB (UK) LTD,ENGIE POWER LIMITED,AXLE ENERGY LIMITED,GALLAGHER AGGREGATES LIMITED,AMP (via Urban Reserve (AssetCo 2) Limited),UTILITA ENERGY LIMITED,GRIDIMP LTD,PERSE TECHNOLOGY LIMITED,SSE DIGITAL SERVICES LIMITED,AMP (via Urban Reserve (AssetCo) Limited),INFINIS LIMITED,EQUIWATT LIMITED, HILDEBRAND TECHNOLOGY LIMITED,GRIDBEYOND LIMITED,OCTOPUS ENERGY LIMITED,DRAX ENERGY SOLUTIONS LIMITED, OAKTREE POWER LIMITED,BRITISH GAS TRADING LIMITED"
23/02/2025,17:30,18:00,500,Live,0,All Providers,"CUB (UK) LTD,ENGIE POWER LIMITED,AXLE ENERGY LIMITED,GALLAGHER AGGREGATES LIMITED,AMP (via Urban Reserve (AssetCo 2) Limited),UTILITA ENERGY LIMITED,GRIDIMP LTD,PERSE TECHNOLOGY LIMITED,SSE DIGITAL SERVICES LIMITED,AMP (via Urban Reserve (AssetCo) Limited),INFINIS LIMITED,EQUIWATT LIMITED, HILDEBRAND TECHNOLOGY LIMITED,GRIDBEYOND LIMITED,OCTOPUS ENERGY LIMITED,DRAX ENERGY SOLUTIONS LIMITED, OAKTREE POWER LIMITED,BRITISH GAS TRADING LIMITED"
23/02/2025,18:00,18:30,500,Live,0,All Providers,"CUB (UK) LTD,ENGIE POWER LIMITED,AXLE ENERGY LIMITED,GALLAGHER AGGREGATES LIMITED,AMP (via Urban Reserve (AssetCo 2) Limited),UTILITA ENERGY LIMITED,GRIDIMP LTD,PERSE TECHNOLOGY LIMITED,SSE DIGITAL SERVICES LIMITED,AMP (via Urban Reserve (AssetCo) Limited),INFINIS LIMITED,EQUIWATT LIMITED, HILDEBRAND TECHNOLOGY LIMITED,GRIDBEYOND LIMITED,OCTOPUS ENERGY LIMITED,DRAX ENERGY SOLUTIONS LIMITED, OAKTREE POWER LIMITED,BRITISH GAS TRADING LIMITED"
23/02/2025,18:30,19:00,500,Live,0,All Providers,"CUB (UK) LTD,ENGIE POWER LIMITED,AXLE ENERGY LIMITED,GALLAGHER AGGREGATES LIMITED,AMP (via Urban Reserve (AssetCo 2) Limited),UTILITA ENERGY LIMITED,GRIDIMP LTD,PERSE TECHNOLOGY LIMITED,SSE DIGITAL SERVICES LIMITED,AMP (via Urban Reserve (AssetCo) Limited),INFINIS LIMITED,EQUIWATT LIMITED, HILDEBRAND TECHNOLOGY LIMITED,GRIDBEYOND LIMITED,OCTOPUS ENERGY LIMITED,DRAX ENERGY SOLUTIONS LIMITED, OAKTREE POWER LIMITED,BRITISH GAS TRADING LIMITED"
20/02/2025,16:00,16:30,500,Live,0,All Providers,"CUB (UK) LTD,ENGIE POWER LIMITED,AXLE ENERGY LIMITED,GALLAGHER AGGREGATES LIMITED,AMP (via Urban Reserve (AssetCo 2) Limited),UTILITA ENERGY LIMITED,GRIDIMP LTD,PERSE TECHNOLOGY LIMITED,SSE DIGITAL SERVICES LIMITED,AMP (via Urban Reserve (AssetCo) Limited),INFINIS LIMITED,EQUIWATT LIMITED,HILDEBRAND TECHNOLOGY LIMITED,GRIDBEYOND LIMITED,OCTOPUS ENERGY LIMITED,DRAX ENERGY SOLUTIONS LIMITED,OAKTREE POWER LIMITED,BRITISH GAS TRADING LIMITED"
20/02/2025,16:30,17:00,500,Live,0,All Providers,"CUB (UK) LTD,ENGIE POWER LIMITED,AXLE ENERGY LIMITED,GALLAGHER AGGREGATES LIMITED,AMP (via Urban Reserve (AssetCo 2) Limited),UTILITA ENERGY LIMITED,GRIDIMP LTD,PERSE TECHNOLOGY LIMITED,SSE DIGITAL SERVICES LIMITED,AMP (via Urban Reserve (AssetCo) Limited),INFINIS LIMITED,EQUIWATT LIMITED,HILDEBRAND TECHNOLOGY LIMITED,GRIDBEYOND LIMITED,OCTOPUS ENERGY LIMITED,DRAX ENERGY SOLUTIONS LIMITED,OAKTREE POWER LIMITED,BRITISH GAS TRADING LIMITED"
20/02/2025,17:00,17:30,500,Live,0,All Providers,"CUB (UK) LTD,ENGIE POWER LIMITED,AXLE ENERGY LIMITED,GALLAGHER AGGREGATES LIMITED,AMP (via Urban Reserve (AssetCo 2) Limited),UTILITA ENERGY LIMITED,GRIDIMP LTD,PERSE TECHNOLOGY LIMITED,SSE DIGITAL SERVICES LIMITED,AMP (via Urban Reserve (AssetCo) Limited),INFINIS LIMITED,EQUIWATT LIMITED,HILDEBRAND TECHNOLOGY LIMITED,GRIDBEYOND LIMITED,OCTOPUS ENERGY LIMITED,DRAX ENERGY SOLUTIONS LIMITED,OAKTREE POWER LIMITED,BRITISH GAS TRADING LIMITED"
20/02/2025,17:30,18:00,500,Live,0,All Providers,"CUB (UK) LTD,ENGIE POWER LIMITED,AXLE ENERGY LIMITED,GALLAGHER AGGREGATES LIMITED,AMP (via Urban Reserve (AssetCo 2) Limited),UTILITA ENERGY LIMITED,GRIDIMP LTD,PERSE TECHNOLOGY LIMITED,SSE DIGITAL SERVICES LIMITED,AMP (via Urban Reserve (AssetCo) Limited),INFINIS LIMITED,EQUIWATT LIMITED,HILDEBRAND TECHNOLOGY LIMITED,GRIDBEYOND LIMITED,OCTOPUS ENERGY LIMITED,DRAX ENERGY SOLUTIONS LIMITED,OAKTREE POWER LIMITED,BRITISH GAS TRADING LIMITED"
20/02/2025,18:00,18:30,500,Live,0,All Providers,"CUB (UK) LTD,ENGIE POWER LIMITED,AXLE ENERGY LIMITED,GALLAGHER AGGREGATES LIMITED,AMP (via Urban Reserve (AssetCo 2) Limited),UTILITA ENERGY LIMITED,GRIDIMP LTD,PERSE TECHNOLOGY LIMITED,SSE DIGITAL SERVICES LIMITED,AMP (via Urban Reserve (AssetCo) Limited),INFINIS LIMITED,EQUIWATT LIMITED,HILDEBRAND TECHNOLOGY LIMITED,GRIDBEYOND LIMITED,OCTOPUS ENERGY LIMITED,DRAX ENERGY SOLUTIONS LIMITED,OAKTREE POWER LIMITED,BRITISH GAS TRADING LIMITED"
20/02/2025,18:30,19:00,500,Live,0,All Providers,"CUB (UK) LTD,ENGIE POWER LIMITED,AXLE ENERGY LIMITED,GALLAGHER AGGREGATES LIMITED,AMP (via Urban Reserve (AssetCo 2) Limited),UTILITA ENERGY LIMITED,GRIDIMP LTD,PERSE TECHNOLOGY LIMITED,SSE DIGITAL SERVICES LIMITED,AMP (via Urban Reserve (AssetCo) Limited),INFINIS LIMITED,EQUIWATT LIMITED,HILDEBRAND TECHNOLOGY LIMITED,GRIDBEYOND LIMITED,OCTOPUS ENERGY LIMITED,DRAX ENERGY SOLUTIONS LIMITED,OAKTREE POWER LIMITED,BRITISH GAS TRADING LIMITED"
19/02/2025,16:00,16:30,500,Live,0,All Providers,"CUB (UK) LTD,ENGIE POWER LIMITED,AXLE ENERGY LIMITED,GALLAGHER AGGREGATES LIMITED,AMP (via Urban Reserve (AssetCo 2) Limited),UTILITA ENERGY LIMITED,GRIDIMP LTD,PERSE TECHNOLOGY LIMITED,SSE DIGITAL SERVICES LIMITED,AMP (via Urban Reserve (AssetCo) Limited),INFINIS LIMITED,EQUIWATT LIMITED,HILDEBRAND TECHNOLOGY LIMITED,GRIDBEYOND LIMITED,OCTOPUS ENERGY LIMITED,DRAX ENERGY SOLUTIONS LIMITED,OAKTREE POWER LIMITED,BRITISH GAS TRADING LIMITED"
19/02/2025,16:30,17:00,500,Live,0,All Providers,"CUB (UK) LTD,ENGIE POWER LIMITED,AXLE ENERGY LIMITED,GALLAGHER AGGREGATES LIMITED,AMP (via Urban Reserve (AssetCo 2) Limited),UTILITA ENERGY LIMITED,GRIDIMP LTD,PERSE TECHNOLOGY LIMITED,SSE DIGITAL SERVICES LIMITED,AMP (via Urban Reserve (AssetCo) Limited),INFINIS LIMITED,EQUIWATT LIMITED,HILDEBRAND TECHNOLOGY LIMITED,GRIDBEYOND LIMITED,OCTOPUS ENERGY LIMITED,DRAX ENERGY SOLUTIONS LIMITED,OAKTREE POWER LIMITED,BRITISH GAS TRADING LIMITED"
19/02/2025,17:00,17:30,500,Live,0,All Providers,"CUB (UK) LTD,ENGIE POWER LIMITED,AXLE ENERGY LIMITED,GALLAGHER AGGREGATES LIMITED,AMP (via Urban Reserve (AssetCo 2) Limited),UTILITA ENERGY LIMITED,GRIDIMP LTD,PERSE TECHNOLOGY LIMITED,SSE DIGITAL SERVICES LIMITED,AMP (via Urban Reserve (AssetCo) Limited),INFINIS LIMITED,EQUIWATT LIMITED,HILDEBRAND TECHNOLOGY LIMITED,GRIDBEYOND LIMITED,OCTOPUS ENERGY LIMITED,DRAX ENERGY SOLUTIONS LIMITED,OAKTREE POWER LIMITED,BRITISH GAS TRADING LIMITED"
19/02/2025,17:30,18:00,500,Live,0,All Providers,"CUB (UK) LTD,ENGIE POWER LIMITED,AXLE ENERGY LIMITED,GALLAGHER AGGREGATES LIMITED,AMP (via Urban Reserve (AssetCo 2) Limited),UTILITA ENERGY LIMITED,GRIDIMP LTD,PERSE TECHNOLOGY LIMITED,SSE DIGITAL SERVICES LIMITED,AMP (via Urban Reserve (AssetCo) Limited),INFINIS LIMITED,EQUIWATT LIMITED,HILDEBRAND TECHNOLOGY LIMITED,GRIDBEYOND LIMITED,OCTOPUS ENERGY LIMITED,DRAX ENERGY SOLUTIONS LIMITED,OAKTREE POWER LIMITED,BRITISH GAS TRADING LIMITED"
19/02/2025,18:00,18:30,500,Live,0,All Providers,"CUB (UK) LTD,ENGIE POWER LIMITED,AXLE ENERGY LIMITED,GALLAGHER AGGREGATES LIMITED,AMP (via Urban Reserve (AssetCo 2) Limited),UTILITA ENERGY LIMITED,GRIDIMP LTD,PERSE TECHNOLOGY LIMITED,SSE DIGITAL SERVICES LIMITED,AMP (via Urban Reserve (AssetCo) Limited),INFINIS LIMITED,EQUIWATT LIMITED,HILDEBRAND TECHNOLOGY LIMITED,GRIDBEYOND LIMITED,OCTOPUS ENERGY LIMITED,DRAX ENERGY SOLUTIONS LIMITED,OAKTREE POWER LIMITED,BRITISH GAS TRADING LIMITED"
19/02/2025,18:30,19:00,500,Live,0,All Providers,"CUB (UK) LTD,ENGIE POWER LIMITED,AXLE ENERGY LIMITED,GALLAGHER AGGREGATES LIMITED,AMP (via Urban Reserve (AssetCo 2) Limited),UTILITA ENERGY LIMITED,GRIDIMP LTD,PERSE TECHNOLOGY LIMITED,SSE DIGITAL SERVICES LIMITED,AMP (via Urban Reserve (AssetCo) Limited),INFINIS LIMITED,EQUIWATT LIMITED,HILDEBRAND TECHNOLOGY LIMITED,GRIDBEYOND LIMITED,OCTOPUS ENERGY LIMITED,DRAX ENERGY SOLUTIONS LIMITED,OAKTREE POWER LIMITED,BRITISH GAS TRADING LIMITED"
18/02/2025,16:00,16:30,300,Live,0,All Providers,"CUB (UK) LTD,ENGIE POWER LIMITED,AXLE ENERGY LIMITED,GALLAGHER AGGREGATES LIMITED,AMP (via Urban Reserve (AssetCo 2) Limited),UTILITA ENERGY LIMITED,GRIDIMP LTD,PERSE TECHNOLOGY LIMITED,SSE DIGITAL SERVICES LIMITED,AMP (via Urban Reserve (AssetCo) Limited),INFINIS LIMITED,EQUIWATT LIMITED,HILDEBRAND TECHNOLOGY LIMITED,GRIDBEYOND LIMITED,OCTOPUS ENERGY LIMITED,DRAX ENERGY SOLUTIONS LIMITED,OAKTREE POWER LIMITED,BRITISH GAS TRADING LIMITED"
18/02/2025,16:30,17:00,300,Live,0,All Providers,"CUB (UK) LTD,ENGIE POWER LIMITED,AXLE ENERGY LIMITED,GALLAGHER AGGREGATES LIMITED,AMP (via Urban Reserve (AssetCo 2) Limited),UTILITA ENERGY LIMITED,GRIDIMP LTD,PERSE TECHNOLOGY LIMITED,SSE DIGITAL SERVICES LIMITED,AMP (via Urban Reserve (AssetCo) Limited),INFINIS LIMITED,EQUIWATT LIMITED,HILDEBRAND TECHNOLOGY LIMITED,GRIDBEYOND LIMITED,OCTOPUS ENERGY LIMITED,DRAX ENERGY SOLUTIONS LIMITED,OAKTREE POWER LIMITED,BRITISH GAS TRADING LIMITED"
18/02/2025,17:00,17:30,500,Live,0,All Providers,"CUB (UK) LTD,ENGIE POWER LIMITED,AXLE ENERGY LIMITED,GALLAGHER AGGREGATES LIMITED,AMP (via Urban Reserve (AssetCo 2) Limited),UTILITA ENERGY LIMITED,GRIDIMP LTD,PERSE TECHNOLOGY LIMITED,SSE DIGITAL SERVICES LIMITED,AMP (via Urban Reserve (AssetCo) Limited),INFINIS LIMITED,EQUIWATT LIMITED,HILDEBRAND TECHNOLOGY LIMITED,GRIDBEYOND LIMITED,OCTOPUS ENERGY LIMITED,DRAX ENERGY SOLUTIONS LIMITED,OAKTREE POWER LIMITED,BRITISH GAS TRADING LIMITED"
18/02/2025,17:30,18:00,500,Live,0,All Providers,"CUB (UK) LTD,ENGIE POWER LIMITED,AXLE ENERGY LIMITED,GALLAGHER AGGREGATES LIMITED,AMP (via Urban Reserve (AssetCo 2) Limited),UTILITA ENERGY LIMITED,GRIDIMP LTD,PERSE TECHNOLOGY LIMITED,SSE DIGITAL SERVICES LIMITED,AMP (via Urban Reserve (AssetCo) Limited),INFINIS LIMITED,EQUIWATT LIMITED,HILDEBRAND TECHNOLOGY LIMITED,GRIDBEYOND LIMITED,OCTOPUS ENERGY LIMITED,DRAX ENERGY SOLUTIONS LIMITED,OAKTREE POWER LIMITED,BRITISH GAS TRADING LIMITED"
17/02/2025,17:00,17:30,500,Live,0,All Providers,"CUB (UK) LTD,ENGIE POWER LIMITED,AXLE ENERGY LIMITED,GALLAGHER AGGREGATES LIMITED,AMP (via Urban Reserve (AssetCo 2) Limited),UTILITA ENERGY LIMITED,GRIDIMP LTD,PERSE TECHNOLOGY LIMITED,SSE DIGITAL SERVICES LIMITED,AMP (via Urban Reserve (AssetCo) Limited),INFINIS LIMITED,EQUIWATT LIMITED,HILDEBRAND TECHNOLOGY LIMITED,GRIDBEYOND LIMITED,OCTOPUS ENERGY LIMITED,DRAX ENERGY SOLUTIONS LIMITED,OAKTREE POWER LIMITED,BRITISH GAS TRADING LIMITED"
17/02/2025,17:30,18:00,500,Live,0,All Providers,"CUB (UK) LTD,ENGIE POWER LIMITED,AXLE ENERGY LIMITED,GALLAGHER AGGREGATES LIMITED,AMP (via Urban Reserve (AssetCo 2) Limited),UTILITA ENERGY LIMITED,GRIDIMP LTD,PERSE TECHNOLOGY LIMITED,SSE DIGITAL SERVICES LIMITED,AMP (via Urban Reserve (AssetCo) Limited),INFINIS LIMITED,EQUIWATT LIMITED,HILDEBRAND TECHNOLOGY LIMITED,GRIDBEYOND LIMITED,OCTOPUS ENERGY LIMITED,DRAX ENERGY SOLUTIONS LIMITED,OAKTREE POWER LIMITED,BRITISH GAS TRADING LIMITED"
17/02/2025,18:00,18:30,500,Live,0,All Providers,"CUB (UK) LTD,ENGIE POWER LIMITED,AXLE ENERGY LIMITED,GALLAGHER AGGREGATES LIMITED,AMP (via Urban Reserve (AssetCo 2) Limited),UTILITA ENERGY LIMITED,GRIDIMP LTD,PERSE TECHNOLOGY LIMITED,SSE DIGITAL SERVICES LIMITED,AMP (via Urban Reserve (AssetCo) Limited),INFINIS LIMITED,EQUIWATT LIMITED,HILDEBRAND TECHNOLOGY LIMITED,GRIDBEYOND LIMITED,OCTOPUS ENERGY LIMITED,DRAX ENERGY SOLUTIONS LIMITED,OAKTREE POWER LIMITED,BRITISH GAS TRADING LIMITED"
17/02/2025,18:30,19:00,500,Live,0,All Providers,"CUB (UK) LTD,ENGIE POWER LIMITED,AXLE ENERGY LIMITED,GALLAGHER AGGREGATES LIMITED,AMP (via Urban Reserve (AssetCo 2) Limited),UTILITA ENERGY LIMITED,GRIDIMP LTD,PERSE TECHNOLOGY LIMITED,SSE DIGITAL SERVICES LIMITED,AMP (via Urban Reserve (AssetCo) Limited),INFINIS LIMITED,EQUIWATT LIMITED,HILDEBRAND TECHNOLOGY LIMITED,GRIDBEYOND LIMITED,OCTOPUS ENERGY LIMITED,DRAX ENERGY SOLUTIONS LIMITED,OAKTREE POWER LIMITED,BRITISH GAS TRADING LIMITED"
14/02/2025,16:00,16:30,500,Live,0,All Providers,"CUB (UK) LTD,ENGIE POWER LIMITED,AXLE ENERGY LIMITED,GALLAGHER AGGREGATES LIMITED,AMP (via Urban Reserve (AssetCo 2) Limited),UTILITA ENERGY LIMITED,GRIDIMP LTD,PERSE TECHNOLOGY LIMITED,SSE DIGITAL SERVICES LIMITED,AMP (via Urban Reserve (AssetCo) Limited),INFINIS LIMITED,EQUIWATT LIMITED,HILDEBRAND TECHNOLOGY LIMITED,GRIDBEYOND LIMITED,OCTOPUS ENERGY LIMITED,DRAX ENERGY SOLUTIONS LIMITED,OAKTREE POWER LIMITED,BRITISH GAS TRADING LIMITED"
14/02/2025,16:30,17:00,500,Live,0,All Providers,"CUB (UK) LTD,ENGIE POWER LIMITED,AXLE ENERGY LIMITED,GALLAGHER AGGREGATES LIMITED,AMP (via Urban Reserve (AssetCo 2) Limited),UTILITA ENERGY LIMITED,GRIDIMP LTD,PERSE TECHNOLOGY LIMITED,SSE DIGITAL SERVICES LIMITED,AMP (via Urban Reserve (AssetCo) Limited),INFINIS LIMITED,EQUIWATT LIMITED,HILDEBRAND TECHNOLOGY LIMITED,GRIDBEYOND LIMITED,OCTOPUS ENERGY LIMITED,DRAX ENERGY SOLUTIONS LIMITED,OAKTREE POWER LIMITED,BRITISH GAS TRADING LIMITED"
14/02/2025,17:00,17:30,500,Live,0,All Providers,"CUB (UK) LTD,ENGIE POWER LIMITED,AXLE ENERGY LIMITED,GALLAGHER AGGREGATES LIMITED,AMP (via Urban Reserve (AssetCo 2) Limited),UTILITA ENERGY LIMITED,GRIDIMP LTD,PERSE TECHNOLOGY LIMITED,SSE DIGITAL SERVICES LIMITED,AMP (via Urban Reserve (AssetCo) Limited),INFINIS LIMITED,EQUIWATT LIMITED,HILDEBRAND TECHNOLOGY LIMITED,GRIDBEYOND LIMITED,OCTOPUS ENERGY LIMITED,DRAX ENERGY SOLUTIONS LIMITED,OAKTREE POWER LIMITED,BRITISH GAS TRADING LIMITED"
14/02/2025,17:30,18:00,500,Live,0,All Providers,"CUB (UK) LTD,ENGIE POWER LIMITED,AXLE ENERGY LIMITED,GALLAGHER AGGREGATES LIMITED,AMP (via Urban Reserve (AssetCo 2) Limited),UTILITA ENERGY LIMITED,GRIDIMP LTD,PERSE TECHNOLOGY LIMITED,SSE DIGITAL SERVICES LIMITED,AMP (via Urban Reserve (AssetCo) Limited),INFINIS LIMITED,EQUIWATT LIMITED,HILDEBRAND TECHNOLOGY LIMITED,GRIDBEYOND LIMITED,OCTOPUS ENERGY LIMITED,DRAX ENERGY SOLUTIONS LIMITED,OAKTREE POWER LIMITED,BRITISH GAS TRADING LIMITED"
14/02/2025,18:00,18:30,500,Live,0,All Providers,"CUB (UK) LTD,ENGIE POWER LIMITED,AXLE ENERGY LIMITED,GALLAGHER AGGREGATES LIMITED,AMP (via Urban Reserve (AssetCo 2) Limited),UTILITA ENERGY LIMITED,GRIDIMP LTD,PERSE TECHNOLOGY LIMITED,SSE DIGITAL SERVICES LIMITED,AMP (via Urban Reserve (AssetCo) Limited),INFINIS LIMITED,EQUIWATT LIMITED,HILDEBRAND TECHNOLOGY LIMITED,GRIDBEYOND LIMITED,OCTOPUS ENERGY LIMITED,DRAX ENERGY SOLUTIONS LIMITED,OAKTREE POWER LIMITED,BRITISH GAS TRADING LIMITED"
14/02/2025,18:30,19:00,500,Live,0,All Providers,"CUB (UK) LTD,ENGIE POWER LIMITED,AXLE ENERGY LIMITED,GALLAGHER AGGREGATES LIMITED,AMP (via Urban Reserve (AssetCo 2) Limited),UTILITA ENERGY LIMITED,GRIDIMP LTD,PERSE TECHNOLOGY LIMITED,SSE DIGITAL SERVICES LIMITED,AMP (via Urban Reserve (AssetCo) Limited),INFINIS LIMITED,EQUIWATT LIMITED,HILDEBRAND TECHNOLOGY LIMITED,GRIDBEYOND LIMITED,OCTOPUS ENERGY LIMITED,DRAX ENERGY SOLUTIONS LIMITED,OAKTREE POWER LIMITED,BRITISH GAS TRADING LIMITED"
12/02/2025,16:00,16:30,300,Live,0,All Providers,"CUB (UK) LTD,ENGIE POWER LIMITED,AXLE ENERGY LIMITED,GALLAGHER AGGREGATES LIMITED,AMP (via Urban Reserve (AssetCo 2) Limited),UTILITA ENERGY LIMITED,GRIDIMP LTD,PERSE TECHNOLOGY LIMITED,SSE DIGITAL SERVICES LIMITED,AMP (via Urban Reserve (AssetCo) Limited),INFINIS LIMITED,EQUIWATT LIMITED,HILDEBRAND TECHNOLOGY LIMITED,GRIDBEYOND LIMITED,OCTOPUS ENERGY LIMITED,DRAX ENERGY SOLUTIONS LIMITED,OAKTREE POWER LIMITED,BRITISH GAS TRADING LIMITED"
12/02/2025,16:30,17:00,300,Live,0,All Providers,"CUB (UK) LTD,ENGIE POWER LIMITED,AXLE ENERGY LIMITED,GALLAGHER AGGREGATES LIMITED,AMP (via Urban Reserve (AssetCo 2) Limited),UTILITA ENERGY LIMITED,GRIDIMP LTD,PERSE TECHNOLOGY LIMITED,SSE DIGITAL SERVICES LIMITED,AMP (via Urban Reserve (AssetCo) Limited),INFINIS LIMITED,EQUIWATT LIMITED,HILDEBRAND TECHNOLOGY LIMITED,GRIDBEYOND LIMITED,OCTOPUS ENERGY LIMITED,DRAX ENERGY SOLUTIONS LIMITED,OAKTREE POWER LIMITED,BRITISH GAS TRADING LIMITED"
12/02/2025,17:00,17:30,300,Live,0,All Providers,"CUB (UK) LTD,ENGIE POWER LIMITED,AXLE ENERGY LIMITED,GALLAGHER AGGREGATES LIMITED,AMP (via Urban Reserve (AssetCo 2) Limited),UTILITA ENERGY LIMITED,GRIDIMP LTD,PERSE TECHNOLOGY LIMITED,SSE DIGITAL SERVICES LIMITED,AMP (via Urban Reserve (AssetCo) Limited),INFINIS LIMITED,EQUIWATT LIMITED,HILDEBRAND TECHNOLOGY LIMITED,GRIDBEYOND LIMITED,OCTOPUS ENERGY LIMITED,DRAX ENERGY SOLUTIONS LIMITED,OAKTREE POWER LIMITED,BRITISH GAS TRADING LIMITED"
12/02/2025,17:30,18:00,300,Live,0,All Providers,"CUB (UK) LTD,ENGIE POWER LIMITED,AXLE ENERGY LIMITED,GALLAGHER AGGREGATES LIMITED,AMP (via Urban Reserve (AssetCo 2) Limited),UTILITA ENERGY LIMITED,GRIDIMP LTD,PERSE TECHNOLOGY LIMITED,SSE DIGITAL SERVICES LIMITED,AMP (via Urban Reserve (AssetCo) Limited),INFINIS LIMITED,EQUIWATT LIMITED,HILDEBRAND TECHNOLOGY LIMITED,GRIDBEYOND LIMITED,OCTOPUS ENERGY LIMITED,DRAX ENERGY SOLUTIONS LIMITED,OAKTREE POWER LIMITED,BRITISH GAS TRADING LIMITED"
12/02/2025,18:00,18:30,300,Live,0,All Providers,"CUB (UK) LTD,ENGIE POWER LIMITED,AXLE ENERGY LIMITED,GALLAGHER AGGREGATES LIMITED,AMP (via Urban Reserve (AssetCo 2) Limited),UTILITA ENERGY LIMITED,GRIDIMP LTD,PERSE TECHNOLOGY LIMITED,SSE DIGITAL SERVICES LIMITED,AMP (via Urban Reserve (AssetCo) Limited),INFINIS LIMITED,EQUIWATT LIMITED,HILDEBRAND TECHNOLOGY LIMITED,GRIDBEYOND LIMITED,OCTOPUS ENERGY LIMITED,DRAX ENERGY SOLUTIONS LIMITED,OAKTREE POWER LIMITED,BRITISH GAS TRADING LIMITED"
12/02/2025,18:30,19:00,300,Live,0,All Providers,"CUB (UK) LTD,ENGIE POWER LIMITED,AXLE ENERGY LIMITED,GALLAGHER AGGREGATES LIMITED,AMP (via Urban Reserve (AssetCo 2) Limited),UTILITA ENERGY LIMITED,GRIDIMP LTD,PERSE TECHNOLOGY LIMITED,SSE DIGITAL SERVICES LIMITED,AMP (via Urban Reserve (AssetCo) Limited),INFINIS LIMITED,EQUIWATT LIMITED,HILDEBRAND TECHNOLOGY LIMITED,GRIDBEYOND LIMITED,OCTOPUS ENERGY LIMITED,DRAX ENERGY SOLUTIONS LIMITED,OAKTREE POWER LIMITED,BRITISH GAS TRADING LIMITED"
11/02/2025,17:00,17:30,200,Live,0,All Providers,"CUB (UK) LTD,ENGIE POWER LIMITED,AXLE ENERGY LIMITED,GALLAGHER AGGREGATES LIMITED,AMP (via Urban Reserve (AssetCo 2) Limited),UTILITA ENERGY LIMITED,GRIDIMP LTD,PERSE TECHNOLOGY LIMITED,SSE DIGITAL SERVICES LIMITED,AMP (via Urban Reserve (AssetCo) Limited),INFINIS LIMITED,EQUIWATT LIMITED,HILDEBRAND TECHNOLOGY LIMITED,GRIDBEYOND LIMITED,OCTOPUS ENERGY LIMITED,DRAX ENERGY SOLUTIONS LIMITED,OAKTREE POWER LIMITED,BRITISH GAS TRADING LIMITED"
11/02/2025,17:30,18:00,200,Live,0,All Providers,"CUB (UK) LTD,ENGIE POWER LIMITED,AXLE ENERGY LIMITED,GALLAGHER AGGREGATES LIMITED,AMP (via Urban Reserve (AssetCo 2) Limited),UTILITA ENERGY LIMITED,GRIDIMP LTD,PERSE TECHNOLOGY LIMITED,SSE DIGITAL SERVICES LIMITED,AMP (via Urban Reserve (AssetCo) Limited),INFINIS LIMITED,EQUIWATT LIMITED,HILDEBRAND TECHNOLOGY LIMITED,GRIDBEYOND LIMITED,OCTOPUS ENERGY LIMITED,DRAX ENERGY SOLUTIONS LIMITED,OAKTREE POWER LIMITED,BRITISH GAS TRADING LIMITED"
11/02/2025,18:00,18:30,200,Live,0,All Providers,"CUB (UK) LTD,ENGIE POWER LIMITED,AXLE ENERGY LIMITED,GALLAGHER AGGREGATES LIMITED,AMP (via Urban Reserve (AssetCo 2) Limited),UTILITA ENERGY LIMITED,GRIDIMP LTD,PERSE TECHNOLOGY LIMITED,SSE DIGITAL SERVICES LIMITED,AMP (via Urban Reserve (AssetCo) Limited),INFINIS LIMITED,EQUIWATT LIMITED,HILDEBRAND TECHNOLOGY LIMITED,GRIDBEYOND LIMITED,OCTOPUS ENERGY LIMITED,DRAX ENERGY SOLUTIONS LIMITED,OAKTREE POWER LIMITED,BRITISH GAS TRADING LIMITED"
11/02/2025,18:30,19:00,200,Live,0,All Providers,"CUB (UK) LTD,ENGIE POWER LIMITED,AXLE ENERGY LIMITED,GALLAGHER AGGREGATES LIMITED,AMP (via Urban Reserve (AssetCo 2) Limited),UTILITA ENERGY LIMITED,GRIDIMP LTD,PERSE TECHNOLOGY LIMITED,SSE DIGITAL SERVICES LIMITED,AMP (via Urban Reserve (AssetCo) Limited),INFINIS LIMITED,EQUIWATT LIMITED,HILDEBRAND TECHNOLOGY LIMITED,GRIDBEYOND LIMITED,OCTOPUS ENERGY LIMITED,DRAX ENERGY SOLUTIONS LIMITED,OAKTREE POWER LIMITED,BRITISH GAS TRADING LIMITED"
09/02/2025,16:00,16:30,400,Live,0,All Providers,"CUB (UK) LTD,ENGIE POWER LIMITED,AXLE ENERGY LIMITED,GALLAGHER AGGREGATES LIMITED,AMP (via Urban Reserve (AssetCo 2) Limited),UTILITA ENERGY LIMITED,GRIDIMP LTD,PERSE TECHNOLOGY LIMITED,SSE DIGITAL SERVICES LIMITED,AMP (via Urban Reserve (AssetCo) Limited),INFINIS LIMITED,EQUIWATT LIMITED,HILDEBRAND TECHNOLOGY LIMITED,GRIDBEYOND LIMITED,OCTOPUS ENERGY LIMITED,DRAX ENERGY SOLUTIONS LIMITED,OAKTREE POWER LIMITED,BRITISH GAS TRADING LIMITED"
09/02/2025,16:30,17:00,400,Live,0,All Providers,"CUB (UK) LTD,ENGIE POWER LIMITED,AXLE ENERGY LIMITED,GALLAGHER AGGREGATES LIMITED,AMP (via Urban Reserve (AssetCo 2) Limited),UTILITA ENERGY LIMITED,GRIDIMP LTD,PERSE TECHNOLOGY LIMITED,SSE DIGITAL SERVICES LIMITED,AMP (via Urban Reserve (AssetCo) Limited),INFINIS LIMITED,EQUIWATT LIMITED,HILDEBRAND TECHNOLOGY LIMITED,GRIDBEYOND LIMITED,OCTOPUS ENERGY LIMITED,DRAX ENERGY SOLUTIONS LIMITED,OAKTREE POWER LIMITED,BRITISH GAS TRADING LIMITED"
09/02/2025,17:00,17:30,400,Live,0,All Providers,"CUB (UK) LTD,ENGIE POWER LIMITED,AXLE ENERGY LIMITED,GALLAGHER AGGREGATES LIMITED,AMP (via Urban Reserve (AssetCo 2) Limited),UTILITA ENERGY LIMITED,GRIDIMP LTD,PERSE TECHNOLOGY LIMITED,SSE DIGITAL SERVICES LIMITED,AMP (via Urban Reserve (AssetCo) Limited),INFINIS LIMITED,EQUIWATT LIMITED,HILDEBRAND TECHNOLOGY LIMITED,GRIDBEYOND LIMITED,OCTOPUS ENERGY LIMITED,DRAX ENERGY SOLUTIONS LIMITED,OAKTREE POWER LIMITED,BRITISH GAS TRADING LIMITED"
09/02/2025,17:30,18:00,400,Live,0,All Providers,"CUB (UK) LTD,ENGIE POWER LIMITED,AXLE ENERGY LIMITED,GALLAGHER AGGREGATES LIMITED,AMP (via Urban Reserve (AssetCo 2) Limited),UTILITA ENERGY LIMITED,GRIDIMP LTD,PERSE TECHNOLOGY LIMITED,SSE DIGITAL SERVICES LIMITED,AMP (via Urban Reserve (AssetCo) Limited),INFINIS LIMITED,EQUIWATT LIMITED,HILDEBRAND TECHNOLOGY LIMITED,GRIDBEYOND LIMITED,OCTOPUS ENERGY LIMITED,DRAX ENERGY SOLUTIONS LIMITED,OAKTREE POWER LIMITED,BRITISH GAS TRADING LIMITED"
09/02/2025,18:00,18:30,500,Live,0,All Providers,"CUB (UK) LTD,ENGIE POWER LIMITED,AXLE ENERGY LIMITED,GALLAGHER AGGREGATES LIMITED,AMP (via Urban Reserve (AssetCo 2) Limited),UTILITA ENERGY LIMITED,GRIDIMP LTD,PERSE TECHNOLOGY LIMITED,SSE DIGITAL SERVICES LIMITED,AMP (via Urban Reserve (AssetCo) Limited),INFINIS LIMITED,EQUIWATT LIMITED,HILDEBRAND TECHNOLOGY LIMITED,GRIDBEYOND LIMITED,OCTOPUS ENERGY LIMITED,DRAX ENERGY SOLUTIONS LIMITED,OAKTREE POWER LIMITED,BRITISH GAS TRADING LIMITED"
09/02/2025,18:30,19:00,500,Live,0,All Providers,"CUB (UK) LTD,ENGIE POWER LIMITED,AXLE ENERGY LIMITED,GALLAGHER AGGREGATES LIMITED,AMP (via Urban Reserve (AssetCo 2) Limited),UTILITA ENERGY LIMITED,GRIDIMP LTD,PERSE TECHNOLOGY LIMITED,SSE DIGITAL SERVICES LIMITED,AMP (via Urban Reserve (AssetCo) Limited),INFINIS LIMITED,EQUIWATT LIMITED,HILDEBRAND TECHNOLOGY LIMITED,GRIDBEYOND LIMITED,OCTOPUS ENERGY LIMITED,DRAX ENERGY SOLUTIONS LIMITED,OAKTREE POWER LIMITED,BRITISH GAS TRADING LIMITED"
06/02/2025,16:00,16:30,500,Live,0,All Providers,"CUB (UK) LTD,ENGIE POWER LIMITED,AXLE ENERGY LIMITED,GALLAGHER AGGREGATES LIMITED,AMP (via Urban Reserve (AssetCo 2) Limited),UTILITA ENERGY LIMITED,GRIDIMP LTD,PERSE TECHNOLOGY LIMITED,SSE DIGITAL SERVICES LIMITED,AMP (via Urban Reserve (AssetCo) Limited),INFINIS LIMITED,EQUIWATT LIMITED,HILDEBRAND TECHNOLOGY LIMITED,GRIDBEYOND LIMITED,OCTOPUS ENERGY LIMITED,DRAX ENERGY SOLUTIONS LIMITED,OAKTREE POWER LIMITED,BRITISH GAS TRADING LIMITED"
06/02/2025,16:30,17:00,500,Live,0,All Providers,"CUB (UK) LTD,ENGIE POWER LIMITED,AXLE ENERGY LIMITED,GALLAGHER AGGREGATES LIMITED,AMP (via Urban Reserve (AssetCo 2) Limited),UTILITA ENERGY LIMITED,GRIDIMP LTD,PERSE TECHNOLOGY LIMITED,SSE DIGITAL SERVICES LIMITED,AMP (via Urban Reserve (AssetCo) Limited),INFINIS LIMITED,EQUIWATT LIMITED,HILDEBRAND TECHNOLOGY LIMITED,GRIDBEYOND LIMITED,OCTOPUS ENERGY LIMITED,DRAX ENERGY SOLUTIONS LIMITED,OAKTREE POWER LIMITED,BRITISH GAS TRADING LIMITED"
06/02/2025,17:00,17:30,500,Live,0,All Providers,"CUB (UK) LTD,ENGIE POWER LIMITED,AXLE ENERGY LIMITED,GALLAGHER AGGREGATES LIMITED,AMP (via Urban Reserve (AssetCo 2) Limited),UTILITA ENERGY LIMITED,GRIDIMP LTD,PERSE TECHNOLOGY LIMITED,SSE DIGITAL SERVICES LIMITED,AMP (via Urban Reserve (AssetCo) Limited),INFINIS LIMITED,EQUIWATT LIMITED,HILDEBRAND TECHNOLOGY LIMITED,GRIDBEYOND LIMITED,OCTOPUS ENERGY LIMITED,DRAX ENERGY SOLUTIONS LIMITED,OAKTREE POWER LIMITED,BRITISH GAS TRADING LIMITED"
06/02/2025,17:30,18:00,500,Live,0,All Providers,"CUB (UK) LTD,ENGIE POWER LIMITED,AXLE ENERGY LIMITED,GALLAGHER AGGREGATES LIMITED,AMP (via Urban Reserve (AssetCo 2) Limited),UTILITA ENERGY LIMITED,GRIDIMP LTD,PERSE TECHNOLOGY LIMITED,SSE DIGITAL SERVICES LIMITED,AMP (via Urban Reserve (AssetCo) Limited),INFINIS LIMITED,EQUIWATT LIMITED,HILDEBRAND TECHNOLOGY LIMITED,GRIDBEYOND LIMITED,OCTOPUS ENERGY LIMITED,DRAX ENERGY SOLUTIONS LIMITED,OAKTREE POWER LIMITED,BRITISH GAS TRADING LIMITED"
06/02/2025,18:00,18:30,500,Live,0,All Providers,"CUB (UK) LTD,ENGIE POWER LIMITED,AXLE ENERGY LIMITED,GALLAGHER AGGREGATES LIMITED,AMP (via Urban Reserve (AssetCo 2) Limited),UTILITA ENERGY LIMITED,GRIDIMP LTD,PERSE TECHNOLOGY LIMITED,SSE DIGITAL SERVICES LIMITED,AMP (via Urban Reserve (AssetCo) Limited),INFINIS LIMITED,EQUIWATT LIMITED,HILDEBRAND TECHNOLOGY LIMITED,GRIDBEYOND LIMITED,OCTOPUS ENERGY LIMITED,DRAX ENERGY SOLUTIONS LIMITED,OAKTREE POWER LIMITED,BRITISH GAS TRADING LIMITED"
06/02/2025,18:30,19:00,500,Live,0,All Providers,"CUB (UK) LTD,ENGIE POWER LIMITED,AXLE ENERGY LIMITED,GALLAGHER AGGREGATES LIMITED,AMP (via Urban Reserve (AssetCo 2) Limited),UTILITA ENERGY LIMITED,GRIDIMP LTD,PERSE TECHNOLOGY LIMITED,SSE DIGITAL SERVICES LIMITED,AMP (via Urban Reserve (AssetCo) Limited),INFINIS LIMITED,EQUIWATT LIMITED,HILDEBRAND TECHNOLOGY LIMITED,GRIDBEYOND LIMITED,OCTOPUS ENERGY LIMITED,DRAX ENERGY SOLUTIONS LIMITED,OAKTREE POWER LIMITED,BRITISH GAS TRADING LIMITED"
05/02/2025,16:00,16:30,500,Live,0,All Providers,"CUB (UK) LTD,ENGIE POWER LIMITED,AXLE ENERGY LIMITED,GALLAGHER AGGREGATES LIMITED,AMP (via Urban Reserve (AssetCo 2) Limited),UTILITA ENERGY LIMITED,GRIDIMP LTD,PERSE TECHNOLOGY LIMITED,SSE DIGITAL SERVICES LIMITED,AMP (via Urban Reserve (AssetCo) Limited),INFINIS LIMITED,EQUIWATT LIMITED,HILDEBRAND TECHNOLOGY LIMITED,GRIDBEYOND LIMITED,OCTOPUS ENERGY LIMITED,DRAX ENERGY SOLUTIONS LIMITED,OAKTREE POWER LIMITED,BRITISH GAS TRADING LIMITED"
05/02/2025,16:30,17:00,500,Live,0,All Providers,"CUB (UK) LTD,ENGIE POWER LIMITED,AXLE ENERGY LIMITED,GALLAGHER AGGREGATES LIMITED,AMP (via Urban Reserve (AssetCo 2) Limited),UTILITA ENERGY LIMITED,GRIDIMP LTD,PERSE TECHNOLOGY LIMITED,SSE DIGITAL SERVICES LIMITED,AMP (via Urban Reserve (AssetCo) Limited),INFINIS LIMITED,EQUIWATT LIMITED,HILDEBRAND TECHNOLOGY LIMITED,GRIDBEYOND LIMITED,OCTOPUS ENERGY LIMITED,DRAX ENERGY SOLUTIONS LIMITED,OAKTREE POWER LIMITED,BRITISH GAS TRADING LIMITED"
05/02/2025,17:00,17:30,500,Live,0,All Providers,"CUB (UK) LTD,ENGIE POWER LIMITED,AXLE ENERGY LIMITED,GALLAGHER AGGREGATES LIMITED,AMP (via Urban Reserve (AssetCo 2) Limited),UTILITA ENERGY LIMITED,GRIDIMP LTD,PERSE TECHNOLOGY LIMITED,SSE DIGITAL SERVICES LIMITED,AMP (via Urban Reserve (AssetCo) Limited),INFINIS LIMITED,EQUIWATT LIMITED,HILDEBRAND TECHNOLOGY LIMITED,GRIDBEYOND LIMITED,OCTOPUS ENERGY LIMITED,DRAX ENERGY SOLUTIONS LIMITED,OAKTREE POWER LIMITED,BRITISH GAS TRADING LIMITED"
05/02/2025,17:30,18:00,500,Live,0,All Providers,"CUB (UK) LTD,ENGIE POWER LIMITED,AXLE ENERGY LIMITED,GALLAGHER AGGREGATES LIMITED,AMP (via Urban Reserve (AssetCo 2) Limited),UTILITA ENERGY LIMITED,GRIDIMP LTD,PERSE TECHNOLOGY LIMITED,SSE DIGITAL SERVICES LIMITED,AMP (via Urban Reserve (AssetCo) Limited),INFINIS LIMITED,EQUIWATT LIMITED,HILDEBRAND TECHNOLOGY LIMITED,GRIDBEYOND LIMITED,OCTOPUS ENERGY LIMITED,DRAX ENERGY SOLUTIONS LIMITED,OAKTREE POWER LIMITED,BRITISH GAS TRADING LIMITED"
05/02/2025,18:00,18:30,500,Live,0,All Providers,"CUB (UK) LTD,ENGIE POWER LIMITED,AXLE ENERGY LIMITED,GALLAGHER AGGREGATES LIMITED,AMP (via Urban Reserve (AssetCo 2) Limited),UTILITA ENERGY LIMITED,GRIDIMP LTD,PERSE TECHNOLOGY LIMITED,SSE DIGITAL SERVICES LIMITED,AMP (via Urban Reserve (AssetCo) Limited),INFINIS LIMITED,EQUIWATT LIMITED,HILDEBRAND TECHNOLOGY LIMITED,GRIDBEYOND LIMITED,OCTOPUS ENERGY LIMITED,DRAX ENERGY SOLUTIONS LIMITED,OAKTREE POWER LIMITED,BRITISH GAS TRADING LIMITED"
05/02/2025,18:30,19:00,500,Live,0,All Providers,"CUB (UK) LTD,ENGIE POWER LIMITED,AXLE ENERGY LIMITED,GALLAGHER AGGREGATES LIMITED,AMP (via Urban Reserve (AssetCo 2) Limited),UTILITA ENERGY LIMITED,GRIDIMP LTD,PERSE TECHNOLOGY LIMITED,SSE DIGITAL SERVICES LIMITED,AMP (via Urban Reserve (AssetCo) Limited),INFINIS LIMITED,EQUIWATT LIMITED,HILDEBRAND TECHNOLOGY LIMITED,GRIDBEYOND LIMITED,OCTOPUS ENERGY LIMITED,DRAX ENERGY SOLUTIONS LIMITED,OAKTREE POWER LIMITED,BRITISH GAS TRADING LIMITED"
03/02/2025,16:00,16:30,500,Live,0,All Providers,"CUB (UK) LTD,ENGIE POWER LIMITED,AXLE ENERGY LIMITED,GALLAGHER AGGREGATES LIMITED,AMP (via Urban Reserve (AssetCo 2) Limited),UTILITA ENERGY LIMITED,GRIDIMP LTD,PERSE TECHNOLOGY LIMITED,AMP (via Urban Reserve (AssetCo) Limited),INFINIS LIMITED,EQUIWATT LIMITED LTD,HILDEBRAND TECHNOLOGY LIMITED,GRIDBEYOND LIMITED,OCTOPUS ENERGY LIMITED,DRAX ENERGY SOLUTIONS LIMITED,OAKTREE POWER LIMITED"
03/02/2025,16:30,17:00,500,Live,0,All Providers,"CUB (UK) LTD,ENGIE POWER LIMITED,AXLE ENERGY LIMITED,GALLAGHER AGGREGATES LIMITED,AMP (via Urban Reserve (AssetCo 2) Limited),UTILITA ENERGY LIMITED,GRIDIMP LTD,PERSE TECHNOLOGY LIMITED,AMP (via Urban Reserve (AssetCo) Limited),INFINIS LIMITED,EQUIWATT LIMITED LTD,HILDEBRAND TECHNOLOGY LIMITED,GRIDBEYOND LIMITED,OCTOPUS ENERGY LIMITED,DRAX ENERGY SOLUTIONS LIMITED,OAKTREE POWER LIMITED"
03/02/2025,17:00,17:30,500,Live,0,All Providers,"CUB (UK) LTD,ENGIE POWER LIMITED,AXLE ENERGY LIMITED,GALLAGHER AGGREGATES LIMITED,AMP (via Urban Reserve (AssetCo 2) Limited),UTILITA ENERGY LIMITED,GRIDIMP LTD,PERSE TECHNOLOGY LIMITED,AMP (via Urban Reserve (AssetCo) Limited),INFINIS LIMITED,EQUIWATT LIMITED LTD,HILDEBRAND TECHNOLOGY LIMITED,GRIDBEYOND LIMITED,OCTOPUS ENERGY LIMITED,DRAX ENERGY SOLUTIONS LIMITED,OAKTREE POWER LIMITED"
03/02/2025,17:30,18:00,500,Live,0,All Providers,"CUB (UK) LTD,ENGIE POWER LIMITED,AXLE ENERGY LIMITED,GALLAGHER AGGREGATES LIMITED,AMP (via Urban Reserve (AssetCo 2) Limited),UTILITA ENERGY LIMITED,GRIDIMP LTD,PERSE TECHNOLOGY LIMITED,AMP (via Urban Reserve (AssetCo) Limited),INFINIS LIMITED,EQUIWATT LIMITED LTD,HILDEBRAND TECHNOLOGY LIMITED,GRIDBEYOND LIMITED,OCTOPUS ENERGY LIMITED,DRAX ENERGY SOLUTIONS LIMITED,OAKTREE POWER LIMITED"
03/02/2025,18:00,18:30,500,Live,0,All Providers,"CUB (UK) LTD,ENGIE POWER LIMITED,AXLE ENERGY LIMITED,GALLAGHER AGGREGATES LIMITED,AMP (via Urban Reserve (AssetCo 2) Limited),UTILITA ENERGY LIMITED,GRIDIMP LTD,PERSE TECHNOLOGY LIMITED,AMP (via Urban Reserve (AssetCo) Limited),INFINIS LIMITED,EQUIWATT LIMITED LTD,HILDEBRAND TECHNOLOGY LIMITED,GRIDBEYOND LIMITED,OCTOPUS ENERGY LIMITED,DRAX ENERGY SOLUTIONS LIMITED,OAKTREE POWER LIMITED"
03/02/2025,18:30,19:00,500,Live,0,All Providers,"CUB (UK) LTD,ENGIE POWER LIMITED,AXLE ENERGY LIMITED,GALLAGHER AGGREGATES LIMITED,AMP (via Urban Reserve (AssetCo 2) Limited),UTILITA ENERGY LIMITED,GRIDIMP LTD,PERSE TECHNOLOGY LIMITED,AMP (via Urban Reserve (AssetCo) Limited),INFINIS LIMITED,EQUIWATT LIMITED LTD,HILDEBRAND TECHNOLOGY LIMITED,GRIDBEYOND LIMITED,OCTOPUS ENERGY LIMITED,DRAX ENERGY SOLUTIONS LIMITED,OAKTREE POWER LIMITED"
02/02/2025,16:00,16:30,500,Live,0,All Providers,"CUB (UK) LTD,ENGIE POWER LIMITED,AXLE ENERGY LIMITED,GALLAGHER AGGREGATES LIMITED,AMP (via Urban Reserve (AssetCo 2) Limited),UTILITA ENERGY LIMITED,GRIDIMP LTD,PERSE TECHNOLOGY LIMITED, AMP (via Urban Reserve (AssetCo) Limited),INFINIS LIMITED,EQUIWATT LIMITED,HILDEBRAND TECHNOLOGY LIMITED,GRIDBEYOND LIMITED,OCTOPUS ENERGY LIMITED,DRAX ENERGY SOLUTIONS LIMITED,OAKTREE POWER LIMITED"
02/02/2025,16:30,17:00,500,Live,0,All Providers,"CUB (UK) LTD,ENGIE POWER LIMITED,AXLE ENERGY LIMITED,GALLAGHER AGGREGATES LIMITED,AMP (via Urban Reserve (AssetCo 2) Limited),UTILITA ENERGY LIMITED,GRIDIMP LTD,PERSE TECHNOLOGY LIMITED, AMP (via Urban Reserve (AssetCo) Limited),INFINIS LIMITED,EQUIWATT LIMITED,HILDEBRAND TECHNOLOGY LIMITED,GRIDBEYOND LIMITED,OCTOPUS ENERGY LIMITED,DRAX ENERGY SOLUTIONS LIMITED,OAKTREE POWER LIMITED"
02/02/2025,17:00,17:30,500,Live,0,All Providers,"CUB (UK) LTD,ENGIE POWER LIMITED,AXLE ENERGY LIMITED,GALLAGHER AGGREGATES LIMITED,AMP (via Urban Reserve (AssetCo 2) Limited),UTILITA ENERGY LIMITED,GRIDIMP LTD,PERSE TECHNOLOGY LIMITED, AMP (via Urban Reserve (AssetCo) Limited),INFINIS LIMITED,EQUIWATT LIMITED,HILDEBRAND TECHNOLOGY LIMITED,GRIDBEYOND LIMITED,OCTOPUS ENERGY LIMITED,DRAX ENERGY SOLUTIONS LIMITED,OAKTREE POWER LIMITED"
02/02/2025,17:30,18:00,500,Live,0,All Providers,"CUB (UK) LTD,ENGIE POWER LIMITED,AXLE ENERGY LIMITED,GALLAGHER AGGREGATES LIMITED,AMP (via Urban Reserve (AssetCo 2) Limited),UTILITA ENERGY LIMITED,GRIDIMP LTD,PERSE TECHNOLOGY LIMITED, AMP (via Urban Reserve (AssetCo) Limited),INFINIS LIMITED,EQUIWATT LIMITED,HILDEBRAND TECHNOLOGY LIMITED,GRIDBEYOND LIMITED,OCTOPUS ENERGY LIMITED,DRAX ENERGY SOLUTIONS LIMITED,OAKTREE POWER LIMITED"
02/02/2025,18:00,18:30,500,Live,0,All Providers,"CUB (UK) LTD,ENGIE POWER LIMITED,AXLE ENERGY LIMITED,GALLAGHER AGGREGATES LIMITED,AMP (via Urban Reserve (AssetCo 2) Limited),UTILITA ENERGY LIMITED,GRIDIMP LTD,PERSE TECHNOLOGY LIMITED, AMP (via Urban Reserve (AssetCo) Limited),INFINIS LIMITED,EQUIWATT LIMITED,HILDEBRAND TECHNOLOGY LIMITED,GRIDBEYOND LIMITED,OCTOPUS ENERGY LIMITED,DRAX ENERGY SOLUTIONS LIMITED,OAKTREE POWER LIMITED"
02/02/2025,18:30,19:00,500,Live,0,All Providers,"CUB (UK) LTD,ENGIE POWER LIMITED,AXLE ENERGY LIMITED,GALLAGHER AGGREGATES LIMITED,AMP (via Urban Reserve (AssetCo 2) Limited),UTILITA ENERGY LIMITED,GRIDIMP LTD,PERSE TECHNOLOGY LIMITED, AMP (via Urban Reserve (AssetCo) Limited),INFINIS LIMITED,EQUIWATT LIMITED,HILDEBRAND TECHNOLOGY LIMITED,GRIDBEYOND LIMITED,OCTOPUS ENERGY LIMITED,DRAX ENERGY SOLUTIONS LIMITED,OAKTREE POWER LIMITED"
29/01/2025,16:00,16:30,500,Live,0,All Providers,"CUB (UK) LTD,ENGIE POWER LIMITED,AXLE ENERGY LIMITED,GALLAGHER AGGREGATES LIMITED,AMP (via Urban Reserve (AssetCo 2) Limited),UTILITA ENERGY LIMITED,GRIDIMP LTD,PERSE TECHNOLOGY LIMITED, AMP (via Urban Reserve (AssetCo) Limited),INFINIS LIMITED,EQUIWATT LIMITED,HILDEBRAND TECHNOLOGY LIMITED,GRIDBEYOND LIMITED,OCTOPUS ENERGY LIMITED,DRAX ENERGY SOLUTIONS LIMITED,OAKTREE POWER LIMITED"
29/01/2025,16:30,17:00,500,Live,0,All Providers,"CUB (UK) LTD,ENGIE POWER LIMITED,AXLE ENERGY LIMITED,GALLAGHER AGGREGATES LIMITED,AMP (via Urban Reserve (AssetCo 2) Limited),UTILITA ENERGY LIMITED,GRIDIMP LTD,PERSE TECHNOLOGY LIMITED, AMP (via Urban Reserve (AssetCo) Limited),INFINIS LIMITED,EQUIWATT LIMITED,HILDEBRAND TECHNOLOGY LIMITED,GRIDBEYOND LIMITED,OCTOPUS ENERGY LIMITED,DRAX ENERGY SOLUTIONS LIMITED,OAKTREE POWER LIMITED"
29/01/2025,17:00,17:30,500,Live,0,All Providers,"CUB (UK) LTD,ENGIE POWER LIMITED,AXLE ENERGY LIMITED,GALLAGHER AGGREGATES LIMITED,AMP (via Urban Reserve (AssetCo 2) Limited),UTILITA ENERGY LIMITED,GRIDIMP LTD,PERSE TECHNOLOGY LIMITED, AMP (via Urban Reserve (AssetCo) Limited),INFINIS LIMITED,EQUIWATT LIMITED,HILDEBRAND TECHNOLOGY LIMITED,GRIDBEYOND LIMITED,OCTOPUS ENERGY LIMITED,DRAX ENERGY SOLUTIONS LIMITED,OAKTREE POWER LIMITED"
29/01/2025,17:30,18:00,500,Live,0,All Providers,"CUB (UK) LTD,ENGIE POWER LIMITED,AXLE ENERGY LIMITED,GALLAGHER AGGREGATES LIMITED,AMP (via Urban Reserve (AssetCo 2) Limited),UTILITA ENERGY LIMITED,GRIDIMP LTD,PERSE TECHNOLOGY LIMITED, AMP (via Urban Reserve (AssetCo) Limited),INFINIS LIMITED,EQUIWATT LIMITED,HILDEBRAND TECHNOLOGY LIMITED,GRIDBEYOND LIMITED,OCTOPUS ENERGY LIMITED,DRAX ENERGY SOLUTIONS LIMITED,OAKTREE POWER LIMITED"
23/01/2025,16:00,16:30,400,Live,0,All Providers,"CUB (UK) LTD,ENGIE POWER LIMITED,AXLE ENERGY LIMITED,GALLAGHER AGGREGATES LIMITED,AMP (via Urban Reserve (AssetCo 2) Limited),UTILITA ENERGY LIMITED,GRIDIMP LTD,PERSE TECHNOLOGY LIMITED, AMP (via Urban Reserve (AssetCo) Limited), INFINIS LIMITED,EQUIWATT LIMITED,HILDEBRAND TECHNOLOGY LIMITED,GRIDBEYOND LIMITED,OCTOPUS ENERGY LIMITED,DRAX ENERGY SOLUTIONS LIMITED,OAKTREE POWER LIMITED"
23/01/2025,16:30,17:00,400,Live,0,All Providers,"CUB (UK) LTD,ENGIE POWER LIMITED,AXLE ENERGY LIMITED,GALLAGHER AGGREGATES LIMITED,AMP (via Urban Reserve (AssetCo 2) Limited),UTILITA ENERGY LIMITED,GRIDIMP LTD,PERSE TECHNOLOGY LIMITED, AMP (via Urban Reserve (AssetCo) Limited), INFINIS LIMITED,EQUIWATT LIMITED,HILDEBRAND TECHNOLOGY LIMITED,GRIDBEYOND LIMITED,OCTOPUS ENERGY LIMITED,DRAX ENERGY SOLUTIONS LIMITED,OAKTREE POWER LIMITED"
23/01/2025,17:00,17:30,400,Live,0,All Providers,"CUB (UK) LTD,ENGIE POWER LIMITED,AXLE ENERGY LIMITED,GALLAGHER AGGREGATES LIMITED,AMP (via Urban Reserve (AssetCo 2) Limited),UTILITA ENERGY LIMITED,GRIDIMP LTD,PERSE TECHNOLOGY LIMITED, AMP (via Urban Reserve (AssetCo) Limited), INFINIS LIMITED,EQUIWATT LIMITED,HILDEBRAND TECHNOLOGY LIMITED,GRIDBEYOND LIMITED,OCTOPUS ENERGY LIMITED,DRAX ENERGY SOLUTIONS LIMITED,OAKTREE POWER LIMITED"
23/01/2025,17:30,18:00,400,Live,0,All Providers,"CUB (UK) LTD,ENGIE POWER LIMITED,AXLE ENERGY LIMITED,GALLAGHER AGGREGATES LIMITED,AMP (via Urban Reserve (AssetCo 2) Limited),UTILITA ENERGY LIMITED,GRIDIMP LTD,PERSE TECHNOLOGY LIMITED, AMP (via Urban Reserve (AssetCo) Limited), INFINIS LIMITED,EQUIWATT LIMITED,HILDEBRAND TECHNOLOGY LIMITED,GRIDBEYOND LIMITED,OCTOPUS ENERGY LIMITED,DRAX ENERGY SOLUTIONS LIMITED,OAKTREE POWER LIMITED"
23/01/2025,18:00,18:30,400,Live,0,All Providers,"CUB (UK) LTD,ENGIE POWER LIMITED,AXLE ENERGY LIMITED,GALLAGHER AGGREGATES LIMITED,AMP (via Urban Reserve (AssetCo 2) Limited),UTILITA ENERGY LIMITED,GRIDIMP LTD,PERSE TECHNOLOGY LIMITED, AMP (via Urban Reserve (AssetCo) Limited), INFINIS LIMITED,EQUIWATT LIMITED,HILDEBRAND TECHNOLOGY LIMITED,GRIDBEYOND LIMITED,OCTOPUS ENERGY LIMITED,DRAX ENERGY SOLUTIONS LIMITED,OAKTREE POWER LIMITED"
23/01/2025,18:30,19:00,400,Live,0,All Providers,"CUB (UK) LTD,ENGIE POWER LIMITED,AXLE ENERGY LIMITED,GALLAGHER AGGREGATES LIMITED,AMP (via Urban Reserve (AssetCo 2) Limited),UTILITA ENERGY LIMITED,GRIDIMP LTD,PERSE TECHNOLOGY LIMITED, AMP (via Urban Reserve (AssetCo) Limited), INFINIS LIMITED,EQUIWATT LIMITED,HILDEBRAND TECHNOLOGY LIMITED,GRIDBEYOND LIMITED,OCTOPUS ENERGY LIMITED,DRAX ENERGY SOLUTIONS LIMITED,OAKTREE POWER LIMITED"
22/01/2025,16:00,16:30,500,Live,0,All Providers,"CUB (UK) LTD,ENGIE POWER LIMITED,AXLE ENERGY LIMITED,GALLAGHER AGGREGATES LIMITED,AMP (via Urban Reserve (AssetCo 2) Limited),UTILITA ENERGY LIMITED,GRIDIMP LTD,PERSE TECHNOLOGY LIMITED, AMP (via Urban Reserve (AssetCo) Limited), INFINIS LIMITED,EQUIWATT LIMITED,HILDEBRAND TECHNOLOGY LIMITED,GRIDBEYOND LIMITED,OCTOPUS ENERGY LIMITED,DRAX ENERGY SOLUTIONS LIMITED,OAKTREE POWER LIMITED"
22/01/2025,16:30,17:00,500,Live,0,All Providers,"CUB (UK) LTD,ENGIE POWER LIMITED,AXLE ENERGY LIMITED,GALLAGHER AGGREGATES LIMITED,AMP (via Urban Reserve (AssetCo 2) Limited),UTILITA ENERGY LIMITED,GRIDIMP LTD,PERSE TECHNOLOGY LIMITED, AMP (via Urban Reserve (AssetCo) Limited), INFINIS LIMITED,EQUIWATT LIMITED,HILDEBRAND TECHNOLOGY LIMITED,GRIDBEYOND LIMITED,OCTOPUS ENERGY LIMITED,DRAX ENERGY SOLUTIONS LIMITED,OAKTREE POWER LIMITED"
22/01/2025,17:00,17:30,500,Live,0,All Providers,"CUB (UK) LTD,ENGIE POWER LIMITED,AXLE ENERGY LIMITED,GALLAGHER AGGREGATES LIMITED,AMP (via Urban Reserve (AssetCo 2) Limited),UTILITA ENERGY LIMITED,GRIDIMP LTD,PERSE TECHNOLOGY LIMITED, AMP (via Urban Reserve (AssetCo) Limited), INFINIS LIMITED,EQUIWATT LIMITED,HILDEBRAND TECHNOLOGY LIMITED,GRIDBEYOND LIMITED,OCTOPUS ENERGY LIMITED,DRAX ENERGY SOLUTIONS LIMITED,OAKTREE POWER LIMITED"
22/01/2025,17:30,18:00,500,Live,0,All Providers,"CUB (UK) LTD,ENGIE POWER LIMITED,AXLE ENERGY LIMITED,GALLAGHER AGGREGATES LIMITED,AMP (via Urban Reserve (AssetCo 2) Limited),UTILITA ENERGY LIMITED,GRIDIMP LTD,PERSE TECHNOLOGY LIMITED, AMP (via Urban Reserve (AssetCo) Limited), INFINIS LIMITED,EQUIWATT LIMITED,HILDEBRAND TECHNOLOGY LIMITED,GRIDBEYOND LIMITED,OCTOPUS ENERGY LIMITED,DRAX ENERGY SOLUTIONS LIMITED,OAKTREE POWER LIMITED"
22/01/2025,18:00,18:30,500,Live,0,All Providers,"CUB (UK) LTD,ENGIE POWER LIMITED,AXLE ENERGY LIMITED,GALLAGHER AGGREGATES LIMITED,AMP (via Urban Reserve (AssetCo 2) Limited),UTILITA ENERGY LIMITED,GRIDIMP LTD,PERSE TECHNOLOGY LIMITED, AMP (via Urban Reserve (AssetCo) Limited), INFINIS LIMITED,EQUIWATT LIMITED,HILDEBRAND TECHNOLOGY LIMITED,GRIDBEYOND LIMITED,OCTOPUS ENERGY LIMITED,DRAX ENERGY SOLUTIONS LIMITED,OAKTREE POWER LIMITED"
22/01/2025,18:30,19:00,500,Live,0,All Providers,"CUB (UK) LTD,ENGIE POWER LIMITED,AXLE ENERGY LIMITED,GALLAGHER AGGREGATES LIMITED,AMP (via Urban Reserve (AssetCo 2) Limited),UTILITA ENERGY LIMITED,GRIDIMP LTD,PERSE TECHNOLOGY LIMITED, AMP (via Urban Reserve (AssetCo) Limited), INFINIS LIMITED,EQUIWATT LIMITED,HILDEBRAND TECHNOLOGY LIMITED,GRIDBEYOND LIMITED,OCTOPUS ENERGY LIMITED,DRAX ENERGY SOLUTIONS LIMITED,OAKTREE POWER LIMITED"
21/01/2025,16:00,16:30,500,Live,0,All Providers,"CUB (UK) LTD,ENGIE POWER LIMITED,AXLE ENERGY LIMITED,GALLAGHER AGGREGATES LIMITED,AMP (via Urban Reserve (AssetCo 2) Limited),UTILITA ENERGY LIMITED,GRIDIMP LTD,PERSE TECHNOLOGY LIMITED, AMP (via Urban Reserve (AssetCo) Limited),INFINIS LIMITED,EQUIWATT LIMITED,HILDEBRAND TECHNOLOGY LIMITED,GRIDBEYOND LIMITED,OCTOPUS ENERGY LIMITED,DRAX ENERGY SOLUTIONS LIMITED,OAKTREE POWER LIMITED"
21/01/2025,16:30,17:00,500,Live,0,All Providers,"CUB (UK) LTD,ENGIE POWER LIMITED,AXLE ENERGY LIMITED,GALLAGHER AGGREGATES LIMITED,AMP (via Urban Reserve (AssetCo 2) Limited),UTILITA ENERGY LIMITED,GRIDIMP LTD,PERSE TECHNOLOGY LIMITED, AMP (via Urban Reserve (AssetCo) Limited),INFINIS LIMITED,EQUIWATT LIMITED,HILDEBRAND TECHNOLOGY LIMITED,GRIDBEYOND LIMITED,OCTOPUS ENERGY LIMITED,DRAX ENERGY SOLUTIONS LIMITED,OAKTREE POWER LIMITED"
21/01/2025,17:00,17:30,500,Live,0,All Providers,"CUB (UK) LTD,ENGIE POWER LIMITED,AXLE ENERGY LIMITED,GALLAGHER AGGREGATES LIMITED,AMP (via Urban Reserve (AssetCo 2) Limited),UTILITA ENERGY LIMITED,GRIDIMP LTD,PERSE TECHNOLOGY LIMITED, AMP (via Urban Reserve (AssetCo) Limited),INFINIS LIMITED,EQUIWATT LIMITED,HILDEBRAND TECHNOLOGY LIMITED,GRIDBEYOND LIMITED,OCTOPUS ENERGY LIMITED,DRAX ENERGY SOLUTIONS LIMITED,OAKTREE POWER LIMITED"
21/01/2025,17:30,18:00,500,Live,0,All Providers,"CUB (UK) LTD,ENGIE POWER LIMITED,AXLE ENERGY LIMITED,GALLAGHER AGGREGATES LIMITED,AMP (via Urban Reserve (AssetCo 2) Limited),UTILITA ENERGY LIMITED,GRIDIMP LTD,PERSE TECHNOLOGY LIMITED, AMP (via Urban Reserve (AssetCo) Limited),INFINIS LIMITED,EQUIWATT LIMITED,HILDEBRAND TECHNOLOGY LIMITED,GRIDBEYOND LIMITED,OCTOPUS ENERGY LIMITED,DRAX ENERGY SOLUTIONS LIMITED,OAKTREE POWER LIMITED"
21/01/2025,18:00,18:30,500,Live,0,All Providers,"CUB (UK) LTD,ENGIE POWER LIMITED,AXLE ENERGY LIMITED,GALLAGHER AGGREGATES LIMITED,AMP (via Urban Reserve (AssetCo 2) Limited),UTILITA ENERGY LIMITED,GRIDIMP LTD,PERSE TECHNOLOGY LIMITED, AMP (via Urban Reserve (AssetCo) Limited),INFINIS LIMITED,EQUIWATT LIMITED,HILDEBRAND TECHNOLOGY LIMITED,GRIDBEYOND LIMITED,OCTOPUS ENERGY LIMITED,DRAX ENERGY SOLUTIONS LIMITED,OAKTREE POWER LIMITED"
21/01/2025,18:30,19:00,500,Live,0,All Providers,"CUB (UK) LTD,ENGIE POWER LIMITED,AXLE ENERGY LIMITED,GALLAGHER AGGREGATES LIMITED,AMP (via Urban Reserve (AssetCo 2) Limited),UTILITA ENERGY LIMITED,GRIDIMP LTD,PERSE TECHNOLOGY LIMITED, AMP (via Urban Reserve (AssetCo) Limited),INFINIS LIMITED,EQUIWATT LIMITED,HILDEBRAND TECHNOLOGY LIMITED,GRIDBEYOND LIMITED,OCTOPUS ENERGY LIMITED,DRAX ENERGY SOLUTIONS LIMITED,OAKTREE POWER LIMITED"
20/01/2025,16:00,16:30,500,Live,0,All Providers,"CUB (UK) LTD,ENGIE POWER LIMITED,AXLE ENERGY LIMITED,GALLAGHER AGGREGATES LIMITED,AMP (via Urban Reserve (AssetCo 2) Limited),UTILITA ENERGY LIMITED,GRIDIMP LTD,PERSE TECHNOLOGY LIMITED, AMP (via Urban Reserve (AssetCo) Limited),INFINIS LIMITED,EQUIWATT LIMITED,HILDEBRAND TECHNOLOGY LIMITED,GRIDBEYOND LIMITED,OCTOPUS ENERGY LIMITED,DRAX ENERGY SOLUTIONS LIMITED,OAKTREE POWER LIMITED"
20/01/2025,16:30,17:00,500,Live,0,All Providers,"CUB (UK) LTD,ENGIE POWER LIMITED,AXLE ENERGY LIMITED,GALLAGHER AGGREGATES LIMITED,AMP (via Urban Reserve (AssetCo 2) Limited),UTILITA ENERGY LIMITED,GRIDIMP LTD,PERSE TECHNOLOGY LIMITED, AMP (via Urban Reserve (AssetCo) Limited),INFINIS LIMITED,EQUIWATT LIMITED,HILDEBRAND TECHNOLOGY LIMITED,GRIDBEYOND LIMITED,OCTOPUS ENERGY LIMITED,DRAX ENERGY SOLUTIONS LIMITED,OAKTREE POWER LIMITED"
20/01/2025,17:00,17:30,500,Live,0,All Providers,"CUB (UK) LTD,ENGIE POWER LIMITED,AXLE ENERGY LIMITED,GALLAGHER AGGREGATES LIMITED,AMP (via Urban Reserve (AssetCo 2) Limited),UTILITA ENERGY LIMITED,GRIDIMP LTD,PERSE TECHNOLOGY LIMITED, AMP (via Urban Reserve (AssetCo) Limited),INFINIS LIMITED,EQUIWATT LIMITED,HILDEBRAND TECHNOLOGY LIMITED,GRIDBEYOND LIMITED,OCTOPUS ENERGY LIMITED,DRAX ENERGY SOLUTIONS LIMITED,OAKTREE POWER LIMITED"
20/01/2025,17:30,18:00,500,Live,0,All Providers,"CUB (UK) LTD,ENGIE POWER LIMITED,AXLE ENERGY LIMITED,GALLAGHER AGGREGATES LIMITED,AMP (via Urban Reserve (AssetCo 2) Limited),UTILITA ENERGY LIMITED,GRIDIMP LTD,PERSE TECHNOLOGY LIMITED, AMP (via Urban Reserve (AssetCo) Limited),INFINIS LIMITED,EQUIWATT LIMITED,HILDEBRAND TECHNOLOGY LIMITED,GRIDBEYOND LIMITED,OCTOPUS ENERGY LIMITED,DRAX ENERGY SOLUTIONS LIMITED,OAKTREE POWER LIMITED"
20/01/2025,18:00,18:30,500,Live,0,All Providers,"CUB (UK) LTD,ENGIE POWER LIMITED,AXLE ENERGY LIMITED,GALLAGHER AGGREGATES LIMITED,AMP (via Urban Reserve (AssetCo 2) Limited),UTILITA ENERGY LIMITED,GRIDIMP LTD,PERSE TECHNOLOGY LIMITED, AMP (via Urban Reserve (AssetCo) Limited),INFINIS LIMITED,EQUIWATT LIMITED,HILDEBRAND TECHNOLOGY LIMITED,GRIDBEYOND LIMITED,OCTOPUS ENERGY LIMITED,DRAX ENERGY SOLUTIONS LIMITED,OAKTREE POWER LIMITED"
20/01/2025,18:30,19:00,500,Live,0,All Providers,"CUB (UK) LTD,ENGIE POWER LIMITED,AXLE ENERGY LIMITED,GALLAGHER AGGREGATES LIMITED,AMP (via Urban Reserve (AssetCo 2) Limited),UTILITA ENERGY LIMITED,GRIDIMP LTD,PERSE TECHNOLOGY LIMITED, AMP (via Urban Reserve (AssetCo) Limited),INFINIS LIMITED,EQUIWATT LIMITED,HILDEBRAND TECHNOLOGY LIMITED,GRIDBEYOND LIMITED,OCTOPUS ENERGY LIMITED,DRAX ENERGY SOLUTIONS LIMITED,OAKTREE POWER LIMITED"
17/01/2025,16:00,16:30,500,Live,0,All Providers,"CUB (UK) LTD,ENGIE POWER LIMITED,AXLE ENERGY LIMITED,GALLAGHER AGGREGATES LIMITED,AMP (via Urban Reserve (AssetCo 2) Limited),UTILITA ENERGY LIMITED,GRIDIMP LTD,PERSE TECHNOLOGY LIMITED,AMP (via Urban Reserve (AssetCo) Limited),INFINIS LIMITED,EQUIWATT LIMITED,HILDEBRAND TECHNOLOGY LIMITED,GRIDBEYOND LIMITED,OCTOPUS ENERGY LIMITED,DRAX ENERGY SOLUTIONS LIMITED,OAKTREE POWER LIMITED"
17/01/2025,16:30,17:00,500,Live,0,All Providers,"CUB (UK) LTD,ENGIE POWER LIMITED,AXLE ENERGY LIMITED,GALLAGHER AGGREGATES LIMITED,AMP (via Urban Reserve (AssetCo 2) Limited),UTILITA ENERGY LIMITED,GRIDIMP LTD,PERSE TECHNOLOGY LIMITED,AMP (via Urban Reserve (AssetCo) Limited),INFINIS LIMITED,EQUIWATT LIMITED,HILDEBRAND TECHNOLOGY LIMITED,GRIDBEYOND LIMITED,OCTOPUS ENERGY LIMITED,DRAX ENERGY SOLUTIONS LIMITED,OAKTREE POWER LIMITED"
17/01/2025,17:00,17:30,500,Live,0,All Providers,"CUB (UK) LTD,ENGIE POWER LIMITED,AXLE ENERGY LIMITED,GALLAGHER AGGREGATES LIMITED,AMP (via Urban Reserve (AssetCo 2) Limited),UTILITA ENERGY LIMITED,GRIDIMP LTD,PERSE TECHNOLOGY LIMITED,AMP (via Urban Reserve (AssetCo) Limited),INFINIS LIMITED,EQUIWATT LIMITED,HILDEBRAND TECHNOLOGY LIMITED,GRIDBEYOND LIMITED,OCTOPUS ENERGY LIMITED,DRAX ENERGY SOLUTIONS LIMITED,OAKTREE POWER LIMITED"
17/01/2025,17:30,18:00,500,Live,0,All Providers,"CUB (UK) LTD,ENGIE POWER LIMITED,AXLE ENERGY LIMITED,GALLAGHER AGGREGATES LIMITED,AMP (via Urban Reserve (AssetCo 2) Limited),UTILITA ENERGY LIMITED,GRIDIMP LTD,PERSE TECHNOLOGY LIMITED,AMP (via Urban Reserve (AssetCo) Limited),INFINIS LIMITED,EQUIWATT LIMITED,HILDEBRAND TECHNOLOGY LIMITED,GRIDBEYOND LIMITED,OCTOPUS ENERGY LIMITED,DRAX ENERGY SOLUTIONS LIMITED,OAKTREE POWER LIMITED"
17/01/2025,18:00,18:30,500,Live,0,All Providers,"CUB (UK) LTD,ENGIE POWER LIMITED,AXLE ENERGY LIMITED,GALLAGHER AGGREGATES LIMITED,AMP (via Urban Reserve (AssetCo 2) Limited),UTILITA ENERGY LIMITED,GRIDIMP LTD,PERSE TECHNOLOGY LIMITED,AMP (via Urban Reserve (AssetCo) Limited),INFINIS LIMITED,EQUIWATT LIMITED,HILDEBRAND TECHNOLOGY LIMITED,GRIDBEYOND LIMITED,OCTOPUS ENERGY LIMITED,DRAX ENERGY SOLUTIONS LIMITED,OAKTREE POWER LIMITED"
17/01/2025,18:30,19:00,500,Live,0,All Providers,"CUB (UK) LTD,ENGIE POWER LIMITED,AXLE ENERGY LIMITED,GALLAGHER AGGREGATES LIMITED,AMP (via Urban Reserve (AssetCo 2) Limited),UTILITA ENERGY LIMITED,GRIDIMP LTD,PERSE TECHNOLOGY LIMITED,AMP (via Urban Reserve (AssetCo) Limited),INFINIS LIMITED,EQUIWATT LIMITED,HILDEBRAND TECHNOLOGY LIMITED,GRIDBEYOND LIMITED,OCTOPUS ENERGY LIMITED,DRAX ENERGY SOLUTIONS LIMITED,OAKTREE POWER LIMITED"
14/01/2025,17:00,17:30,300,Live,0,All Providers,"CUB (UK) LTD,ENGIE POWER LIMITED,AXLE ENERGY LIMITED,GALLAGHER AGGREGATES LIMITED,AMP (via Urban Reserve (AssetCo 2) Limited),UTILITA ENERGY LIMITED,GRIDIMP LTD,PERSE TECHNOLOGY LIMITED,AMP (via Urban Reserve (AssetCo) Limited),INFINIS LIMITED,EQUIWATT LIMITED,HILDEBRAND TECHNOLOGY LIMITED,GRIDBEYOND LIMITED,OCTOPUS ENERGY LIMITED,DRAX ENERGY SOLUTIONS LIMITED,OAKTREE POWER LIMITED"
14/01/2025,17:30,18:00,300,Live,0,All Providers,"CUB (UK) LTD,ENGIE POWER LIMITED,AXLE ENERGY LIMITED,GALLAGHER AGGREGATES LIMITED,AMP (via Urban Reserve (AssetCo 2) Limited),UTILITA ENERGY LIMITED,GRIDIMP LTD,PERSE TECHNOLOGY LIMITED,AMP (via Urban Reserve (AssetCo) Limited),INFINIS LIMITED,EQUIWATT LIMITED,HILDEBRAND TECHNOLOGY LIMITED,GRIDBEYOND LIMITED,OCTOPUS ENERGY LIMITED,DRAX ENERGY SOLUTIONS LIMITED,OAKTREE POWER LIMITED"
14/01/2025,18:00,18:30,300,Live,0,All Providers,"CUB (UK) LTD,ENGIE POWER LIMITED,AXLE ENERGY LIMITED,GALLAGHER AGGREGATES LIMITED,AMP (via Urban Reserve (AssetCo 2) Limited),UTILITA ENERGY LIMITED,GRIDIMP LTD,PERSE TECHNOLOGY LIMITED,AMP (via Urban Reserve (AssetCo) Limited),INFINIS LIMITED,EQUIWATT LIMITED,HILDEBRAND TECHNOLOGY LIMITED,GRIDBEYOND LIMITED,OCTOPUS ENERGY LIMITED,DRAX ENERGY SOLUTIONS LIMITED,OAKTREE POWER LIMITED"
14/01/2025,18:30,19:00,300,Live,0,All Providers,"CUB (UK) LTD,ENGIE POWER LIMITED,AXLE ENERGY LIMITED,GALLAGHER AGGREGATES LIMITED,AMP (via Urban Reserve (AssetCo 2) Limited),UTILITA ENERGY LIMITED,GRIDIMP LTD,PERSE TECHNOLOGY LIMITED,AMP (via Urban Reserve (AssetCo) Limited),INFINIS LIMITED,EQUIWATT LIMITED,HILDEBRAND TECHNOLOGY LIMITED,GRIDBEYOND LIMITED,OCTOPUS ENERGY LIMITED,DRAX ENERGY SOLUTIONS LIMITED,OAKTREE POWER LIMITED"
10/01/2025,16:00,16:30,500,Live,0,All Providers,"CUB (UK) LTD,ENGIE POWER LIMITED,AXLE ENERGY LIMITED,GALLAGHER AGGREGATES LIMITED,AMP (via Urban Reserve (AssetCo 2) Limited),UTILITA ENERGY LIMITED,GRIDIMP LTD,PERSE TECHNOLOGY LIMITED,AMP (via Urban Reserve (AssetCo) Limited),INFINIS LIMITED,EQUIWATT LIMITED,HILDEBRAND TECHNOLOGY LIMITED,GRIDBEYOND LIMITED,OCTOPUS ENERGY LIMITED,DRAX ENERGY SOLUTIONS LIMITED,OAKTREE POWER LIMITED"
10/01/2025,16:30,17:00,500,Live,0,All Providers,"CUB (UK) LTD,ENGIE POWER LIMITED,AXLE ENERGY LIMITED,GALLAGHER AGGREGATES LIMITED,AMP (via Urban Reserve (AssetCo 2) Limited),UTILITA ENERGY LIMITED,GRIDIMP LTD,PERSE TECHNOLOGY LIMITED,AMP (via Urban Reserve (AssetCo) Limited),INFINIS LIMITED,EQUIWATT LIMITED,HILDEBRAND TECHNOLOGY LIMITED,GRIDBEYOND LIMITED,OCTOPUS ENERGY LIMITED,DRAX ENERGY SOLUTIONS LIMITED,OAKTREE POWER LIMITED"
10/01/2025,17:00,17:30,500,Live,0,All Providers,"CUB (UK) LTD,ENGIE POWER LIMITED,AXLE ENERGY LIMITED,GALLAGHER AGGREGATES LIMITED,AMP (via Urban Reserve (AssetCo 2) Limited),UTILITA ENERGY LIMITED,GRIDIMP LTD,PERSE TECHNOLOGY LIMITED,AMP (via Urban Reserve (AssetCo) Limited),INFINIS LIMITED,EQUIWATT LIMITED,HILDEBRAND TECHNOLOGY LIMITED,GRIDBEYOND LIMITED,OCTOPUS ENERGY LIMITED,DRAX ENERGY SOLUTIONS LIMITED,OAKTREE POWER LIMITED"
10/01/2025,17:30,18:00,500,Live,0,All Providers,"CUB (UK) LTD,ENGIE POWER LIMITED,AXLE ENERGY LIMITED,GALLAGHER AGGREGATES LIMITED,AMP (via Urban Reserve (AssetCo 2) Limited),UTILITA ENERGY LIMITED,GRIDIMP LTD,PERSE TECHNOLOGY LIMITED,AMP (via Urban Reserve (AssetCo) Limited),INFINIS LIMITED,EQUIWATT LIMITED,HILDEBRAND TECHNOLOGY LIMITED,GRIDBEYOND LIMITED,OCTOPUS ENERGY LIMITED,DRAX ENERGY SOLUTIONS LIMITED,OAKTREE POWER LIMITED"
10/01/2025,18:00,18:30,500,Live,0,All Providers,"CUB (UK) LTD,ENGIE POWER LIMITED,AXLE ENERGY LIMITED,GALLAGHER AGGREGATES LIMITED,AMP (via Urban Reserve (AssetCo 2) Limited),UTILITA ENERGY LIMITED,GRIDIMP LTD,PERSE TECHNOLOGY LIMITED,AMP (via Urban Reserve (AssetCo) Limited),INFINIS LIMITED,EQUIWATT LIMITED,HILDEBRAND TECHNOLOGY LIMITED,GRIDBEYOND LIMITED,OCTOPUS ENERGY LIMITED,DRAX ENERGY SOLUTIONS LIMITED,OAKTREE POWER LIMITED"
10/01/2025,18:30,19:00,500,Live,0,All Providers,"CUB (UK) LTD,ENGIE POWER LIMITED,AXLE ENERGY LIMITED,GALLAGHER AGGREGATES LIMITED,AMP (via Urban Reserve (AssetCo 2) Limited),UTILITA ENERGY LIMITED,GRIDIMP LTD,PERSE TECHNOLOGY LIMITED,AMP (via Urban Reserve (AssetCo) Limited),INFINIS LIMITED,EQUIWATT LIMITED,HILDEBRAND TECHNOLOGY LIMITED,GRIDBEYOND LIMITED,OCTOPUS ENERGY LIMITED,DRAX ENERGY SOLUTIONS LIMITED,OAKTREE POWER LIMITED"
08/01/2025,16:00,16:30,500,Live,0,All Providers,"CUB (UK) LTD,ENGIE POWER LIMITED,AXLE ENERGY LIMITED,GALLAGHER AGGREGATES LIMITED,AMP (via Urban Reserve (AssetCo 2) Limited),UTILITA ENERGY LIMITED,GRIDIMP LTD,PERSE TECHNOLOGY LIMITED, AMP (via Urban Reserve (AssetCo) Limited),INFINIS LIMITED,EQUIWATT LIMITED,ORANGE POWER LTD,HILDEBRAND TECHNOLOGY LIMITED,GRIDBEYOND LIMITED,OCTOPUS ENERGY LIMITED,DRAX ENERGY SOLUTIONS LIMITED,OAKTREE POWER LIMITED"
08/01/2025,16:30,17:00,500,Live,0,All Providers,"CUB (UK) LTD,ENGIE POWER LIMITED,AXLE ENERGY LIMITED,GALLAGHER AGGREGATES LIMITED,AMP (via Urban Reserve (AssetCo 2) Limited),UTILITA ENERGY LIMITED,GRIDIMP LTD,PERSE TECHNOLOGY LIMITED, AMP (via Urban Reserve (AssetCo) Limited),INFINIS LIMITED,EQUIWATT LIMITED,ORANGE POWER LTD,HILDEBRAND TECHNOLOGY LIMITED,GRIDBEYOND LIMITED,OCTOPUS ENERGY LIMITED,DRAX ENERGY SOLUTIONS LIMITED,OAKTREE POWER LIMITED"
08/01/2025,17:00,17:30,500,Live,0,All Providers,"CUB (UK) LTD,ENGIE POWER LIMITED,AXLE ENERGY LIMITED,GALLAGHER AGGREGATES LIMITED,AMP (via Urban Reserve (AssetCo 2) Limited),UTILITA ENERGY LIMITED,GRIDIMP LTD,PERSE TECHNOLOGY LIMITED, AMP (via Urban Reserve (AssetCo) Limited),INFINIS LIMITED,EQUIWATT LIMITED,ORANGE POWER LTD,HILDEBRAND TECHNOLOGY LIMITED,GRIDBEYOND LIMITED,OCTOPUS ENERGY LIMITED,DRAX ENERGY SOLUTIONS LIMITED,OAKTREE POWER LIMITED"
08/01/2025,17:30,18:00,500,Live,0,All Providers,"CUB (UK) LTD,ENGIE POWER LIMITED,AXLE ENERGY LIMITED,GALLAGHER AGGREGATES LIMITED,AMP (via Urban Reserve (AssetCo 2) Limited),UTILITA ENERGY LIMITED,GRIDIMP LTD,PERSE TECHNOLOGY LIMITED, AMP (via Urban Reserve (AssetCo) Limited),INFINIS LIMITED,EQUIWATT LIMITED,ORANGE POWER LTD,HILDEBRAND TECHNOLOGY LIMITED,GRIDBEYOND LIMITED,OCTOPUS ENERGY LIMITED,DRAX ENERGY SOLUTIONS LIMITED,OAKTREE POWER LIMITED"
08/01/2025,18:00,18:30,500,Live,0,All Providers,"CUB (UK) LTD,ENGIE POWER LIMITED,AXLE ENERGY LIMITED,GALLAGHER AGGREGATES LIMITED,AMP (via Urban Reserve (AssetCo 2) Limited),UTILITA ENERGY LIMITED,GRIDIMP LTD,PERSE TECHNOLOGY LIMITED, AMP (via Urban Reserve (AssetCo) Limited),INFINIS LIMITED,EQUIWATT LIMITED,ORANGE POWER LTD,HILDEBRAND TECHNOLOGY LIMITED,GRIDBEYOND LIMITED,OCTOPUS ENERGY LIMITED,DRAX ENERGY SOLUTIONS LIMITED,OAKTREE POWER LIMITED"
08/01/2025,18:30,19:00,500,Live,0,All Providers,"CUB (UK) LTD,ENGIE POWER LIMITED,AXLE ENERGY LIMITED,GALLAGHER AGGREGATES LIMITED,AMP (via Urban Reserve (AssetCo 2) Limited),UTILITA ENERGY LIMITED,GRIDIMP LTD,PERSE TECHNOLOGY LIMITED, AMP (via Urban Reserve (AssetCo) Limited),INFINIS LIMITED,EQUIWATT LIMITED,ORANGE POWER LTD,HILDEBRAND TECHNOLOGY LIMITED,GRIDBEYOND LIMITED,OCTOPUS ENERGY LIMITED,DRAX ENERGY SOLUTIONS LIMITED,OAKTREE POWER LIMITED"
05/01/2025,16:00,16:30,150,Live,0,All Providers,"CUB (UK) LTD,ENGIE POWER LIMITED,AXLE ENERGY LIMITED,GALLAGHER AGGREGATES LIMITED,AMP (via Urban Reserve (AssetCo 2) Limited),UTILITA ENERGY LIMITED,GRIDIMP LTD,PERSE TECHNOLOGY LIMITED,INFINIS LIMITED,EQUIWATT LIMITED,ORANGE POWER LTD,HILDEBRAND TECHNOLOGY LIMITED,GRIDBEYOND LIMITED,OCTOPUS ENERGY LIMITED,DRAX ENERGY SOLUTIONS LIMITED,OAKTREE POWER LIMITED"
05/01/2025,16:30,17:00,150,Live,0,All Providers,"CUB (UK) LTD,ENGIE POWER LIMITED,AXLE ENERGY LIMITED,GALLAGHER AGGREGATES LIMITED,AMP (via Urban Reserve (AssetCo 2) Limited),UTILITA ENERGY LIMITED,GRIDIMP LTD,PERSE TECHNOLOGY LIMITED,INFINIS LIMITED,EQUIWATT LIMITED,ORANGE POWER LTD,HILDEBRAND TECHNOLOGY LIMITED,GRIDBEYOND LIMITED,OCTOPUS ENERGY LIMITED,DRAX ENERGY SOLUTIONS LIMITED,OAKTREE POWER LIMITED"
05/01/2025,17:00,17:30,150,Live,0,All Providers,"CUB (UK) LTD,ENGIE POWER LIMITED,AXLE ENERGY LIMITED,GALLAGHER AGGREGATES LIMITED,AMP (via Urban Reserve (AssetCo 2) Limited),UTILITA ENERGY LIMITED,GRIDIMP LTD,PERSE TECHNOLOGY LIMITED,INFINIS LIMITED,EQUIWATT LIMITED,ORANGE POWER LTD,HILDEBRAND TECHNOLOGY LIMITED,GRIDBEYOND LIMITED,OCTOPUS ENERGY LIMITED,DRAX ENERGY SOLUTIONS LIMITED,OAKTREE POWER LIMITED"
05/01/2025,17:30,18:00,150,Live,0,All Providers,"CUB (UK) LTD,ENGIE POWER LIMITED,AXLE ENERGY LIMITED,GALLAGHER AGGREGATES LIMITED,AMP (via Urban Reserve (AssetCo 2) Limited),UTILITA ENERGY LIMITED,GRIDIMP LTD,PERSE TECHNOLOGY LIMITED,INFINIS LIMITED,EQUIWATT LIMITED,ORANGE POWER LTD,HILDEBRAND TECHNOLOGY LIMITED,GRIDBEYOND LIMITED,OCTOPUS ENERGY LIMITED,DRAX ENERGY SOLUTIONS LIMITED,OAKTREE POWER LIMITED"
30/12/2024,16:00,16:30,500,Live,0,All Providers,"ENGIE POWER LIMITED,AXLE ENERGY LIMITED,GALLAGHER AGGREGATES LIMITED,AMP (via Urban Reserve (AssetCo 2) Limited),UTILITA ENERGY LIMITED,GRIDIMP LTD,PERSE TECHNOLOGY LIMITED, INFINIS LIMITED,EQUIWATT LIMITED,ORANGE POWER LTD,AFFECT ENERGY LTD,HILDEBRAND TECHNOLOGY LIMITED,GRIDBEYOND LIMITED,OCTOPUS ENERGY LIMITED,DRAX ENERGY SOLUTIONS LIMITED,OAKTREE POWER LIMITED"
30/12/2024,16:30,17:00,500,Live,0,All Providers,"ENGIE POWER LIMITED,AXLE ENERGY LIMITED,GALLAGHER AGGREGATES LIMITED,AMP (via Urban Reserve (AssetCo 2) Limited),UTILITA ENERGY LIMITED,GRIDIMP LTD,PERSE TECHNOLOGY LIMITED, INFINIS LIMITED,EQUIWATT LIMITED,ORANGE POWER LTD,AFFECT ENERGY LTD,HILDEBRAND TECHNOLOGY LIMITED,GRIDBEYOND LIMITED,OCTOPUS ENERGY LIMITED,DRAX ENERGY SOLUTIONS LIMITED,OAKTREE POWER LIMITED"
30/12/2024,17:00,17:30,500,Live,0,All Providers,"ENGIE POWER LIMITED,AXLE ENERGY LIMITED,GALLAGHER AGGREGATES LIMITED,AMP (via Urban Reserve (AssetCo 2) Limited),UTILITA ENERGY LIMITED,GRIDIMP LTD,PERSE TECHNOLOGY LIMITED, INFINIS LIMITED,EQUIWATT LIMITED,ORANGE POWER LTD,AFFECT ENERGY LTD,HILDEBRAND TECHNOLOGY LIMITED,GRIDBEYOND LIMITED,OCTOPUS ENERGY LIMITED,DRAX ENERGY SOLUTIONS LIMITED,OAKTREE POWER LIMITED"
30/12/2024,17:30,18:00,500,Live,0,All Providers,"ENGIE POWER LIMITED,AXLE ENERGY LIMITED,GALLAGHER AGGREGATES LIMITED,AMP (via Urban Reserve (AssetCo 2) Limited),UTILITA ENERGY LIMITED,GRIDIMP LTD,PERSE TECHNOLOGY LIMITED, INFINIS LIMITED,EQUIWATT LIMITED,ORANGE POWER LTD,AFFECT ENERGY LTD,HILDEBRAND TECHNOLOGY LIMITED,GRIDBEYOND LIMITED,OCTOPUS ENERGY LIMITED,DRAX ENERGY SOLUTIONS LIMITED,OAKTREE POWER LIMITED"
30/12/2024,18:00,18:30,500,Live,0,All Providers,"ENGIE POWER LIMITED,AXLE ENERGY LIMITED,GALLAGHER AGGREGATES LIMITED,AMP (via Urban Reserve (AssetCo 2) Limited),UTILITA ENERGY LIMITED,GRIDIMP LTD,PERSE TECHNOLOGY LIMITED, INFINIS LIMITED,EQUIWATT LIMITED,ORANGE POWER LTD,AFFECT ENERGY LTD,HILDEBRAND TECHNOLOGY LIMITED,GRIDBEYOND LIMITED,OCTOPUS ENERGY LIMITED,DRAX ENERGY SOLUTIONS LIMITED,OAKTREE POWER LIMITED"
30/12/2024,18:30,19:00,500,Live,0,All Providers,"ENGIE POWER LIMITED,AXLE ENERGY LIMITED,GALLAGHER AGGREGATES LIMITED,AMP (via Urban Reserve (AssetCo 2) Limited),UTILITA ENERGY LIMITED,GRIDIMP LTD,PERSE TECHNOLOGY LIMITED, INFINIS LIMITED,EQUIWATT LIMITED,ORANGE POWER LTD,AFFECT ENERGY LTD,HILDEBRAND TECHNOLOGY LIMITED,GRIDBEYOND LIMITED,OCTOPUS ENERGY LIMITED,DRAX ENERGY SOLUTIONS LIMITED,OAKTREE POWER LIMITED"
29/12/2024,16:00,16:30,400,Live,0,All Providers,"CUB (UK) LTD,ENGIE POWER LIMITED,AXLE ENERGY LIMITED,GALLAGHER AGGREGATES LIMITED,AMP (via Urban Reserve (AssetCo 2) Limited),UTILITA ENERGY LIMITED,GRIDIMP LTD,PERSE TECHNOLOGY LIMITED, AMP (via Urban Reserve (AssetCo) Limited),INFINIS LIMITED,EQUIWATT LIMITED,ORANGE POWER LTD,HILDEBRAND TECHNOLOGY LIMITED,GRIDBEYOND LIMITED,OCTOPUS ENERGY LIMITED,DRAX ENERGY SOLUTIONS LIMITED,OAKTREE POWER LIMITED"
29/12/2024,16:30,17:00,400,Live,0,All Providers,"CUB (UK) LTD,ENGIE POWER LIMITED,AXLE ENERGY LIMITED,GALLAGHER AGGREGATES LIMITED,AMP (via Urban Reserve (AssetCo 2) Limited),UTILITA ENERGY LIMITED,GRIDIMP LTD,PERSE TECHNOLOGY LIMITED, AMP (via Urban Reserve (AssetCo) Limited),INFINIS LIMITED,EQUIWATT LIMITED,ORANGE POWER LTD,HILDEBRAND TECHNOLOGY LIMITED,GRIDBEYOND LIMITED,OCTOPUS ENERGY LIMITED,DRAX ENERGY SOLUTIONS LIMITED,OAKTREE POWER LIMITED"
29/12/2024,17:00,17:30,400,Live,0,All Providers,"CUB (UK) LTD,ENGIE POWER LIMITED,AXLE ENERGY LIMITED,GALLAGHER AGGREGATES LIMITED,AMP (via Urban Reserve (AssetCo 2) Limited),UTILITA ENERGY LIMITED,GRIDIMP LTD,PERSE TECHNOLOGY LIMITED, AMP (via Urban Reserve (AssetCo) Limited),INFINIS LIMITED,EQUIWATT LIMITED,ORANGE POWER LTD,HILDEBRAND TECHNOLOGY LIMITED,GRIDBEYOND LIMITED,OCTOPUS ENERGY LIMITED,DRAX ENERGY SOLUTIONS LIMITED,OAKTREE POWER LIMITED"
29/12/2024,17:30,18:00,400,Live,0,All Providers,"CUB (UK) LTD,ENGIE POWER LIMITED,AXLE ENERGY LIMITED,GALLAGHER AGGREGATES LIMITED,AMP (via Urban Reserve (AssetCo 2) Limited),UTILITA ENERGY LIMITED,GRIDIMP LTD,PERSE TECHNOLOGY LIMITED, AMP (via Urban Reserve (AssetCo) Limited),INFINIS LIMITED,EQUIWATT LIMITED,ORANGE POWER LTD,HILDEBRAND TECHNOLOGY LIMITED,GRIDBEYOND LIMITED,OCTOPUS ENERGY LIMITED,DRAX ENERGY SOLUTIONS LIMITED,OAKTREE POWER LIMITED"
29/12/2024,18:00,18:30,400,Live,0,All Providers,"CUB (UK) LTD,ENGIE POWER LIMITED,AXLE ENERGY LIMITED,GALLAGHER AGGREGATES LIMITED,AMP (via Urban Reserve (AssetCo 2) Limited),UTILITA ENERGY LIMITED,GRIDIMP LTD,PERSE TECHNOLOGY LIMITED, AMP (via Urban Reserve (AssetCo) Limited),INFINIS LIMITED,EQUIWATT LIMITED,ORANGE POWER LTD,HILDEBRAND TECHNOLOGY LIMITED,GRIDBEYOND LIMITED,OCTOPUS ENERGY LIMITED,DRAX ENERGY SOLUTIONS LIMITED,OAKTREE POWER LIMITED"
29/12/2024,18:30,19:00,400,Live,0,All Providers,"CUB (UK) LTD,ENGIE POWER LIMITED,AXLE ENERGY LIMITED,GALLAGHER AGGREGATES LIMITED,AMP (via Urban Reserve (AssetCo 2) Limited),UTILITA ENERGY LIMITED,GRIDIMP LTD,PERSE TECHNOLOGY LIMITED, AMP (via Urban Reserve (AssetCo) Limited),INFINIS LIMITED,EQUIWATT LIMITED,ORANGE POWER LTD,HILDEBRAND TECHNOLOGY LIMITED,GRIDBEYOND LIMITED,OCTOPUS ENERGY LIMITED,DRAX ENERGY SOLUTIONS LIMITED,OAKTREE POWER LIMITED"
27/12/2024,17:00,17:30,300,Live,0,All Providers,"CUB (UK) LTD,ENGIE POWER LIMITED,AXLE ENERGY LIMITED,GALLAGHER AGGREGATES LIMITED,AMP (via Urban Reserve (AssetCo 2) Limited),UTILITA ENERGY LIMITED,GRIDIMP LTD,PERSE TECHNOLOGY LIMITED,INFINIS LIMITED,EQUIWATT LIMITED,ORANGE POWER LTD,HILDEBRAND TECHNOLOGY LIMITED,GRIDBEYOND LIMITED,OCTOPUS ENERGY LIMITED,DRAX ENERGY SOLUTIONS LIMITED,OAKTREE POWER LIMITED"
27/12/2024,17:30,18:00,300,Live,0,All Providers,"CUB (UK) LTD,ENGIE POWER LIMITED,AXLE ENERGY LIMITED,GALLAGHER AGGREGATES LIMITED,AMP (via Urban Reserve (AssetCo 2) Limited),UTILITA ENERGY LIMITED,GRIDIMP LTD,PERSE TECHNOLOGY LIMITED,INFINIS LIMITED,EQUIWATT LIMITED,ORANGE POWER LTD,HILDEBRAND TECHNOLOGY LIMITED,GRIDBEYOND LIMITED,OCTOPUS ENERGY LIMITED,DRAX ENERGY SOLUTIONS LIMITED,OAKTREE POWER LIMITED"
27/12/2024,18:00,18:30,300,Live,0,All Providers,"CUB (UK) LTD,ENGIE POWER LIMITED,AXLE ENERGY LIMITED,GALLAGHER AGGREGATES LIMITED,AMP (via Urban Reserve (AssetCo 2) Limited),UTILITA ENERGY LIMITED,GRIDIMP LTD,PERSE TECHNOLOGY LIMITED,INFINIS LIMITED,EQUIWATT LIMITED,ORANGE POWER LTD,HILDEBRAND TECHNOLOGY LIMITED,GRIDBEYOND LIMITED,OCTOPUS ENERGY LIMITED,DRAX ENERGY SOLUTIONS LIMITED,OAKTREE POWER LIMITED"
27/12/2024,18:30,19:00,300,Live,0,All Providers,"CUB (UK) LTD,ENGIE POWER LIMITED,AXLE ENERGY LIMITED,GALLAGHER AGGREGATES LIMITED,AMP (via Urban Reserve (AssetCo 2) Limited),UTILITA ENERGY LIMITED,GRIDIMP LTD,PERSE TECHNOLOGY LIMITED,INFINIS LIMITED,EQUIWATT LIMITED,ORANGE POWER LTD,HILDEBRAND TECHNOLOGY LIMITED,GRIDBEYOND LIMITED,OCTOPUS ENERGY LIMITED,DRAX ENERGY SOLUTIONS LIMITED,OAKTREE POWER LIMITED"
13/12/2024,16:00,16:30,500,Live,0,All Providers,"CUB (UK) LTD,ENGIE POWER LIMITED,AXLE ENERGY LIMITED,GALLAGHER AGGREGATES LIMITED,AMP (via Urban Reserve (AssetCo 2) Limited),UTILITA ENERGY LIMITED,GRIDIMP LTD,PERSE TECHNOLOGY LIMITED,INFINIS LIMITED,EQUIWATT LIMITED,ORANGE POWER LTD,HILDEBRAND TECHNOLOGY LIMITED,GRIDBEYOND LIMITED,OCTOPUS ENERGY LIMITED,DRAX ENERGY SOLUTIONS LIMITED,OAKTREE POWER LIMITED"
13/12/2024,16:30,17:00,500,Live,0,All Providers,"CUB (UK) LTD,ENGIE POWER LIMITED,AXLE ENERGY LIMITED,GALLAGHER AGGREGATES LIMITED,AMP (via Urban Reserve (AssetCo 2) Limited),UTILITA ENERGY LIMITED,GRIDIMP LTD,PERSE TECHNOLOGY LIMITED,INFINIS LIMITED,EQUIWATT LIMITED,ORANGE POWER LTD,HILDEBRAND TECHNOLOGY LIMITED,GRIDBEYOND LIMITED,OCTOPUS ENERGY LIMITED,DRAX ENERGY SOLUTIONS LIMITED,OAKTREE POWER LIMITED"
13/12/2024,17:00,17:30,100,Live,0,All Providers,"CUB (UK) LTD,ENGIE POWER LIMITED,AXLE ENERGY LIMITED,GALLAGHER AGGREGATES LIMITED,AMP (via Urban Reserve (AssetCo 2) Limited),UTILITA ENERGY LIMITED,GRIDIMP LTD,PERSE TECHNOLOGY LIMITED,INFINIS LIMITED,EQUIWATT LIMITED,ORANGE POWER LTD,HILDEBRAND TECHNOLOGY LIMITED,GRIDBEYOND LIMITED,OCTOPUS ENERGY LIMITED,DRAX ENERGY SOLUTIONS LIMITED,OAKTREE POWER LIMITED"
13/12/2024,17:30,18:00,100,Live,0,All Providers,"CUB (UK) LTD,ENGIE POWER LIMITED,AXLE ENERGY LIMITED,GALLAGHER AGGREGATES LIMITED,AMP (via Urban Reserve (AssetCo 2) Limited),UTILITA ENERGY LIMITED,GRIDIMP LTD,PERSE TECHNOLOGY LIMITED,INFINIS LIMITED,EQUIWATT LIMITED,ORANGE POWER LTD,HILDEBRAND TECHNOLOGY LIMITED,GRIDBEYOND LIMITED,OCTOPUS ENERGY LIMITED,DRAX ENERGY SOLUTIONS LIMITED,OAKTREE POWER LIMITED"
12/12/2024,16:00,16:30,500,Live,0,All Providers,"CUB (UK) LTD, AXLE ENERGY LIMITED,GALLAGHER AGGREGATES LIMITED,AMP (via Urban Reserve (AssetCo 2) Limited),UTILITA ENERGY LIMITED,GRIDIMP LTD,INFINIS LIMITED,EQUIWATT LIMITED,ORANGE POWER LTD,HILDEBRAND TECHNOLOGY LIMITED,GRIDBEYOND LIMITED,OCTOPUS ENERGY LIMITED,DRAX ENERGY SOLUTIONS LIMITED,OAKTREE POWER LIMITED"
12/12/2024,16:30,17:00,500,Live,0,All Providers,"CUB (UK) LTD, AXLE ENERGY LIMITED,GALLAGHER AGGREGATES LIMITED,AMP (via Urban Reserve (AssetCo 2) Limited),UTILITA ENERGY LIMITED,GRIDIMP LTD,INFINIS LIMITED,EQUIWATT LIMITED,ORANGE POWER LTD,HILDEBRAND TECHNOLOGY LIMITED,GRIDBEYOND LIMITED,OCTOPUS ENERGY LIMITED,DRAX ENERGY SOLUTIONS LIMITED,OAKTREE POWER LIMITED"
12/12/2024,17:00,17:30,500,Live,0,All Providers,"CUB (UK) LTD, AXLE ENERGY LIMITED,GALLAGHER AGGREGATES LIMITED,AMP (via Urban Reserve (AssetCo 2) Limited),UTILITA ENERGY LIMITED,GRIDIMP LTD,INFINIS LIMITED,EQUIWATT LIMITED,ORANGE POWER LTD,HILDEBRAND TECHNOLOGY LIMITED,GRIDBEYOND LIMITED,OCTOPUS ENERGY LIMITED,DRAX ENERGY SOLUTIONS LIMITED,OAKTREE POWER LIMITED"
12/12/2024,17:30,18:00,500,Live,0,All Providers,"CUB (UK) LTD, AXLE ENERGY LIMITED,GALLAGHER AGGREGATES LIMITED,AMP (via Urban Reserve (AssetCo 2) Limited),UTILITA ENERGY LIMITED,GRIDIMP LTD,INFINIS LIMITED,EQUIWATT LIMITED,ORANGE POWER LTD,HILDEBRAND TECHNOLOGY LIMITED,GRIDBEYOND LIMITED,OCTOPUS ENERGY LIMITED,DRAX ENERGY SOLUTIONS LIMITED,OAKTREE POWER LIMITED"
12/12/2024,18:00,18:30,300,Live,0,All Providers,"CUB (UK) LTD, AXLE ENERGY LIMITED,GALLAGHER AGGREGATES LIMITED,AMP (via Urban Reserve (AssetCo 2) Limited),UTILITA ENERGY LIMITED,GRIDIMP LTD,INFINIS LIMITED,EQUIWATT LIMITED,ORANGE POWER LTD,HILDEBRAND TECHNOLOGY LIMITED,GRIDBEYOND LIMITED,OCTOPUS ENERGY LIMITED,DRAX ENERGY SOLUTIONS LIMITED,OAKTREE POWER LIMITED"
12/12/2024,18:30,19:00,300,Live,0,All Providers,"CUB (UK) LTD, AXLE ENERGY LIMITED,GALLAGHER AGGREGATES LIMITED,AMP (via Urban Reserve (AssetCo 2) Limited),UTILITA ENERGY LIMITED,GRIDIMP LTD,INFINIS LIMITED,EQUIWATT LIMITED,ORANGE POWER LTD,HILDEBRAND TECHNOLOGY LIMITED,GRIDBEYOND LIMITED,OCTOPUS ENERGY LIMITED,DRAX ENERGY SOLUTIONS LIMITED,OAKTREE POWER LIMITED"
11/12/2024,16:00,16:30,500,Live,0,All Providers,"AXLE ENERGY LIMITED,CUB (UK) LTD,GALLAGHER AGGREGATES LIMITED,AMP (via Urban Reserve (AssetCo 2) Limited),UTILITA ENERGY LIMITED,GRIDIMP LTD,INFINIS LIMITED,EQUIWATT LIMITED,ORANGE POWER LTD,HILDEBRAND TECHNOLOGY LIMITED,GRIDBEYOND LIMITED,OCTOPUS ENERGY LIMITED"
11/12/2024,16:30,17:00,500,Live,0,All Providers,"AXLE ENERGY LIMITED,CUB (UK) LTD,GALLAGHER AGGREGATES LIMITED,AMP (via Urban Reserve (AssetCo 2) Limited),UTILITA ENERGY LIMITED,GRIDIMP LTD,INFINIS LIMITED,EQUIWATT LIMITED,ORANGE POWER LTD,HILDEBRAND TECHNOLOGY LIMITED,GRIDBEYOND LIMITED,OCTOPUS ENERGY LIMITED"
11/12/2024,17:00,17:30,500,Live,0,All Providers,"AXLE ENERGY LIMITED,CUB (UK) LTD,GALLAGHER AGGREGATES LIMITED,AMP (via Urban Reserve (AssetCo 2) Limited),UTILITA ENERGY LIMITED,GRIDIMP LTD,INFINIS LIMITED,EQUIWATT LIMITED,ORANGE POWER LTD,HILDEBRAND TECHNOLOGY LIMITED,GRIDBEYOND LIMITED,OCTOPUS ENERGY LIMITED"
11/12/2024,17:30,18:00,500,Live,0,All Providers,"AXLE ENERGY LIMITED,CUB (UK) LTD,GALLAGHER AGGREGATES LIMITED,AMP (via Urban Reserve (AssetCo 2) Limited),UTILITA ENERGY LIMITED,GRIDIMP LTD,INFINIS LIMITED,EQUIWATT LIMITED,ORANGE POWER LTD,HILDEBRAND TECHNOLOGY LIMITED,GRIDBEYOND LIMITED,OCTOPUS ENERGY LIMITED"
11/12/2024,18:00,18:30,500,Live,0,All Providers,"AXLE ENERGY LIMITED,CUB (UK) LTD,GALLAGHER AGGREGATES LIMITED,AMP (via Urban Reserve (AssetCo 2) Limited),UTILITA ENERGY LIMITED,GRIDIMP LTD,INFINIS LIMITED,EQUIWATT LIMITED,ORANGE POWER LTD,HILDEBRAND TECHNOLOGY LIMITED,GRIDBEYOND LIMITED,OCTOPUS ENERGY LIMITED"
11/12/2024,18:30,19:00,500,Live,0,All Providers,"AXLE ENERGY LIMITED,CUB (UK) LTD,GALLAGHER AGGREGATES LIMITED,AMP (via Urban Reserve (AssetCo 2) Limited),UTILITA ENERGY LIMITED,GRIDIMP LTD,INFINIS LIMITED,EQUIWATT LIMITED,ORANGE POWER LTD,HILDEBRAND TECHNOLOGY LIMITED,GRIDBEYOND LIMITED,OCTOPUS ENERGY LIMITED"
10/12/2024,16:00,16:30,500,Live,0,All Providers,"AXLE ENERGY LIMITED,CUB (UK) LTD,GALLAGHER AGGREGATES LIMITED,AMP (via Urban Reserve (AssetCo 2) Limited),UTILITA ENERGY LIMITED,GRIDIMP LTD,INFINIS LIMITED,EQUIWATT LIMITED,ORANGE POWER LTD,HILDEBRAND TECHNOLOGY LIMITED,GRIDBEYOND LIMITED,OCTOPUS ENERGY LIMITED"
10/12/2024,16:30,17:00,500,Live,0,All Providers,"AXLE ENERGY LIMITED,CUB (UK) LTD,GALLAGHER AGGREGATES LIMITED,AMP (via Urban Reserve (AssetCo 2) Limited),UTILITA ENERGY LIMITED,GRIDIMP LTD,INFINIS LIMITED,EQUIWATT LIMITED,ORANGE POWER LTD,HILDEBRAND TECHNOLOGY LIMITED,GRIDBEYOND LIMITED,OCTOPUS ENERGY LIMITED"
10/12/2024,17:00,17:30,500,Live,0,All Providers,"AXLE ENERGY LIMITED,CUB (UK) LTD,GALLAGHER AGGREGATES LIMITED,AMP (via Urban Reserve (AssetCo 2) Limited),UTILITA ENERGY LIMITED,GRIDIMP LTD,INFINIS LIMITED,EQUIWATT LIMITED,ORANGE POWER LTD,HILDEBRAND TECHNOLOGY LIMITED,GRIDBEYOND LIMITED,OCTOPUS ENERGY LIMITED"
10/12/2024,17:30,18:00,500,Live,0,All Providers,"AXLE ENERGY LIMITED,CUB (UK) LTD,GALLAGHER AGGREGATES LIMITED,AMP (via Urban Reserve (AssetCo 2) Limited),UTILITA ENERGY LIMITED,GRIDIMP LTD,INFINIS LIMITED,EQUIWATT LIMITED,ORANGE POWER LTD,HILDEBRAND TECHNOLOGY LIMITED,GRIDBEYOND LIMITED,OCTOPUS ENERGY LIMITED"
10/12/2024,18:00,18:30,500,Live,0,All Providers,"AXLE ENERGY LIMITED,CUB (UK) LTD,GALLAGHER AGGREGATES LIMITED,AMP (via Urban Reserve (AssetCo 2) Limited),UTILITA ENERGY LIMITED,GRIDIMP LTD,INFINIS LIMITED,EQUIWATT LIMITED,ORANGE POWER LTD,HILDEBRAND TECHNOLOGY LIMITED,GRIDBEYOND LIMITED,OCTOPUS ENERGY LIMITED"
10/12/2024,18:30,19:00,500,Live,0,All Providers,"AXLE ENERGY LIMITED,CUB (UK) LTD,GALLAGHER AGGREGATES LIMITED,AMP (via Urban Reserve (AssetCo 2) Limited),UTILITA ENERGY LIMITED,GRIDIMP LTD,INFINIS LIMITED,EQUIWATT LIMITED,ORANGE POWER LTD,HILDEBRAND TECHNOLOGY LIMITED,GRIDBEYOND LIMITED,OCTOPUS ENERGY LIMITED"
09/12/2024,16:00,16:30,500,Live,0,All Providers,"CUB (UK) LTD,AXLE ENERGY LIMITED,GALLAGHER AGGREGATES LIMITED,AMP (via Urban Reserve (AssetCo 2) Limited),UTILITA ENERGY LIMITED,GRIDIMP LTD,INFINIS LIMITED,EQUIWATT LIMITED,ORANGE POWER LTD,HILDEBRAND TECHNOLOGY LIMITED,GRIDBEYOND LIMITED,OCTOPUS ENERGY LIMITED"
09/12/2024,16:30,17:00,500,Live,0,All Providers,"CUB (UK) LTD,AXLE ENERGY LIMITED,GALLAGHER AGGREGATES LIMITED,AMP (via Urban Reserve (AssetCo 2) Limited),UTILITA ENERGY LIMITED,GRIDIMP LTD,INFINIS LIMITED,EQUIWATT LIMITED,ORANGE POWER LTD,HILDEBRAND TECHNOLOGY LIMITED,GRIDBEYOND LIMITED,OCTOPUS ENERGY LIMITED"
09/12/2024,17:00,17:30,500,Live,0,All Providers,"CUB (UK) LTD,AXLE ENERGY LIMITED,GALLAGHER AGGREGATES LIMITED,AMP (via Urban Reserve (AssetCo 2) Limited),UTILITA ENERGY LIMITED,GRIDIMP LTD,INFINIS LIMITED,EQUIWATT LIMITED,ORANGE POWER LTD,HILDEBRAND TECHNOLOGY LIMITED,GRIDBEYOND LIMITED,OCTOPUS ENERGY LIMITED"
09/12/2024,17:30,18:00,500,Live,0,All Providers,"CUB (UK) LTD,AXLE ENERGY LIMITED,GALLAGHER AGGREGATES LIMITED,AMP (via Urban Reserve (AssetCo 2) Limited),UTILITA ENERGY LIMITED,GRIDIMP LTD,INFINIS LIMITED,EQUIWATT LIMITED,ORANGE POWER LTD,HILDEBRAND TECHNOLOGY LIMITED,GRIDBEYOND LIMITED,OCTOPUS ENERGY LIMITED"
09/12/2024,18:00,18:30,500,Live,0,All Providers,"CUB (UK) LTD,AXLE ENERGY LIMITED,GALLAGHER AGGREGATES LIMITED,AMP (via Urban Reserve (AssetCo 2) Limited),UTILITA ENERGY LIMITED,GRIDIMP LTD,INFINIS LIMITED,EQUIWATT LIMITED,ORANGE POWER LTD,HILDEBRAND TECHNOLOGY LIMITED,GRIDBEYOND LIMITED,OCTOPUS ENERGY LIMITED"
09/12/2024,18:30,19:00,500,Live,0,All Providers,"CUB (UK) LTD,AXLE ENERGY LIMITED,GALLAGHER AGGREGATES LIMITED,AMP (via Urban Reserve (AssetCo 2) Limited),UTILITA ENERGY LIMITED,GRIDIMP LTD,INFINIS LIMITED,EQUIWATT LIMITED,ORANGE POWER LTD,HILDEBRAND TECHNOLOGY LIMITED,GRIDBEYOND LIMITED,OCTOPUS ENERGY LIMITED"
06/12/2024,16:00,16:30,500,Live,0,All Providers,"CUB (UK) LTD,AXLE ENERGY LIMITED,GALLAGHER AGGREGATES LIMITED,AMP (via Urban Reserve (AssetCo 2) Limited),GRIDIMP LTD,INFINIS LIMITED,EQUIWATT LIMITED"
06/12/2024,16:30,17:00,500,Live,0,All Providers,"CUB (UK) LTD,AXLE ENERGY LIMITED,GALLAGHER AGGREGATES LIMITED,AMP (via Urban Reserve (AssetCo 2) Limited),GRIDIMP LTD,INFINIS LIMITED,EQUIWATT LIMITED"
06/12/2024,17:00,17:30,500,Live,0,All Providers,"CUB (UK) LTD,AXLE ENERGY LIMITED,GALLAGHER AGGREGATES LIMITED,AMP (via Urban Reserve (AssetCo 2) Limited),GRIDIMP LTD,INFINIS LIMITED,EQUIWATT LIMITED"
06/12/2024,17:30,18:00,500,Live,0,All Providers,"CUB (UK) LTD,AXLE ENERGY LIMITED,GALLAGHER AGGREGATES LIMITED,AMP (via Urban Reserve (AssetCo 2) Limited),GRIDIMP LTD,INFINIS LIMITED,EQUIWATT LIMITED"
06/12/2024,18:00,18:30,500,Live,0,All Providers,"CUB (UK) LTD,AXLE ENERGY LIMITED,GALLAGHER AGGREGATES LIMITED,AMP (via Urban Reserve (AssetCo 2) Limited),GRIDIMP LTD,INFINIS LIMITED,EQUIWATT LIMITED"
06/12/2024,18:30,19:00,500,Live,0,All Providers,"CUB (UK) LTD,AXLE ENERGY LIMITED,GALLAGHER AGGREGATES LIMITED,AMP (via Urban Reserve (AssetCo 2) Limited),GRIDIMP LTD,INFINIS LIMITED,EQUIWATT LIMITED"
04/12/2024,16:00,16:30,500,Live,0,All Providers,"CUB (UK) LTD,AXLE ENERGY LIMITED,GALLAGHER AGGREGATES LIMITED,GRIDIMP LTD,INFINIS LIMITED,EQUIWATT LIMITED"
04/12/2024,16:30,17:00,500,Live,0,All Providers,"CUB (UK) LTD,AXLE ENERGY LIMITED,GALLAGHER AGGREGATES LIMITED,GRIDIMP LTD,INFINIS LIMITED,EQUIWATT LIMITED"
04/12/2024,17:00,17:30,500,Live,0,All Providers,"CUB (UK) LTD,AXLE ENERGY LIMITED,GALLAGHER AGGREGATES LIMITED,GRIDIMP LTD,INFINIS LIMITED,EQUIWATT LIMITED"
04/12/2024,17:30,18:00,500,Live,0,All Providers,"CUB (UK) LTD,AXLE ENERGY LIMITED,GALLAGHER AGGREGATES LIMITED,GRIDIMP LTD,INFINIS LIMITED,EQUIWATT LIMITED"
04/12/2024,18:00,18:30,500,Live,0,All Providers,"CUB (UK) LTD,AXLE ENERGY LIMITED,GALLAGHER AGGREGATES LIMITED,GRIDIMP LTD,INFINIS LIMITED,EQUIWATT LIMITED"
04/12/2024,18:30,19:00,500,Live,0,All Providers,"CUB (UK) LTD,AXLE ENERGY LIMITED,GALLAGHER AGGREGATES LIMITED,GRIDIMP LTD,INFINIS LIMITED,EQUIWATT LIMITED"
03/12/2024,16:00,16:30,500,Live,0,All Providers,"AXLE ENERGY LIMITED,GALLAGHER AGGREGATES LIMITED,GRIDIMP LTD"
03/12/2024,16:30,17:00,500,Live,0,All Providers,"AXLE ENERGY LIMITED,GALLAGHER AGGREGATES LIMITED,GRIDIMP LTD"
03/12/2024,17:00,17:30,500,Live,0,All Providers,"AXLE ENERGY LIMITED,GALLAGHER AGGREGATES LIMITED,GRIDIMP LTD"
03/12/2024,17:30,18:00,500,Live,0,All Providers,"AXLE ENERGY LIMITED,GALLAGHER AGGREGATES LIMITED,GRIDIMP LTD"
03/12/2024,18:00,18:30,500,Live,0,All Providers,"AXLE ENERGY LIMITED,GALLAGHER AGGREGATES LIMITED,GRIDIMP LTD"
03/12/2024,18:30,19:00,500,Live,0,All Providers,"AXLE ENERGY LIMITED,GALLAGHER AGGREGATES LIMITED,GRIDIMP LTD"
02/12/2024,16:00,16:30,500,Live,0,All Providers,"AXLE ENERGY LIMITED,GALLAGHER AGGREGATES LIMITED,GRIDIMP LTD"
02/12/2024,16:30,17:00,500,Live,0,All Providers,"AXLE ENERGY LIMITED,GALLAGHER AGGREGATES LIMITED,GRIDIMP LTD"
02/12/2024,17:00,17:30,500,Live,0,All Providers,"AXLE ENERGY LIMITED,GALLAGHER AGGREGATES LIMITED,GRIDIMP LTD"
02/12/2024,17:30,18:00,500,Live,0,All Providers,"AXLE ENERGY LIMITED,GALLAGHER AGGREGATES LIMITED,GRIDIMP LTD"
02/12/2024,18:00,18:30,500,Live,0,All Providers,"AXLE ENERGY LIMITED,GALLAGHER AGGREGATES LIMITED,GRIDIMP LTD"
02/12/2024,18:30,19:00,500,Live,0,All Providers,"AXLE ENERGY LIMITED,GALLAGHER AGGREGATES LIMITED,GRIDIMP LTD"
29/11/2024,16:00,16:30,500,Live,0,All Providers,"GALLAGHER AGGREGATES LIMITED,GRIDIMP LTD"
29/11/2024,16:30,17:00,500,Live,0,All Providers,"GALLAGHER AGGREGATES LIMITED,GRIDIMP LTD"
29/11/2024,17:00,17:30,500,Live,0,All Providers,"GALLAGHER AGGREGATES LIMITED,GRIDIMP LTD"
29/11/2024,17:30,18:00,500,Live,0,All Providers,"GALLAGHER AGGREGATES LIMITED,GRIDIMP LTD"
29/11/2024,18:00,18:30,500,Live,0,All Providers,"GALLAGHER AGGREGATES LIMITED,GRIDIMP LTD"
29/11/2024,18:30,19:00,500,Live,0,All Providers,"GALLAGHER AGGREGATES LIMITED,GRIDIMP LTD"
