Event ID,DFS Submission Time_Local,Event Type,Event Tag,Delivery Date,From_Local,To_Local,From_UTC,To_UTC,Service Requirement MW,Service Requirement Type,Guaranteed Acceptance Price GBP per MWh,Dispatch Type,Participant Bids Eligible,Zonal Cap
136,29/09/2026 12:00,Downwards,Energy,29/09/2026,18:00,18:30,17:00,17:30,500,Live,0,All Participants,"CUB (UK) LTD,ENGIE POWER LIMITED,AXLE ENERGY LIMITED,GRIDIMP LIMITED,INFINIS LIMITED,EQUIWATT LIMITED,HILDEBRAND TECHNOLOGY LIMITED,OCTOPUS ENERGY LIMITED,DRAX ENERGY SOLUTIONS LIMITED,OAKTREE POWER LIMITED,Shuffle Energy Limited,U ENERGY GROUP LIMITED,Edgware Energy Limited,Electric Miles Limited,Bryt Energy Limited,GRIDVOLT UK LIMITED,Goonhilly Limited,Sancton Hill Limited,St Breock Limited,South Sharpley Limited","Z1:0,Z2:0,Z3:0,Z4:0,Z5:0,Z6:500,Z7:500,Z8:500,Z9:500,Z10:500,Z11:500,Z12:500"
136,29/09/2026 12:00,Downwards,Energy,29/09/2026,18:30,19:00,17:30,18:00,500,Live,0,All Participants,"CUB (UK) LTD,ENGIE POWER LIMITED,AXLE ENERGY LIMITED,GRIDIMP LIMITED,INFINIS LIMITED,EQUIWATT LIMITED,HILDEBRAND TECHNOLOGY LIMITED,OCTOPUS ENERGY LIMITED,DRAX ENERGY SOLUTIONS LIMITED,OAKTREE POWER LIMITED,Shuffle Energy Limited,U ENERGY GROUP LIMITED,Edgware Energy Limited,Electric Miles Limited,Bryt Energy Limited,GRIDVOLT UK LIMITED,Goonhilly Limited,Sancton Hill Limited,St Breock Limited,South Sharpley Limited","Z1:0,Z2:0,Z3:0,Z4:0,Z5:0,Z6:500,Z7:500,Z8:500,Z9:500,Z10:500,Z11:500,Z12:500"
136,29/09/2026 12:00,Downwards,Energy,29/09/2026,19:00,19:30,18:00,18:30,500,Live,0,All Participants,"CUB (UK) LTD,ENGIE POWER LIMITED,AXLE ENERGY LIMITED,GRIDIMP LIMITED,INFINIS LIMITED,EQUIWATT LIMITED,HILDEBRAND TECHNOLOGY LIMITED,OCTOPUS ENERGY LIMITED,DRAX ENERGY SOLUTIONS LIMITED,OAKTREE POWER LIMITED,Shuffle Energy Limited,U ENERGY GROUP LIMITED,Edgware Energy Limited,Electric Miles Limited,Bryt Energy Limited,GRIDVOLT UK LIMITED,Goonhilly Limited,Sancton Hill Limited,St Breock Limited,South Sharpley Limited","Z1:0,Z2:0,Z3:0,Z4:0,Z5:0,Z6:500,Z7:500,Z8:500,Z9:500,Z10:500,Z11:500,Z12:500"
136,29/09/2026 12:00,Downwards,Energy,29/09/2026,19:30,20:00,18:30,19:00,500,Live,0,All Participants,"CUB (UK) LTD,ENGIE POWER LIMITED,AXLE ENERGY LIMITED,GRIDIMP LIMITED,INFINIS LIMITED,EQUIWATT LIMITED,HILDEBRAND TECHNOLOGY LIMITED,OCTOPUS ENERGY LIMITED,DRAX ENERGY SOLUTIONS LIMITED,OAKTREE POWER LIMITED,Shuffle Energy Limited,U ENERGY GROUP LIMITED,Edgware Energy Limited,Electric Miles Limited,Bryt Energy Limited,GRIDVOLT UK LIMITED,Goonhilly Limited,Sancton Hill Limited,St Breock Limited,South Sharpley Limited","Z1:0,Z2:0,Z3:0,Z4:0,Z5:0,Z6:500,Z7:500,Z8:500,Z9:500,Z10:500,Z11:500,Z12:500"
136,29/09/2026 12:00,Downwards,Energy,29/09/2026,20:00,20:30,19:00,19:30,500,Live,0,All Participants,"CUB (UK) LTD,ENGIE POWER LIMITED,AXLE ENERGY LIMITED,GRIDIMP LIMITED,INFINIS LIMITED,EQUIWATT LIMITED,HILDEBRAND TECHNOLOGY LIMITED,OCTOPUS ENERGY LIMITED,DRAX ENERGY SOLUTIONS LIMITED,OAKTREE POWER LIMITED,Shuffle Energy Limited,U ENERGY GROUP LIMITED,Edgware Energy Limited,Electric Miles Limited,Bryt Energy Limited,GRIDVOLT UK LIMITED,Goonhilly Limited,Sancton Hill Limited,St Breock Limited,South Sharpley Limited","Z1:0,Z2:0,Z3:0,Z4:0,Z5:0,Z6:500,Z7:500,Z8:500,Z9:500,Z10:500,Z11:500,Z12:500"
136,29/09/2026 12:00,Downwards,Energy,29/09/2026,20:30,21:00,19:30,20:00,500,Live,0,All Participants,"CUB (UK) LTD,ENGIE POWER LIMITED,AXLE ENERGY LIMITED,GRIDIMP LIMITED,INFINIS LIMITED,EQUIWATT LIMITED,HILDEBRAND TECHNOLOGY LIMITED,OCTOPUS ENERGY LIMITED,DRAX ENERGY SOLUTIONS LIMITED,OAKTREE POWER LIMITED,Shuffle Energy Limited,U ENERGY GROUP LIMITED,Edgware Energy Limited,Electric Miles Limited,Bryt Energy Limited,GRIDVOLT UK LIMITED,Goonhilly Limited,Sancton Hill Limited,St Breock Limited,South Sharpley Limited","Z1:0,Z2:0,Z3:0,Z4:0,Z5:0,Z6:500,Z7:500,Z8:500,Z9:500,Z10:500,Z11:500,Z12:500"
135,28/09/2026 12:00,Downwards,Energy,28/09/2026,16:00,16:30,15:00,15:30,500,Live,0,All Participants,"CUB (UK) LTD,ENGIE POWER LIMITED,AXLE ENERGY LIMITED,GRIDIMP LIMITED,INFINIS LIMITED,EQUIWATT LIMITED,HILDEBRAND TECHNOLOGY LIMITED,OCTOPUS ENERGY LIMITED,DRAX ENERGY SOLUTIONS LIMITED,OAKTREE POWER LIMITED,Shuffle Energy Limited,U ENERGY GROUP LIMITED,Edgware Energy Limited,Electric Miles Limited,Bryt Energy Limited,GRIDVOLT UK LIMITED,Goonhilly Limited,Sancton Hill Limited,St Breock Limited,South Sharpley Limited","Z1:500,Z2:500,Z3:500,Z4:500,Z5:500,Z6:500,Z7:500,Z8:500,Z9:500,Z10:500,Z11:500,Z12:500"
135,28/09/2026 12:00,Downwards,Energy,28/09/2026,16:30,17:00,15:30,16:00,500,Live,0,All Participants,"CUB (UK) LTD,ENGIE POWER LIMITED,AXLE ENERGY LIMITED,GRIDIMP LIMITED,INFINIS LIMITED,EQUIWATT LIMITED,HILDEBRAND TECHNOLOGY LIMITED,OCTOPUS ENERGY LIMITED,DRAX ENERGY SOLUTIONS LIMITED,OAKTREE POWER LIMITED,Shuffle Energy Limited,U ENERGY GROUP LIMITED,Edgware Energy Limited,Electric Miles Limited,Bryt Energy Limited,GRIDVOLT UK LIMITED,Goonhilly Limited,Sancton Hill Limited,St Breock Limited,South Sharpley Limited","Z1:500,Z2:500,Z3:500,Z4:500,Z5:500,Z6:500,Z7:500,Z8:500,Z9:500,Z10:500,Z11:500,Z12:500"
135,28/09/2026 12:00,Downwards,Energy,28/09/2026,17:00,17:30,16:00,16:30,500,Live,0,All Participants,"CUB (UK) LTD,ENGIE POWER LIMITED,AXLE ENERGY LIMITED,GRIDIMP LIMITED,INFINIS LIMITED,EQUIWATT LIMITED,HILDEBRAND TECHNOLOGY LIMITED,OCTOPUS ENERGY LIMITED,DRAX ENERGY SOLUTIONS LIMITED,OAKTREE POWER LIMITED,Shuffle Energy Limited,U ENERGY GROUP LIMITED,Edgware Energy Limited,Electric Miles Limited,Bryt Energy Limited,GRIDVOLT UK LIMITED,Goonhilly Limited,Sancton Hill Limited,St Breock Limited,South Sharpley Limited","Z1:500,Z2:500,Z3:500,Z4:500,Z5:500,Z6:500,Z7:500,Z8:500,Z9:500,Z10:500,Z11:500,Z12:500"
135,28/09/2026 12:00,Downwards,Energy,28/09/2026,17:30,18:00,16:30,17:00,500,Live,0,All Participants,"CUB (UK) LTD,ENGIE POWER LIMITED,AXLE ENERGY LIMITED,GRIDIMP LIMITED,INFINIS LIMITED,EQUIWATT LIMITED,HILDEBRAND TECHNOLOGY LIMITED,OCTOPUS ENERGY LIMITED,DRAX ENERGY SOLUTIONS LIMITED,OAKTREE POWER LIMITED,Shuffle Energy Limited,U ENERGY GROUP LIMITED,Edgware Energy Limited,Electric Miles Limited,Bryt Energy Limited,GRIDVOLT UK LIMITED,Goonhilly Limited,Sancton Hill Limited,St Breock Limited,South Sharpley Limited","Z1:500,Z2:500,Z3:500,Z4:500,Z5:500,Z6:500,Z7:500,Z8:500,Z9:500,Z10:500,Z11:500,Z12:500"
135,28/09/2026 12:00,Downwards,Energy,28/09/2026,18:00,18:30,17:00,17:30,500,Live,0,All Participants,"CUB (UK) LTD,ENGIE POWER LIMITED,AXLE ENERGY LIMITED,GRIDIMP LIMITED,INFINIS LIMITED,EQUIWATT LIMITED,HILDEBRAND TECHNOLOGY LIMITED,OCTOPUS ENERGY LIMITED,DRAX ENERGY SOLUTIONS LIMITED,OAKTREE POWER LIMITED,Shuffle Energy Limited,U ENERGY GROUP LIMITED,Edgware Energy Limited,Electric Miles Limited,Bryt Energy Limited,GRIDVOLT UK LIMITED,Goonhilly Limited,Sancton Hill Limited,St Breock Limited,South Sharpley Limited","Z1:500,Z2:500,Z3:500,Z4:500,Z5:500,Z6:500,Z7:500,Z8:500,Z9:500,Z10:500,Z11:500,Z12:500"
135,28/09/2026 12:00,Downwards,Energy,28/09/2026,18:30,19:00,17:30,18:00,500,Live,0,All Participants,"CUB (UK) LTD,ENGIE POWER LIMITED,AXLE ENERGY LIMITED,GRIDIMP LIMITED,INFINIS LIMITED,EQUIWATT LIMITED,HILDEBRAND TECHNOLOGY LIMITED,OCTOPUS ENERGY LIMITED,DRAX ENERGY SOLUTIONS LIMITED,OAKTREE POWER LIMITED,Shuffle Energy Limited,U ENERGY GROUP LIMITED,Edgware Energy Limited,Electric Miles Limited,Bryt Energy Limited,GRIDVOLT UK LIMITED,Goonhilly Limited,Sancton Hill Limited,St Breock Limited,South Sharpley Limited","Z1:500,Z2:500,Z3:500,Z4:500,Z5:500,Z6:500,Z7:500,Z8:500,Z9:500,Z10:500,Z11:500,Z12:500"
135,28/09/2026 12:00,Downwards,Energy,28/09/2026,19:00,19:30,18:00,18:30,500,Live,0,All Participants,"CUB (UK) LTD,ENGIE POWER LIMITED,AXLE ENERGY LIMITED,GRIDIMP LIMITED,INFINIS LIMITED,EQUIWATT LIMITED,HILDEBRAND TECHNOLOGY LIMITED,OCTOPUS ENERGY LIMITED,DRAX ENERGY SOLUTIONS LIMITED,OAKTREE POWER LIMITED,Shuffle Energy Limited,U ENERGY GROUP LIMITED,Edgware Energy Limited,Electric Miles Limited,Bryt Energy Limited,GRIDVOLT UK LIMITED,Goonhilly Limited,Sancton Hill Limited,St Breock Limited,South Sharpley Limited","Z1:500,Z2:500,Z3:500,Z4:500,Z5:500,Z6:500,Z7:500,Z8:500,Z9:500,Z10:500,Z11:500,Z12:500"
135,28/09/2026 12:00,Downwards,Energy,28/09/2026,19:30,20:00,18:30,19:00,500,Live,0,All Participants,"CUB (UK) LTD,ENGIE POWER LIMITED,AXLE ENERGY LIMITED,GRIDIMP LIMITED,INFINIS LIMITED,EQUIWATT LIMITED,HILDEBRAND TECHNOLOGY LIMITED,OCTOPUS ENERGY LIMITED,DRAX ENERGY SOLUTIONS LIMITED,OAKTREE POWER LIMITED,Shuffle Energy Limited,U ENERGY GROUP LIMITED,Edgware Energy Limited,Electric Miles Limited,Bryt Energy Limited,GRIDVOLT UK LIMITED,Goonhilly Limited,Sancton Hill Limited,St Breock Limited,South Sharpley Limited","Z1:500,Z2:500,Z3:500,Z4:500,Z5:500,Z6:500,Z7:500,Z8:500,Z9:500,Z10:500,Z11:500,Z12:500"
135,28/09/2026 12:00,Downwards,Energy,28/09/2026,20:00,20:30,19:00,19:30,500,Live,0,All Participants,"CUB (UK) LTD,ENGIE POWER LIMITED,AXLE ENERGY LIMITED,GRIDIMP LIMITED,INFINIS LIMITED,EQUIWATT LIMITED,HILDEBRAND TECHNOLOGY LIMITED,OCTOPUS ENERGY LIMITED,DRAX ENERGY SOLUTIONS LIMITED,OAKTREE POWER LIMITED,Shuffle Energy Limited,U ENERGY GROUP LIMITED,Edgware Energy Limited,Electric Miles Limited,Bryt Energy Limited,GRIDVOLT UK LIMITED,Goonhilly Limited,Sancton Hill Limited,St Breock Limited,South Sharpley Limited","Z1:500,Z2:500,Z3:500,Z4:500,Z5:500,Z6:500,Z7:500,Z8:500,Z9:500,Z10:500,Z11:500,Z12:500"
135,28/09/2026 12:00,Downwards,Energy,28/09/2026,20:30,21:00,19:30,20:00,500,Live,0,All Participants,"CUB (UK) LTD,ENGIE POWER LIMITED,AXLE ENERGY LIMITED,GRIDIMP LIMITED,INFINIS LIMITED,EQUIWATT LIMITED,HILDEBRAND TECHNOLOGY LIMITED,OCTOPUS ENERGY LIMITED,DRAX ENERGY SOLUTIONS LIMITED,OAKTREE POWER LIMITED,Shuffle Energy Limited,U ENERGY GROUP LIMITED,Edgware Energy Limited,Electric Miles Limited,Bryt Energy Limited,GRIDVOLT UK LIMITED,Goonhilly Limited,Sancton Hill Limited,St Breock Limited,South Sharpley Limited","Z1:500,Z2:500,Z3:500,Z4:500,Z5:500,Z6:500,Z7:500,Z8:500,Z9:500,Z10:500,Z11:500,Z12:500"
134,27/09/2026 12:00,Downwards,Energy,27/09/2026,16:00,16:30,15:00,15:30,500,Live,0,All Participants,"CUB (UK) LTD,ENGIE POWER LIMITED,AXLE ENERGY LIMITED,GRIDIMP LIMITED,INFINIS LIMITED,EQUIWATT LIMITED,HILDEBRAND TECHNOLOGY LIMITED,OCTOPUS ENERGY LIMITED,DRAX ENERGY SOLUTIONS LIMITED,OAKTREE POWER LIMITED,Shuffle Energy Limited,U ENERGY GROUP LIMITED,Edgware Energy Limited,Electric Miles Limited,Bryt Energy Limited,GRIDVOLT UK LIMITED,Goonhilly Limited,Sancton Hill Limited,St Breock Limited,South Sharpley Limited","Z1:0,Z2:0,Z3:0,Z4:500,Z5:500,Z6:500,Z7:500,Z8:500,Z9:500,Z10:500,Z11:500,Z12:500"
134,27/09/2026 12:00,Downwards,Energy,27/09/2026,16:30,17:00,15:30,16:00,500,Live,0,All Participants,"CUB (UK) LTD,ENGIE POWER LIMITED,AXLE ENERGY LIMITED,GRIDIMP LIMITED,INFINIS LIMITED,EQUIWATT LIMITED,HILDEBRAND TECHNOLOGY LIMITED,OCTOPUS ENERGY LIMITED,DRAX ENERGY SOLUTIONS LIMITED,OAKTREE POWER LIMITED,Shuffle Energy Limited,U ENERGY GROUP LIMITED,Edgware Energy Limited,Electric Miles Limited,Bryt Energy Limited,GRIDVOLT UK LIMITED,Goonhilly Limited,Sancton Hill Limited,St Breock Limited,South Sharpley Limited","Z1:0,Z2:0,Z3:0,Z4:500,Z5:500,Z6:500,Z7:500,Z8:500,Z9:500,Z10:500,Z11:500,Z12:500"
134,27/09/2026 12:00,Downwards,Energy,27/09/2026,17:00,17:30,16:00,16:30,500,Live,0,All Participants,"CUB (UK) LTD,ENGIE POWER LIMITED,AXLE ENERGY LIMITED,GRIDIMP LIMITED,INFINIS LIMITED,EQUIWATT LIMITED,HILDEBRAND TECHNOLOGY LIMITED,OCTOPUS ENERGY LIMITED,DRAX ENERGY SOLUTIONS LIMITED,OAKTREE POWER LIMITED,Shuffle Energy Limited,U ENERGY GROUP LIMITED,Edgware Energy Limited,Electric Miles Limited,Bryt Energy Limited,GRIDVOLT UK LIMITED,Goonhilly Limited,Sancton Hill Limited,St Breock Limited,South Sharpley Limited","Z1:0,Z2:0,Z3:0,Z4:500,Z5:500,Z6:500,Z7:500,Z8:500,Z9:500,Z10:500,Z11:500,Z12:500"
134,27/09/2026 12:00,Downwards,Energy,27/09/2026,17:30,18:00,16:30,17:00,500,Live,0,All Participants,"CUB (UK) LTD,ENGIE POWER LIMITED,AXLE ENERGY LIMITED,GRIDIMP LIMITED,INFINIS LIMITED,EQUIWATT LIMITED,HILDEBRAND TECHNOLOGY LIMITED,OCTOPUS ENERGY LIMITED,DRAX ENERGY SOLUTIONS LIMITED,OAKTREE POWER LIMITED,Shuffle Energy Limited,U ENERGY GROUP LIMITED,Edgware Energy Limited,Electric Miles Limited,Bryt Energy Limited,GRIDVOLT UK LIMITED,Goonhilly Limited,Sancton Hill Limited,St Breock Limited,South Sharpley Limited","Z1:0,Z2:0,Z3:0,Z4:500,Z5:500,Z6:500,Z7:500,Z8:500,Z9:500,Z10:500,Z11:500,Z12:500"
134,27/09/2026 12:00,Downwards,Energy,27/09/2026,18:00,18:30,17:00,17:30,500,Live,0,All Participants,"CUB (UK) LTD,ENGIE POWER LIMITED,AXLE ENERGY LIMITED,GRIDIMP LIMITED,INFINIS LIMITED,EQUIWATT LIMITED,HILDEBRAND TECHNOLOGY LIMITED,OCTOPUS ENERGY LIMITED,DRAX ENERGY SOLUTIONS LIMITED,OAKTREE POWER LIMITED,Shuffle Energy Limited,U ENERGY GROUP LIMITED,Edgware Energy Limited,Electric Miles Limited,Bryt Energy Limited,GRIDVOLT UK LIMITED,Goonhilly Limited,Sancton Hill Limited,St Breock Limited,South Sharpley Limited","Z1:0,Z2:0,Z3:0,Z4:500,Z5:500,Z6:500,Z7:500,Z8:500,Z9:500,Z10:500,Z11:500,Z12:500"
134,27/09/2026 12:00,Downwards,Energy,27/09/2026,18:30,19:00,17:30,18:00,500,Live,0,All Participants,"CUB (UK) LTD,ENGIE POWER LIMITED,AXLE ENERGY LIMITED,GRIDIMP LIMITED,INFINIS LIMITED,EQUIWATT LIMITED,HILDEBRAND TECHNOLOGY LIMITED,OCTOPUS ENERGY LIMITED,DRAX ENERGY SOLUTIONS LIMITED,OAKTREE POWER LIMITED,Shuffle Energy Limited,U ENERGY GROUP LIMITED,Edgware Energy Limited,Electric Miles Limited,Bryt Energy Limited,GRIDVOLT UK LIMITED,Goonhilly Limited,Sancton Hill Limited,St Breock Limited,South Sharpley Limited","Z1:0,Z2:0,Z3:0,Z4:500,Z5:500,Z6:500,Z7:500,Z8:500,Z9:500,Z10:500,Z11:500,Z12:500"
134,27/09/2026 12:00,Downwards,Energy,27/09/2026,19:00,19:30,18:00,18:30,500,Live,0,All Participants,"CUB (UK) LTD,ENGIE POWER LIMITED,AXLE ENERGY LIMITED,GRIDIMP LIMITED,INFINIS LIMITED,EQUIWATT LIMITED,HILDEBRAND TECHNOLOGY LIMITED,OCTOPUS ENERGY LIMITED,DRAX ENERGY SOLUTIONS LIMITED,OAKTREE POWER LIMITED,Shuffle Energy Limited,U ENERGY GROUP LIMITED,Edgware Energy Limited,Electric Miles Limited,Bryt Energy Limited,GRIDVOLT UK LIMITED,Goonhilly Limited,Sancton Hill Limited,St Breock Limited,South Sharpley Limited","Z1:0,Z2:0,Z3:0,Z4:500,Z5:500,Z6:500,Z7:500,Z8:500,Z9:500,Z10:500,Z11:500,Z12:500"
134,27/09/2026 12:00,Downwards,Energy,27/09/2026,19:30,20:00,18:30,19:00,500,Live,0,All Participants,"CUB (UK) LTD,ENGIE POWER LIMITED,AXLE ENERGY LIMITED,GRIDIMP LIMITED,INFINIS LIMITED,EQUIWATT LIMITED,HILDEBRAND TECHNOLOGY LIMITED,OCTOPUS ENERGY LIMITED,DRAX ENERGY SOLUTIONS LIMITED,OAKTREE POWER LIMITED,Shuffle Energy Limited,U ENERGY GROUP LIMITED,Edgware Energy Limited,Electric Miles Limited,Bryt Energy Limited,GRIDVOLT UK LIMITED,Goonhilly Limited,Sancton Hill Limited,St Breock Limited,South Sharpley Limited","Z1:0,Z2:0,Z3:0,Z4:500,Z5:500,Z6:500,Z7:500,Z8:500,Z9:500,Z10:500,Z11:500,Z12:500"
134,27/09/2026 12:00,Downwards,Energy,27/09/2026,20:00,20:30,19:00,19:30,500,Live,0,All Participants,"CUB (UK) LTD,ENGIE POWER LIMITED,AXLE ENERGY LIMITED,GRIDIMP LIMITED,INFINIS LIMITED,EQUIWATT LIMITED,HILDEBRAND TECHNOLOGY LIMITED,OCTOPUS ENERGY LIMITED,DRAX ENERGY SOLUTIONS LIMITED,OAKTREE POWER LIMITED,Shuffle Energy Limited,U ENERGY GROUP LIMITED,Edgware Energy Limited,Electric Miles Limited,Bryt Energy Limited,GRIDVOLT UK LIMITED,Goonhilly Limited,Sancton Hill Limited,St Breock Limited,South Sharpley Limited","Z1:0,Z2:0,Z3:0,Z4:500,Z5:500,Z6:500,Z7:500,Z8:500,Z9:500,Z10:500,Z11:500,Z12:500"
134,27/09/2026 12:00,Downwards,Energy,27/09/2026,20:30,21:00,19:30,20:00,500,Live,0,All Participants,"CUB (UK) LTD,ENGIE POWER LIMITED,AXLE ENERGY LIMITED,GRIDIMP LIMITED,INFINIS LIMITED,EQUIWATT LIMITED,HILDEBRAND TECHNOLOGY LIMITED,OCTOPUS ENERGY LIMITED,DRAX ENERGY SOLUTIONS LIMITED,OAKTREE POWER LIMITED,Shuffle Energy Limited,U ENERGY GROUP LIMITED,Edgware Energy Limited,Electric Miles Limited,Bryt Energy Limited,GRIDVOLT UK LIMITED,Goonhilly Limited,Sancton Hill Limited,St Breock Limited,South Sharpley Limited","Z1:0,Z2:0,Z3:0,Z4:500,Z5:500,Z6:500,Z7:500,Z8:500,Z9:500,Z10:500,Z11:500,Z12:500"
134,27/09/2026 12:00,Downwards,Energy,27/09/2026,21:00,21:30,20:00,20:30,500,Live,0,All Participants,"CUB (UK) LTD,ENGIE POWER LIMITED,AXLE ENERGY LIMITED,GRIDIMP LIMITED,INFINIS LIMITED,EQUIWATT LIMITED,HILDEBRAND TECHNOLOGY LIMITED,OCTOPUS ENERGY LIMITED,DRAX ENERGY SOLUTIONS LIMITED,OAKTREE POWER LIMITED,Shuffle Energy Limited,U ENERGY GROUP LIMITED,Edgware Energy Limited,Electric Miles Limited,Bryt Energy Limited,GRIDVOLT UK LIMITED,Goonhilly Limited,Sancton Hill Limited,St Breock Limited,South Sharpley Limited","Z1:0,Z2:0,Z3:0,Z4:500,Z5:500,Z6:500,Z7:500,Z8:500,Z9:500,Z10:500,Z11:500,Z12:500"
134,27/09/2026 12:00,Downwards,Energy,27/09/2026,21:30,22:00,20:30,21:00,500,Live,0,All Participants,"CUB (UK) LTD,ENGIE POWER LIMITED,AXLE ENERGY LIMITED,GRIDIMP LIMITED,INFINIS LIMITED,EQUIWATT LIMITED,HILDEBRAND TECHNOLOGY LIMITED,OCTOPUS ENERGY LIMITED,DRAX ENERGY SOLUTIONS LIMITED,OAKTREE POWER LIMITED,Shuffle Energy Limited,U ENERGY GROUP LIMITED,Edgware Energy Limited,Electric Miles Limited,Bryt Energy Limited,GRIDVOLT UK LIMITED,Goonhilly Limited,Sancton Hill Limited,St Breock Limited,South Sharpley Limited","Z1:0,Z2:0,Z3:0,Z4:500,Z5:500,Z6:500,Z7:500,Z8:500,Z9:500,Z10:500,Z11:500,Z12:500"
133,26/09/2026 12:00,Downwards,Energy,26/09/2026,18:00,18:30,17:00,17:30,500,Live,0,All Participants,"CUB (UK) LTD,ENGIE POWER LIMITED,AXLE ENERGY LIMITED,GRIDIMP LIMITED,INFINIS LIMITED,EQUIWATT LIMITED,HILDEBRAND TECHNOLOGY LIMITED,OCTOPUS ENERGY LIMITED,DRAX ENERGY SOLUTIONS LIMITED,OAKTREE POWER LIMITED,Shuffle Energy Limited,U ENERGY GROUP LIMITED,Edgware Energy Limited,Electric Miles Limited,Bryt Energy Limited,GRIDVOLT UK LIMITED,Goonhilly Limited,Sancton Hill Limited,St Breock Limited,South Sharpley Limited","Z1:0,Z2:0,Z3:0,Z4:0,Z5:0,Z6:500,Z7:500,Z8:0,Z9:500,Z10:500,Z11:500,Z12:500"
133,26/09/2026 12:00,Downwards,Energy,26/09/2026,18:30,19:00,17:30,18:00,500,Live,0,All Participants,"CUB (UK) LTD,ENGIE POWER LIMITED,AXLE ENERGY LIMITED,GRIDIMP LIMITED,INFINIS LIMITED,EQUIWATT LIMITED,HILDEBRAND TECHNOLOGY LIMITED,OCTOPUS ENERGY LIMITED,DRAX ENERGY SOLUTIONS LIMITED,OAKTREE POWER LIMITED,Shuffle Energy Limited,U ENERGY GROUP LIMITED,Edgware Energy Limited,Electric Miles Limited,Bryt Energy Limited,GRIDVOLT UK LIMITED,Goonhilly Limited,Sancton Hill Limited,St Breock Limited,South Sharpley Limited","Z1:0,Z2:0,Z3:0,Z4:0,Z5:0,Z6:500,Z7:500,Z8:0,Z9:500,Z10:500,Z11:500,Z12:500"
133,26/09/2026 12:00,Downwards,Energy,26/09/2026,19:00,19:30,18:00,18:30,500,Live,0,All Participants,"CUB (UK) LTD,ENGIE POWER LIMITED,AXLE ENERGY LIMITED,GRIDIMP LIMITED,INFINIS LIMITED,EQUIWATT LIMITED,HILDEBRAND TECHNOLOGY LIMITED,OCTOPUS ENERGY LIMITED,DRAX ENERGY SOLUTIONS LIMITED,OAKTREE POWER LIMITED,Shuffle Energy Limited,U ENERGY GROUP LIMITED,Edgware Energy Limited,Electric Miles Limited,Bryt Energy Limited,GRIDVOLT UK LIMITED,Goonhilly Limited,Sancton Hill Limited,St Breock Limited,South Sharpley Limited","Z1:0,Z2:0,Z3:0,Z4:0,Z5:0,Z6:500,Z7:500,Z8:0,Z9:500,Z10:500,Z11:500,Z12:500"
133,26/09/2026 12:00,Downwards,Energy,26/09/2026,19:30,20:00,18:30,19:00,500,Live,0,All Participants,"CUB (UK) LTD,ENGIE POWER LIMITED,AXLE ENERGY LIMITED,GRIDIMP LIMITED,INFINIS LIMITED,EQUIWATT LIMITED,HILDEBRAND TECHNOLOGY LIMITED,OCTOPUS ENERGY LIMITED,DRAX ENERGY SOLUTIONS LIMITED,OAKTREE POWER LIMITED,Shuffle Energy Limited,U ENERGY GROUP LIMITED,Edgware Energy Limited,Electric Miles Limited,Bryt Energy Limited,GRIDVOLT UK LIMITED,Goonhilly Limited,Sancton Hill Limited,St Breock Limited,South Sharpley Limited","Z1:0,Z2:0,Z3:0,Z4:0,Z5:0,Z6:500,Z7:500,Z8:0,Z9:500,Z10:500,Z11:500,Z12:500"
133,26/09/2026 12:00,Downwards,Energy,26/09/2026,20:00,20:30,19:00,19:30,500,Live,0,All Participants,"CUB (UK) LTD,ENGIE POWER LIMITED,AXLE ENERGY LIMITED,GRIDIMP LIMITED,INFINIS LIMITED,EQUIWATT LIMITED,HILDEBRAND TECHNOLOGY LIMITED,OCTOPUS ENERGY LIMITED,DRAX ENERGY SOLUTIONS LIMITED,OAKTREE POWER LIMITED,Shuffle Energy Limited,U ENERGY GROUP LIMITED,Edgware Energy Limited,Electric Miles Limited,Bryt Energy Limited,GRIDVOLT UK LIMITED,Goonhilly Limited,Sancton Hill Limited,St Breock Limited,South Sharpley Limited","Z1:0,Z2:0,Z3:0,Z4:0,Z5:0,Z6:500,Z7:500,Z8:0,Z9:500,Z10:500,Z11:500,Z12:500"
133,26/09/2026 12:00,Downwards,Energy,26/09/2026,20:30,21:00,19:30,20:00,500,Live,0,All Participants,"CUB (UK) LTD,ENGIE POWER LIMITED,AXLE ENERGY LIMITED,GRIDIMP LIMITED,INFINIS LIMITED,EQUIWATT LIMITED,HILDEBRAND TECHNOLOGY LIMITED,OCTOPUS ENERGY LIMITED,DRAX ENERGY SOLUTIONS LIMITED,OAKTREE POWER LIMITED,Shuffle Energy Limited,U ENERGY GROUP LIMITED,Edgware Energy Limited,Electric Miles Limited,Bryt Energy Limited,GRIDVOLT UK LIMITED,Goonhilly Limited,Sancton Hill Limited,St Breock Limited,South Sharpley Limited","Z1:0,Z2:0,Z3:0,Z4:0,Z5:0,Z6:500,Z7:500,Z8:0,Z9:500,Z10:500,Z11:500,Z12:500"
133,26/09/2026 12:00,Downwards,Energy,26/09/2026,21:00,21:30,20:00,20:30,500,Live,0,All Participants,"CUB (UK) LTD,ENGIE POWER LIMITED,AXLE ENERGY LIMITED,GRIDIMP LIMITED,INFINIS LIMITED,EQUIWATT LIMITED,HILDEBRAND TECHNOLOGY LIMITED,OCTOPUS ENERGY LIMITED,DRAX ENERGY SOLUTIONS LIMITED,OAKTREE POWER LIMITED,Shuffle Energy Limited,U ENERGY GROUP LIMITED,Edgware Energy Limited,Electric Miles Limited,Bryt Energy Limited,GRIDVOLT UK LIMITED,Goonhilly Limited,Sancton Hill Limited,St Breock Limited,South Sharpley Limited","Z1:0,Z2:0,Z3:0,Z4:0,Z5:0,Z6:500,Z7:500,Z8:0,Z9:500,Z10:500,Z11:500,Z12:500"
133,26/09/2026 12:00,Downwards,Energy,26/09/2026,21:30,22:00,20:30,21:00,500,Live,0,All Participants,"CUB (UK) LTD,ENGIE POWER LIMITED,AXLE ENERGY LIMITED,GRIDIMP LIMITED,INFINIS LIMITED,EQUIWATT LIMITED,HILDEBRAND TECHNOLOGY LIMITED,OCTOPUS ENERGY LIMITED,DRAX ENERGY SOLUTIONS LIMITED,OAKTREE POWER LIMITED,Shuffle Energy Limited,U ENERGY GROUP LIMITED,Edgware Energy Limited,Electric Miles Limited,Bryt Energy Limited,GRIDVOLT UK LIMITED,Goonhilly Limited,Sancton Hill Limited,St Breock Limited,South Sharpley Limited","Z1:0,Z2:0,Z3:0,Z4:0,Z5:0,Z6:500,Z7:500,Z8:0,Z9:500,Z10:500,Z11:500,Z12:500"
133,26/09/2026 12:00,Downwards,Energy,26/09/2026,22:00,22:30,21:00,21:30,500,Live,0,All Participants,"CUB (UK) LTD,ENGIE POWER LIMITED,AXLE ENERGY LIMITED,GRIDIMP LIMITED,INFINIS LIMITED,EQUIWATT LIMITED,HILDEBRAND TECHNOLOGY LIMITED,OCTOPUS ENERGY LIMITED,DRAX ENERGY SOLUTIONS LIMITED,OAKTREE POWER LIMITED,Shuffle Energy Limited,U ENERGY GROUP LIMITED,Edgware Energy Limited,Electric Miles Limited,Bryt Energy Limited,GRIDVOLT UK LIMITED,Goonhilly Limited,Sancton Hill Limited,St Breock Limited,South Sharpley Limited","Z1:0,Z2:0,Z3:0,Z4:0,Z5:0,Z6:500,Z7:500,Z8:0,Z9:500,Z10:500,Z11:500,Z12:500"
133,26/09/2026 12:00,Downwards,Energy,26/09/2026,22:30,23:00,21:30,22:00,500,Live,0,All Participants,"CUB (UK) LTD,ENGIE POWER LIMITED,AXLE ENERGY LIMITED,GRIDIMP LIMITED,INFINIS LIMITED,EQUIWATT LIMITED,HILDEBRAND TECHNOLOGY LIMITED,OCTOPUS ENERGY LIMITED,DRAX ENERGY SOLUTIONS LIMITED,OAKTREE POWER LIMITED,Shuffle Energy Limited,U ENERGY GROUP LIMITED,Edgware Energy Limited,Electric Miles Limited,Bryt Energy Limited,GRIDVOLT UK LIMITED,Goonhilly Limited,Sancton Hill Limited,St Breock Limited,South Sharpley Limited","Z1:0,Z2:0,Z3:0,Z4:0,Z5:0,Z6:500,Z7:500,Z8:0,Z9:500,Z10:500,Z11:500,Z12:500"
132,25/09/2026 12:15,Downwards,Energy,25/09/2026,16:00,16:30,15:00,15:30,500,Live,0,All Participants,"CUB (UK) LTD,ENGIE POWER LIMITED,AXLE ENERGY LIMITED,GRIDIMP LIMITED,INFINIS LIMITED,EQUIWATT LIMITED,HILDEBRAND TECHNOLOGY LIMITED,OCTOPUS ENERGY LIMITED,DRAX ENERGY SOLUTIONS LIMITED,OAKTREE POWER LIMITED,Shuffle Energy Limited,U ENERGY GROUP LIMITED,Edgware Energy Limited,Electric Miles Limited,Bryt Energy Limited,GRIDVOLT UK LIMITED,Goonhilly Limited,Sancton Hill Limited,St Breock Limited,South Sharpley Limited","Z1:0,Z2:0,Z3:0,Z4:500,Z5:0,Z6:500,Z7:500,Z8:0,Z9:500,Z10:500,Z11:500,Z12:500"
132,25/09/2026 12:15,Downwards,Energy,25/09/2026,16:30,17:00,15:30,16:00,500,Live,0,All Participants,"CUB (UK) LTD,ENGIE POWER LIMITED,AXLE ENERGY LIMITED,GRIDIMP LIMITED,INFINIS LIMITED,EQUIWATT LIMITED,HILDEBRAND TECHNOLOGY LIMITED,OCTOPUS ENERGY LIMITED,DRAX ENERGY SOLUTIONS LIMITED,OAKTREE POWER LIMITED,Shuffle Energy Limited,U ENERGY GROUP LIMITED,Edgware Energy Limited,Electric Miles Limited,Bryt Energy Limited,GRIDVOLT UK LIMITED,Goonhilly Limited,Sancton Hill Limited,St Breock Limited,South Sharpley Limited","Z1:0,Z2:0,Z3:0,Z4:500,Z5:0,Z6:500,Z7:500,Z8:0,Z9:500,Z10:500,Z11:500,Z12:500"
132,25/09/2026 12:15,Downwards,Energy,25/09/2026,17:00,17:30,16:00,16:30,500,Live,0,All Participants,"CUB (UK) LTD,ENGIE POWER LIMITED,AXLE ENERGY LIMITED,GRIDIMP LIMITED,INFINIS LIMITED,EQUIWATT LIMITED,HILDEBRAND TECHNOLOGY LIMITED,OCTOPUS ENERGY LIMITED,DRAX ENERGY SOLUTIONS LIMITED,OAKTREE POWER LIMITED,Shuffle Energy Limited,U ENERGY GROUP LIMITED,Edgware Energy Limited,Electric Miles Limited,Bryt Energy Limited,GRIDVOLT UK LIMITED,Goonhilly Limited,Sancton Hill Limited,St Breock Limited,South Sharpley Limited","Z1:0,Z2:0,Z3:0,Z4:500,Z5:0,Z6:500,Z7:500,Z8:0,Z9:500,Z10:500,Z11:500,Z12:500"
132,25/09/2026 12:15,Downwards,Energy,25/09/2026,17:30,18:00,16:30,17:00,500,Live,0,All Participants,"CUB (UK) LTD,ENGIE POWER LIMITED,AXLE ENERGY LIMITED,GRIDIMP LIMITED,INFINIS LIMITED,EQUIWATT LIMITED,HILDEBRAND TECHNOLOGY LIMITED,OCTOPUS ENERGY LIMITED,DRAX ENERGY SOLUTIONS LIMITED,OAKTREE POWER LIMITED,Shuffle Energy Limited,U ENERGY GROUP LIMITED,Edgware Energy Limited,Electric Miles Limited,Bryt Energy Limited,GRIDVOLT UK LIMITED,Goonhilly Limited,Sancton Hill Limited,St Breock Limited,South Sharpley Limited","Z1:0,Z2:0,Z3:0,Z4:500,Z5:0,Z6:500,Z7:500,Z8:0,Z9:500,Z10:500,Z11:500,Z12:500"
132,25/09/2026 12:15,Downwards,Energy,25/09/2026,18:00,18:30,17:00,17:30,500,Live,0,All Participants,"CUB (UK) LTD,ENGIE POWER LIMITED,AXLE ENERGY LIMITED,GRIDIMP LIMITED,INFINIS LIMITED,EQUIWATT LIMITED,HILDEBRAND TECHNOLOGY LIMITED,OCTOPUS ENERGY LIMITED,DRAX ENERGY SOLUTIONS LIMITED,OAKTREE POWER LIMITED,Shuffle Energy Limited,U ENERGY GROUP LIMITED,Edgware Energy Limited,Electric Miles Limited,Bryt Energy Limited,GRIDVOLT UK LIMITED,Goonhilly Limited,Sancton Hill Limited,St Breock Limited,South Sharpley Limited","Z1:0,Z2:0,Z3:0,Z4:500,Z5:0,Z6:500,Z7:500,Z8:0,Z9:500,Z10:500,Z11:500,Z12:500"
132,25/09/2026 12:15,Downwards,Energy,25/09/2026,18:30,19:00,17:30,18:00,500,Live,0,All Participants,"CUB (UK) LTD,ENGIE POWER LIMITED,AXLE ENERGY LIMITED,GRIDIMP LIMITED,INFINIS LIMITED,EQUIWATT LIMITED,HILDEBRAND TECHNOLOGY LIMITED,OCTOPUS ENERGY LIMITED,DRAX ENERGY SOLUTIONS LIMITED,OAKTREE POWER LIMITED,Shuffle Energy Limited,U ENERGY GROUP LIMITED,Edgware Energy Limited,Electric Miles Limited,Bryt Energy Limited,GRIDVOLT UK LIMITED,Goonhilly Limited,Sancton Hill Limited,St Breock Limited,South Sharpley Limited","Z1:0,Z2:0,Z3:0,Z4:500,Z5:0,Z6:500,Z7:500,Z8:0,Z9:500,Z10:500,Z11:500,Z12:500"
132,25/09/2026 12:15,Downwards,Energy,25/09/2026,19:00,19:30,18:00,18:30,500,Live,0,All Participants,"CUB (UK) LTD,ENGIE POWER LIMITED,AXLE ENERGY LIMITED,GRIDIMP LIMITED,INFINIS LIMITED,EQUIWATT LIMITED,HILDEBRAND TECHNOLOGY LIMITED,OCTOPUS ENERGY LIMITED,DRAX ENERGY SOLUTIONS LIMITED,OAKTREE POWER LIMITED,Shuffle Energy Limited,U ENERGY GROUP LIMITED,Edgware Energy Limited,Electric Miles Limited,Bryt Energy Limited,GRIDVOLT UK LIMITED,Goonhilly Limited,Sancton Hill Limited,St Breock Limited,South Sharpley Limited","Z1:0,Z2:0,Z3:0,Z4:500,Z5:0,Z6:500,Z7:500,Z8:0,Z9:500,Z10:500,Z11:500,Z12:500"
132,25/09/2026 12:15,Downwards,Energy,25/09/2026,19:30,20:00,18:30,19:00,500,Live,0,All Participants,"CUB (UK) LTD,ENGIE POWER LIMITED,AXLE ENERGY LIMITED,GRIDIMP LIMITED,INFINIS LIMITED,EQUIWATT LIMITED,HILDEBRAND TECHNOLOGY LIMITED,OCTOPUS ENERGY LIMITED,DRAX ENERGY SOLUTIONS LIMITED,OAKTREE POWER LIMITED,Shuffle Energy Limited,U ENERGY GROUP LIMITED,Edgware Energy Limited,Electric Miles Limited,Bryt Energy Limited,GRIDVOLT UK LIMITED,Goonhilly Limited,Sancton Hill Limited,St Breock Limited,South Sharpley Limited","Z1:0,Z2:0,Z3:0,Z4:500,Z5:0,Z6:500,Z7:500,Z8:0,Z9:500,Z10:500,Z11:500,Z12:500"
132,25/09/2026 12:15,Downwards,Energy,25/09/2026,20:00,20:30,19:00,19:30,500,Live,0,All Participants,"CUB (UK) LTD,ENGIE POWER LIMITED,AXLE ENERGY LIMITED,GRIDIMP LIMITED,INFINIS LIMITED,EQUIWATT LIMITED,HILDEBRAND TECHNOLOGY LIMITED,OCTOPUS ENERGY LIMITED,DRAX ENERGY SOLUTIONS LIMITED,OAKTREE POWER LIMITED,Shuffle Energy Limited,U ENERGY GROUP LIMITED,Edgware Energy Limited,Electric Miles Limited,Bryt Energy Limited,GRIDVOLT UK LIMITED,Goonhilly Limited,Sancton Hill Limited,St Breock Limited,South Sharpley Limited","Z1:0,Z2:0,Z3:0,Z4:500,Z5:0,Z6:500,Z7:500,Z8:0,Z9:500,Z10:500,Z11:500,Z12:500"
132,25/09/2026 12:15,Downwards,Energy,25/09/2026,20:30,21:00,19:30,20:00,500,Live,0,All Participants,"CUB (UK) LTD,ENGIE POWER LIMITED,AXLE ENERGY LIMITED,GRIDIMP LIMITED,INFINIS LIMITED,EQUIWATT LIMITED,HILDEBRAND TECHNOLOGY LIMITED,OCTOPUS ENERGY LIMITED,DRAX ENERGY SOLUTIONS LIMITED,OAKTREE POWER LIMITED,Shuffle Energy Limited,U ENERGY GROUP LIMITED,Edgware Energy Limited,Electric Miles Limited,Bryt Energy Limited,GRIDVOLT UK LIMITED,Goonhilly Limited,Sancton Hill Limited,St Breock Limited,South Sharpley Limited","Z1:0,Z2:0,Z3:0,Z4:500,Z5:0,Z6:500,Z7:500,Z8:0,Z9:500,Z10:500,Z11:500,Z12:500"
132,25/09/2026 12:15,Downwards,Energy,25/09/2026,21:00,21:30,20:00,20:30,500,Live,0,All Participants,"CUB (UK) LTD,ENGIE POWER LIMITED,AXLE ENERGY LIMITED,GRIDIMP LIMITED,INFINIS LIMITED,EQUIWATT LIMITED,HILDEBRAND TECHNOLOGY LIMITED,OCTOPUS ENERGY LIMITED,DRAX ENERGY SOLUTIONS LIMITED,OAKTREE POWER LIMITED,Shuffle Energy Limited,U ENERGY GROUP LIMITED,Edgware Energy Limited,Electric Miles Limited,Bryt Energy Limited,GRIDVOLT UK LIMITED,Goonhilly Limited,Sancton Hill Limited,St Breock Limited,South Sharpley Limited","Z1:0,Z2:0,Z3:0,Z4:500,Z5:0,Z6:500,Z7:500,Z8:0,Z9:500,Z10:500,Z11:500,Z12:500"
132,25/09/2026 12:15,Downwards,Energy,25/09/2026,21:30,22:00,20:30,21:00,500,Live,0,All Participants,"CUB (UK) LTD,ENGIE POWER LIMITED,AXLE ENERGY LIMITED,GRIDIMP LIMITED,INFINIS LIMITED,EQUIWATT LIMITED,HILDEBRAND TECHNOLOGY LIMITED,OCTOPUS ENERGY LIMITED,DRAX ENERGY SOLUTIONS LIMITED,OAKTREE POWER LIMITED,Shuffle Energy Limited,U ENERGY GROUP LIMITED,Edgware Energy Limited,Electric Miles Limited,Bryt Energy Limited,GRIDVOLT UK LIMITED,Goonhilly Limited,Sancton Hill Limited,St Breock Limited,South Sharpley Limited","Z1:0,Z2:0,Z3:0,Z4:500,Z5:0,Z6:500,Z7:500,Z8:0,Z9:500,Z10:500,Z11:500,Z12:500"
132,25/09/2026 12:15,Downwards,Energy,25/09/2026,22:00,22:30,21:00,21:30,500,Live,0,All Participants,"CUB (UK) LTD,ENGIE POWER LIMITED,AXLE ENERGY LIMITED,GRIDIMP LIMITED,INFINIS LIMITED,EQUIWATT LIMITED,HILDEBRAND TECHNOLOGY LIMITED,OCTOPUS ENERGY LIMITED,DRAX ENERGY SOLUTIONS LIMITED,OAKTREE POWER LIMITED,Shuffle Energy Limited,U ENERGY GROUP LIMITED,Edgware Energy Limited,Electric Miles Limited,Bryt Energy Limited,GRIDVOLT UK LIMITED,Goonhilly Limited,Sancton Hill Limited,St Breock Limited,South Sharpley Limited","Z1:0,Z2:0,Z3:0,Z4:500,Z5:0,Z6:500,Z7:500,Z8:0,Z9:500,Z10:500,Z11:500,Z12:500"
132,25/09/2026 12:15,Downwards,Energy,25/09/2026,22:30,23:00,21:30,22:00,500,Live,0,All Participants,"CUB (UK) LTD,ENGIE POWER LIMITED,AXLE ENERGY LIMITED,GRIDIMP LIMITED,INFINIS LIMITED,EQUIWATT LIMITED,HILDEBRAND TECHNOLOGY LIMITED,OCTOPUS ENERGY LIMITED,DRAX ENERGY SOLUTIONS LIMITED,OAKTREE POWER LIMITED,Shuffle Energy Limited,U ENERGY GROUP LIMITED,Edgware Energy Limited,Electric Miles Limited,Bryt Energy Limited,GRIDVOLT UK LIMITED,Goonhilly Limited,Sancton Hill Limited,St Breock Limited,South Sharpley Limited","Z1:0,Z2:0,Z3:0,Z4:500,Z5:0,Z6:500,Z7:500,Z8:0,Z9:500,Z10:500,Z11:500,Z12:500"
131,24/09/2026 12:00,Downwards,Energy,24/09/2026,16:00,16:30,15:00,15:30,500,Live,0,All Participants,"CUB (UK) LTD,ENGIE POWER LIMITED,AXLE ENERGY LIMITED,GRIDIMP LIMITED,INFINIS LIMITED,EQUIWATT LIMITED,HILDEBRAND TECHNOLOGY LIMITED,OCTOPUS ENERGY LIMITED,DRAX ENERGY SOLUTIONS LIMITED,OAKTREE POWER LIMITED,Shuffle Energy Limited,U ENERGY GROUP LIMITED,Edgware Energy Limited,Electric Miles Limited,Bryt Energy Limited,GRIDVOLT UK LIMITED,Goonhilly Limited,Sancton Hill Limited,St Breock Limited,South Sharpley Limited","Z1:0,Z2:0,Z3:0,Z4:0,Z5:0,Z6:500,Z7:500,Z8:500,Z9:500,Z10:500,Z11:0,Z12:500"
131,24/09/2026 12:00,Downwards,Energy,24/09/2026,16:30,17:00,15:30,16:00,500,Live,0,All Participants,"CUB (UK) LTD,ENGIE POWER LIMITED,AXLE ENERGY LIMITED,GRIDIMP LIMITED,INFINIS LIMITED,EQUIWATT LIMITED,HILDEBRAND TECHNOLOGY LIMITED,OCTOPUS ENERGY LIMITED,DRAX ENERGY SOLUTIONS LIMITED,OAKTREE POWER LIMITED,Shuffle Energy Limited,U ENERGY GROUP LIMITED,Edgware Energy Limited,Electric Miles Limited,Bryt Energy Limited,GRIDVOLT UK LIMITED,Goonhilly Limited,Sancton Hill Limited,St Breock Limited,South Sharpley Limited","Z1:0,Z2:0,Z3:0,Z4:0,Z5:0,Z6:500,Z7:500,Z8:500,Z9:500,Z10:500,Z11:0,Z12:500"
131,24/09/2026 12:00,Downwards,Energy,24/09/2026,17:00,17:30,16:00,16:30,500,Live,0,All Participants,"CUB (UK) LTD,ENGIE POWER LIMITED,AXLE ENERGY LIMITED,GRIDIMP LIMITED,INFINIS LIMITED,EQUIWATT LIMITED,HILDEBRAND TECHNOLOGY LIMITED,OCTOPUS ENERGY LIMITED,DRAX ENERGY SOLUTIONS LIMITED,OAKTREE POWER LIMITED,Shuffle Energy Limited,U ENERGY GROUP LIMITED,Edgware Energy Limited,Electric Miles Limited,Bryt Energy Limited,GRIDVOLT UK LIMITED,Goonhilly Limited,Sancton Hill Limited,St Breock Limited,South Sharpley Limited","Z1:0,Z2:0,Z3:0,Z4:0,Z5:0,Z6:500,Z7:500,Z8:500,Z9:500,Z10:500,Z11:0,Z12:500"
131,24/09/2026 12:00,Downwards,Energy,24/09/2026,17:30,18:00,16:30,17:00,500,Live,0,All Participants,"CUB (UK) LTD,ENGIE POWER LIMITED,AXLE ENERGY LIMITED,GRIDIMP LIMITED,INFINIS LIMITED,EQUIWATT LIMITED,HILDEBRAND TECHNOLOGY LIMITED,OCTOPUS ENERGY LIMITED,DRAX ENERGY SOLUTIONS LIMITED,OAKTREE POWER LIMITED,Shuffle Energy Limited,U ENERGY GROUP LIMITED,Edgware Energy Limited,Electric Miles Limited,Bryt Energy Limited,GRIDVOLT UK LIMITED,Goonhilly Limited,Sancton Hill Limited,St Breock Limited,South Sharpley Limited","Z1:0,Z2:0,Z3:0,Z4:0,Z5:0,Z6:500,Z7:500,Z8:500,Z9:500,Z10:500,Z11:0,Z12:500"
131,24/09/2026 12:00,Downwards,Energy,24/09/2026,18:00,18:30,17:00,17:30,500,Live,0,All Participants,"CUB (UK) LTD,ENGIE POWER LIMITED,AXLE ENERGY LIMITED,GRIDIMP LIMITED,INFINIS LIMITED,EQUIWATT LIMITED,HILDEBRAND TECHNOLOGY LIMITED,OCTOPUS ENERGY LIMITED,DRAX ENERGY SOLUTIONS LIMITED,OAKTREE POWER LIMITED,Shuffle Energy Limited,U ENERGY GROUP LIMITED,Edgware Energy Limited,Electric Miles Limited,Bryt Energy Limited,GRIDVOLT UK LIMITED,Goonhilly Limited,Sancton Hill Limited,St Breock Limited,South Sharpley Limited","Z1:0,Z2:0,Z3:0,Z4:0,Z5:0,Z6:500,Z7:500,Z8:500,Z9:500,Z10:500,Z11:0,Z12:500"
131,24/09/2026 12:00,Downwards,Energy,24/09/2026,18:30,19:00,17:30,18:00,500,Live,0,All Participants,"CUB (UK) LTD,ENGIE POWER LIMITED,AXLE ENERGY LIMITED,GRIDIMP LIMITED,INFINIS LIMITED,EQUIWATT LIMITED,HILDEBRAND TECHNOLOGY LIMITED,OCTOPUS ENERGY LIMITED,DRAX ENERGY SOLUTIONS LIMITED,OAKTREE POWER LIMITED,Shuffle Energy Limited,U ENERGY GROUP LIMITED,Edgware Energy Limited,Electric Miles Limited,Bryt Energy Limited,GRIDVOLT UK LIMITED,Goonhilly Limited,Sancton Hill Limited,St Breock Limited,South Sharpley Limited","Z1:0,Z2:0,Z3:0,Z4:0,Z5:0,Z6:500,Z7:500,Z8:500,Z9:500,Z10:500,Z11:0,Z12:500"
131,24/09/2026 12:00,Downwards,Energy,24/09/2026,19:00,19:30,18:00,18:30,500,Live,0,All Participants,"CUB (UK) LTD,ENGIE POWER LIMITED,AXLE ENERGY LIMITED,GRIDIMP LIMITED,INFINIS LIMITED,EQUIWATT LIMITED,HILDEBRAND TECHNOLOGY LIMITED,OCTOPUS ENERGY LIMITED,DRAX ENERGY SOLUTIONS LIMITED,OAKTREE POWER LIMITED,Shuffle Energy Limited,U ENERGY GROUP LIMITED,Edgware Energy Limited,Electric Miles Limited,Bryt Energy Limited,GRIDVOLT UK LIMITED,Goonhilly Limited,Sancton Hill Limited,St Breock Limited,South Sharpley Limited","Z1:0,Z2:0,Z3:0,Z4:0,Z5:0,Z6:500,Z7:500,Z8:500,Z9:500,Z10:500,Z11:0,Z12:500"
131,24/09/2026 12:00,Downwards,Energy,24/09/2026,19:30,20:00,18:30,19:00,500,Live,0,All Participants,"CUB (UK) LTD,ENGIE POWER LIMITED,AXLE ENERGY LIMITED,GRIDIMP LIMITED,INFINIS LIMITED,EQUIWATT LIMITED,HILDEBRAND TECHNOLOGY LIMITED,OCTOPUS ENERGY LIMITED,DRAX ENERGY SOLUTIONS LIMITED,OAKTREE POWER LIMITED,Shuffle Energy Limited,U ENERGY GROUP LIMITED,Edgware Energy Limited,Electric Miles Limited,Bryt Energy Limited,GRIDVOLT UK LIMITED,Goonhilly Limited,Sancton Hill Limited,St Breock Limited,South Sharpley Limited","Z1:0,Z2:0,Z3:0,Z4:0,Z5:0,Z6:500,Z7:500,Z8:500,Z9:500,Z10:500,Z11:0,Z12:500"
131,24/09/2026 12:00,Downwards,Energy,24/09/2026,20:00,20:30,19:00,19:30,500,Live,0,All Participants,"CUB (UK) LTD,ENGIE POWER LIMITED,AXLE ENERGY LIMITED,GRIDIMP LIMITED,INFINIS LIMITED,EQUIWATT LIMITED,HILDEBRAND TECHNOLOGY LIMITED,OCTOPUS ENERGY LIMITED,DRAX ENERGY SOLUTIONS LIMITED,OAKTREE POWER LIMITED,Shuffle Energy Limited,U ENERGY GROUP LIMITED,Edgware Energy Limited,Electric Miles Limited,Bryt Energy Limited,GRIDVOLT UK LIMITED,Goonhilly Limited,Sancton Hill Limited,St Breock Limited,South Sharpley Limited","Z1:0,Z2:0,Z3:0,Z4:0,Z5:0,Z6:500,Z7:500,Z8:500,Z9:500,Z10:500,Z11:0,Z12:500"
131,24/09/2026 12:00,Downwards,Energy,24/09/2026,20:30,21:00,19:30,20:00,500,Live,0,All Participants,"CUB (UK) LTD,ENGIE POWER LIMITED,AXLE ENERGY LIMITED,GRIDIMP LIMITED,INFINIS LIMITED,EQUIWATT LIMITED,HILDEBRAND TECHNOLOGY LIMITED,OCTOPUS ENERGY LIMITED,DRAX ENERGY SOLUTIONS LIMITED,OAKTREE POWER LIMITED,Shuffle Energy Limited,U ENERGY GROUP LIMITED,Edgware Energy Limited,Electric Miles Limited,Bryt Energy Limited,GRIDVOLT UK LIMITED,Goonhilly Limited,Sancton Hill Limited,St Breock Limited,South Sharpley Limited","Z1:0,Z2:0,Z3:0,Z4:0,Z5:0,Z6:500,Z7:500,Z8:500,Z9:500,Z10:500,Z11:0,Z12:500"
131,24/09/2026 12:00,Downwards,Energy,24/09/2026,21:00,21:30,20:00,20:30,500,Live,0,All Participants,"CUB (UK) LTD,ENGIE POWER LIMITED,AXLE ENERGY LIMITED,GRIDIMP LIMITED,INFINIS LIMITED,EQUIWATT LIMITED,HILDEBRAND TECHNOLOGY LIMITED,OCTOPUS ENERGY LIMITED,DRAX ENERGY SOLUTIONS LIMITED,OAKTREE POWER LIMITED,Shuffle Energy Limited,U ENERGY GROUP LIMITED,Edgware Energy Limited,Electric Miles Limited,Bryt Energy Limited,GRIDVOLT UK LIMITED,Goonhilly Limited,Sancton Hill Limited,St Breock Limited,South Sharpley Limited","Z1:0,Z2:0,Z3:0,Z4:0,Z5:0,Z6:500,Z7:500,Z8:500,Z9:500,Z10:500,Z11:0,Z12:500"
131,24/09/2026 12:00,Downwards,Energy,24/09/2026,21:30,22:00,20:30,21:00,500,Live,0,All Participants,"CUB (UK) LTD,ENGIE POWER LIMITED,AXLE ENERGY LIMITED,GRIDIMP LIMITED,INFINIS LIMITED,EQUIWATT LIMITED,HILDEBRAND TECHNOLOGY LIMITED,OCTOPUS ENERGY LIMITED,DRAX ENERGY SOLUTIONS LIMITED,OAKTREE POWER LIMITED,Shuffle Energy Limited,U ENERGY GROUP LIMITED,Edgware Energy Limited,Electric Miles Limited,Bryt Energy Limited,GRIDVOLT UK LIMITED,Goonhilly Limited,Sancton Hill Limited,St Breock Limited,South Sharpley Limited","Z1:0,Z2:0,Z3:0,Z4:0,Z5:0,Z6:500,Z7:500,Z8:500,Z9:500,Z10:500,Z11:0,Z12:500"
130,22/09/2026 12:00,Downwards,Energy,22/09/2026,17:00,17:30,16:00,16:30,500,Live,0,All Participants,"CUB (UK) LTD,ENGIE POWER LIMITED,AXLE ENERGY LIMITED,GRIDIMP LIMITED,INFINIS LIMITED,EQUIWATT LIMITED,HILDEBRAND TECHNOLOGY LIMITED,OCTOPUS ENERGY LIMITED,DRAX ENERGY SOLUTIONS LIMITED,OAKTREE POWER LIMITED,Shuffle Energy Limited,U ENERGY GROUP LIMITED,Edgware Energy Limited,Electric Miles Limited,Bryt Energy Limited,GRIDVOLT UK LIMITED,Goonhilly Limited,Sancton Hill Limited,St Breock Limited,South Sharpley Limited","Z1:500,Z2:500,Z3:500,Z4:500,Z5:500,Z6:500,Z7:500,Z8:500,Z9:500,Z10:500,Z11:500,Z12:500"
130,22/09/2026 12:00,Downwards,Energy,22/09/2026,17:30,18:00,16:30,17:00,500,Live,0,All Participants,"CUB (UK) LTD,ENGIE POWER LIMITED,AXLE ENERGY LIMITED,GRIDIMP LIMITED,INFINIS LIMITED,EQUIWATT LIMITED,HILDEBRAND TECHNOLOGY LIMITED,OCTOPUS ENERGY LIMITED,DRAX ENERGY SOLUTIONS LIMITED,OAKTREE POWER LIMITED,Shuffle Energy Limited,U ENERGY GROUP LIMITED,Edgware Energy Limited,Electric Miles Limited,Bryt Energy Limited,GRIDVOLT UK LIMITED,Goonhilly Limited,Sancton Hill Limited,St Breock Limited,South Sharpley Limited","Z1:500,Z2:500,Z3:500,Z4:500,Z5:500,Z6:500,Z7:500,Z8:500,Z9:500,Z10:500,Z11:500,Z12:500"
130,22/09/2026 12:00,Downwards,Energy,22/09/2026,18:00,18:30,17:00,17:30,500,Live,0,All Participants,"CUB (UK) LTD,ENGIE POWER LIMITED,AXLE ENERGY LIMITED,GRIDIMP LIMITED,INFINIS LIMITED,EQUIWATT LIMITED,HILDEBRAND TECHNOLOGY LIMITED,OCTOPUS ENERGY LIMITED,DRAX ENERGY SOLUTIONS LIMITED,OAKTREE POWER LIMITED,Shuffle Energy Limited,U ENERGY GROUP LIMITED,Edgware Energy Limited,Electric Miles Limited,Bryt Energy Limited,GRIDVOLT UK LIMITED,Goonhilly Limited,Sancton Hill Limited,St Breock Limited,South Sharpley Limited","Z1:500,Z2:500,Z3:500,Z4:500,Z5:500,Z6:500,Z7:500,Z8:500,Z9:500,Z10:500,Z11:500,Z12:500"
130,22/09/2026 12:00,Downwards,Energy,22/09/2026,18:30,19:00,17:30,18:00,500,Live,0,All Participants,"CUB (UK) LTD,ENGIE POWER LIMITED,AXLE ENERGY LIMITED,GRIDIMP LIMITED,INFINIS LIMITED,EQUIWATT LIMITED,HILDEBRAND TECHNOLOGY LIMITED,OCTOPUS ENERGY LIMITED,DRAX ENERGY SOLUTIONS LIMITED,OAKTREE POWER LIMITED,Shuffle Energy Limited,U ENERGY GROUP LIMITED,Edgware Energy Limited,Electric Miles Limited,Bryt Energy Limited,GRIDVOLT UK LIMITED,Goonhilly Limited,Sancton Hill Limited,St Breock Limited,South Sharpley Limited","Z1:500,Z2:500,Z3:500,Z4:500,Z5:500,Z6:500,Z7:500,Z8:500,Z9:500,Z10:500,Z11:500,Z12:500"
130,22/09/2026 12:00,Downwards,Energy,22/09/2026,19:00,19:30,18:00,18:30,500,Live,0,All Participants,"CUB (UK) LTD,ENGIE POWER LIMITED,AXLE ENERGY LIMITED,GRIDIMP LIMITED,INFINIS LIMITED,EQUIWATT LIMITED,HILDEBRAND TECHNOLOGY LIMITED,OCTOPUS ENERGY LIMITED,DRAX ENERGY SOLUTIONS LIMITED,OAKTREE POWER LIMITED,Shuffle Energy Limited,U ENERGY GROUP LIMITED,Edgware Energy Limited,Electric Miles Limited,Bryt Energy Limited,GRIDVOLT UK LIMITED,Goonhilly Limited,Sancton Hill Limited,St Breock Limited,South Sharpley Limited","Z1:500,Z2:500,Z3:500,Z4:500,Z5:500,Z6:500,Z7:500,Z8:500,Z9:500,Z10:500,Z11:500,Z12:500"
130,22/09/2026 12:00,Downwards,Energy,22/09/2026,19:30,20:00,18:30,19:00,500,Live,0,All Participants,"CUB (UK) LTD,ENGIE POWER LIMITED,AXLE ENERGY LIMITED,GRIDIMP LIMITED,INFINIS LIMITED,EQUIWATT LIMITED,HILDEBRAND TECHNOLOGY LIMITED,OCTOPUS ENERGY LIMITED,DRAX ENERGY SOLUTIONS LIMITED,OAKTREE POWER LIMITED,Shuffle Energy Limited,U ENERGY GROUP LIMITED,Edgware Energy Limited,Electric Miles Limited,Bryt Energy Limited,GRIDVOLT UK LIMITED,Goonhilly Limited,Sancton Hill Limited,St Breock Limited,South Sharpley Limited","Z1:500,Z2:500,Z3:500,Z4:500,Z5:500,Z6:500,Z7:500,Z8:500,Z9:500,Z10:500,Z11:500,Z12:500"
130,22/09/2026 12:00,Downwards,Energy,22/09/2026,20:00,20:30,19:00,19:30,500,Live,0,All Participants,"CUB (UK) LTD,ENGIE POWER LIMITED,AXLE ENERGY LIMITED,GRIDIMP LIMITED,INFINIS LIMITED,EQUIWATT LIMITED,HILDEBRAND TECHNOLOGY LIMITED,OCTOPUS ENERGY LIMITED,DRAX ENERGY SOLUTIONS LIMITED,OAKTREE POWER LIMITED,Shuffle Energy Limited,U ENERGY GROUP LIMITED,Edgware Energy Limited,Electric Miles Limited,Bryt Energy Limited,GRIDVOLT UK LIMITED,Goonhilly Limited,Sancton Hill Limited,St Breock Limited,South Sharpley Limited","Z1:500,Z2:500,Z3:500,Z4:500,Z5:500,Z6:500,Z7:500,Z8:500,Z9:500,Z10:500,Z11:500,Z12:500"
130,22/09/2026 12:00,Downwards,Energy,22/09/2026,20:30,21:00,19:30,20:00,500,Live,0,All Participants,"CUB (UK) LTD,ENGIE POWER LIMITED,AXLE ENERGY LIMITED,GRIDIMP LIMITED,INFINIS LIMITED,EQUIWATT LIMITED,HILDEBRAND TECHNOLOGY LIMITED,OCTOPUS ENERGY LIMITED,DRAX ENERGY SOLUTIONS LIMITED,OAKTREE POWER LIMITED,Shuffle Energy Limited,U ENERGY GROUP LIMITED,Edgware Energy Limited,Electric Miles Limited,Bryt Energy Limited,GRIDVOLT UK LIMITED,Goonhilly Limited,Sancton Hill Limited,St Breock Limited,South Sharpley Limited","Z1:500,Z2:500,Z3:500,Z4:500,Z5:500,Z6:500,Z7:500,Z8:500,Z9:500,Z10:500,Z11:500,Z12:500"
130,22/09/2026 12:00,Downwards,Energy,22/09/2026,21:00,21:30,20:00,20:30,500,Live,0,All Participants,"CUB (UK) LTD,ENGIE POWER LIMITED,AXLE ENERGY LIMITED,GRIDIMP LIMITED,INFINIS LIMITED,EQUIWATT LIMITED,HILDEBRAND TECHNOLOGY LIMITED,OCTOPUS ENERGY LIMITED,DRAX ENERGY SOLUTIONS LIMITED,OAKTREE POWER LIMITED,Shuffle Energy Limited,U ENERGY GROUP LIMITED,Edgware Energy Limited,Electric Miles Limited,Bryt Energy Limited,GRIDVOLT UK LIMITED,Goonhilly Limited,Sancton Hill Limited,St Breock Limited,South Sharpley Limited","Z1:500,Z2:500,Z3:500,Z4:500,Z5:500,Z6:500,Z7:500,Z8:500,Z9:500,Z10:500,Z11:500,Z12:500"
130,22/09/2026 12:00,Downwards,Energy,22/09/2026,21:30,22:00,20:30,21:00,500,Live,0,All Participants,"CUB (UK) LTD,ENGIE POWER LIMITED,AXLE ENERGY LIMITED,GRIDIMP LIMITED,INFINIS LIMITED,EQUIWATT LIMITED,HILDEBRAND TECHNOLOGY LIMITED,OCTOPUS ENERGY LIMITED,DRAX ENERGY SOLUTIONS LIMITED,OAKTREE POWER LIMITED,Shuffle Energy Limited,U ENERGY GROUP LIMITED,Edgware Energy Limited,Electric Miles Limited,Bryt Energy Limited,GRIDVOLT UK LIMITED,Goonhilly Limited,Sancton Hill Limited,St Breock Limited,South Sharpley Limited","Z1:500,Z2:500,Z3:500,Z4:500,Z5:500,Z6:500,Z7:500,Z8:500,Z9:500,Z10:500,Z11:500,Z12:500"
129,21/09/2026 12:15,Downwards,Energy,21/09/2026,17:00,17:30,16:00,16:30,500,Live,0,All Participants,"CUB (UK) LTD,ENGIE POWER LIMITED,AXLE ENERGY LIMITED,GRIDIMP LIMITED,INFINIS LIMITED,EQUIWATT LIMITED,HILDEBRAND TECHNOLOGY LIMITED,OCTOPUS ENERGY LIMITED,DRAX ENERGY SOLUTIONS LIMITED,OAKTREE POWER LIMITED,Shuffle Energy Limited,U ENERGY GROUP LIMITED,Edgware Energy Limited,Electric Miles Limited,Bryt Energy Limited,GRIDVOLT UK LIMITED,Goonhilly Limited,Sancton Hill Limited,St Breock Limited,South Sharpley Limited","Z1:0,Z2:0,Z3:500,Z4:500,Z5:500,Z6:500,Z7:500,Z8:500,Z9:500,Z10:500,Z11:500,Z12:500"
129,21/09/2026 12:15,Downwards,Energy,21/09/2026,17:30,18:00,16:30,17:00,500,Live,0,All Participants,"CUB (UK) LTD,ENGIE POWER LIMITED,AXLE ENERGY LIMITED,GRIDIMP LIMITED,INFINIS LIMITED,EQUIWATT LIMITED,HILDEBRAND TECHNOLOGY LIMITED,OCTOPUS ENERGY LIMITED,DRAX ENERGY SOLUTIONS LIMITED,OAKTREE POWER LIMITED,Shuffle Energy Limited,U ENERGY GROUP LIMITED,Edgware Energy Limited,Electric Miles Limited,Bryt Energy Limited,GRIDVOLT UK LIMITED,Goonhilly Limited,Sancton Hill Limited,St Breock Limited,South Sharpley Limited","Z1:0,Z2:0,Z3:500,Z4:500,Z5:500,Z6:500,Z7:500,Z8:500,Z9:500,Z10:500,Z11:500,Z12:500"
129,21/09/2026 12:15,Downwards,Energy,21/09/2026,18:00,18:30,17:00,17:30,500,Live,0,All Participants,"CUB (UK) LTD,ENGIE POWER LIMITED,AXLE ENERGY LIMITED,GRIDIMP LIMITED,INFINIS LIMITED,EQUIWATT LIMITED,HILDEBRAND TECHNOLOGY LIMITED,OCTOPUS ENERGY LIMITED,DRAX ENERGY SOLUTIONS LIMITED,OAKTREE POWER LIMITED,Shuffle Energy Limited,U ENERGY GROUP LIMITED,Edgware Energy Limited,Electric Miles Limited,Bryt Energy Limited,GRIDVOLT UK LIMITED,Goonhilly Limited,Sancton Hill Limited,St Breock Limited,South Sharpley Limited","Z1:0,Z2:0,Z3:500,Z4:500,Z5:500,Z6:500,Z7:500,Z8:500,Z9:500,Z10:500,Z11:500,Z12:500"
129,21/09/2026 12:15,Downwards,Energy,21/09/2026,18:30,19:00,17:30,18:00,500,Live,0,All Participants,"CUB (UK) LTD,ENGIE POWER LIMITED,AXLE ENERGY LIMITED,GRIDIMP LIMITED,INFINIS LIMITED,EQUIWATT LIMITED,HILDEBRAND TECHNOLOGY LIMITED,OCTOPUS ENERGY LIMITED,DRAX ENERGY SOLUTIONS LIMITED,OAKTREE POWER LIMITED,Shuffle Energy Limited,U ENERGY GROUP LIMITED,Edgware Energy Limited,Electric Miles Limited,Bryt Energy Limited,GRIDVOLT UK LIMITED,Goonhilly Limited,Sancton Hill Limited,St Breock Limited,South Sharpley Limited","Z1:0,Z2:0,Z3:500,Z4:500,Z5:500,Z6:500,Z7:500,Z8:500,Z9:500,Z10:500,Z11:500,Z12:500"
129,21/09/2026 12:15,Downwards,Energy,21/09/2026,19:00,19:30,18:00,18:30,500,Live,0,All Participants,"CUB (UK) LTD,ENGIE POWER LIMITED,AXLE ENERGY LIMITED,GRIDIMP LIMITED,INFINIS LIMITED,EQUIWATT LIMITED,HILDEBRAND TECHNOLOGY LIMITED,OCTOPUS ENERGY LIMITED,DRAX ENERGY SOLUTIONS LIMITED,OAKTREE POWER LIMITED,Shuffle Energy Limited,U ENERGY GROUP LIMITED,Edgware Energy Limited,Electric Miles Limited,Bryt Energy Limited,GRIDVOLT UK LIMITED,Goonhilly Limited,Sancton Hill Limited,St Breock Limited,South Sharpley Limited","Z1:0,Z2:0,Z3:500,Z4:500,Z5:500,Z6:500,Z7:500,Z8:500,Z9:500,Z10:500,Z11:500,Z12:500"
129,21/09/2026 12:15,Downwards,Energy,21/09/2026,19:30,20:00,18:30,19:00,500,Live,0,All Participants,"CUB (UK) LTD,ENGIE POWER LIMITED,AXLE ENERGY LIMITED,GRIDIMP LIMITED,INFINIS LIMITED,EQUIWATT LIMITED,HILDEBRAND TECHNOLOGY LIMITED,OCTOPUS ENERGY LIMITED,DRAX ENERGY SOLUTIONS LIMITED,OAKTREE POWER LIMITED,Shuffle Energy Limited,U ENERGY GROUP LIMITED,Edgware Energy Limited,Electric Miles Limited,Bryt Energy Limited,GRIDVOLT UK LIMITED,Goonhilly Limited,Sancton Hill Limited,St Breock Limited,South Sharpley Limited","Z1:0,Z2:0,Z3:500,Z4:500,Z5:500,Z6:500,Z7:500,Z8:500,Z9:500,Z10:500,Z11:500,Z12:500"
129,21/09/2026 12:15,Downwards,Energy,21/09/2026,20:00,20:30,19:00,19:30,500,Live,0,All Participants,"CUB (UK) LTD,ENGIE POWER LIMITED,AXLE ENERGY LIMITED,GRIDIMP LIMITED,INFINIS LIMITED,EQUIWATT LIMITED,HILDEBRAND TECHNOLOGY LIMITED,OCTOPUS ENERGY LIMITED,DRAX ENERGY SOLUTIONS LIMITED,OAKTREE POWER LIMITED,Shuffle Energy Limited,U ENERGY GROUP LIMITED,Edgware Energy Limited,Electric Miles Limited,Bryt Energy Limited,GRIDVOLT UK LIMITED,Goonhilly Limited,Sancton Hill Limited,St Breock Limited,South Sharpley Limited","Z1:0,Z2:0,Z3:500,Z4:500,Z5:500,Z6:500,Z7:500,Z8:500,Z9:500,Z10:500,Z11:500,Z12:500"
129,21/09/2026 12:15,Downwards,Energy,21/09/2026,20:30,21:00,19:30,20:00,500,Live,0,All Participants,"CUB (UK) LTD,ENGIE POWER LIMITED,AXLE ENERGY LIMITED,GRIDIMP LIMITED,INFINIS LIMITED,EQUIWATT LIMITED,HILDEBRAND TECHNOLOGY LIMITED,OCTOPUS ENERGY LIMITED,DRAX ENERGY SOLUTIONS LIMITED,OAKTREE POWER LIMITED,Shuffle Energy Limited,U ENERGY GROUP LIMITED,Edgware Energy Limited,Electric Miles Limited,Bryt Energy Limited,GRIDVOLT UK LIMITED,Goonhilly Limited,Sancton Hill Limited,St Breock Limited,South Sharpley Limited","Z1:0,Z2:0,Z3:500,Z4:500,Z5:500,Z6:500,Z7:500,Z8:500,Z9:500,Z10:500,Z11:500,Z12:500"
129,21/09/2026 12:15,Downwards,Energy,21/09/2026,21:00,21:30,20:00,20:30,500,Live,0,All Participants,"CUB (UK) LTD,ENGIE POWER LIMITED,AXLE ENERGY LIMITED,GRIDIMP LIMITED,INFINIS LIMITED,EQUIWATT LIMITED,HILDEBRAND TECHNOLOGY LIMITED,OCTOPUS ENERGY LIMITED,DRAX ENERGY SOLUTIONS LIMITED,OAKTREE POWER LIMITED,Shuffle Energy Limited,U ENERGY GROUP LIMITED,Edgware Energy Limited,Electric Miles Limited,Bryt Energy Limited,GRIDVOLT UK LIMITED,Goonhilly Limited,Sancton Hill Limited,St Breock Limited,South Sharpley Limited","Z1:0,Z2:0,Z3:500,Z4:500,Z5:500,Z6:500,Z7:500,Z8:500,Z9:500,Z10:500,Z11:500,Z12:500"
129,21/09/2026 12:15,Downwards,Energy,21/09/2026,21:30,22:00,20:30,21:00,500,Live,0,All Participants,"CUB (UK) LTD,ENGIE POWER LIMITED,AXLE ENERGY LIMITED,GRIDIMP LIMITED,INFINIS LIMITED,EQUIWATT LIMITED,HILDEBRAND TECHNOLOGY LIMITED,OCTOPUS ENERGY LIMITED,DRAX ENERGY SOLUTIONS LIMITED,OAKTREE POWER LIMITED,Shuffle Energy Limited,U ENERGY GROUP LIMITED,Edgware Energy Limited,Electric Miles Limited,Bryt Energy Limited,GRIDVOLT UK LIMITED,Goonhilly Limited,Sancton Hill Limited,St Breock Limited,South Sharpley Limited","Z1:0,Z2:0,Z3:500,Z4:500,Z5:500,Z6:500,Z7:500,Z8:500,Z9:500,Z10:500,Z11:500,Z12:500"
128,20/09/2026 12:00,Downwards,Energy,20/09/2026,18:00,18:30,17:00,17:30,200,Live,0,All Participants,"CUB (UK) LTD,ENGIE POWER LIMITED,AXLE ENERGY LIMITED,GRIDIMP LIMITED,INFINIS LIMITED,EQUIWATT LIMITED,HILDEBRAND TECHNOLOGY LIMITED,OCTOPUS ENERGY LIMITED,DRAX ENERGY SOLUTIONS LIMITED,OAKTREE POWER LIMITED,Shuffle Energy Limited,U ENERGY GROUP LIMITED,Edgware Energy Limited,Electric Miles Limited,Bryt Energy Limited,GRIDVOLT UK LIMITED,Goonhilly Limited,Sancton Hill Limited,St Breock Limited,South Sharpley Limited","Z1:0,Z2:0,Z3:0,Z4:200,Z5:200,Z6:200,Z7:200,Z8:200,Z9:200,Z10:200,Z11:200,Z12:200"
128,20/09/2026 12:00,Downwards,Energy,20/09/2026,18:30,19:00,17:30,18:00,200,Live,0,All Participants,"CUB (UK) LTD,ENGIE POWER LIMITED,AXLE ENERGY LIMITED,GRIDIMP LIMITED,INFINIS LIMITED,EQUIWATT LIMITED,HILDEBRAND TECHNOLOGY LIMITED,OCTOPUS ENERGY LIMITED,DRAX ENERGY SOLUTIONS LIMITED,OAKTREE POWER LIMITED,Shuffle Energy Limited,U ENERGY GROUP LIMITED,Edgware Energy Limited,Electric Miles Limited,Bryt Energy Limited,GRIDVOLT UK LIMITED,Goonhilly Limited,Sancton Hill Limited,St Breock Limited,South Sharpley Limited","Z1:0,Z2:0,Z3:0,Z4:200,Z5:200,Z6:200,Z7:200,Z8:200,Z9:200,Z10:200,Z11:200,Z12:200"
128,20/09/2026 12:00,Downwards,Energy,20/09/2026,19:00,19:30,18:00,18:30,200,Live,0,All Participants,"CUB (UK) LTD,ENGIE POWER LIMITED,AXLE ENERGY LIMITED,GRIDIMP LIMITED,INFINIS LIMITED,EQUIWATT LIMITED,HILDEBRAND TECHNOLOGY LIMITED,OCTOPUS ENERGY LIMITED,DRAX ENERGY SOLUTIONS LIMITED,OAKTREE POWER LIMITED,Shuffle Energy Limited,U ENERGY GROUP LIMITED,Edgware Energy Limited,Electric Miles Limited,Bryt Energy Limited,GRIDVOLT UK LIMITED,Goonhilly Limited,Sancton Hill Limited,St Breock Limited,South Sharpley Limited","Z1:0,Z2:0,Z3:0,Z4:200,Z5:200,Z6:200,Z7:200,Z8:200,Z9:200,Z10:200,Z11:200,Z12:200"
128,20/09/2026 12:00,Downwards,Energy,20/09/2026,19:30,20:00,18:30,19:00,200,Live,0,All Participants,"CUB (UK) LTD,ENGIE POWER LIMITED,AXLE ENERGY LIMITED,GRIDIMP LIMITED,INFINIS LIMITED,EQUIWATT LIMITED,HILDEBRAND TECHNOLOGY LIMITED,OCTOPUS ENERGY LIMITED,DRAX ENERGY SOLUTIONS LIMITED,OAKTREE POWER LIMITED,Shuffle Energy Limited,U ENERGY GROUP LIMITED,Edgware Energy Limited,Electric Miles Limited,Bryt Energy Limited,GRIDVOLT UK LIMITED,Goonhilly Limited,Sancton Hill Limited,St Breock Limited,South Sharpley Limited","Z1:0,Z2:0,Z3:0,Z4:200,Z5:200,Z6:200,Z7:200,Z8:200,Z9:200,Z10:200,Z11:200,Z12:200"
128,20/09/2026 12:00,Downwards,Energy,20/09/2026,20:00,20:30,19:00,19:30,200,Live,0,All Participants,"CUB (UK) LTD,ENGIE POWER LIMITED,AXLE ENERGY LIMITED,GRIDIMP LIMITED,INFINIS LIMITED,EQUIWATT LIMITED,HILDEBRAND TECHNOLOGY LIMITED,OCTOPUS ENERGY LIMITED,DRAX ENERGY SOLUTIONS LIMITED,OAKTREE POWER LIMITED,Shuffle Energy Limited,U ENERGY GROUP LIMITED,Edgware Energy Limited,Electric Miles Limited,Bryt Energy Limited,GRIDVOLT UK LIMITED,Goonhilly Limited,Sancton Hill Limited,St Breock Limited,South Sharpley Limited","Z1:0,Z2:0,Z3:0,Z4:200,Z5:200,Z6:200,Z7:200,Z8:200,Z9:200,Z10:200,Z11:200,Z12:200"
128,20/09/2026 12:00,Downwards,Energy,20/09/2026,20:30,21:00,19:30,20:00,200,Live,0,All Participants,"CUB (UK) LTD,ENGIE POWER LIMITED,AXLE ENERGY LIMITED,GRIDIMP LIMITED,INFINIS LIMITED,EQUIWATT LIMITED,HILDEBRAND TECHNOLOGY LIMITED,OCTOPUS ENERGY LIMITED,DRAX ENERGY SOLUTIONS LIMITED,OAKTREE POWER LIMITED,Shuffle Energy Limited,U ENERGY GROUP LIMITED,Edgware Energy Limited,Electric Miles Limited,Bryt Energy Limited,GRIDVOLT UK LIMITED,Goonhilly Limited,Sancton Hill Limited,St Breock Limited,South Sharpley Limited","Z1:0,Z2:0,Z3:0,Z4:200,Z5:200,Z6:200,Z7:200,Z8:200,Z9:200,Z10:200,Z11:200,Z12:200"
127,19/09/2026 12:30,Downwards,Energy,19/09/2026,17:00,17:30,16:00,16:30,500,Live,0,All Participants,"CUB (UK) LTD,ENGIE POWER LIMITED,AXLE ENERGY LIMITED,GRIDIMP LIMITED,INFINIS LIMITED,EQUIWATT LIMITED,HILDEBRAND TECHNOLOGY LIMITED,OCTOPUS ENERGY LIMITED,DRAX ENERGY SOLUTIONS LIMITED,OAKTREE POWER LIMITED,Shuffle Energy Limited,U ENERGY GROUP LIMITED,Edgware Energy Limited,Electric Miles Limited,Bryt Energy Limited,GRIDVOLT UK LIMITED,Goonhilly Limited,Sancton Hill Limited,St Breock Limited,South Sharpley Limited","Z1:0,Z2:0,Z3:0,Z4:0,Z5:500,Z6:500,Z7:500,Z8:500,Z9:500,Z10:500,Z11:500,Z12:500"
127,19/09/2026 12:30,Downwards,Energy,19/09/2026,17:30,18:00,16:30,17:00,500,Live,0,All Participants,"CUB (UK) LTD,ENGIE POWER LIMITED,AXLE ENERGY LIMITED,GRIDIMP LIMITED,INFINIS LIMITED,EQUIWATT LIMITED,HILDEBRAND TECHNOLOGY LIMITED,OCTOPUS ENERGY LIMITED,DRAX ENERGY SOLUTIONS LIMITED,OAKTREE POWER LIMITED,Shuffle Energy Limited,U ENERGY GROUP LIMITED,Edgware Energy Limited,Electric Miles Limited,Bryt Energy Limited,GRIDVOLT UK LIMITED,Goonhilly Limited,Sancton Hill Limited,St Breock Limited,South Sharpley Limited","Z1:0,Z2:0,Z3:0,Z4:0,Z5:500,Z6:500,Z7:500,Z8:500,Z9:500,Z10:500,Z11:500,Z12:500"
127,19/09/2026 12:30,Downwards,Energy,19/09/2026,18:00,18:30,17:00,17:30,500,Live,0,All Participants,"CUB (UK) LTD,ENGIE POWER LIMITED,AXLE ENERGY LIMITED,GRIDIMP LIMITED,INFINIS LIMITED,EQUIWATT LIMITED,HILDEBRAND TECHNOLOGY LIMITED,OCTOPUS ENERGY LIMITED,DRAX ENERGY SOLUTIONS LIMITED,OAKTREE POWER LIMITED,Shuffle Energy Limited,U ENERGY GROUP LIMITED,Edgware Energy Limited,Electric Miles Limited,Bryt Energy Limited,GRIDVOLT UK LIMITED,Goonhilly Limited,Sancton Hill Limited,St Breock Limited,South Sharpley Limited","Z1:0,Z2:0,Z3:0,Z4:0,Z5:500,Z6:500,Z7:500,Z8:500,Z9:500,Z10:500,Z11:500,Z12:500"
127,19/09/2026 12:30,Downwards,Energy,19/09/2026,18:30,19:00,17:30,18:00,500,Live,0,All Participants,"CUB (UK) LTD,ENGIE POWER LIMITED,AXLE ENERGY LIMITED,GRIDIMP LIMITED,INFINIS LIMITED,EQUIWATT LIMITED,HILDEBRAND TECHNOLOGY LIMITED,OCTOPUS ENERGY LIMITED,DRAX ENERGY SOLUTIONS LIMITED,OAKTREE POWER LIMITED,Shuffle Energy Limited,U ENERGY GROUP LIMITED,Edgware Energy Limited,Electric Miles Limited,Bryt Energy Limited,GRIDVOLT UK LIMITED,Goonhilly Limited,Sancton Hill Limited,St Breock Limited,South Sharpley Limited","Z1:0,Z2:0,Z3:0,Z4:0,Z5:500,Z6:500,Z7:500,Z8:500,Z9:500,Z10:500,Z11:500,Z12:500"
127,19/09/2026 12:30,Downwards,Energy,19/09/2026,19:00,19:30,18:00,18:30,500,Live,0,All Participants,"CUB (UK) LTD,ENGIE POWER LIMITED,AXLE ENERGY LIMITED,GRIDIMP LIMITED,INFINIS LIMITED,EQUIWATT LIMITED,HILDEBRAND TECHNOLOGY LIMITED,OCTOPUS ENERGY LIMITED,DRAX ENERGY SOLUTIONS LIMITED,OAKTREE POWER LIMITED,Shuffle Energy Limited,U ENERGY GROUP LIMITED,Edgware Energy Limited,Electric Miles Limited,Bryt Energy Limited,GRIDVOLT UK LIMITED,Goonhilly Limited,Sancton Hill Limited,St Breock Limited,South Sharpley Limited","Z1:0,Z2:0,Z3:0,Z4:0,Z5:500,Z6:500,Z7:500,Z8:500,Z9:500,Z10:500,Z11:500,Z12:500"
127,19/09/2026 12:30,Downwards,Energy,19/09/2026,19:30,20:00,18:30,19:00,500,Live,0,All Participants,"CUB (UK) LTD,ENGIE POWER LIMITED,AXLE ENERGY LIMITED,GRIDIMP LIMITED,INFINIS LIMITED,EQUIWATT LIMITED,HILDEBRAND TECHNOLOGY LIMITED,OCTOPUS ENERGY LIMITED,DRAX ENERGY SOLUTIONS LIMITED,OAKTREE POWER LIMITED,Shuffle Energy Limited,U ENERGY GROUP LIMITED,Edgware Energy Limited,Electric Miles Limited,Bryt Energy Limited,GRIDVOLT UK LIMITED,Goonhilly Limited,Sancton Hill Limited,St Breock Limited,South Sharpley Limited","Z1:0,Z2:0,Z3:0,Z4:0,Z5:500,Z6:500,Z7:500,Z8:500,Z9:500,Z10:500,Z11:500,Z12:500"
127,19/09/2026 12:30,Downwards,Energy,19/09/2026,20:00,20:30,19:00,19:30,500,Live,0,All Participants,"CUB (UK) LTD,ENGIE POWER LIMITED,AXLE ENERGY LIMITED,GRIDIMP LIMITED,INFINIS LIMITED,EQUIWATT LIMITED,HILDEBRAND TECHNOLOGY LIMITED,OCTOPUS ENERGY LIMITED,DRAX ENERGY SOLUTIONS LIMITED,OAKTREE POWER LIMITED,Shuffle Energy Limited,U ENERGY GROUP LIMITED,Edgware Energy Limited,Electric Miles Limited,Bryt Energy Limited,GRIDVOLT UK LIMITED,Goonhilly Limited,Sancton Hill Limited,St Breock Limited,South Sharpley Limited","Z1:0,Z2:0,Z3:0,Z4:0,Z5:500,Z6:500,Z7:500,Z8:500,Z9:500,Z10:500,Z11:500,Z12:500"
127,19/09/2026 12:30,Downwards,Energy,19/09/2026,20:30,21:00,19:30,20:00,500,Live,0,All Participants,"CUB (UK) LTD,ENGIE POWER LIMITED,AXLE ENERGY LIMITED,GRIDIMP LIMITED,INFINIS LIMITED,EQUIWATT LIMITED,HILDEBRAND TECHNOLOGY LIMITED,OCTOPUS ENERGY LIMITED,DRAX ENERGY SOLUTIONS LIMITED,OAKTREE POWER LIMITED,Shuffle Energy Limited,U ENERGY GROUP LIMITED,Edgware Energy Limited,Electric Miles Limited,Bryt Energy Limited,GRIDVOLT UK LIMITED,Goonhilly Limited,Sancton Hill Limited,St Breock Limited,South Sharpley Limited","Z1:0,Z2:0,Z3:0,Z4:0,Z5:500,Z6:500,Z7:500,Z8:500,Z9:500,Z10:500,Z11:500,Z12:500"
127,19/09/2026 12:30,Downwards,Energy,19/09/2026,21:00,21:30,20:00,20:30,500,Live,0,All Participants,"CUB (UK) LTD,ENGIE POWER LIMITED,AXLE ENERGY LIMITED,GRIDIMP LIMITED,INFINIS LIMITED,EQUIWATT LIMITED,HILDEBRAND TECHNOLOGY LIMITED,OCTOPUS ENERGY LIMITED,DRAX ENERGY SOLUTIONS LIMITED,OAKTREE POWER LIMITED,Shuffle Energy Limited,U ENERGY GROUP LIMITED,Edgware Energy Limited,Electric Miles Limited,Bryt Energy Limited,GRIDVOLT UK LIMITED,Goonhilly Limited,Sancton Hill Limited,St Breock Limited,South Sharpley Limited","Z1:0,Z2:0,Z3:0,Z4:0,Z5:500,Z6:500,Z7:500,Z8:500,Z9:500,Z10:500,Z11:500,Z12:500"
127,19/09/2026 12:30,Downwards,Energy,19/09/2026,21:30,22:00,20:30,21:00,500,Live,0,All Participants,"CUB (UK) LTD,ENGIE POWER LIMITED,AXLE ENERGY LIMITED,GRIDIMP LIMITED,INFINIS LIMITED,EQUIWATT LIMITED,HILDEBRAND TECHNOLOGY LIMITED,OCTOPUS ENERGY LIMITED,DRAX ENERGY SOLUTIONS LIMITED,OAKTREE POWER LIMITED,Shuffle Energy Limited,U ENERGY GROUP LIMITED,Edgware Energy Limited,Electric Miles Limited,Bryt Energy Limited,GRIDVOLT UK LIMITED,Goonhilly Limited,Sancton Hill Limited,St Breock Limited,South Sharpley Limited","Z1:0,Z2:0,Z3:0,Z4:0,Z5:500,Z6:500,Z7:500,Z8:500,Z9:500,Z10:500,Z11:500,Z12:500"
126,18/09/2026 12:00,Downwards,Energy,18/09/2026,16:00,16:30,15:00,15:30,500,Live,0,All Participants,"CUB (UK) LTD,ENGIE POWER LIMITED,AXLE ENERGY LIMITED,GRIDIMP LIMITED,INFINIS LIMITED,EQUIWATT LIMITED,HILDEBRAND TECHNOLOGY LIMITED,OCTOPUS ENERGY LIMITED,DRAX ENERGY SOLUTIONS LIMITED,OAKTREE POWER LIMITED,Shuffle Energy Limited,U ENERGY GROUP LIMITED,Edgware Energy Limited,Electric Miles Limited,Bryt Energy Limited,GRIDVOLT UK LIMITED,Goonhilly Limited,Sancton Hill Limited,St Breock Limited,South Sharpley Limited","Z1:0,Z2:0,Z3:0,Z4:0,Z5:0,Z6:0,Z7:0,Z8:500,Z9:500,Z10:500,Z11:500,Z12:500"
126,18/09/2026 12:00,Downwards,Energy,18/09/2026,16:30,17:00,15:30,16:00,500,Live,0,All Participants,"CUB (UK) LTD,ENGIE POWER LIMITED,AXLE ENERGY LIMITED,GRIDIMP LIMITED,INFINIS LIMITED,EQUIWATT LIMITED,HILDEBRAND TECHNOLOGY LIMITED,OCTOPUS ENERGY LIMITED,DRAX ENERGY SOLUTIONS LIMITED,OAKTREE POWER LIMITED,Shuffle Energy Limited,U ENERGY GROUP LIMITED,Edgware Energy Limited,Electric Miles Limited,Bryt Energy Limited,GRIDVOLT UK LIMITED,Goonhilly Limited,Sancton Hill Limited,St Breock Limited,South Sharpley Limited","Z1:0,Z2:0,Z3:0,Z4:0,Z5:0,Z6:0,Z7:0,Z8:500,Z9:500,Z10:500,Z11:500,Z12:500"
126,18/09/2026 12:00,Downwards,Energy,18/09/2026,17:00,17:30,16:00,16:30,500,Live,0,All Participants,"CUB (UK) LTD,ENGIE POWER LIMITED,AXLE ENERGY LIMITED,GRIDIMP LIMITED,INFINIS LIMITED,EQUIWATT LIMITED,HILDEBRAND TECHNOLOGY LIMITED,OCTOPUS ENERGY LIMITED,DRAX ENERGY SOLUTIONS LIMITED,OAKTREE POWER LIMITED,Shuffle Energy Limited,U ENERGY GROUP LIMITED,Edgware Energy Limited,Electric Miles Limited,Bryt Energy Limited,GRIDVOLT UK LIMITED,Goonhilly Limited,Sancton Hill Limited,St Breock Limited,South Sharpley Limited","Z1:0,Z2:0,Z3:0,Z4:0,Z5:0,Z6:0,Z7:0,Z8:500,Z9:500,Z10:500,Z11:500,Z12:500"
126,18/09/2026 12:00,Downwards,Energy,18/09/2026,17:30,18:00,16:30,17:00,500,Live,0,All Participants,"CUB (UK) LTD,ENGIE POWER LIMITED,AXLE ENERGY LIMITED,GRIDIMP LIMITED,INFINIS LIMITED,EQUIWATT LIMITED,HILDEBRAND TECHNOLOGY LIMITED,OCTOPUS ENERGY LIMITED,DRAX ENERGY SOLUTIONS LIMITED,OAKTREE POWER LIMITED,Shuffle Energy Limited,U ENERGY GROUP LIMITED,Edgware Energy Limited,Electric Miles Limited,Bryt Energy Limited,GRIDVOLT UK LIMITED,Goonhilly Limited,Sancton Hill Limited,St Breock Limited,South Sharpley Limited","Z1:0,Z2:0,Z3:0,Z4:0,Z5:0,Z6:0,Z7:0,Z8:500,Z9:500,Z10:500,Z11:500,Z12:500"
126,18/09/2026 12:00,Downwards,Energy,18/09/2026,18:00,18:30,17:00,17:30,500,Live,0,All Participants,"CUB (UK) LTD,ENGIE POWER LIMITED,AXLE ENERGY LIMITED,GRIDIMP LIMITED,INFINIS LIMITED,EQUIWATT LIMITED,HILDEBRAND TECHNOLOGY LIMITED,OCTOPUS ENERGY LIMITED,DRAX ENERGY SOLUTIONS LIMITED,OAKTREE POWER LIMITED,Shuffle Energy Limited,U ENERGY GROUP LIMITED,Edgware Energy Limited,Electric Miles Limited,Bryt Energy Limited,GRIDVOLT UK LIMITED,Goonhilly Limited,Sancton Hill Limited,St Breock Limited,South Sharpley Limited","Z1:0,Z2:0,Z3:0,Z4:0,Z5:0,Z6:0,Z7:0,Z8:500,Z9:500,Z10:500,Z11:500,Z12:500"
126,18/09/2026 12:00,Downwards,Energy,18/09/2026,18:30,19:00,17:30,18:00,500,Live,0,All Participants,"CUB (UK) LTD,ENGIE POWER LIMITED,AXLE ENERGY LIMITED,GRIDIMP LIMITED,INFINIS LIMITED,EQUIWATT LIMITED,HILDEBRAND TECHNOLOGY LIMITED,OCTOPUS ENERGY LIMITED,DRAX ENERGY SOLUTIONS LIMITED,OAKTREE POWER LIMITED,Shuffle Energy Limited,U ENERGY GROUP LIMITED,Edgware Energy Limited,Electric Miles Limited,Bryt Energy Limited,GRIDVOLT UK LIMITED,Goonhilly Limited,Sancton Hill Limited,St Breock Limited,South Sharpley Limited","Z1:0,Z2:0,Z3:0,Z4:0,Z5:0,Z6:0,Z7:0,Z8:500,Z9:500,Z10:500,Z11:500,Z12:500"
126,18/09/2026 12:00,Downwards,Energy,18/09/2026,19:00,19:30,18:00,18:30,500,Live,0,All Participants,"CUB (UK) LTD,ENGIE POWER LIMITED,AXLE ENERGY LIMITED,GRIDIMP LIMITED,INFINIS LIMITED,EQUIWATT LIMITED,HILDEBRAND TECHNOLOGY LIMITED,OCTOPUS ENERGY LIMITED,DRAX ENERGY SOLUTIONS LIMITED,OAKTREE POWER LIMITED,Shuffle Energy Limited,U ENERGY GROUP LIMITED,Edgware Energy Limited,Electric Miles Limited,Bryt Energy Limited,GRIDVOLT UK LIMITED,Goonhilly Limited,Sancton Hill Limited,St Breock Limited,South Sharpley Limited","Z1:0,Z2:0,Z3:0,Z4:0,Z5:0,Z6:0,Z7:0,Z8:500,Z9:500,Z10:500,Z11:500,Z12:500"
126,18/09/2026 12:00,Downwards,Energy,18/09/2026,19:30,20:00,18:30,19:00,500,Live,0,All Participants,"CUB (UK) LTD,ENGIE POWER LIMITED,AXLE ENERGY LIMITED,GRIDIMP LIMITED,INFINIS LIMITED,EQUIWATT LIMITED,HILDEBRAND TECHNOLOGY LIMITED,OCTOPUS ENERGY LIMITED,DRAX ENERGY SOLUTIONS LIMITED,OAKTREE POWER LIMITED,Shuffle Energy Limited,U ENERGY GROUP LIMITED,Edgware Energy Limited,Electric Miles Limited,Bryt Energy Limited,GRIDVOLT UK LIMITED,Goonhilly Limited,Sancton Hill Limited,St Breock Limited,South Sharpley Limited","Z1:0,Z2:0,Z3:0,Z4:0,Z5:0,Z6:0,Z7:0,Z8:500,Z9:500,Z10:500,Z11:500,Z12:500"
126,18/09/2026 12:00,Downwards,Energy,18/09/2026,20:00,20:30,19:00,19:30,500,Live,0,All Participants,"CUB (UK) LTD,ENGIE POWER LIMITED,AXLE ENERGY LIMITED,GRIDIMP LIMITED,INFINIS LIMITED,EQUIWATT LIMITED,HILDEBRAND TECHNOLOGY LIMITED,OCTOPUS ENERGY LIMITED,DRAX ENERGY SOLUTIONS LIMITED,OAKTREE POWER LIMITED,Shuffle Energy Limited,U ENERGY GROUP LIMITED,Edgware Energy Limited,Electric Miles Limited,Bryt Energy Limited,GRIDVOLT UK LIMITED,Goonhilly Limited,Sancton Hill Limited,St Breock Limited,South Sharpley Limited","Z1:0,Z2:0,Z3:0,Z4:0,Z5:0,Z6:0,Z7:0,Z8:500,Z9:500,Z10:500,Z11:500,Z12:500"
126,18/09/2026 12:00,Downwards,Energy,18/09/2026,20:30,21:00,19:30,20:00,500,Live,0,All Participants,"CUB (UK) LTD,ENGIE POWER LIMITED,AXLE ENERGY LIMITED,GRIDIMP LIMITED,INFINIS LIMITED,EQUIWATT LIMITED,HILDEBRAND TECHNOLOGY LIMITED,OCTOPUS ENERGY LIMITED,DRAX ENERGY SOLUTIONS LIMITED,OAKTREE POWER LIMITED,Shuffle Energy Limited,U ENERGY GROUP LIMITED,Edgware Energy Limited,Electric Miles Limited,Bryt Energy Limited,GRIDVOLT UK LIMITED,Goonhilly Limited,Sancton Hill Limited,St Breock Limited,South Sharpley Limited","Z1:0,Z2:0,Z3:0,Z4:0,Z5:0,Z6:0,Z7:0,Z8:500,Z9:500,Z10:500,Z11:500,Z12:500"
126,18/09/2026 12:00,Downwards,Energy,18/09/2026,21:00,21:30,20:00,20:30,500,Live,0,All Participants,"CUB (UK) LTD,ENGIE POWER LIMITED,AXLE ENERGY LIMITED,GRIDIMP LIMITED,INFINIS LIMITED,EQUIWATT LIMITED,HILDEBRAND TECHNOLOGY LIMITED,OCTOPUS ENERGY LIMITED,DRAX ENERGY SOLUTIONS LIMITED,OAKTREE POWER LIMITED,Shuffle Energy Limited,U ENERGY GROUP LIMITED,Edgware Energy Limited,Electric Miles Limited,Bryt Energy Limited,GRIDVOLT UK LIMITED,Goonhilly Limited,Sancton Hill Limited,St Breock Limited,South Sharpley Limited","Z1:0,Z2:0,Z3:0,Z4:0,Z5:0,Z6:0,Z7:0,Z8:500,Z9:500,Z10:500,Z11:500,Z12:500"
126,18/09/2026 12:00,Downwards,Energy,18/09/2026,21:30,22:00,20:30,21:00,500,Live,0,All Participants,"CUB (UK) LTD,ENGIE POWER LIMITED,AXLE ENERGY LIMITED,GRIDIMP LIMITED,INFINIS LIMITED,EQUIWATT LIMITED,HILDEBRAND TECHNOLOGY LIMITED,OCTOPUS ENERGY LIMITED,DRAX ENERGY SOLUTIONS LIMITED,OAKTREE POWER LIMITED,Shuffle Energy Limited,U ENERGY GROUP LIMITED,Edgware Energy Limited,Electric Miles Limited,Bryt Energy Limited,GRIDVOLT UK LIMITED,Goonhilly Limited,Sancton Hill Limited,St Breock Limited,South Sharpley Limited","Z1:0,Z2:0,Z3:0,Z4:0,Z5:0,Z6:0,Z7:0,Z8:500,Z9:500,Z10:500,Z11:500,Z12:500"
125,17/09/2026 12:15,Downwards,Energy,17/09/2026,17:00,17:30,16:00,16:30,500,Live,0,All Participants,"CUB (UK) LTD,ENGIE POWER LIMITED,AXLE ENERGY LIMITED,GRIDIMP LIMITED,INFINIS LIMITED,EQUIWATT LIMITED,HILDEBRAND TECHNOLOGY LIMITED,OCTOPUS ENERGY LIMITED,DRAX ENERGY SOLUTIONS LIMITED,OAKTREE POWER LIMITED,Shuffle Energy Limited,U ENERGY GROUP LIMITED,Edgware Energy Limited,Electric Miles Limited,Bryt Energy Limited,GRIDVOLT UK LIMITED,Goonhilly Limited,Sancton Hill Limited,St Breock Limited,South Sharpley Limited","Z1:0,Z2:0,Z3:0,Z4:0,Z5:0,Z6:0,Z7:0,Z8:500,Z9:500,Z10:500,Z11:500,Z12:500"
125,17/09/2026 12:15,Downwards,Energy,17/09/2026,17:30,18:00,16:30,17:00,500,Live,0,All Participants,"CUB (UK) LTD,ENGIE POWER LIMITED,AXLE ENERGY LIMITED,GRIDIMP LIMITED,INFINIS LIMITED,EQUIWATT LIMITED,HILDEBRAND TECHNOLOGY LIMITED,OCTOPUS ENERGY LIMITED,DRAX ENERGY SOLUTIONS LIMITED,OAKTREE POWER LIMITED,Shuffle Energy Limited,U ENERGY GROUP LIMITED,Edgware Energy Limited,Electric Miles Limited,Bryt Energy Limited,GRIDVOLT UK LIMITED,Goonhilly Limited,Sancton Hill Limited,St Breock Limited,South Sharpley Limited","Z1:0,Z2:0,Z3:0,Z4:0,Z5:0,Z6:0,Z7:0,Z8:500,Z9:500,Z10:500,Z11:500,Z12:500"
125,17/09/2026 12:15,Downwards,Energy,17/09/2026,18:00,18:30,17:00,17:30,500,Live,0,All Participants,"CUB (UK) LTD,ENGIE POWER LIMITED,AXLE ENERGY LIMITED,GRIDIMP LIMITED,INFINIS LIMITED,EQUIWATT LIMITED,HILDEBRAND TECHNOLOGY LIMITED,OCTOPUS ENERGY LIMITED,DRAX ENERGY SOLUTIONS LIMITED,OAKTREE POWER LIMITED,Shuffle Energy Limited,U ENERGY GROUP LIMITED,Edgware Energy Limited,Electric Miles Limited,Bryt Energy Limited,GRIDVOLT UK LIMITED,Goonhilly Limited,Sancton Hill Limited,St Breock Limited,South Sharpley Limited","Z1:0,Z2:0,Z3:0,Z4:0,Z5:0,Z6:0,Z7:0,Z8:500,Z9:500,Z10:500,Z11:500,Z12:500"
125,17/09/2026 12:15,Downwards,Energy,17/09/2026,18:30,19:00,17:30,18:00,500,Live,0,All Participants,"CUB (UK) LTD,ENGIE POWER LIMITED,AXLE ENERGY LIMITED,GRIDIMP LIMITED,INFINIS LIMITED,EQUIWATT LIMITED,HILDEBRAND TECHNOLOGY LIMITED,OCTOPUS ENERGY LIMITED,DRAX ENERGY SOLUTIONS LIMITED,OAKTREE POWER LIMITED,Shuffle Energy Limited,U ENERGY GROUP LIMITED,Edgware Energy Limited,Electric Miles Limited,Bryt Energy Limited,GRIDVOLT UK LIMITED,Goonhilly Limited,Sancton Hill Limited,St Breock Limited,South Sharpley Limited","Z1:0,Z2:0,Z3:0,Z4:0,Z5:0,Z6:0,Z7:0,Z8:500,Z9:500,Z10:500,Z11:500,Z12:500"
125,17/09/2026 12:15,Downwards,Energy,17/09/2026,19:00,19:30,18:00,18:30,500,Live,0,All Participants,"CUB (UK) LTD,ENGIE POWER LIMITED,AXLE ENERGY LIMITED,GRIDIMP LIMITED,INFINIS LIMITED,EQUIWATT LIMITED,HILDEBRAND TECHNOLOGY LIMITED,OCTOPUS ENERGY LIMITED,DRAX ENERGY SOLUTIONS LIMITED,OAKTREE POWER LIMITED,Shuffle Energy Limited,U ENERGY GROUP LIMITED,Edgware Energy Limited,Electric Miles Limited,Bryt Energy Limited,GRIDVOLT UK LIMITED,Goonhilly Limited,Sancton Hill Limited,St Breock Limited,South Sharpley Limited","Z1:0,Z2:0,Z3:0,Z4:0,Z5:0,Z6:0,Z7:0,Z8:500,Z9:500,Z10:500,Z11:500,Z12:500"
125,17/09/2026 12:15,Downwards,Energy,17/09/2026,19:30,20:00,18:30,19:00,500,Live,0,All Participants,"CUB (UK) LTD,ENGIE POWER LIMITED,AXLE ENERGY LIMITED,GRIDIMP LIMITED,INFINIS LIMITED,EQUIWATT LIMITED,HILDEBRAND TECHNOLOGY LIMITED,OCTOPUS ENERGY LIMITED,DRAX ENERGY SOLUTIONS LIMITED,OAKTREE POWER LIMITED,Shuffle Energy Limited,U ENERGY GROUP LIMITED,Edgware Energy Limited,Electric Miles Limited,Bryt Energy Limited,GRIDVOLT UK LIMITED,Goonhilly Limited,Sancton Hill Limited,St Breock Limited,South Sharpley Limited","Z1:0,Z2:0,Z3:0,Z4:0,Z5:0,Z6:0,Z7:0,Z8:500,Z9:500,Z10:500,Z11:500,Z12:500"
125,17/09/2026 12:15,Downwards,Energy,17/09/2026,20:00,20:30,19:00,19:30,500,Live,0,All Participants,"CUB (UK) LTD,ENGIE POWER LIMITED,AXLE ENERGY LIMITED,GRIDIMP LIMITED,INFINIS LIMITED,EQUIWATT LIMITED,HILDEBRAND TECHNOLOGY LIMITED,OCTOPUS ENERGY LIMITED,DRAX ENERGY SOLUTIONS LIMITED,OAKTREE POWER LIMITED,Shuffle Energy Limited,U ENERGY GROUP LIMITED,Edgware Energy Limited,Electric Miles Limited,Bryt Energy Limited,GRIDVOLT UK LIMITED,Goonhilly Limited,Sancton Hill Limited,St Breock Limited,South Sharpley Limited","Z1:0,Z2:0,Z3:0,Z4:0,Z5:0,Z6:0,Z7:0,Z8:500,Z9:500,Z10:500,Z11:500,Z12:500"
125,17/09/2026 12:15,Downwards,Energy,17/09/2026,20:30,21:00,19:30,20:00,500,Live,0,All Participants,"CUB (UK) LTD,ENGIE POWER LIMITED,AXLE ENERGY LIMITED,GRIDIMP LIMITED,INFINIS LIMITED,EQUIWATT LIMITED,HILDEBRAND TECHNOLOGY LIMITED,OCTOPUS ENERGY LIMITED,DRAX ENERGY SOLUTIONS LIMITED,OAKTREE POWER LIMITED,Shuffle Energy Limited,U ENERGY GROUP LIMITED,Edgware Energy Limited,Electric Miles Limited,Bryt Energy Limited,GRIDVOLT UK LIMITED,Goonhilly Limited,Sancton Hill Limited,St Breock Limited,South Sharpley Limited","Z1:0,Z2:0,Z3:0,Z4:0,Z5:0,Z6:0,Z7:0,Z8:500,Z9:500,Z10:500,Z11:500,Z12:500"
125,17/09/2026 12:15,Downwards,Energy,17/09/2026,21:00,21:30,20:00,20:30,500,Live,0,All Participants,"CUB (UK) LTD,ENGIE POWER LIMITED,AXLE ENERGY LIMITED,GRIDIMP LIMITED,INFINIS LIMITED,EQUIWATT LIMITED,HILDEBRAND TECHNOLOGY LIMITED,OCTOPUS ENERGY LIMITED,DRAX ENERGY SOLUTIONS LIMITED,OAKTREE POWER LIMITED,Shuffle Energy Limited,U ENERGY GROUP LIMITED,Edgware Energy Limited,Electric Miles Limited,Bryt Energy Limited,GRIDVOLT UK LIMITED,Goonhilly Limited,Sancton Hill Limited,St Breock Limited,South Sharpley Limited","Z1:0,Z2:0,Z3:0,Z4:0,Z5:0,Z6:0,Z7:0,Z8:500,Z9:500,Z10:500,Z11:500,Z12:500"
125,17/09/2026 12:15,Downwards,Energy,17/09/2026,21:30,22:00,20:30,21:00,500,Live,0,All Participants,"CUB (UK) LTD,ENGIE POWER LIMITED,AXLE ENERGY LIMITED,GRIDIMP LIMITED,INFINIS LIMITED,EQUIWATT LIMITED,HILDEBRAND TECHNOLOGY LIMITED,OCTOPUS ENERGY LIMITED,DRAX ENERGY SOLUTIONS LIMITED,OAKTREE POWER LIMITED,Shuffle Energy Limited,U ENERGY GROUP LIMITED,Edgware Energy Limited,Electric Miles Limited,Bryt Energy Limited,GRIDVOLT UK LIMITED,Goonhilly Limited,Sancton Hill Limited,St Breock Limited,South Sharpley Limited","Z1:0,Z2:0,Z3:0,Z4:0,Z5:0,Z6:0,Z7:0,Z8:500,Z9:500,Z10:500,Z11:500,Z12:500"
125,17/09/2026 12:15,Downwards,Energy,17/09/2026,22:00,22:30,21:00,21:30,500,Live,0,All Participants,"CUB (UK) LTD,ENGIE POWER LIMITED,AXLE ENERGY LIMITED,GRIDIMP LIMITED,INFINIS LIMITED,EQUIWATT LIMITED,HILDEBRAND TECHNOLOGY LIMITED,OCTOPUS ENERGY LIMITED,DRAX ENERGY SOLUTIONS LIMITED,OAKTREE POWER LIMITED,Shuffle Energy Limited,U ENERGY GROUP LIMITED,Edgware Energy Limited,Electric Miles Limited,Bryt Energy Limited,GRIDVOLT UK LIMITED,Goonhilly Limited,Sancton Hill Limited,St Breock Limited,South Sharpley Limited","Z1:0,Z2:0,Z3:0,Z4:0,Z5:0,Z6:0,Z7:0,Z8:500,Z9:500,Z10:500,Z11:500,Z12:500"
125,17/09/2026 12:15,Downwards,Energy,17/09/2026,22:30,23:00,21:30,22:00,500,Live,0,All Participants,"CUB (UK) LTD,ENGIE POWER LIMITED,AXLE ENERGY LIMITED,GRIDIMP LIMITED,INFINIS LIMITED,EQUIWATT LIMITED,HILDEBRAND TECHNOLOGY LIMITED,OCTOPUS ENERGY LIMITED,DRAX ENERGY SOLUTIONS LIMITED,OAKTREE POWER LIMITED,Shuffle Energy Limited,U ENERGY GROUP LIMITED,Edgware Energy Limited,Electric Miles Limited,Bryt Energy Limited,GRIDVOLT UK LIMITED,Goonhilly Limited,Sancton Hill Limited,St Breock Limited,South Sharpley Limited","Z1:0,Z2:0,Z3:0,Z4:0,Z5:0,Z6:0,Z7:0,Z8:500,Z9:500,Z10:500,Z11:500,Z12:500"
124,16/09/2026 12:00,Downwards,Energy,16/09/2026,18:00,18:30,17:00,17:30,500,Live,0,All Participants,"CUB (UK) LTD,ENGIE POWER LIMITED,AXLE ENERGY LIMITED,GRIDIMP LIMITED,INFINIS LIMITED,EQUIWATT LIMITED,HILDEBRAND TECHNOLOGY LIMITED,OCTOPUS ENERGY LIMITED,DRAX ENERGY SOLUTIONS LIMITED,OAKTREE POWER LIMITED,Shuffle Energy Limited,U ENERGY GROUP LIMITED,Edgware Energy Limited,Electric Miles Limited,Bryt Energy Limited,GRIDVOLT UK LIMITED,Goonhilly Limited,Sancton Hill Limited,St Breock Limited,South Sharpley Limited","Z1:0,Z2:0,Z3:500,Z4:500,Z5:500,Z6:500,Z7:500,Z8:500,Z9:500,Z10:500,Z11:500,Z12:500"
124,16/09/2026 12:00,Downwards,Energy,16/09/2026,18:30,19:00,17:30,18:00,500,Live,0,All Participants,"CUB (UK) LTD,ENGIE POWER LIMITED,AXLE ENERGY LIMITED,GRIDIMP LIMITED,INFINIS LIMITED,EQUIWATT LIMITED,HILDEBRAND TECHNOLOGY LIMITED,OCTOPUS ENERGY LIMITED,DRAX ENERGY SOLUTIONS LIMITED,OAKTREE POWER LIMITED,Shuffle Energy Limited,U ENERGY GROUP LIMITED,Edgware Energy Limited,Electric Miles Limited,Bryt Energy Limited,GRIDVOLT UK LIMITED,Goonhilly Limited,Sancton Hill Limited,St Breock Limited,South Sharpley Limited","Z1:0,Z2:0,Z3:500,Z4:500,Z5:500,Z6:500,Z7:500,Z8:500,Z9:500,Z10:500,Z11:500,Z12:500"
124,16/09/2026 12:00,Downwards,Energy,16/09/2026,19:00,19:30,18:00,18:30,500,Live,0,All Participants,"CUB (UK) LTD,ENGIE POWER LIMITED,AXLE ENERGY LIMITED,GRIDIMP LIMITED,INFINIS LIMITED,EQUIWATT LIMITED,HILDEBRAND TECHNOLOGY LIMITED,OCTOPUS ENERGY LIMITED,DRAX ENERGY SOLUTIONS LIMITED,OAKTREE POWER LIMITED,Shuffle Energy Limited,U ENERGY GROUP LIMITED,Edgware Energy Limited,Electric Miles Limited,Bryt Energy Limited,GRIDVOLT UK LIMITED,Goonhilly Limited,Sancton Hill Limited,St Breock Limited,South Sharpley Limited","Z1:0,Z2:0,Z3:500,Z4:500,Z5:500,Z6:500,Z7:500,Z8:500,Z9:500,Z10:500,Z11:500,Z12:500"
124,16/09/2026 12:00,Downwards,Energy,16/09/2026,19:30,20:00,18:30,19:00,500,Live,0,All Participants,"CUB (UK) LTD,ENGIE POWER LIMITED,AXLE ENERGY LIMITED,GRIDIMP LIMITED,INFINIS LIMITED,EQUIWATT LIMITED,HILDEBRAND TECHNOLOGY LIMITED,OCTOPUS ENERGY LIMITED,DRAX ENERGY SOLUTIONS LIMITED,OAKTREE POWER LIMITED,Shuffle Energy Limited,U ENERGY GROUP LIMITED,Edgware Energy Limited,Electric Miles Limited,Bryt Energy Limited,GRIDVOLT UK LIMITED,Goonhilly Limited,Sancton Hill Limited,St Breock Limited,South Sharpley Limited","Z1:0,Z2:0,Z3:500,Z4:500,Z5:500,Z6:500,Z7:500,Z8:500,Z9:500,Z10:500,Z11:500,Z12:500"
124,16/09/2026 12:00,Downwards,Energy,16/09/2026,20:00,20:30,19:00,19:30,500,Live,0,All Participants,"CUB (UK) LTD,ENGIE POWER LIMITED,AXLE ENERGY LIMITED,GRIDIMP LIMITED,INFINIS LIMITED,EQUIWATT LIMITED,HILDEBRAND TECHNOLOGY LIMITED,OCTOPUS ENERGY LIMITED,DRAX ENERGY SOLUTIONS LIMITED,OAKTREE POWER LIMITED,Shuffle Energy Limited,U ENERGY GROUP LIMITED,Edgware Energy Limited,Electric Miles Limited,Bryt Energy Limited,GRIDVOLT UK LIMITED,Goonhilly Limited,Sancton Hill Limited,St Breock Limited,South Sharpley Limited","Z1:0,Z2:0,Z3:500,Z4:500,Z5:500,Z6:500,Z7:500,Z8:500,Z9:500,Z10:500,Z11:500,Z12:500"
124,16/09/2026 12:00,Downwards,Energy,16/09/2026,20:30,21:00,19:30,20:00,500,Live,0,All Participants,"CUB (UK) LTD,ENGIE POWER LIMITED,AXLE ENERGY LIMITED,GRIDIMP LIMITED,INFINIS LIMITED,EQUIWATT LIMITED,HILDEBRAND TECHNOLOGY LIMITED,OCTOPUS ENERGY LIMITED,DRAX ENERGY SOLUTIONS LIMITED,OAKTREE POWER LIMITED,Shuffle Energy Limited,U ENERGY GROUP LIMITED,Edgware Energy Limited,Electric Miles Limited,Bryt Energy Limited,GRIDVOLT UK LIMITED,Goonhilly Limited,Sancton Hill Limited,St Breock Limited,South Sharpley Limited","Z1:0,Z2:0,Z3:500,Z4:500,Z5:500,Z6:500,Z7:500,Z8:500,Z9:500,Z10:500,Z11:500,Z12:500"
124,16/09/2026 12:00,Downwards,Energy,16/09/2026,21:00,21:30,20:00,20:30,500,Live,0,All Participants,"CUB (UK) LTD,ENGIE POWER LIMITED,AXLE ENERGY LIMITED,GRIDIMP LIMITED,INFINIS LIMITED,EQUIWATT LIMITED,HILDEBRAND TECHNOLOGY LIMITED,OCTOPUS ENERGY LIMITED,DRAX ENERGY SOLUTIONS LIMITED,OAKTREE POWER LIMITED,Shuffle Energy Limited,U ENERGY GROUP LIMITED,Edgware Energy Limited,Electric Miles Limited,Bryt Energy Limited,GRIDVOLT UK LIMITED,Goonhilly Limited,Sancton Hill Limited,St Breock Limited,South Sharpley Limited","Z1:0,Z2:0,Z3:500,Z4:500,Z5:500,Z6:500,Z7:500,Z8:500,Z9:500,Z10:500,Z11:500,Z12:500"
124,16/09/2026 12:00,Downwards,Energy,16/09/2026,21:30,22:00,20:30,21:00,500,Live,0,All Participants,"CUB (UK) LTD,ENGIE POWER LIMITED,AXLE ENERGY LIMITED,GRIDIMP LIMITED,INFINIS LIMITED,EQUIWATT LIMITED,HILDEBRAND TECHNOLOGY LIMITED,OCTOPUS ENERGY LIMITED,DRAX ENERGY SOLUTIONS LIMITED,OAKTREE POWER LIMITED,Shuffle Energy Limited,U ENERGY GROUP LIMITED,Edgware Energy Limited,Electric Miles Limited,Bryt Energy Limited,GRIDVOLT UK LIMITED,Goonhilly Limited,Sancton Hill Limited,St Breock Limited,South Sharpley Limited","Z1:0,Z2:0,Z3:500,Z4:500,Z5:500,Z6:500,Z7:500,Z8:500,Z9:500,Z10:500,Z11:500,Z12:500"
123,15/09/2026 12:00,Downwards,Energy,15/09/2026,17:00,17:30,16:00,16:30,500,Live,0,All Participants,"CUB (UK) LTD,ENGIE POWER LIMITED,AXLE ENERGY LIMITED,GRIDIMP LIMITED,INFINIS LIMITED,EQUIWATT LIMITED,HILDEBRAND TECHNOLOGY LIMITED,OCTOPUS ENERGY LIMITED,DRAX ENERGY SOLUTIONS LIMITED,OAKTREE POWER LIMITED,Shuffle Energy Limited,U ENERGY GROUP LIMITED,Edgware Energy Limited,Electric Miles Limited,Bryt Energy Limited,GRIDVOLT UK LIMITED,Goonhilly Limited,Sancton Hill Limited,St Breock Limited,South Sharpley Limited","Z1:0,Z2:0,Z3:0,Z4:500,Z5:500,Z6:500,Z7:500,Z8:500,Z9:500,Z10:500,Z11:500,Z12:500"
123,15/09/2026 12:00,Downwards,Energy,15/09/2026,17:30,18:00,16:30,17:00,500,Live,0,All Participants,"CUB (UK) LTD,ENGIE POWER LIMITED,AXLE ENERGY LIMITED,GRIDIMP LIMITED,INFINIS LIMITED,EQUIWATT LIMITED,HILDEBRAND TECHNOLOGY LIMITED,OCTOPUS ENERGY LIMITED,DRAX ENERGY SOLUTIONS LIMITED,OAKTREE POWER LIMITED,Shuffle Energy Limited,U ENERGY GROUP LIMITED,Edgware Energy Limited,Electric Miles Limited,Bryt Energy Limited,GRIDVOLT UK LIMITED,Goonhilly Limited,Sancton Hill Limited,St Breock Limited,South Sharpley Limited","Z1:0,Z2:0,Z3:0,Z4:500,Z5:500,Z6:500,Z7:500,Z8:500,Z9:500,Z10:500,Z11:500,Z12:500"
123,15/09/2026 12:00,Downwards,Energy,15/09/2026,18:00,18:30,17:00,17:30,500,Live,0,All Participants,"CUB (UK) LTD,ENGIE POWER LIMITED,AXLE ENERGY LIMITED,GRIDIMP LIMITED,INFINIS LIMITED,EQUIWATT LIMITED,HILDEBRAND TECHNOLOGY LIMITED,OCTOPUS ENERGY LIMITED,DRAX ENERGY SOLUTIONS LIMITED,OAKTREE POWER LIMITED,Shuffle Energy Limited,U ENERGY GROUP LIMITED,Edgware Energy Limited,Electric Miles Limited,Bryt Energy Limited,GRIDVOLT UK LIMITED,Goonhilly Limited,Sancton Hill Limited,St Breock Limited,South Sharpley Limited","Z1:0,Z2:0,Z3:0,Z4:500,Z5:500,Z6:500,Z7:500,Z8:500,Z9:500,Z10:500,Z11:500,Z12:500"
123,15/09/2026 12:00,Downwards,Energy,15/09/2026,18:30,19:00,17:30,18:00,500,Live,0,All Participants,"CUB (UK) LTD,ENGIE POWER LIMITED,AXLE ENERGY LIMITED,GRIDIMP LIMITED,INFINIS LIMITED,EQUIWATT LIMITED,HILDEBRAND TECHNOLOGY LIMITED,OCTOPUS ENERGY LIMITED,DRAX ENERGY SOLUTIONS LIMITED,OAKTREE POWER LIMITED,Shuffle Energy Limited,U ENERGY GROUP LIMITED,Edgware Energy Limited,Electric Miles Limited,Bryt Energy Limited,GRIDVOLT UK LIMITED,Goonhilly Limited,Sancton Hill Limited,St Breock Limited,South Sharpley Limited","Z1:0,Z2:0,Z3:0,Z4:500,Z5:500,Z6:500,Z7:500,Z8:500,Z9:500,Z10:500,Z11:500,Z12:500"
123,15/09/2026 12:00,Downwards,Energy,15/09/2026,19:00,19:30,18:00,18:30,500,Live,0,All Participants,"CUB (UK) LTD,ENGIE POWER LIMITED,AXLE ENERGY LIMITED,GRIDIMP LIMITED,INFINIS LIMITED,EQUIWATT LIMITED,HILDEBRAND TECHNOLOGY LIMITED,OCTOPUS ENERGY LIMITED,DRAX ENERGY SOLUTIONS LIMITED,OAKTREE POWER LIMITED,Shuffle Energy Limited,U ENERGY GROUP LIMITED,Edgware Energy Limited,Electric Miles Limited,Bryt Energy Limited,GRIDVOLT UK LIMITED,Goonhilly Limited,Sancton Hill Limited,St Breock Limited,South Sharpley Limited","Z1:0,Z2:0,Z3:0,Z4:500,Z5:500,Z6:500,Z7:500,Z8:500,Z9:500,Z10:500,Z11:500,Z12:500"
123,15/09/2026 12:00,Downwards,Energy,15/09/2026,19:30,20:00,18:30,19:00,500,Live,0,All Participants,"CUB (UK) LTD,ENGIE POWER LIMITED,AXLE ENERGY LIMITED,GRIDIMP LIMITED,INFINIS LIMITED,EQUIWATT LIMITED,HILDEBRAND TECHNOLOGY LIMITED,OCTOPUS ENERGY LIMITED,DRAX ENERGY SOLUTIONS LIMITED,OAKTREE POWER LIMITED,Shuffle Energy Limited,U ENERGY GROUP LIMITED,Edgware Energy Limited,Electric Miles Limited,Bryt Energy Limited,GRIDVOLT UK LIMITED,Goonhilly Limited,Sancton Hill Limited,St Breock Limited,South Sharpley Limited","Z1:0,Z2:0,Z3:0,Z4:500,Z5:500,Z6:500,Z7:500,Z8:500,Z9:500,Z10:500,Z11:500,Z12:500"
123,15/09/2026 12:00,Downwards,Energy,15/09/2026,20:00,20:30,19:00,19:30,500,Live,0,All Participants,"CUB (UK) LTD,ENGIE POWER LIMITED,AXLE ENERGY LIMITED,GRIDIMP LIMITED,INFINIS LIMITED,EQUIWATT LIMITED,HILDEBRAND TECHNOLOGY LIMITED,OCTOPUS ENERGY LIMITED,DRAX ENERGY SOLUTIONS LIMITED,OAKTREE POWER LIMITED,Shuffle Energy Limited,U ENERGY GROUP LIMITED,Edgware Energy Limited,Electric Miles Limited,Bryt Energy Limited,GRIDVOLT UK LIMITED,Goonhilly Limited,Sancton Hill Limited,St Breock Limited,South Sharpley Limited","Z1:0,Z2:0,Z3:0,Z4:500,Z5:500,Z6:500,Z7:500,Z8:500,Z9:500,Z10:500,Z11:500,Z12:500"
123,15/09/2026 12:00,Downwards,Energy,15/09/2026,20:30,21:00,19:30,20:00,500,Live,0,All Participants,"CUB (UK) LTD,ENGIE POWER LIMITED,AXLE ENERGY LIMITED,GRIDIMP LIMITED,INFINIS LIMITED,EQUIWATT LIMITED,HILDEBRAND TECHNOLOGY LIMITED,OCTOPUS ENERGY LIMITED,DRAX ENERGY SOLUTIONS LIMITED,OAKTREE POWER LIMITED,Shuffle Energy Limited,U ENERGY GROUP LIMITED,Edgware Energy Limited,Electric Miles Limited,Bryt Energy Limited,GRIDVOLT UK LIMITED,Goonhilly Limited,Sancton Hill Limited,St Breock Limited,South Sharpley Limited","Z1:0,Z2:0,Z3:0,Z4:500,Z5:500,Z6:500,Z7:500,Z8:500,Z9:500,Z10:500,Z11:500,Z12:500"
122,14/09/2026 12:00,Downwards,Energy,14/09/2026,18:00,18:30,17:00,17:30,500,Live,0,All Participants,"CUB (UK) LTD,ENGIE POWER LIMITED,AXLE ENERGY LIMITED,GRIDIMP LIMITED,INFINIS LIMITED,EQUIWATT LIMITED,HILDEBRAND TECHNOLOGY LIMITED,OCTOPUS ENERGY LIMITED,DRAX ENERGY SOLUTIONS LIMITED,OAKTREE POWER LIMITED,Shuffle Energy Limited,U ENERGY GROUP LIMITED,Edgware Energy Limited,Electric Miles Limited,Bryt Energy Limited,GRIDVOLT UK LIMITED,Goonhilly Limited,Sancton Hill Limited,St Breock Limited,South Sharpley Limited","Z1:0,Z2:0,Z3:0,Z4:500,Z5:0,Z6:500,Z7:500,Z8:500,Z9:500,Z10:500,Z11:500,Z12:500"
122,14/09/2026 12:00,Downwards,Energy,14/09/2026,18:30,19:00,17:30,18:00,500,Live,0,All Participants,"CUB (UK) LTD,ENGIE POWER LIMITED,AXLE ENERGY LIMITED,GRIDIMP LIMITED,INFINIS LIMITED,EQUIWATT LIMITED,HILDEBRAND TECHNOLOGY LIMITED,OCTOPUS ENERGY LIMITED,DRAX ENERGY SOLUTIONS LIMITED,OAKTREE POWER LIMITED,Shuffle Energy Limited,U ENERGY GROUP LIMITED,Edgware Energy Limited,Electric Miles Limited,Bryt Energy Limited,GRIDVOLT UK LIMITED,Goonhilly Limited,Sancton Hill Limited,St Breock Limited,South Sharpley Limited","Z1:0,Z2:0,Z3:0,Z4:500,Z5:0,Z6:500,Z7:500,Z8:500,Z9:500,Z10:500,Z11:500,Z12:500"
122,14/09/2026 12:00,Downwards,Energy,14/09/2026,19:00,19:30,18:00,18:30,500,Live,0,All Participants,"CUB (UK) LTD,ENGIE POWER LIMITED,AXLE ENERGY LIMITED,GRIDIMP LIMITED,INFINIS LIMITED,EQUIWATT LIMITED,HILDEBRAND TECHNOLOGY LIMITED,OCTOPUS ENERGY LIMITED,DRAX ENERGY SOLUTIONS LIMITED,OAKTREE POWER LIMITED,Shuffle Energy Limited,U ENERGY GROUP LIMITED,Edgware Energy Limited,Electric Miles Limited,Bryt Energy Limited,GRIDVOLT UK LIMITED,Goonhilly Limited,Sancton Hill Limited,St Breock Limited,South Sharpley Limited","Z1:0,Z2:0,Z3:0,Z4:500,Z5:0,Z6:500,Z7:500,Z8:500,Z9:500,Z10:500,Z11:500,Z12:500"
122,14/09/2026 12:00,Downwards,Energy,14/09/2026,19:30,20:00,18:30,19:00,500,Live,0,All Participants,"CUB (UK) LTD,ENGIE POWER LIMITED,AXLE ENERGY LIMITED,GRIDIMP LIMITED,INFINIS LIMITED,EQUIWATT LIMITED,HILDEBRAND TECHNOLOGY LIMITED,OCTOPUS ENERGY LIMITED,DRAX ENERGY SOLUTIONS LIMITED,OAKTREE POWER LIMITED,Shuffle Energy Limited,U ENERGY GROUP LIMITED,Edgware Energy Limited,Electric Miles Limited,Bryt Energy Limited,GRIDVOLT UK LIMITED,Goonhilly Limited,Sancton Hill Limited,St Breock Limited,South Sharpley Limited","Z1:0,Z2:0,Z3:0,Z4:500,Z5:0,Z6:500,Z7:500,Z8:500,Z9:500,Z10:500,Z11:500,Z12:500"
122,14/09/2026 12:00,Downwards,Energy,14/09/2026,20:00,20:30,19:00,19:30,500,Live,0,All Participants,"CUB (UK) LTD,ENGIE POWER LIMITED,AXLE ENERGY LIMITED,GRIDIMP LIMITED,INFINIS LIMITED,EQUIWATT LIMITED,HILDEBRAND TECHNOLOGY LIMITED,OCTOPUS ENERGY LIMITED,DRAX ENERGY SOLUTIONS LIMITED,OAKTREE POWER LIMITED,Shuffle Energy Limited,U ENERGY GROUP LIMITED,Edgware Energy Limited,Electric Miles Limited,Bryt Energy Limited,GRIDVOLT UK LIMITED,Goonhilly Limited,Sancton Hill Limited,St Breock Limited,South Sharpley Limited","Z1:0,Z2:0,Z3:0,Z4:500,Z5:0,Z6:500,Z7:500,Z8:500,Z9:500,Z10:500,Z11:500,Z12:500"
122,14/09/2026 12:00,Downwards,Energy,14/09/2026,20:30,21:00,19:30,20:00,500,Live,0,All Participants,"CUB (UK) LTD,ENGIE POWER LIMITED,AXLE ENERGY LIMITED,GRIDIMP LIMITED,INFINIS LIMITED,EQUIWATT LIMITED,HILDEBRAND TECHNOLOGY LIMITED,OCTOPUS ENERGY LIMITED,DRAX ENERGY SOLUTIONS LIMITED,OAKTREE POWER LIMITED,Shuffle Energy Limited,U ENERGY GROUP LIMITED,Edgware Energy Limited,Electric Miles Limited,Bryt Energy Limited,GRIDVOLT UK LIMITED,Goonhilly Limited,Sancton Hill Limited,St Breock Limited,South Sharpley Limited","Z1:0,Z2:0,Z3:0,Z4:500,Z5:0,Z6:500,Z7:500,Z8:500,Z9:500,Z10:500,Z11:500,Z12:500"
121,13/09/2026 12:00,Downwards,Energy,13/09/2026,17:00,17:30,16:00,16:30,500,Live,0,All Participants,"CUB (UK) LTD,ENGIE POWER LIMITED,AXLE ENERGY LIMITED,GRIDIMP LIMITED,INFINIS LIMITED,EQUIWATT LIMITED,HILDEBRAND TECHNOLOGY LIMITED,OCTOPUS ENERGY LIMITED,DRAX ENERGY SOLUTIONS LIMITED,OAKTREE POWER LIMITED,Shuffle Energy Limited,U ENERGY GROUP LIMITED,Edgware Energy Limited,Electric Miles Limited,Bryt Energy Limited,GRIDVOLT UK LIMITED,Goonhilly Limited,Sancton Hill Limited,St Breock Limited,South Sharpley Limited","Z1:500,Z2:500,Z3:500,Z4:500,Z5:500,Z6:500,Z7:500,Z8:500,Z9:500,Z10:500,Z11:500,Z12:500"
121,13/09/2026 12:00,Downwards,Energy,13/09/2026,17:30,18:00,16:30,17:00,500,Live,0,All Participants,"CUB (UK) LTD,ENGIE POWER LIMITED,AXLE ENERGY LIMITED,GRIDIMP LIMITED,INFINIS LIMITED,EQUIWATT LIMITED,HILDEBRAND TECHNOLOGY LIMITED,OCTOPUS ENERGY LIMITED,DRAX ENERGY SOLUTIONS LIMITED,OAKTREE POWER LIMITED,Shuffle Energy Limited,U ENERGY GROUP LIMITED,Edgware Energy Limited,Electric Miles Limited,Bryt Energy Limited,GRIDVOLT UK LIMITED,Goonhilly Limited,Sancton Hill Limited,St Breock Limited,South Sharpley Limited","Z1:500,Z2:500,Z3:500,Z4:500,Z5:500,Z6:500,Z7:500,Z8:500,Z9:500,Z10:500,Z11:500,Z12:500"
121,13/09/2026 12:00,Downwards,Energy,13/09/2026,18:00,18:30,17:00,17:30,500,Live,0,All Participants,"CUB (UK) LTD,ENGIE POWER LIMITED,AXLE ENERGY LIMITED,GRIDIMP LIMITED,INFINIS LIMITED,EQUIWATT LIMITED,HILDEBRAND TECHNOLOGY LIMITED,OCTOPUS ENERGY LIMITED,DRAX ENERGY SOLUTIONS LIMITED,OAKTREE POWER LIMITED,Shuffle Energy Limited,U ENERGY GROUP LIMITED,Edgware Energy Limited,Electric Miles Limited,Bryt Energy Limited,GRIDVOLT UK LIMITED,Goonhilly Limited,Sancton Hill Limited,St Breock Limited,South Sharpley Limited","Z1:500,Z2:500,Z3:500,Z4:500,Z5:500,Z6:500,Z7:500,Z8:500,Z9:500,Z10:500,Z11:500,Z12:500"
121,13/09/2026 12:00,Downwards,Energy,13/09/2026,18:30,19:00,17:30,18:00,500,Live,0,All Participants,"CUB (UK) LTD,ENGIE POWER LIMITED,AXLE ENERGY LIMITED,GRIDIMP LIMITED,INFINIS LIMITED,EQUIWATT LIMITED,HILDEBRAND TECHNOLOGY LIMITED,OCTOPUS ENERGY LIMITED,DRAX ENERGY SOLUTIONS LIMITED,OAKTREE POWER LIMITED,Shuffle Energy Limited,U ENERGY GROUP LIMITED,Edgware Energy Limited,Electric Miles Limited,Bryt Energy Limited,GRIDVOLT UK LIMITED,Goonhilly Limited,Sancton Hill Limited,St Breock Limited,South Sharpley Limited","Z1:500,Z2:500,Z3:500,Z4:500,Z5:500,Z6:500,Z7:500,Z8:500,Z9:500,Z10:500,Z11:500,Z12:500"
121,13/09/2026 12:00,Downwards,Energy,13/09/2026,19:00,19:30,18:00,18:30,500,Live,0,All Participants,"CUB (UK) LTD,ENGIE POWER LIMITED,AXLE ENERGY LIMITED,GRIDIMP LIMITED,INFINIS LIMITED,EQUIWATT LIMITED,HILDEBRAND TECHNOLOGY LIMITED,OCTOPUS ENERGY LIMITED,DRAX ENERGY SOLUTIONS LIMITED,OAKTREE POWER LIMITED,Shuffle Energy Limited,U ENERGY GROUP LIMITED,Edgware Energy Limited,Electric Miles Limited,Bryt Energy Limited,GRIDVOLT UK LIMITED,Goonhilly Limited,Sancton Hill Limited,St Breock Limited,South Sharpley Limited","Z1:500,Z2:500,Z3:500,Z4:500,Z5:500,Z6:500,Z7:500,Z8:500,Z9:500,Z10:500,Z11:500,Z12:500"
121,13/09/2026 12:00,Downwards,Energy,13/09/2026,19:30,20:00,18:30,19:00,500,Live,0,All Participants,"CUB (UK) LTD,ENGIE POWER LIMITED,AXLE ENERGY LIMITED,GRIDIMP LIMITED,INFINIS LIMITED,EQUIWATT LIMITED,HILDEBRAND TECHNOLOGY LIMITED,OCTOPUS ENERGY LIMITED,DRAX ENERGY SOLUTIONS LIMITED,OAKTREE POWER LIMITED,Shuffle Energy Limited,U ENERGY GROUP LIMITED,Edgware Energy Limited,Electric Miles Limited,Bryt Energy Limited,GRIDVOLT UK LIMITED,Goonhilly Limited,Sancton Hill Limited,St Breock Limited,South Sharpley Limited","Z1:500,Z2:500,Z3:500,Z4:500,Z5:500,Z6:500,Z7:500,Z8:500,Z9:500,Z10:500,Z11:500,Z12:500"
121,13/09/2026 12:00,Downwards,Energy,13/09/2026,20:00,20:30,19:00,19:30,500,Live,0,All Participants,"CUB (UK) LTD,ENGIE POWER LIMITED,AXLE ENERGY LIMITED,GRIDIMP LIMITED,INFINIS LIMITED,EQUIWATT LIMITED,HILDEBRAND TECHNOLOGY LIMITED,OCTOPUS ENERGY LIMITED,DRAX ENERGY SOLUTIONS LIMITED,OAKTREE POWER LIMITED,Shuffle Energy Limited,U ENERGY GROUP LIMITED,Edgware Energy Limited,Electric Miles Limited,Bryt Energy Limited,GRIDVOLT UK LIMITED,Goonhilly Limited,Sancton Hill Limited,St Breock Limited,South Sharpley Limited","Z1:500,Z2:500,Z3:500,Z4:500,Z5:500,Z6:500,Z7:500,Z8:500,Z9:500,Z10:500,Z11:500,Z12:500"
121,13/09/2026 12:00,Downwards,Energy,13/09/2026,20:30,21:00,19:30,20:00,500,Live,0,All Participants,"CUB (UK) LTD,ENGIE POWER LIMITED,AXLE ENERGY LIMITED,GRIDIMP LIMITED,INFINIS LIMITED,EQUIWATT LIMITED,HILDEBRAND TECHNOLOGY LIMITED,OCTOPUS ENERGY LIMITED,DRAX ENERGY SOLUTIONS LIMITED,OAKTREE POWER LIMITED,Shuffle Energy Limited,U ENERGY GROUP LIMITED,Edgware Energy Limited,Electric Miles Limited,Bryt Energy Limited,GRIDVOLT UK LIMITED,Goonhilly Limited,Sancton Hill Limited,St Breock Limited,South Sharpley Limited","Z1:500,Z2:500,Z3:500,Z4:500,Z5:500,Z6:500,Z7:500,Z8:500,Z9:500,Z10:500,Z11:500,Z12:500"
120,13/09/2026 10:00,Upwards,System,13/09/2026,13:00,13:30,12:00,12:30,500,Test,180,All Participants,"CUB (UK) LTD,ENGIE POWER LIMITED,AXLE ENERGY LIMITED,GRIDIMP LIMITED,INFINIS LIMITED,EQUIWATT LIMITED,HILDEBRAND TECHNOLOGY LIMITED,OCTOPUS ENERGY LIMITED,DRAX ENERGY SOLUTIONS LIMITED,OAKTREE POWER LIMITED,Shuffle Energy Limited,U ENERGY GROUP LIMITED,Edgware Energy Limited,Electric Miles Limited,Bryt Energy Limited,GRIDVOLT UK LIMITED,Goonhilly Limited,Sancton Hill Limited,St Breock Limited,South Sharpley Limited","Z1:0,Z2:0,Z3:0,Z4:500,Z5:0,Z6:0,Z7:0,Z8:0,Z9:0,Z10:0,Z11:0,Z12:0"
120,13/09/2026 10:00,Upwards,System,13/09/2026,13:30,14:00,12:30,13:00,500,Test,180,All Participants,"CUB (UK) LTD,ENGIE POWER LIMITED,AXLE ENERGY LIMITED,GRIDIMP LIMITED,INFINIS LIMITED,EQUIWATT LIMITED,HILDEBRAND TECHNOLOGY LIMITED,OCTOPUS ENERGY LIMITED,DRAX ENERGY SOLUTIONS LIMITED,OAKTREE POWER LIMITED,Shuffle Energy Limited,U ENERGY GROUP LIMITED,Edgware Energy Limited,Electric Miles Limited,Bryt Energy Limited,GRIDVOLT UK LIMITED,Goonhilly Limited,Sancton Hill Limited,St Breock Limited,South Sharpley Limited","Z1:0,Z2:0,Z3:0,Z4:500,Z5:0,Z6:0,Z7:0,Z8:0,Z9:0,Z10:0,Z11:0,Z12:0"
119,11/09/2026 12:00,Downwards,Energy,11/09/2026,17:00,17:30,16:00,16:30,500,Live,0,All Participants,"CUB (UK) LTD,ENGIE POWER LIMITED,AXLE ENERGY LIMITED,GRIDIMP LIMITED,INFINIS LIMITED,EQUIWATT LIMITED,HILDEBRAND TECHNOLOGY LIMITED,OCTOPUS ENERGY LIMITED,DRAX ENERGY SOLUTIONS LIMITED,OAKTREE POWER LIMITED,Shuffle Energy Limited,U ENERGY GROUP LIMITED,Edgware Energy Limited,Electric Miles Limited,Bryt Energy Limited,GRIDVOLT UK LIMITED,Goonhilly Limited,Sancton Hill Limited,St Breock Limited,South Sharpley Limited","Z1:500,Z2:500,Z3:500,Z4:500,Z5:500,Z6:500,Z7:500,Z8:500,Z9:500,Z10:500,Z11:500,Z12:500"
119,11/09/2026 12:00,Downwards,Energy,11/09/2026,17:30,18:00,16:30,17:00,500,Live,0,All Participants,"CUB (UK) LTD,ENGIE POWER LIMITED,AXLE ENERGY LIMITED,GRIDIMP LIMITED,INFINIS LIMITED,EQUIWATT LIMITED,HILDEBRAND TECHNOLOGY LIMITED,OCTOPUS ENERGY LIMITED,DRAX ENERGY SOLUTIONS LIMITED,OAKTREE POWER LIMITED,Shuffle Energy Limited,U ENERGY GROUP LIMITED,Edgware Energy Limited,Electric Miles Limited,Bryt Energy Limited,GRIDVOLT UK LIMITED,Goonhilly Limited,Sancton Hill Limited,St Breock Limited,South Sharpley Limited","Z1:500,Z2:500,Z3:500,Z4:500,Z5:500,Z6:500,Z7:500,Z8:500,Z9:500,Z10:500,Z11:500,Z12:500"
119,11/09/2026 12:00,Downwards,Energy,11/09/2026,18:00,18:30,17:00,17:30,500,Live,0,All Participants,"CUB (UK) LTD,ENGIE POWER LIMITED,AXLE ENERGY LIMITED,GRIDIMP LIMITED,INFINIS LIMITED,EQUIWATT LIMITED,HILDEBRAND TECHNOLOGY LIMITED,OCTOPUS ENERGY LIMITED,DRAX ENERGY SOLUTIONS LIMITED,OAKTREE POWER LIMITED,Shuffle Energy Limited,U ENERGY GROUP LIMITED,Edgware Energy Limited,Electric Miles Limited,Bryt Energy Limited,GRIDVOLT UK LIMITED,Goonhilly Limited,Sancton Hill Limited,St Breock Limited,South Sharpley Limited","Z1:500,Z2:500,Z3:500,Z4:500,Z5:500,Z6:500,Z7:500,Z8:500,Z9:500,Z10:500,Z11:500,Z12:500"
119,11/09/2026 12:00,Downwards,Energy,11/09/2026,18:30,19:00,17:30,18:00,500,Live,0,All Participants,"CUB (UK) LTD,ENGIE POWER LIMITED,AXLE ENERGY LIMITED,GRIDIMP LIMITED,INFINIS LIMITED,EQUIWATT LIMITED,HILDEBRAND TECHNOLOGY LIMITED,OCTOPUS ENERGY LIMITED,DRAX ENERGY SOLUTIONS LIMITED,OAKTREE POWER LIMITED,Shuffle Energy Limited,U ENERGY GROUP LIMITED,Edgware Energy Limited,Electric Miles Limited,Bryt Energy Limited,GRIDVOLT UK LIMITED,Goonhilly Limited,Sancton Hill Limited,St Breock Limited,South Sharpley Limited","Z1:500,Z2:500,Z3:500,Z4:500,Z5:500,Z6:500,Z7:500,Z8:500,Z9:500,Z10:500,Z11:500,Z12:500"
119,11/09/2026 12:00,Downwards,Energy,11/09/2026,19:00,19:30,18:00,18:30,500,Live,0,All Participants,"CUB (UK) LTD,ENGIE POWER LIMITED,AXLE ENERGY LIMITED,GRIDIMP LIMITED,INFINIS LIMITED,EQUIWATT LIMITED,HILDEBRAND TECHNOLOGY LIMITED,OCTOPUS ENERGY LIMITED,DRAX ENERGY SOLUTIONS LIMITED,OAKTREE POWER LIMITED,Shuffle Energy Limited,U ENERGY GROUP LIMITED,Edgware Energy Limited,Electric Miles Limited,Bryt Energy Limited,GRIDVOLT UK LIMITED,Goonhilly Limited,Sancton Hill Limited,St Breock Limited,South Sharpley Limited","Z1:500,Z2:500,Z3:500,Z4:500,Z5:500,Z6:500,Z7:500,Z8:500,Z9:500,Z10:500,Z11:500,Z12:500"
119,11/09/2026 12:00,Downwards,Energy,11/09/2026,19:30,20:00,18:30,19:00,500,Live,0,All Participants,"CUB (UK) LTD,ENGIE POWER LIMITED,AXLE ENERGY LIMITED,GRIDIMP LIMITED,INFINIS LIMITED,EQUIWATT LIMITED,HILDEBRAND TECHNOLOGY LIMITED,OCTOPUS ENERGY LIMITED,DRAX ENERGY SOLUTIONS LIMITED,OAKTREE POWER LIMITED,Shuffle Energy Limited,U ENERGY GROUP LIMITED,Edgware Energy Limited,Electric Miles Limited,Bryt Energy Limited,GRIDVOLT UK LIMITED,Goonhilly Limited,Sancton Hill Limited,St Breock Limited,South Sharpley Limited","Z1:500,Z2:500,Z3:500,Z4:500,Z5:500,Z6:500,Z7:500,Z8:500,Z9:500,Z10:500,Z11:500,Z12:500"
119,11/09/2026 12:00,Downwards,Energy,11/09/2026,20:00,20:30,19:00,19:30,500,Live,0,All Participants,"CUB (UK) LTD,ENGIE POWER LIMITED,AXLE ENERGY LIMITED,GRIDIMP LIMITED,INFINIS LIMITED,EQUIWATT LIMITED,HILDEBRAND TECHNOLOGY LIMITED,OCTOPUS ENERGY LIMITED,DRAX ENERGY SOLUTIONS LIMITED,OAKTREE POWER LIMITED,Shuffle Energy Limited,U ENERGY GROUP LIMITED,Edgware Energy Limited,Electric Miles Limited,Bryt Energy Limited,GRIDVOLT UK LIMITED,Goonhilly Limited,Sancton Hill Limited,St Breock Limited,South Sharpley Limited","Z1:500,Z2:500,Z3:500,Z4:500,Z5:500,Z6:500,Z7:500,Z8:500,Z9:500,Z10:500,Z11:500,Z12:500"
119,11/09/2026 12:00,Downwards,Energy,11/09/2026,20:30,21:00,19:30,20:00,500,Live,0,All Participants,"CUB (UK) LTD,ENGIE POWER LIMITED,AXLE ENERGY LIMITED,GRIDIMP LIMITED,INFINIS LIMITED,EQUIWATT LIMITED,HILDEBRAND TECHNOLOGY LIMITED,OCTOPUS ENERGY LIMITED,DRAX ENERGY SOLUTIONS LIMITED,OAKTREE POWER LIMITED,Shuffle Energy Limited,U ENERGY GROUP LIMITED,Edgware Energy Limited,Electric Miles Limited,Bryt Energy Limited,GRIDVOLT UK LIMITED,Goonhilly Limited,Sancton Hill Limited,St Breock Limited,South Sharpley Limited","Z1:500,Z2:500,Z3:500,Z4:500,Z5:500,Z6:500,Z7:500,Z8:500,Z9:500,Z10:500,Z11:500,Z12:500"
118,10/09/2026 12:00,Downwards,Energy,10/09/2026,17:00,17:30,16:00,16:30,500,Live,0,All Participants,"CUB (UK) LTD,ENGIE POWER LIMITED,AXLE ENERGY LIMITED,GRIDIMP LIMITED,INFINIS LIMITED,EQUIWATT LIMITED,HILDEBRAND TECHNOLOGY LIMITED,OCTOPUS ENERGY LIMITED,DRAX ENERGY SOLUTIONS LIMITED,OAKTREE POWER LIMITED,Shuffle Energy Limited,U ENERGY GROUP LIMITED,Edgware Energy Limited,Electric Miles Limited,Bryt Energy Limited,GRIDVOLT UK LIMITED,Goonhilly Limited,Sancton Hill Limited,St Breock Limited,South Sharpley Limited","Z1:0,Z2:0,Z3:0,Z4:500,Z5:0,Z6:500,Z7:500,Z8:500,Z9:500,Z10:500,Z11:500,Z12:0"
118,10/09/2026 12:00,Downwards,Energy,10/09/2026,17:30,18:00,16:30,17:00,500,Live,0,All Participants,"CUB (UK) LTD,ENGIE POWER LIMITED,AXLE ENERGY LIMITED,GRIDIMP LIMITED,INFINIS LIMITED,EQUIWATT LIMITED,HILDEBRAND TECHNOLOGY LIMITED,OCTOPUS ENERGY LIMITED,DRAX ENERGY SOLUTIONS LIMITED,OAKTREE POWER LIMITED,Shuffle Energy Limited,U ENERGY GROUP LIMITED,Edgware Energy Limited,Electric Miles Limited,Bryt Energy Limited,GRIDVOLT UK LIMITED,Goonhilly Limited,Sancton Hill Limited,St Breock Limited,South Sharpley Limited","Z1:0,Z2:0,Z3:0,Z4:500,Z5:0,Z6:500,Z7:500,Z8:500,Z9:500,Z10:500,Z11:500,Z12:0"
118,10/09/2026 12:00,Downwards,Energy,10/09/2026,18:00,18:30,17:00,17:30,500,Live,0,All Participants,"CUB (UK) LTD,ENGIE POWER LIMITED,AXLE ENERGY LIMITED,GRIDIMP LIMITED,INFINIS LIMITED,EQUIWATT LIMITED,HILDEBRAND TECHNOLOGY LIMITED,OCTOPUS ENERGY LIMITED,DRAX ENERGY SOLUTIONS LIMITED,OAKTREE POWER LIMITED,Shuffle Energy Limited,U ENERGY GROUP LIMITED,Edgware Energy Limited,Electric Miles Limited,Bryt Energy Limited,GRIDVOLT UK LIMITED,Goonhilly Limited,Sancton Hill Limited,St Breock Limited,South Sharpley Limited","Z1:0,Z2:0,Z3:0,Z4:500,Z5:0,Z6:500,Z7:500,Z8:500,Z9:500,Z10:500,Z11:500,Z12:0"
118,10/09/2026 12:00,Downwards,Energy,10/09/2026,18:30,19:00,17:30,18:00,500,Live,0,All Participants,"CUB (UK) LTD,ENGIE POWER LIMITED,AXLE ENERGY LIMITED,GRIDIMP LIMITED,INFINIS LIMITED,EQUIWATT LIMITED,HILDEBRAND TECHNOLOGY LIMITED,OCTOPUS ENERGY LIMITED,DRAX ENERGY SOLUTIONS LIMITED,OAKTREE POWER LIMITED,Shuffle Energy Limited,U ENERGY GROUP LIMITED,Edgware Energy Limited,Electric Miles Limited,Bryt Energy Limited,GRIDVOLT UK LIMITED,Goonhilly Limited,Sancton Hill Limited,St Breock Limited,South Sharpley Limited","Z1:0,Z2:0,Z3:0,Z4:500,Z5:0,Z6:500,Z7:500,Z8:500,Z9:500,Z10:500,Z11:500,Z12:0"
118,10/09/2026 12:00,Downwards,Energy,10/09/2026,19:00,19:30,18:00,18:30,500,Live,0,All Participants,"CUB (UK) LTD,ENGIE POWER LIMITED,AXLE ENERGY LIMITED,GRIDIMP LIMITED,INFINIS LIMITED,EQUIWATT LIMITED,HILDEBRAND TECHNOLOGY LIMITED,OCTOPUS ENERGY LIMITED,DRAX ENERGY SOLUTIONS LIMITED,OAKTREE POWER LIMITED,Shuffle Energy Limited,U ENERGY GROUP LIMITED,Edgware Energy Limited,Electric Miles Limited,Bryt Energy Limited,GRIDVOLT UK LIMITED,Goonhilly Limited,Sancton Hill Limited,St Breock Limited,South Sharpley Limited","Z1:0,Z2:0,Z3:0,Z4:500,Z5:0,Z6:500,Z7:500,Z8:500,Z9:500,Z10:500,Z11:500,Z12:0"
118,10/09/2026 12:00,Downwards,Energy,10/09/2026,19:30,20:00,18:30,19:00,500,Live,0,All Participants,"CUB (UK) LTD,ENGIE POWER LIMITED,AXLE ENERGY LIMITED,GRIDIMP LIMITED,INFINIS LIMITED,EQUIWATT LIMITED,HILDEBRAND TECHNOLOGY LIMITED,OCTOPUS ENERGY LIMITED,DRAX ENERGY SOLUTIONS LIMITED,OAKTREE POWER LIMITED,Shuffle Energy Limited,U ENERGY GROUP LIMITED,Edgware Energy Limited,Electric Miles Limited,Bryt Energy Limited,GRIDVOLT UK LIMITED,Goonhilly Limited,Sancton Hill Limited,St Breock Limited,South Sharpley Limited","Z1:0,Z2:0,Z3:0,Z4:500,Z5:0,Z6:500,Z7:500,Z8:500,Z9:500,Z10:500,Z11:500,Z12:0"
118,10/09/2026 12:00,Downwards,Energy,10/09/2026,20:00,20:30,19:00,19:30,500,Live,0,All Participants,"CUB (UK) LTD,ENGIE POWER LIMITED,AXLE ENERGY LIMITED,GRIDIMP LIMITED,INFINIS LIMITED,EQUIWATT LIMITED,HILDEBRAND TECHNOLOGY LIMITED,OCTOPUS ENERGY LIMITED,DRAX ENERGY SOLUTIONS LIMITED,OAKTREE POWER LIMITED,Shuffle Energy Limited,U ENERGY GROUP LIMITED,Edgware Energy Limited,Electric Miles Limited,Bryt Energy Limited,GRIDVOLT UK LIMITED,Goonhilly Limited,Sancton Hill Limited,St Breock Limited,South Sharpley Limited","Z1:0,Z2:0,Z3:0,Z4:500,Z5:0,Z6:500,Z7:500,Z8:500,Z9:500,Z10:500,Z11:500,Z12:0"
118,10/09/2026 12:00,Downwards,Energy,10/09/2026,20:30,21:00,19:30,20:00,500,Live,0,All Participants,"CUB (UK) LTD,ENGIE POWER LIMITED,AXLE ENERGY LIMITED,GRIDIMP LIMITED,INFINIS LIMITED,EQUIWATT LIMITED,HILDEBRAND TECHNOLOGY LIMITED,OCTOPUS ENERGY LIMITED,DRAX ENERGY SOLUTIONS LIMITED,OAKTREE POWER LIMITED,Shuffle Energy Limited,U ENERGY GROUP LIMITED,Edgware Energy Limited,Electric Miles Limited,Bryt Energy Limited,GRIDVOLT UK LIMITED,Goonhilly Limited,Sancton Hill Limited,St Breock Limited,South Sharpley Limited","Z1:0,Z2:0,Z3:0,Z4:500,Z5:0,Z6:500,Z7:500,Z8:500,Z9:500,Z10:500,Z11:500,Z12:0"
118,10/09/2026 12:00,Downwards,Energy,10/09/2026,21:00,21:30,20:00,20:30,500,Live,0,All Participants,"CUB (UK) LTD,ENGIE POWER LIMITED,AXLE ENERGY LIMITED,GRIDIMP LIMITED,INFINIS LIMITED,EQUIWATT LIMITED,HILDEBRAND TECHNOLOGY LIMITED,OCTOPUS ENERGY LIMITED,DRAX ENERGY SOLUTIONS LIMITED,OAKTREE POWER LIMITED,Shuffle Energy Limited,U ENERGY GROUP LIMITED,Edgware Energy Limited,Electric Miles Limited,Bryt Energy Limited,GRIDVOLT UK LIMITED,Goonhilly Limited,Sancton Hill Limited,St Breock Limited,South Sharpley Limited","Z1:0,Z2:0,Z3:0,Z4:500,Z5:0,Z6:500,Z7:500,Z8:500,Z9:500,Z10:500,Z11:500,Z12:0"
118,10/09/2026 12:00,Downwards,Energy,10/09/2026,21:30,22:00,20:30,21:00,500,Live,0,All Participants,"CUB (UK) LTD,ENGIE POWER LIMITED,AXLE ENERGY LIMITED,GRIDIMP LIMITED,INFINIS LIMITED,EQUIWATT LIMITED,HILDEBRAND TECHNOLOGY LIMITED,OCTOPUS ENERGY LIMITED,DRAX ENERGY SOLUTIONS LIMITED,OAKTREE POWER LIMITED,Shuffle Energy Limited,U ENERGY GROUP LIMITED,Edgware Energy Limited,Electric Miles Limited,Bryt Energy Limited,GRIDVOLT UK LIMITED,Goonhilly Limited,Sancton Hill Limited,St Breock Limited,South Sharpley Limited","Z1:0,Z2:0,Z3:0,Z4:500,Z5:0,Z6:500,Z7:500,Z8:500,Z9:500,Z10:500,Z11:500,Z12:0"
118,10/09/2026 12:00,Downwards,Energy,10/09/2026,22:00,22:30,21:00,21:30,500,Live,0,All Participants,"CUB (UK) LTD,ENGIE POWER LIMITED,AXLE ENERGY LIMITED,GRIDIMP LIMITED,INFINIS LIMITED,EQUIWATT LIMITED,HILDEBRAND TECHNOLOGY LIMITED,OCTOPUS ENERGY LIMITED,DRAX ENERGY SOLUTIONS LIMITED,OAKTREE POWER LIMITED,Shuffle Energy Limited,U ENERGY GROUP LIMITED,Edgware Energy Limited,Electric Miles Limited,Bryt Energy Limited,GRIDVOLT UK LIMITED,Goonhilly Limited,Sancton Hill Limited,St Breock Limited,South Sharpley Limited","Z1:0,Z2:0,Z3:0,Z4:500,Z5:0,Z6:500,Z7:500,Z8:500,Z9:500,Z10:500,Z11:500,Z12:0"
118,10/09/2026 12:00,Downwards,Energy,10/09/2026,22:30,23:00,21:30,22:00,500,Live,0,All Participants,"CUB (UK) LTD,ENGIE POWER LIMITED,AXLE ENERGY LIMITED,GRIDIMP LIMITED,INFINIS LIMITED,EQUIWATT LIMITED,HILDEBRAND TECHNOLOGY LIMITED,OCTOPUS ENERGY LIMITED,DRAX ENERGY SOLUTIONS LIMITED,OAKTREE POWER LIMITED,Shuffle Energy Limited,U ENERGY GROUP LIMITED,Edgware Energy Limited,Electric Miles Limited,Bryt Energy Limited,GRIDVOLT UK LIMITED,Goonhilly Limited,Sancton Hill Limited,St Breock Limited,South Sharpley Limited","Z1:0,Z2:0,Z3:0,Z4:500,Z5:0,Z6:500,Z7:500,Z8:500,Z9:500,Z10:500,Z11:500,Z12:0"
117,10/09/2026 12:00,Downwards,System,10/09/2026,19:00,19:30,18:00,18:30,500,Test,500,All Participants,"CUB (UK) LTD,ENGIE POWER LIMITED,AXLE ENERGY LIMITED,GRIDIMP LIMITED,INFINIS LIMITED,EQUIWATT LIMITED,HILDEBRAND TECHNOLOGY LIMITED,OCTOPUS ENERGY LIMITED,DRAX ENERGY SOLUTIONS LIMITED,OAKTREE POWER LIMITED,Shuffle Energy Limited,U ENERGY GROUP LIMITED,Edgware Energy Limited,Electric Miles Limited,Bryt Energy Limited,GRIDVOLT UK LIMITED,Goonhilly Limited,Sancton Hill Limited,St Breock Limited,South Sharpley Limited","Z1:0,Z2:0,Z3:0,Z4:0,Z5:0,Z6:0,Z7:0,Z8:0,Z9:0,Z10:0,Z11:0,Z12:500"
117,10/09/2026 12:00,Downwards,System,10/09/2026,19:30,20:00,18:30,19:00,500,Test,500,All Participants,"CUB (UK) LTD,ENGIE POWER LIMITED,AXLE ENERGY LIMITED,GRIDIMP LIMITED,INFINIS LIMITED,EQUIWATT LIMITED,HILDEBRAND TECHNOLOGY LIMITED,OCTOPUS ENERGY LIMITED,DRAX ENERGY SOLUTIONS LIMITED,OAKTREE POWER LIMITED,Shuffle Energy Limited,U ENERGY GROUP LIMITED,Edgware Energy Limited,Electric Miles Limited,Bryt Energy Limited,GRIDVOLT UK LIMITED,Goonhilly Limited,Sancton Hill Limited,St Breock Limited,South Sharpley Limited","Z1:0,Z2:0,Z3:0,Z4:0,Z5:0,Z6:0,Z7:0,Z8:0,Z9:0,Z10:0,Z11:0,Z12:500"
116,09/09/2026 12:00,Downwards,Energy,09/09/2026,17:00,17:30,16:00,16:30,500,Live,0,All Participants,"CUB (UK) LTD,ENGIE POWER LIMITED,AXLE ENERGY LIMITED,GRIDIMP LIMITED,INFINIS LIMITED,EQUIWATT LIMITED,HILDEBRAND TECHNOLOGY LIMITED,OCTOPUS ENERGY LIMITED,DRAX ENERGY SOLUTIONS LIMITED,OAKTREE POWER LIMITED,Shuffle Energy Limited,U ENERGY GROUP LIMITED,Edgware Energy Limited,Electric Miles Limited,Bryt Energy Limited,GRIDVOLT UK LIMITED,Goonhilly Limited,Sancton Hill Limited,St Breock Limited,South Sharpley Limited","Z1:500,Z2:500,Z3:500,Z4:500,Z5:500,Z6:500,Z7:500,Z8:500,Z9:500,Z10:500,Z11:500,Z12:500"
116,09/09/2026 12:00,Downwards,Energy,09/09/2026,17:30,18:00,16:30,17:00,500,Live,0,All Participants,"CUB (UK) LTD,ENGIE POWER LIMITED,AXLE ENERGY LIMITED,GRIDIMP LIMITED,INFINIS LIMITED,EQUIWATT LIMITED,HILDEBRAND TECHNOLOGY LIMITED,OCTOPUS ENERGY LIMITED,DRAX ENERGY SOLUTIONS LIMITED,OAKTREE POWER LIMITED,Shuffle Energy Limited,U ENERGY GROUP LIMITED,Edgware Energy Limited,Electric Miles Limited,Bryt Energy Limited,GRIDVOLT UK LIMITED,Goonhilly Limited,Sancton Hill Limited,St Breock Limited,South Sharpley Limited","Z1:500,Z2:500,Z3:500,Z4:500,Z5:500,Z6:500,Z7:500,Z8:500,Z9:500,Z10:500,Z11:500,Z12:500"
116,09/09/2026 12:00,Downwards,Energy,09/09/2026,18:00,18:30,17:00,17:30,500,Live,0,All Participants,"CUB (UK) LTD,ENGIE POWER LIMITED,AXLE ENERGY LIMITED,GRIDIMP LIMITED,INFINIS LIMITED,EQUIWATT LIMITED,HILDEBRAND TECHNOLOGY LIMITED,OCTOPUS ENERGY LIMITED,DRAX ENERGY SOLUTIONS LIMITED,OAKTREE POWER LIMITED,Shuffle Energy Limited,U ENERGY GROUP LIMITED,Edgware Energy Limited,Electric Miles Limited,Bryt Energy Limited,GRIDVOLT UK LIMITED,Goonhilly Limited,Sancton Hill Limited,St Breock Limited,South Sharpley Limited","Z1:500,Z2:500,Z3:500,Z4:500,Z5:500,Z6:500,Z7:500,Z8:500,Z9:500,Z10:500,Z11:500,Z12:500"
116,09/09/2026 12:00,Downwards,Energy,09/09/2026,18:30,19:00,17:30,18:00,500,Live,0,All Participants,"CUB (UK) LTD,ENGIE POWER LIMITED,AXLE ENERGY LIMITED,GRIDIMP LIMITED,INFINIS LIMITED,EQUIWATT LIMITED,HILDEBRAND TECHNOLOGY LIMITED,OCTOPUS ENERGY LIMITED,DRAX ENERGY SOLUTIONS LIMITED,OAKTREE POWER LIMITED,Shuffle Energy Limited,U ENERGY GROUP LIMITED,Edgware Energy Limited,Electric Miles Limited,Bryt Energy Limited,GRIDVOLT UK LIMITED,Goonhilly Limited,Sancton Hill Limited,St Breock Limited,South Sharpley Limited","Z1:500,Z2:500,Z3:500,Z4:500,Z5:500,Z6:500,Z7:500,Z8:500,Z9:500,Z10:500,Z11:500,Z12:500"
116,09/09/2026 12:00,Downwards,Energy,09/09/2026,19:00,19:30,18:00,18:30,500,Live,0,All Participants,"CUB (UK) LTD,ENGIE POWER LIMITED,AXLE ENERGY LIMITED,GRIDIMP LIMITED,INFINIS LIMITED,EQUIWATT LIMITED,HILDEBRAND TECHNOLOGY LIMITED,OCTOPUS ENERGY LIMITED,DRAX ENERGY SOLUTIONS LIMITED,OAKTREE POWER LIMITED,Shuffle Energy Limited,U ENERGY GROUP LIMITED,Edgware Energy Limited,Electric Miles Limited,Bryt Energy Limited,GRIDVOLT UK LIMITED,Goonhilly Limited,Sancton Hill Limited,St Breock Limited,South Sharpley Limited","Z1:500,Z2:500,Z3:500,Z4:500,Z5:500,Z6:500,Z7:500,Z8:500,Z9:500,Z10:500,Z11:500,Z12:500"
116,09/09/2026 12:00,Downwards,Energy,09/09/2026,19:30,20:00,18:30,19:00,500,Live,0,All Participants,"CUB (UK) LTD,ENGIE POWER LIMITED,AXLE ENERGY LIMITED,GRIDIMP LIMITED,INFINIS LIMITED,EQUIWATT LIMITED,HILDEBRAND TECHNOLOGY LIMITED,OCTOPUS ENERGY LIMITED,DRAX ENERGY SOLUTIONS LIMITED,OAKTREE POWER LIMITED,Shuffle Energy Limited,U ENERGY GROUP LIMITED,Edgware Energy Limited,Electric Miles Limited,Bryt Energy Limited,GRIDVOLT UK LIMITED,Goonhilly Limited,Sancton Hill Limited,St Breock Limited,South Sharpley Limited","Z1:500,Z2:500,Z3:500,Z4:500,Z5:500,Z6:500,Z7:500,Z8:500,Z9:500,Z10:500,Z11:500,Z12:500"
116,09/09/2026 12:00,Downwards,Energy,09/09/2026,20:00,20:30,19:00,19:30,500,Live,0,All Participants,"CUB (UK) LTD,ENGIE POWER LIMITED,AXLE ENERGY LIMITED,GRIDIMP LIMITED,INFINIS LIMITED,EQUIWATT LIMITED,HILDEBRAND TECHNOLOGY LIMITED,OCTOPUS ENERGY LIMITED,DRAX ENERGY SOLUTIONS LIMITED,OAKTREE POWER LIMITED,Shuffle Energy Limited,U ENERGY GROUP LIMITED,Edgware Energy Limited,Electric Miles Limited,Bryt Energy Limited,GRIDVOLT UK LIMITED,Goonhilly Limited,Sancton Hill Limited,St Breock Limited,South Sharpley Limited","Z1:500,Z2:500,Z3:500,Z4:500,Z5:500,Z6:500,Z7:500,Z8:500,Z9:500,Z10:500,Z11:500,Z12:500"
116,09/09/2026 12:00,Downwards,Energy,09/09/2026,20:30,21:00,19:30,20:00,500,Live,0,All Participants,"CUB (UK) LTD,ENGIE POWER LIMITED,AXLE ENERGY LIMITED,GRIDIMP LIMITED,INFINIS LIMITED,EQUIWATT LIMITED,HILDEBRAND TECHNOLOGY LIMITED,OCTOPUS ENERGY LIMITED,DRAX ENERGY SOLUTIONS LIMITED,OAKTREE POWER LIMITED,Shuffle Energy Limited,U ENERGY GROUP LIMITED,Edgware Energy Limited,Electric Miles Limited,Bryt Energy Limited,GRIDVOLT UK LIMITED,Goonhilly Limited,Sancton Hill Limited,St Breock Limited,South Sharpley Limited","Z1:500,Z2:500,Z3:500,Z4:500,Z5:500,Z6:500,Z7:500,Z8:500,Z9:500,Z10:500,Z11:500,Z12:500"
116,09/09/2026 12:00,Downwards,Energy,09/09/2026,21:00,21:30,20:00,20:30,500,Live,0,All Participants,"CUB (UK) LTD,ENGIE POWER LIMITED,AXLE ENERGY LIMITED,GRIDIMP LIMITED,INFINIS LIMITED,EQUIWATT LIMITED,HILDEBRAND TECHNOLOGY LIMITED,OCTOPUS ENERGY LIMITED,DRAX ENERGY SOLUTIONS LIMITED,OAKTREE POWER LIMITED,Shuffle Energy Limited,U ENERGY GROUP LIMITED,Edgware Energy Limited,Electric Miles Limited,Bryt Energy Limited,GRIDVOLT UK LIMITED,Goonhilly Limited,Sancton Hill Limited,St Breock Limited,South Sharpley Limited","Z1:500,Z2:500,Z3:500,Z4:500,Z5:500,Z6:500,Z7:500,Z8:500,Z9:500,Z10:500,Z11:500,Z12:500"
116,09/09/2026 12:00,Downwards,Energy,09/09/2026,21:30,22:00,20:30,21:00,500,Live,0,All Participants,"CUB (UK) LTD,ENGIE POWER LIMITED,AXLE ENERGY LIMITED,GRIDIMP LIMITED,INFINIS LIMITED,EQUIWATT LIMITED,HILDEBRAND TECHNOLOGY LIMITED,OCTOPUS ENERGY LIMITED,DRAX ENERGY SOLUTIONS LIMITED,OAKTREE POWER LIMITED,Shuffle Energy Limited,U ENERGY GROUP LIMITED,Edgware Energy Limited,Electric Miles Limited,Bryt Energy Limited,GRIDVOLT UK LIMITED,Goonhilly Limited,Sancton Hill Limited,St Breock Limited,South Sharpley Limited","Z1:500,Z2:500,Z3:500,Z4:500,Z5:500,Z6:500,Z7:500,Z8:500,Z9:500,Z10:500,Z11:500,Z12:500"
115,08/09/2026 12:00,Downwards,Energy,08/09/2026,17:00,17:30,16:00,16:30,500,Live,0,All Participants,"CUB (UK) LTD,ENGIE POWER LIMITED,AXLE ENERGY LIMITED,GRIDIMP LIMITED,INFINIS LIMITED,EQUIWATT LIMITED,HILDEBRAND TECHNOLOGY LIMITED,OCTOPUS ENERGY LIMITED,DRAX ENERGY SOLUTIONS LIMITED,OAKTREE POWER LIMITED,Shuffle Energy Limited,U ENERGY GROUP LIMITED,Edgware Energy Limited,Electric Miles Limited,Bryt Energy Limited,GRIDVOLT UK LIMITED,Goonhilly Limited,Sancton Hill Limited,St Breock Limited,South Sharpley Limited","Z1:0,Z2:0,Z3:0,Z4:500,Z5:500,Z6:500,Z7:500,Z8:500,Z9:500,Z10:500,Z11:500,Z12:500"
115,08/09/2026 12:00,Downwards,Energy,08/09/2026,17:30,18:00,16:30,17:00,500,Live,0,All Participants,"CUB (UK) LTD,ENGIE POWER LIMITED,AXLE ENERGY LIMITED,GRIDIMP LIMITED,INFINIS LIMITED,EQUIWATT LIMITED,HILDEBRAND TECHNOLOGY LIMITED,OCTOPUS ENERGY LIMITED,DRAX ENERGY SOLUTIONS LIMITED,OAKTREE POWER LIMITED,Shuffle Energy Limited,U ENERGY GROUP LIMITED,Edgware Energy Limited,Electric Miles Limited,Bryt Energy Limited,GRIDVOLT UK LIMITED,Goonhilly Limited,Sancton Hill Limited,St Breock Limited,South Sharpley Limited","Z1:0,Z2:0,Z3:0,Z4:500,Z5:500,Z6:500,Z7:500,Z8:500,Z9:500,Z10:500,Z11:500,Z12:500"
115,08/09/2026 12:00,Downwards,Energy,08/09/2026,18:00,18:30,17:00,17:30,500,Live,0,All Participants,"CUB (UK) LTD,ENGIE POWER LIMITED,AXLE ENERGY LIMITED,GRIDIMP LIMITED,INFINIS LIMITED,EQUIWATT LIMITED,HILDEBRAND TECHNOLOGY LIMITED,OCTOPUS ENERGY LIMITED,DRAX ENERGY SOLUTIONS LIMITED,OAKTREE POWER LIMITED,Shuffle Energy Limited,U ENERGY GROUP LIMITED,Edgware Energy Limited,Electric Miles Limited,Bryt Energy Limited,GRIDVOLT UK LIMITED,Goonhilly Limited,Sancton Hill Limited,St Breock Limited,South Sharpley Limited","Z1:0,Z2:0,Z3:0,Z4:500,Z5:500,Z6:500,Z7:500,Z8:500,Z9:500,Z10:500,Z11:500,Z12:500"
115,08/09/2026 12:00,Downwards,Energy,08/09/2026,18:30,19:00,17:30,18:00,500,Live,0,All Participants,"CUB (UK) LTD,ENGIE POWER LIMITED,AXLE ENERGY LIMITED,GRIDIMP LIMITED,INFINIS LIMITED,EQUIWATT LIMITED,HILDEBRAND TECHNOLOGY LIMITED,OCTOPUS ENERGY LIMITED,DRAX ENERGY SOLUTIONS LIMITED,OAKTREE POWER LIMITED,Shuffle Energy Limited,U ENERGY GROUP LIMITED,Edgware Energy Limited,Electric Miles Limited,Bryt Energy Limited,GRIDVOLT UK LIMITED,Goonhilly Limited,Sancton Hill Limited,St Breock Limited,South Sharpley Limited","Z1:0,Z2:0,Z3:0,Z4:500,Z5:500,Z6:500,Z7:500,Z8:500,Z9:500,Z10:500,Z11:500,Z12:500"
115,08/09/2026 12:00,Downwards,Energy,08/09/2026,19:00,19:30,18:00,18:30,500,Live,0,All Participants,"CUB (UK) LTD,ENGIE POWER LIMITED,AXLE ENERGY LIMITED,GRIDIMP LIMITED,INFINIS LIMITED,EQUIWATT LIMITED,HILDEBRAND TECHNOLOGY LIMITED,OCTOPUS ENERGY LIMITED,DRAX ENERGY SOLUTIONS LIMITED,OAKTREE POWER LIMITED,Shuffle Energy Limited,U ENERGY GROUP LIMITED,Edgware Energy Limited,Electric Miles Limited,Bryt Energy Limited,GRIDVOLT UK LIMITED,Goonhilly Limited,Sancton Hill Limited,St Breock Limited,South Sharpley Limited","Z1:0,Z2:0,Z3:0,Z4:500,Z5:500,Z6:500,Z7:500,Z8:500,Z9:500,Z10:500,Z11:500,Z12:500"
115,08/09/2026 12:00,Downwards,Energy,08/09/2026,19:30,20:00,18:30,19:00,500,Live,0,All Participants,"CUB (UK) LTD,ENGIE POWER LIMITED,AXLE ENERGY LIMITED,GRIDIMP LIMITED,INFINIS LIMITED,EQUIWATT LIMITED,HILDEBRAND TECHNOLOGY LIMITED,OCTOPUS ENERGY LIMITED,DRAX ENERGY SOLUTIONS LIMITED,OAKTREE POWER LIMITED,Shuffle Energy Limited,U ENERGY GROUP LIMITED,Edgware Energy Limited,Electric Miles Limited,Bryt Energy Limited,GRIDVOLT UK LIMITED,Goonhilly Limited,Sancton Hill Limited,St Breock Limited,South Sharpley Limited","Z1:0,Z2:0,Z3:0,Z4:500,Z5:500,Z6:500,Z7:500,Z8:500,Z9:500,Z10:500,Z11:500,Z12:500"
115,08/09/2026 12:00,Downwards,Energy,08/09/2026,20:00,20:30,19:00,19:30,500,Live,0,All Participants,"CUB (UK) LTD,ENGIE POWER LIMITED,AXLE ENERGY LIMITED,GRIDIMP LIMITED,INFINIS LIMITED,EQUIWATT LIMITED,HILDEBRAND TECHNOLOGY LIMITED,OCTOPUS ENERGY LIMITED,DRAX ENERGY SOLUTIONS LIMITED,OAKTREE POWER LIMITED,Shuffle Energy Limited,U ENERGY GROUP LIMITED,Edgware Energy Limited,Electric Miles Limited,Bryt Energy Limited,GRIDVOLT UK LIMITED,Goonhilly Limited,Sancton Hill Limited,St Breock Limited,South Sharpley Limited","Z1:0,Z2:0,Z3:0,Z4:500,Z5:500,Z6:500,Z7:500,Z8:500,Z9:500,Z10:500,Z11:500,Z12:500"
115,08/09/2026 12:00,Downwards,Energy,08/09/2026,20:30,21:00,19:30,20:00,500,Live,0,All Participants,"CUB (UK) LTD,ENGIE POWER LIMITED,AXLE ENERGY LIMITED,GRIDIMP LIMITED,INFINIS LIMITED,EQUIWATT LIMITED,HILDEBRAND TECHNOLOGY LIMITED,OCTOPUS ENERGY LIMITED,DRAX ENERGY SOLUTIONS LIMITED,OAKTREE POWER LIMITED,Shuffle Energy Limited,U ENERGY GROUP LIMITED,Edgware Energy Limited,Electric Miles Limited,Bryt Energy Limited,GRIDVOLT UK LIMITED,Goonhilly Limited,Sancton Hill Limited,St Breock Limited,South Sharpley Limited","Z1:0,Z2:0,Z3:0,Z4:500,Z5:500,Z6:500,Z7:500,Z8:500,Z9:500,Z10:500,Z11:500,Z12:500"
115,08/09/2026 12:00,Downwards,Energy,08/09/2026,21:00,21:30,20:00,20:30,500,Live,0,All Participants,"CUB (UK) LTD,ENGIE POWER LIMITED,AXLE ENERGY LIMITED,GRIDIMP LIMITED,INFINIS LIMITED,EQUIWATT LIMITED,HILDEBRAND TECHNOLOGY LIMITED,OCTOPUS ENERGY LIMITED,DRAX ENERGY SOLUTIONS LIMITED,OAKTREE POWER LIMITED,Shuffle Energy Limited,U ENERGY GROUP LIMITED,Edgware Energy Limited,Electric Miles Limited,Bryt Energy Limited,GRIDVOLT UK LIMITED,Goonhilly Limited,Sancton Hill Limited,St Breock Limited,South Sharpley Limited","Z1:0,Z2:0,Z3:0,Z4:500,Z5:500,Z6:500,Z7:500,Z8:500,Z9:500,Z10:500,Z11:500,Z12:500"
115,08/09/2026 12:00,Downwards,Energy,08/09/2026,21:30,22:00,20:30,21:00,500,Live,0,All Participants,"CUB (UK) LTD,ENGIE POWER LIMITED,AXLE ENERGY LIMITED,GRIDIMP LIMITED,INFINIS LIMITED,EQUIWATT LIMITED,HILDEBRAND TECHNOLOGY LIMITED,OCTOPUS ENERGY LIMITED,DRAX ENERGY SOLUTIONS LIMITED,OAKTREE POWER LIMITED,Shuffle Energy Limited,U ENERGY GROUP LIMITED,Edgware Energy Limited,Electric Miles Limited,Bryt Energy Limited,GRIDVOLT UK LIMITED,Goonhilly Limited,Sancton Hill Limited,St Breock Limited,South Sharpley Limited","Z1:0,Z2:0,Z3:0,Z4:500,Z5:500,Z6:500,Z7:500,Z8:500,Z9:500,Z10:500,Z11:500,Z12:500"
114,07/09/2026 12:00,Downwards,Energy,07/09/2026,16:00,16:30,15:00,15:30,300,Live,0,All Participants,"CUB (UK) LTD,ENGIE POWER LIMITED,AXLE ENERGY LIMITED,GRIDIMP LIMITED,INFINIS LIMITED,EQUIWATT LIMITED,HILDEBRAND TECHNOLOGY LIMITED,OCTOPUS ENERGY LIMITED,DRAX ENERGY SOLUTIONS LIMITED,OAKTREE POWER LIMITED,Shuffle Energy Limited,U ENERGY GROUP LIMITED,Edgware Energy Limited,Electric Miles Limited,Bryt Energy Limited,GRIDVOLT UK LIMITED,Goonhilly Limited,Sancton Hill Limited,St Breock Limited,South Sharpley Limited","Z1:0,Z2:0,Z3:0,Z4:300,Z5:0,Z6:300,Z7:300,Z8:300,Z9:300,Z10:300,Z11:300,Z12:300"
114,07/09/2026 12:00,Downwards,Energy,07/09/2026,16:30,17:00,15:30,16:00,300,Live,0,All Participants,"CUB (UK) LTD,ENGIE POWER LIMITED,AXLE ENERGY LIMITED,GRIDIMP LIMITED,INFINIS LIMITED,EQUIWATT LIMITED,HILDEBRAND TECHNOLOGY LIMITED,OCTOPUS ENERGY LIMITED,DRAX ENERGY SOLUTIONS LIMITED,OAKTREE POWER LIMITED,Shuffle Energy Limited,U ENERGY GROUP LIMITED,Edgware Energy Limited,Electric Miles Limited,Bryt Energy Limited,GRIDVOLT UK LIMITED,Goonhilly Limited,Sancton Hill Limited,St Breock Limited,South Sharpley Limited","Z1:0,Z2:0,Z3:0,Z4:300,Z5:0,Z6:300,Z7:300,Z8:300,Z9:300,Z10:300,Z11:300,Z12:300"
114,07/09/2026 12:00,Downwards,Energy,07/09/2026,17:00,17:30,16:00,16:30,300,Live,0,All Participants,"CUB (UK) LTD,ENGIE POWER LIMITED,AXLE ENERGY LIMITED,GRIDIMP LIMITED,INFINIS LIMITED,EQUIWATT LIMITED,HILDEBRAND TECHNOLOGY LIMITED,OCTOPUS ENERGY LIMITED,DRAX ENERGY SOLUTIONS LIMITED,OAKTREE POWER LIMITED,Shuffle Energy Limited,U ENERGY GROUP LIMITED,Edgware Energy Limited,Electric Miles Limited,Bryt Energy Limited,GRIDVOLT UK LIMITED,Goonhilly Limited,Sancton Hill Limited,St Breock Limited,South Sharpley Limited","Z1:0,Z2:0,Z3:0,Z4:300,Z5:0,Z6:300,Z7:300,Z8:300,Z9:300,Z10:300,Z11:300,Z12:300"
114,07/09/2026 12:00,Downwards,Energy,07/09/2026,17:30,18:00,16:30,17:00,300,Live,0,All Participants,"CUB (UK) LTD,ENGIE POWER LIMITED,AXLE ENERGY LIMITED,GRIDIMP LIMITED,INFINIS LIMITED,EQUIWATT LIMITED,HILDEBRAND TECHNOLOGY LIMITED,OCTOPUS ENERGY LIMITED,DRAX ENERGY SOLUTIONS LIMITED,OAKTREE POWER LIMITED,Shuffle Energy Limited,U ENERGY GROUP LIMITED,Edgware Energy Limited,Electric Miles Limited,Bryt Energy Limited,GRIDVOLT UK LIMITED,Goonhilly Limited,Sancton Hill Limited,St Breock Limited,South Sharpley Limited","Z1:0,Z2:0,Z3:0,Z4:300,Z5:0,Z6:300,Z7:300,Z8:300,Z9:300,Z10:300,Z11:300,Z12:300"
114,07/09/2026 12:00,Downwards,Energy,07/09/2026,18:00,18:30,17:00,17:30,300,Live,0,All Participants,"CUB (UK) LTD,ENGIE POWER LIMITED,AXLE ENERGY LIMITED,GRIDIMP LIMITED,INFINIS LIMITED,EQUIWATT LIMITED,HILDEBRAND TECHNOLOGY LIMITED,OCTOPUS ENERGY LIMITED,DRAX ENERGY SOLUTIONS LIMITED,OAKTREE POWER LIMITED,Shuffle Energy Limited,U ENERGY GROUP LIMITED,Edgware Energy Limited,Electric Miles Limited,Bryt Energy Limited,GRIDVOLT UK LIMITED,Goonhilly Limited,Sancton Hill Limited,St Breock Limited,South Sharpley Limited","Z1:0,Z2:0,Z3:0,Z4:300,Z5:0,Z6:300,Z7:300,Z8:300,Z9:300,Z10:300,Z11:300,Z12:300"
114,07/09/2026 12:00,Downwards,Energy,07/09/2026,18:30,19:00,17:30,18:00,300,Live,0,All Participants,"CUB (UK) LTD,ENGIE POWER LIMITED,AXLE ENERGY LIMITED,GRIDIMP LIMITED,INFINIS LIMITED,EQUIWATT LIMITED,HILDEBRAND TECHNOLOGY LIMITED,OCTOPUS ENERGY LIMITED,DRAX ENERGY SOLUTIONS LIMITED,OAKTREE POWER LIMITED,Shuffle Energy Limited,U ENERGY GROUP LIMITED,Edgware Energy Limited,Electric Miles Limited,Bryt Energy Limited,GRIDVOLT UK LIMITED,Goonhilly Limited,Sancton Hill Limited,St Breock Limited,South Sharpley Limited","Z1:0,Z2:0,Z3:0,Z4:300,Z5:0,Z6:300,Z7:300,Z8:300,Z9:300,Z10:300,Z11:300,Z12:300"
114,07/09/2026 12:00,Downwards,Energy,07/09/2026,19:00,19:30,18:00,18:30,300,Live,0,All Participants,"CUB (UK) LTD,ENGIE POWER LIMITED,AXLE ENERGY LIMITED,GRIDIMP LIMITED,INFINIS LIMITED,EQUIWATT LIMITED,HILDEBRAND TECHNOLOGY LIMITED,OCTOPUS ENERGY LIMITED,DRAX ENERGY SOLUTIONS LIMITED,OAKTREE POWER LIMITED,Shuffle Energy Limited,U ENERGY GROUP LIMITED,Edgware Energy Limited,Electric Miles Limited,Bryt Energy Limited,GRIDVOLT UK LIMITED,Goonhilly Limited,Sancton Hill Limited,St Breock Limited,South Sharpley Limited","Z1:0,Z2:0,Z3:0,Z4:300,Z5:0,Z6:300,Z7:300,Z8:300,Z9:300,Z10:300,Z11:300,Z12:300"
114,07/09/2026 12:00,Downwards,Energy,07/09/2026,19:30,20:00,18:30,19:00,300,Live,0,All Participants,"CUB (UK) LTD,ENGIE POWER LIMITED,AXLE ENERGY LIMITED,GRIDIMP LIMITED,INFINIS LIMITED,EQUIWATT LIMITED,HILDEBRAND TECHNOLOGY LIMITED,OCTOPUS ENERGY LIMITED,DRAX ENERGY SOLUTIONS LIMITED,OAKTREE POWER LIMITED,Shuffle Energy Limited,U ENERGY GROUP LIMITED,Edgware Energy Limited,Electric Miles Limited,Bryt Energy Limited,GRIDVOLT UK LIMITED,Goonhilly Limited,Sancton Hill Limited,St Breock Limited,South Sharpley Limited","Z1:0,Z2:0,Z3:0,Z4:300,Z5:0,Z6:300,Z7:300,Z8:300,Z9:300,Z10:300,Z11:300,Z12:300"
114,07/09/2026 12:00,Downwards,Energy,07/09/2026,20:00,20:30,19:00,19:30,300,Live,0,All Participants,"CUB (UK) LTD,ENGIE POWER LIMITED,AXLE ENERGY LIMITED,GRIDIMP LIMITED,INFINIS LIMITED,EQUIWATT LIMITED,HILDEBRAND TECHNOLOGY LIMITED,OCTOPUS ENERGY LIMITED,DRAX ENERGY SOLUTIONS LIMITED,OAKTREE POWER LIMITED,Shuffle Energy Limited,U ENERGY GROUP LIMITED,Edgware Energy Limited,Electric Miles Limited,Bryt Energy Limited,GRIDVOLT UK LIMITED,Goonhilly Limited,Sancton Hill Limited,St Breock Limited,South Sharpley Limited","Z1:0,Z2:0,Z3:0,Z4:300,Z5:0,Z6:300,Z7:300,Z8:300,Z9:300,Z10:300,Z11:300,Z12:300"
114,07/09/2026 12:00,Downwards,Energy,07/09/2026,20:30,21:00,19:30,20:00,300,Live,0,All Participants,"CUB (UK) LTD,ENGIE POWER LIMITED,AXLE ENERGY LIMITED,GRIDIMP LIMITED,INFINIS LIMITED,EQUIWATT LIMITED,HILDEBRAND TECHNOLOGY LIMITED,OCTOPUS ENERGY LIMITED,DRAX ENERGY SOLUTIONS LIMITED,OAKTREE POWER LIMITED,Shuffle Energy Limited,U ENERGY GROUP LIMITED,Edgware Energy Limited,Electric Miles Limited,Bryt Energy Limited,GRIDVOLT UK LIMITED,Goonhilly Limited,Sancton Hill Limited,St Breock Limited,South Sharpley Limited","Z1:0,Z2:0,Z3:0,Z4:300,Z5:0,Z6:300,Z7:300,Z8:300,Z9:300,Z10:300,Z11:300,Z12:300"
114,07/09/2026 12:00,Downwards,Energy,07/09/2026,21:00,21:30,20:00,20:30,300,Live,0,All Participants,"CUB (UK) LTD,ENGIE POWER LIMITED,AXLE ENERGY LIMITED,GRIDIMP LIMITED,INFINIS LIMITED,EQUIWATT LIMITED,HILDEBRAND TECHNOLOGY LIMITED,OCTOPUS ENERGY LIMITED,DRAX ENERGY SOLUTIONS LIMITED,OAKTREE POWER LIMITED,Shuffle Energy Limited,U ENERGY GROUP LIMITED,Edgware Energy Limited,Electric Miles Limited,Bryt Energy Limited,GRIDVOLT UK LIMITED,Goonhilly Limited,Sancton Hill Limited,St Breock Limited,South Sharpley Limited","Z1:0,Z2:0,Z3:0,Z4:300,Z5:0,Z6:300,Z7:300,Z8:300,Z9:300,Z10:300,Z11:300,Z12:300"
114,07/09/2026 12:00,Downwards,Energy,07/09/2026,21:30,22:00,20:30,21:00,300,Live,0,All Participants,"CUB (UK) LTD,ENGIE POWER LIMITED,AXLE ENERGY LIMITED,GRIDIMP LIMITED,INFINIS LIMITED,EQUIWATT LIMITED,HILDEBRAND TECHNOLOGY LIMITED,OCTOPUS ENERGY LIMITED,DRAX ENERGY SOLUTIONS LIMITED,OAKTREE POWER LIMITED,Shuffle Energy Limited,U ENERGY GROUP LIMITED,Edgware Energy Limited,Electric Miles Limited,Bryt Energy Limited,GRIDVOLT UK LIMITED,Goonhilly Limited,Sancton Hill Limited,St Breock Limited,South Sharpley Limited","Z1:0,Z2:0,Z3:0,Z4:300,Z5:0,Z6:300,Z7:300,Z8:300,Z9:300,Z10:300,Z11:300,Z12:300"
113,06/09/2026 12:00,Downwards,Energy,06/09/2026,17:00,17:30,16:00,16:30,500,Live,0,All Participants,"CUB (UK) LTD,ENGIE POWER LIMITED,AXLE ENERGY LIMITED,GRIDIMP LIMITED,INFINIS LIMITED,EQUIWATT LIMITED,HILDEBRAND TECHNOLOGY LIMITED,OCTOPUS ENERGY LIMITED,DRAX ENERGY SOLUTIONS LIMITED,OAKTREE POWER LIMITED,Shuffle Energy Limited,U ENERGY GROUP LIMITED,Edgware Energy Limited,Electric Miles Limited,Bryt Energy Limited,GRIDVOLT UK LIMITED,Goonhilly Limited,Sancton Hill Limited,St Breock Limited,South Sharpley Limited","Z1:0,Z2:0,Z3:0,Z4:500,Z5:0,Z6:500,Z7:500,Z8:500,Z9:500,Z10:500,Z11:500,Z12:500"
113,06/09/2026 12:00,Downwards,Energy,06/09/2026,17:30,18:00,16:30,17:00,500,Live,0,All Participants,"CUB (UK) LTD,ENGIE POWER LIMITED,AXLE ENERGY LIMITED,GRIDIMP LIMITED,INFINIS LIMITED,EQUIWATT LIMITED,HILDEBRAND TECHNOLOGY LIMITED,OCTOPUS ENERGY LIMITED,DRAX ENERGY SOLUTIONS LIMITED,OAKTREE POWER LIMITED,Shuffle Energy Limited,U ENERGY GROUP LIMITED,Edgware Energy Limited,Electric Miles Limited,Bryt Energy Limited,GRIDVOLT UK LIMITED,Goonhilly Limited,Sancton Hill Limited,St Breock Limited,South Sharpley Limited","Z1:0,Z2:0,Z3:0,Z4:500,Z5:0,Z6:500,Z7:500,Z8:500,Z9:500,Z10:500,Z11:500,Z12:500"
113,06/09/2026 12:00,Downwards,Energy,06/09/2026,18:00,18:30,17:00,17:30,500,Live,0,All Participants,"CUB (UK) LTD,ENGIE POWER LIMITED,AXLE ENERGY LIMITED,GRIDIMP LIMITED,INFINIS LIMITED,EQUIWATT LIMITED,HILDEBRAND TECHNOLOGY LIMITED,OCTOPUS ENERGY LIMITED,DRAX ENERGY SOLUTIONS LIMITED,OAKTREE POWER LIMITED,Shuffle Energy Limited,U ENERGY GROUP LIMITED,Edgware Energy Limited,Electric Miles Limited,Bryt Energy Limited,GRIDVOLT UK LIMITED,Goonhilly Limited,Sancton Hill Limited,St Breock Limited,South Sharpley Limited","Z1:0,Z2:0,Z3:0,Z4:500,Z5:0,Z6:500,Z7:500,Z8:500,Z9:500,Z10:500,Z11:500,Z12:500"
113,06/09/2026 12:00,Downwards,Energy,06/09/2026,18:30,19:00,17:30,18:00,500,Live,0,All Participants,"CUB (UK) LTD,ENGIE POWER LIMITED,AXLE ENERGY LIMITED,GRIDIMP LIMITED,INFINIS LIMITED,EQUIWATT LIMITED,HILDEBRAND TECHNOLOGY LIMITED,OCTOPUS ENERGY LIMITED,DRAX ENERGY SOLUTIONS LIMITED,OAKTREE POWER LIMITED,Shuffle Energy Limited,U ENERGY GROUP LIMITED,Edgware Energy Limited,Electric Miles Limited,Bryt Energy Limited,GRIDVOLT UK LIMITED,Goonhilly Limited,Sancton Hill Limited,St Breock Limited,South Sharpley Limited","Z1:0,Z2:0,Z3:0,Z4:500,Z5:0,Z6:500,Z7:500,Z8:500,Z9:500,Z10:500,Z11:500,Z12:500"
113,06/09/2026 12:00,Downwards,Energy,06/09/2026,19:00,19:30,18:00,18:30,500,Live,0,All Participants,"CUB (UK) LTD,ENGIE POWER LIMITED,AXLE ENERGY LIMITED,GRIDIMP LIMITED,INFINIS LIMITED,EQUIWATT LIMITED,HILDEBRAND TECHNOLOGY LIMITED,OCTOPUS ENERGY LIMITED,DRAX ENERGY SOLUTIONS LIMITED,OAKTREE POWER LIMITED,Shuffle Energy Limited,U ENERGY GROUP LIMITED,Edgware Energy Limited,Electric Miles Limited,Bryt Energy Limited,GRIDVOLT UK LIMITED,Goonhilly Limited,Sancton Hill Limited,St Breock Limited,South Sharpley Limited","Z1:0,Z2:0,Z3:0,Z4:500,Z5:0,Z6:500,Z7:500,Z8:500,Z9:500,Z10:500,Z11:500,Z12:500"
113,06/09/2026 12:00,Downwards,Energy,06/09/2026,19:30,20:00,18:30,19:00,500,Live,0,All Participants,"CUB (UK) LTD,ENGIE POWER LIMITED,AXLE ENERGY LIMITED,GRIDIMP LIMITED,INFINIS LIMITED,EQUIWATT LIMITED,HILDEBRAND TECHNOLOGY LIMITED,OCTOPUS ENERGY LIMITED,DRAX ENERGY SOLUTIONS LIMITED,OAKTREE POWER LIMITED,Shuffle Energy Limited,U ENERGY GROUP LIMITED,Edgware Energy Limited,Electric Miles Limited,Bryt Energy Limited,GRIDVOLT UK LIMITED,Goonhilly Limited,Sancton Hill Limited,St Breock Limited,South Sharpley Limited","Z1:0,Z2:0,Z3:0,Z4:500,Z5:0,Z6:500,Z7:500,Z8:500,Z9:500,Z10:500,Z11:500,Z12:500"
113,06/09/2026 12:00,Downwards,Energy,06/09/2026,20:00,20:30,19:00,19:30,500,Live,0,All Participants,"CUB (UK) LTD,ENGIE POWER LIMITED,AXLE ENERGY LIMITED,GRIDIMP LIMITED,INFINIS LIMITED,EQUIWATT LIMITED,HILDEBRAND TECHNOLOGY LIMITED,OCTOPUS ENERGY LIMITED,DRAX ENERGY SOLUTIONS LIMITED,OAKTREE POWER LIMITED,Shuffle Energy Limited,U ENERGY GROUP LIMITED,Edgware Energy Limited,Electric Miles Limited,Bryt Energy Limited,GRIDVOLT UK LIMITED,Goonhilly Limited,Sancton Hill Limited,St Breock Limited,South Sharpley Limited","Z1:0,Z2:0,Z3:0,Z4:500,Z5:0,Z6:500,Z7:500,Z8:500,Z9:500,Z10:500,Z11:500,Z12:500"
113,06/09/2026 12:00,Downwards,Energy,06/09/2026,20:30,21:00,19:30,20:00,500,Live,0,All Participants,"CUB (UK) LTD,ENGIE POWER LIMITED,AXLE ENERGY LIMITED,GRIDIMP LIMITED,INFINIS LIMITED,EQUIWATT LIMITED,HILDEBRAND TECHNOLOGY LIMITED,OCTOPUS ENERGY LIMITED,DRAX ENERGY SOLUTIONS LIMITED,OAKTREE POWER LIMITED,Shuffle Energy Limited,U ENERGY GROUP LIMITED,Edgware Energy Limited,Electric Miles Limited,Bryt Energy Limited,GRIDVOLT UK LIMITED,Goonhilly Limited,Sancton Hill Limited,St Breock Limited,South Sharpley Limited","Z1:0,Z2:0,Z3:0,Z4:500,Z5:0,Z6:500,Z7:500,Z8:500,Z9:500,Z10:500,Z11:500,Z12:500"
113,06/09/2026 12:00,Downwards,Energy,06/09/2026,21:00,21:30,20:00,20:30,500,Live,0,All Participants,"CUB (UK) LTD,ENGIE POWER LIMITED,AXLE ENERGY LIMITED,GRIDIMP LIMITED,INFINIS LIMITED,EQUIWATT LIMITED,HILDEBRAND TECHNOLOGY LIMITED,OCTOPUS ENERGY LIMITED,DRAX ENERGY SOLUTIONS LIMITED,OAKTREE POWER LIMITED,Shuffle Energy Limited,U ENERGY GROUP LIMITED,Edgware Energy Limited,Electric Miles Limited,Bryt Energy Limited,GRIDVOLT UK LIMITED,Goonhilly Limited,Sancton Hill Limited,St Breock Limited,South Sharpley Limited","Z1:0,Z2:0,Z3:0,Z4:500,Z5:0,Z6:500,Z7:500,Z8:500,Z9:500,Z10:500,Z11:500,Z12:500"
113,06/09/2026 12:00,Downwards,Energy,06/09/2026,21:30,22:00,20:30,21:00,500,Live,0,All Participants,"CUB (UK) LTD,ENGIE POWER LIMITED,AXLE ENERGY LIMITED,GRIDIMP LIMITED,INFINIS LIMITED,EQUIWATT LIMITED,HILDEBRAND TECHNOLOGY LIMITED,OCTOPUS ENERGY LIMITED,DRAX ENERGY SOLUTIONS LIMITED,OAKTREE POWER LIMITED,Shuffle Energy Limited,U ENERGY GROUP LIMITED,Edgware Energy Limited,Electric Miles Limited,Bryt Energy Limited,GRIDVOLT UK LIMITED,Goonhilly Limited,Sancton Hill Limited,St Breock Limited,South Sharpley Limited","Z1:0,Z2:0,Z3:0,Z4:500,Z5:0,Z6:500,Z7:500,Z8:500,Z9:500,Z10:500,Z11:500,Z12:500"
112,05/09/2026 12:00,Downwards,Energy,05/09/2026,19:00,19:30,18:00,18:30,500,Live,0,All Participants,"CUB (UK) LTD,ENGIE POWER LIMITED,AXLE ENERGY LIMITED,GRIDIMP LIMITED,INFINIS LIMITED,EQUIWATT LIMITED,HILDEBRAND TECHNOLOGY LIMITED,OCTOPUS ENERGY LIMITED,DRAX ENERGY SOLUTIONS LIMITED,OAKTREE POWER LIMITED,Shuffle Energy Limited,U ENERGY GROUP LIMITED,Edgware Energy Limited,Electric Miles Limited,Bryt Energy Limited,GRIDVOLT UK LIMITED,Goonhilly Limited,Sancton Hill Limited,St Breock Limited,South Sharpley Limited","Z1:0,Z2:0,Z3:500,Z4:500,Z5:0,Z6:500,Z7:500,Z8:500,Z9:500,Z10:500,Z11:500,Z12:500"
112,05/09/2026 12:00,Downwards,Energy,05/09/2026,19:30,20:00,18:30,19:00,500,Live,0,All Participants,"CUB (UK) LTD,ENGIE POWER LIMITED,AXLE ENERGY LIMITED,GRIDIMP LIMITED,INFINIS LIMITED,EQUIWATT LIMITED,HILDEBRAND TECHNOLOGY LIMITED,OCTOPUS ENERGY LIMITED,DRAX ENERGY SOLUTIONS LIMITED,OAKTREE POWER LIMITED,Shuffle Energy Limited,U ENERGY GROUP LIMITED,Edgware Energy Limited,Electric Miles Limited,Bryt Energy Limited,GRIDVOLT UK LIMITED,Goonhilly Limited,Sancton Hill Limited,St Breock Limited,South Sharpley Limited","Z1:0,Z2:0,Z3:500,Z4:500,Z5:0,Z6:500,Z7:500,Z8:500,Z9:500,Z10:500,Z11:500,Z12:500"
112,05/09/2026 12:00,Downwards,Energy,05/09/2026,20:00,20:30,19:00,19:30,500,Live,0,All Participants,"CUB (UK) LTD,ENGIE POWER LIMITED,AXLE ENERGY LIMITED,GRIDIMP LIMITED,INFINIS LIMITED,EQUIWATT LIMITED,HILDEBRAND TECHNOLOGY LIMITED,OCTOPUS ENERGY LIMITED,DRAX ENERGY SOLUTIONS LIMITED,OAKTREE POWER LIMITED,Shuffle Energy Limited,U ENERGY GROUP LIMITED,Edgware Energy Limited,Electric Miles Limited,Bryt Energy Limited,GRIDVOLT UK LIMITED,Goonhilly Limited,Sancton Hill Limited,St Breock Limited,South Sharpley Limited","Z1:0,Z2:0,Z3:500,Z4:500,Z5:0,Z6:500,Z7:500,Z8:500,Z9:500,Z10:500,Z11:500,Z12:500"
112,05/09/2026 12:00,Downwards,Energy,05/09/2026,20:30,21:00,19:30,20:00,500,Live,0,All Participants,"CUB (UK) LTD,ENGIE POWER LIMITED,AXLE ENERGY LIMITED,GRIDIMP LIMITED,INFINIS LIMITED,EQUIWATT LIMITED,HILDEBRAND TECHNOLOGY LIMITED,OCTOPUS ENERGY LIMITED,DRAX ENERGY SOLUTIONS LIMITED,OAKTREE POWER LIMITED,Shuffle Energy Limited,U ENERGY GROUP LIMITED,Edgware Energy Limited,Electric Miles Limited,Bryt Energy Limited,GRIDVOLT UK LIMITED,Goonhilly Limited,Sancton Hill Limited,St Breock Limited,South Sharpley Limited","Z1:0,Z2:0,Z3:500,Z4:500,Z5:0,Z6:500,Z7:500,Z8:500,Z9:500,Z10:500,Z11:500,Z12:500"
111,05/09/2026 10:00,Upwards,Energy,05/09/2026,14:00,14:30,13:00,13:30,500,Live,0,All Participants,"CUB (UK) LTD,ENGIE POWER LIMITED,AXLE ENERGY LIMITED,GRIDIMP LIMITED,INFINIS LIMITED,EQUIWATT LIMITED,HILDEBRAND TECHNOLOGY LIMITED,OCTOPUS ENERGY LIMITED,DRAX ENERGY SOLUTIONS LIMITED,OAKTREE POWER LIMITED,Shuffle Energy Limited,U ENERGY GROUP LIMITED,Edgware Energy Limited,Electric Miles Limited,Bryt Energy Limited,GRIDVOLT UK LIMITED,Goonhilly Limited,Sancton Hill Limited,St Breock Limited,South Sharpley Limited","Z1:500,Z2:500,Z3:500,Z4:500,Z5:500,Z6:500,Z7:500,Z8:500,Z9:500,Z10:500,Z11:500,Z12:500"
111,05/09/2026 10:00,Upwards,Energy,05/09/2026,14:30,15:00,13:30,14:00,500,Live,0,All Participants,"CUB (UK) LTD,ENGIE POWER LIMITED,AXLE ENERGY LIMITED,GRIDIMP LIMITED,INFINIS LIMITED,EQUIWATT LIMITED,HILDEBRAND TECHNOLOGY LIMITED,OCTOPUS ENERGY LIMITED,DRAX ENERGY SOLUTIONS LIMITED,OAKTREE POWER LIMITED,Shuffle Energy Limited,U ENERGY GROUP LIMITED,Edgware Energy Limited,Electric Miles Limited,Bryt Energy Limited,GRIDVOLT UK LIMITED,Goonhilly Limited,Sancton Hill Limited,St Breock Limited,South Sharpley Limited","Z1:500,Z2:500,Z3:500,Z4:500,Z5:500,Z6:500,Z7:500,Z8:500,Z9:500,Z10:500,Z11:500,Z12:500"
111,05/09/2026 10:00,Upwards,Energy,05/09/2026,15:00,15:30,14:00,14:30,500,Live,0,All Participants,"CUB (UK) LTD,ENGIE POWER LIMITED,AXLE ENERGY LIMITED,GRIDIMP LIMITED,INFINIS LIMITED,EQUIWATT LIMITED,HILDEBRAND TECHNOLOGY LIMITED,OCTOPUS ENERGY LIMITED,DRAX ENERGY SOLUTIONS LIMITED,OAKTREE POWER LIMITED,Shuffle Energy Limited,U ENERGY GROUP LIMITED,Edgware Energy Limited,Electric Miles Limited,Bryt Energy Limited,GRIDVOLT UK LIMITED,Goonhilly Limited,Sancton Hill Limited,St Breock Limited,South Sharpley Limited","Z1:500,Z2:500,Z3:500,Z4:500,Z5:500,Z6:500,Z7:500,Z8:500,Z9:500,Z10:500,Z11:500,Z12:500"
111,05/09/2026 10:00,Upwards,Energy,05/09/2026,15:30,16:00,14:30,15:00,500,Live,0,All Participants,"CUB (UK) LTD,ENGIE POWER LIMITED,AXLE ENERGY LIMITED,GRIDIMP LIMITED,INFINIS LIMITED,EQUIWATT LIMITED,HILDEBRAND TECHNOLOGY LIMITED,OCTOPUS ENERGY LIMITED,DRAX ENERGY SOLUTIONS LIMITED,OAKTREE POWER LIMITED,Shuffle Energy Limited,U ENERGY GROUP LIMITED,Edgware Energy Limited,Electric Miles Limited,Bryt Energy Limited,GRIDVOLT UK LIMITED,Goonhilly Limited,Sancton Hill Limited,St Breock Limited,South Sharpley Limited","Z1:500,Z2:500,Z3:500,Z4:500,Z5:500,Z6:500,Z7:500,Z8:500,Z9:500,Z10:500,Z11:500,Z12:500"
110,03/09/2026 12:00,Downwards,Energy,03/09/2026,17:00,17:30,16:00,16:30,300,Live,0,All Participants,"CUB (UK) LTD,ENGIE POWER LIMITED,AXLE ENERGY LIMITED,INFINIS LIMITED,EQUIWATT LIMITED,HILDEBRAND TECHNOLOGY LIMITED,OCTOPUS ENERGY LIMITED,DRAX ENERGY SOLUTIONS LIMITED,OAKTREE POWER LIMITED,Shuffle Energy Limited,U ENERGY GROUP LIMITED,Edgware Energy Limited,Electric Miles Limited,Bryt Energy Limited,GRIDVOLT UK LIMITED,Goonhilly Limited,Sancton Hill Limited,St Breock Limited,South Sharpley Limited","Z1:0,Z2:0,Z3:0,Z4:300,Z5:300,Z6:300,Z7:300,Z8:300,Z9:300,Z10:300,Z11:300,Z12:300"
110,03/09/2026 12:00,Downwards,Energy,03/09/2026,17:30,18:00,16:30,17:00,300,Live,0,All Participants,"CUB (UK) LTD,ENGIE POWER LIMITED,AXLE ENERGY LIMITED,INFINIS LIMITED,EQUIWATT LIMITED,HILDEBRAND TECHNOLOGY LIMITED,OCTOPUS ENERGY LIMITED,DRAX ENERGY SOLUTIONS LIMITED,OAKTREE POWER LIMITED,Shuffle Energy Limited,U ENERGY GROUP LIMITED,Edgware Energy Limited,Electric Miles Limited,Bryt Energy Limited,GRIDVOLT UK LIMITED,Goonhilly Limited,Sancton Hill Limited,St Breock Limited,South Sharpley Limited","Z1:0,Z2:0,Z3:0,Z4:300,Z5:300,Z6:300,Z7:300,Z8:300,Z9:300,Z10:300,Z11:300,Z12:300"
110,03/09/2026 12:00,Downwards,Energy,03/09/2026,18:00,18:30,17:00,17:30,300,Live,0,All Participants,"CUB (UK) LTD,ENGIE POWER LIMITED,AXLE ENERGY LIMITED,INFINIS LIMITED,EQUIWATT LIMITED,HILDEBRAND TECHNOLOGY LIMITED,OCTOPUS ENERGY LIMITED,DRAX ENERGY SOLUTIONS LIMITED,OAKTREE POWER LIMITED,Shuffle Energy Limited,U ENERGY GROUP LIMITED,Edgware Energy Limited,Electric Miles Limited,Bryt Energy Limited,GRIDVOLT UK LIMITED,Goonhilly Limited,Sancton Hill Limited,St Breock Limited,South Sharpley Limited","Z1:0,Z2:0,Z3:0,Z4:300,Z5:300,Z6:300,Z7:300,Z8:300,Z9:300,Z10:300,Z11:300,Z12:300"
110,03/09/2026 12:00,Downwards,Energy,03/09/2026,18:30,19:00,17:30,18:00,300,Live,0,All Participants,"CUB (UK) LTD,ENGIE POWER LIMITED,AXLE ENERGY LIMITED,INFINIS LIMITED,EQUIWATT LIMITED,HILDEBRAND TECHNOLOGY LIMITED,OCTOPUS ENERGY LIMITED,DRAX ENERGY SOLUTIONS LIMITED,OAKTREE POWER LIMITED,Shuffle Energy Limited,U ENERGY GROUP LIMITED,Edgware Energy Limited,Electric Miles Limited,Bryt Energy Limited,GRIDVOLT UK LIMITED,Goonhilly Limited,Sancton Hill Limited,St Breock Limited,South Sharpley Limited","Z1:0,Z2:0,Z3:0,Z4:300,Z5:300,Z6:300,Z7:300,Z8:300,Z9:300,Z10:300,Z11:300,Z12:300"
110,03/09/2026 12:00,Downwards,Energy,03/09/2026,19:00,19:30,18:00,18:30,300,Live,0,All Participants,"CUB (UK) LTD,ENGIE POWER LIMITED,AXLE ENERGY LIMITED,INFINIS LIMITED,EQUIWATT LIMITED,HILDEBRAND TECHNOLOGY LIMITED,OCTOPUS ENERGY LIMITED,DRAX ENERGY SOLUTIONS LIMITED,OAKTREE POWER LIMITED,Shuffle Energy Limited,U ENERGY GROUP LIMITED,Edgware Energy Limited,Electric Miles Limited,Bryt Energy Limited,GRIDVOLT UK LIMITED,Goonhilly Limited,Sancton Hill Limited,St Breock Limited,South Sharpley Limited","Z1:0,Z2:0,Z3:0,Z4:300,Z5:300,Z6:300,Z7:300,Z8:300,Z9:300,Z10:300,Z11:300,Z12:300"
110,03/09/2026 12:00,Downwards,Energy,03/09/2026,19:30,20:00,18:30,19:00,300,Live,0,All Participants,"CUB (UK) LTD,ENGIE POWER LIMITED,AXLE ENERGY LIMITED,INFINIS LIMITED,EQUIWATT LIMITED,HILDEBRAND TECHNOLOGY LIMITED,OCTOPUS ENERGY LIMITED,DRAX ENERGY SOLUTIONS LIMITED,OAKTREE POWER LIMITED,Shuffle Energy Limited,U ENERGY GROUP LIMITED,Edgware Energy Limited,Electric Miles Limited,Bryt Energy Limited,GRIDVOLT UK LIMITED,Goonhilly Limited,Sancton Hill Limited,St Breock Limited,South Sharpley Limited","Z1:0,Z2:0,Z3:0,Z4:300,Z5:300,Z6:300,Z7:300,Z8:300,Z9:300,Z10:300,Z11:300,Z12:300"
110,03/09/2026 12:00,Downwards,Energy,03/09/2026,20:00,20:30,19:00,19:30,300,Live,0,All Participants,"CUB (UK) LTD,ENGIE POWER LIMITED,AXLE ENERGY LIMITED,INFINIS LIMITED,EQUIWATT LIMITED,HILDEBRAND TECHNOLOGY LIMITED,OCTOPUS ENERGY LIMITED,DRAX ENERGY SOLUTIONS LIMITED,OAKTREE POWER LIMITED,Shuffle Energy Limited,U ENERGY GROUP LIMITED,Edgware Energy Limited,Electric Miles Limited,Bryt Energy Limited,GRIDVOLT UK LIMITED,Goonhilly Limited,Sancton Hill Limited,St Breock Limited,South Sharpley Limited","Z1:0,Z2:0,Z3:0,Z4:300,Z5:300,Z6:300,Z7:300,Z8:300,Z9:300,Z10:300,Z11:300,Z12:300"
110,03/09/2026 12:00,Downwards,Energy,03/09/2026,20:30,21:00,19:30,20:00,300,Live,0,All Participants,"CUB (UK) LTD,ENGIE POWER LIMITED,AXLE ENERGY LIMITED,INFINIS LIMITED,EQUIWATT LIMITED,HILDEBRAND TECHNOLOGY LIMITED,OCTOPUS ENERGY LIMITED,DRAX ENERGY SOLUTIONS LIMITED,OAKTREE POWER LIMITED,Shuffle Energy Limited,U ENERGY GROUP LIMITED,Edgware Energy Limited,Electric Miles Limited,Bryt Energy Limited,GRIDVOLT UK LIMITED,Goonhilly Limited,Sancton Hill Limited,St Breock Limited,South Sharpley Limited","Z1:0,Z2:0,Z3:0,Z4:300,Z5:300,Z6:300,Z7:300,Z8:300,Z9:300,Z10:300,Z11:300,Z12:300"
109,02/09/2026 12:00,Downwards,Energy,02/09/2026,20:00,20:30,19:00,19:30,300,Live,0,All Participants,"CUB (UK) LTD,ENGIE POWER LIMITED,AXLE ENERGY LIMITED,INFINIS LIMITED,EQUIWATT LIMITED,HILDEBRAND TECHNOLOGY LIMITED,OCTOPUS ENERGY LIMITED,DRAX ENERGY SOLUTIONS LIMITED,OAKTREE POWER LIMITED,Shuffle Energy Limited,U ENERGY GROUP LIMITED,Edgware Energy Limited,Electric Miles Limited,Bryt Energy Limited,GRIDVOLT UK LIMITED,Goonhilly Limited,Sancton Hill Limited,St Breock Limited,South Sharpley Limited","Z1:0,Z2:0,Z3:0,Z4:300,Z5:300,Z6:300,Z7:300,Z8:300,Z9:300,Z10:300,Z11:300,Z12:300"
109,02/09/2026 12:00,Downwards,Energy,02/09/2026,20:30,21:00,19:30,20:00,300,Live,0,All Participants,"CUB (UK) LTD,ENGIE POWER LIMITED,AXLE ENERGY LIMITED,INFINIS LIMITED,EQUIWATT LIMITED,HILDEBRAND TECHNOLOGY LIMITED,OCTOPUS ENERGY LIMITED,DRAX ENERGY SOLUTIONS LIMITED,OAKTREE POWER LIMITED,Shuffle Energy Limited,U ENERGY GROUP LIMITED,Edgware Energy Limited,Electric Miles Limited,Bryt Energy Limited,GRIDVOLT UK LIMITED,Goonhilly Limited,Sancton Hill Limited,St Breock Limited,South Sharpley Limited","Z1:0,Z2:0,Z3:0,Z4:300,Z5:300,Z6:300,Z7:300,Z8:300,Z9:300,Z10:300,Z11:300,Z12:300"
109,02/09/2026 12:00,Downwards,Energy,02/09/2026,21:00,21:30,20:00,20:30,300,Live,0,All Participants,"CUB (UK) LTD,ENGIE POWER LIMITED,AXLE ENERGY LIMITED,INFINIS LIMITED,EQUIWATT LIMITED,HILDEBRAND TECHNOLOGY LIMITED,OCTOPUS ENERGY LIMITED,DRAX ENERGY SOLUTIONS LIMITED,OAKTREE POWER LIMITED,Shuffle Energy Limited,U ENERGY GROUP LIMITED,Edgware Energy Limited,Electric Miles Limited,Bryt Energy Limited,GRIDVOLT UK LIMITED,Goonhilly Limited,Sancton Hill Limited,St Breock Limited,South Sharpley Limited","Z1:0,Z2:0,Z3:0,Z4:300,Z5:300,Z6:300,Z7:300,Z8:300,Z9:300,Z10:300,Z11:300,Z12:300"
109,02/09/2026 12:00,Downwards,Energy,02/09/2026,21:30,22:00,20:30,21:00,300,Live,0,All Participants,"CUB (UK) LTD,ENGIE POWER LIMITED,AXLE ENERGY LIMITED,INFINIS LIMITED,EQUIWATT LIMITED,HILDEBRAND TECHNOLOGY LIMITED,OCTOPUS ENERGY LIMITED,DRAX ENERGY SOLUTIONS LIMITED,OAKTREE POWER LIMITED,Shuffle Energy Limited,U ENERGY GROUP LIMITED,Edgware Energy Limited,Electric Miles Limited,Bryt Energy Limited,GRIDVOLT UK LIMITED,Goonhilly Limited,Sancton Hill Limited,St Breock Limited,South Sharpley Limited","Z1:0,Z2:0,Z3:0,Z4:300,Z5:300,Z6:300,Z7:300,Z8:300,Z9:300,Z10:300,Z11:300,Z12:300"
108,01/09/2026 12:00,Downwards,Energy,01/09/2026,17:00,17:30,16:00,16:30,300,Live,0,All Participants,"CUB (UK) LTD,ENGIE POWER LIMITED,AXLE ENERGY LIMITED,INFINIS LIMITED,EQUIWATT LIMITED,HILDEBRAND TECHNOLOGY LIMITED,OCTOPUS ENERGY LIMITED,DRAX ENERGY SOLUTIONS LIMITED,OAKTREE POWER LIMITED,Shuffle Energy Limited,U ENERGY GROUP LIMITED,Edgware Energy Limited,Electric Miles Limited,Bryt Energy Limited,GRIDVOLT UK LIMITED,Goonhilly Limited,Sancton Hill Limited,St Breock Limited,South Sharpley Limited","Z1:0,Z2:0,Z3:0,Z4:300,Z5:300,Z6:300,Z7:300,Z8:300,Z9:300,Z10:300,Z11:300,Z12:300"
108,01/09/2026 12:00,Downwards,Energy,01/09/2026,17:30,18:00,16:30,17:00,300,Live,0,All Participants,"CUB (UK) LTD,ENGIE POWER LIMITED,AXLE ENERGY LIMITED,INFINIS LIMITED,EQUIWATT LIMITED,HILDEBRAND TECHNOLOGY LIMITED,OCTOPUS ENERGY LIMITED,DRAX ENERGY SOLUTIONS LIMITED,OAKTREE POWER LIMITED,Shuffle Energy Limited,U ENERGY GROUP LIMITED,Edgware Energy Limited,Electric Miles Limited,Bryt Energy Limited,GRIDVOLT UK LIMITED,Goonhilly Limited,Sancton Hill Limited,St Breock Limited,South Sharpley Limited","Z1:0,Z2:0,Z3:0,Z4:300,Z5:300,Z6:300,Z7:300,Z8:300,Z9:300,Z10:300,Z11:300,Z12:300"
108,01/09/2026 12:00,Downwards,Energy,01/09/2026,18:00,18:30,17:00,17:30,300,Live,0,All Participants,"CUB (UK) LTD,ENGIE POWER LIMITED,AXLE ENERGY LIMITED,INFINIS LIMITED,EQUIWATT LIMITED,HILDEBRAND TECHNOLOGY LIMITED,OCTOPUS ENERGY LIMITED,DRAX ENERGY SOLUTIONS LIMITED,OAKTREE POWER LIMITED,Shuffle Energy Limited,U ENERGY GROUP LIMITED,Edgware Energy Limited,Electric Miles Limited,Bryt Energy Limited,GRIDVOLT UK LIMITED,Goonhilly Limited,Sancton Hill Limited,St Breock Limited,South Sharpley Limited","Z1:0,Z2:0,Z3:0,Z4:300,Z5:300,Z6:300,Z7:300,Z8:300,Z9:300,Z10:300,Z11:300,Z12:300"
108,01/09/2026 12:00,Downwards,Energy,01/09/2026,18:30,19:00,17:30,18:00,300,Live,0,All Participants,"CUB (UK) LTD,ENGIE POWER LIMITED,AXLE ENERGY LIMITED,INFINIS LIMITED,EQUIWATT LIMITED,HILDEBRAND TECHNOLOGY LIMITED,OCTOPUS ENERGY LIMITED,DRAX ENERGY SOLUTIONS LIMITED,OAKTREE POWER LIMITED,Shuffle Energy Limited,U ENERGY GROUP LIMITED,Edgware Energy Limited,Electric Miles Limited,Bryt Energy Limited,GRIDVOLT UK LIMITED,Goonhilly Limited,Sancton Hill Limited,St Breock Limited,South Sharpley Limited","Z1:0,Z2:0,Z3:0,Z4:300,Z5:300,Z6:300,Z7:300,Z8:300,Z9:300,Z10:300,Z11:300,Z12:300"
108,01/09/2026 12:00,Downwards,Energy,01/09/2026,19:00,19:30,18:00,18:30,300,Live,0,All Participants,"CUB (UK) LTD,ENGIE POWER LIMITED,AXLE ENERGY LIMITED,INFINIS LIMITED,EQUIWATT LIMITED,HILDEBRAND TECHNOLOGY LIMITED,OCTOPUS ENERGY LIMITED,DRAX ENERGY SOLUTIONS LIMITED,OAKTREE POWER LIMITED,Shuffle Energy Limited,U ENERGY GROUP LIMITED,Edgware Energy Limited,Electric Miles Limited,Bryt Energy Limited,GRIDVOLT UK LIMITED,Goonhilly Limited,Sancton Hill Limited,St Breock Limited,South Sharpley Limited","Z1:0,Z2:0,Z3:0,Z4:300,Z5:300,Z6:300,Z7:300,Z8:300,Z9:300,Z10:300,Z11:300,Z12:300"
108,01/09/2026 12:00,Downwards,Energy,01/09/2026,19:30,20:00,18:30,19:00,300,Live,0,All Participants,"CUB (UK) LTD,ENGIE POWER LIMITED,AXLE ENERGY LIMITED,INFINIS LIMITED,EQUIWATT LIMITED,HILDEBRAND TECHNOLOGY LIMITED,OCTOPUS ENERGY LIMITED,DRAX ENERGY SOLUTIONS LIMITED,OAKTREE POWER LIMITED,Shuffle Energy Limited,U ENERGY GROUP LIMITED,Edgware Energy Limited,Electric Miles Limited,Bryt Energy Limited,GRIDVOLT UK LIMITED,Goonhilly Limited,Sancton Hill Limited,St Breock Limited,South Sharpley Limited","Z1:0,Z2:0,Z3:0,Z4:300,Z5:300,Z6:300,Z7:300,Z8:300,Z9:300,Z10:300,Z11:300,Z12:300"
108,01/09/2026 12:00,Downwards,Energy,01/09/2026,20:00,20:30,19:00,19:30,300,Live,0,All Participants,"CUB (UK) LTD,ENGIE POWER LIMITED,AXLE ENERGY LIMITED,INFINIS LIMITED,EQUIWATT LIMITED,HILDEBRAND TECHNOLOGY LIMITED,OCTOPUS ENERGY LIMITED,DRAX ENERGY SOLUTIONS LIMITED,OAKTREE POWER LIMITED,Shuffle Energy Limited,U ENERGY GROUP LIMITED,Edgware Energy Limited,Electric Miles Limited,Bryt Energy Limited,GRIDVOLT UK LIMITED,Goonhilly Limited,Sancton Hill Limited,St Breock Limited,South Sharpley Limited","Z1:0,Z2:0,Z3:0,Z4:300,Z5:300,Z6:300,Z7:300,Z8:300,Z9:300,Z10:300,Z11:300,Z12:300"
108,01/09/2026 12:00,Downwards,Energy,01/09/2026,20:30,21:00,19:30,20:00,300,Live,0,All Participants,"CUB (UK) LTD,ENGIE POWER LIMITED,AXLE ENERGY LIMITED,INFINIS LIMITED,EQUIWATT LIMITED,HILDEBRAND TECHNOLOGY LIMITED,OCTOPUS ENERGY LIMITED,DRAX ENERGY SOLUTIONS LIMITED,OAKTREE POWER LIMITED,Shuffle Energy Limited,U ENERGY GROUP LIMITED,Edgware Energy Limited,Electric Miles Limited,Bryt Energy Limited,GRIDVOLT UK LIMITED,Goonhilly Limited,Sancton Hill Limited,St Breock Limited,South Sharpley Limited","Z1:0,Z2:0,Z3:0,Z4:300,Z5:300,Z6:300,Z7:300,Z8:300,Z9:300,Z10:300,Z11:300,Z12:300"
108,01/09/2026 12:00,Downwards,Energy,01/09/2026,21:00,21:30,20:00,20:30,300,Live,0,All Participants,"CUB (UK) LTD,ENGIE POWER LIMITED,AXLE ENERGY LIMITED,INFINIS LIMITED,EQUIWATT LIMITED,HILDEBRAND TECHNOLOGY LIMITED,OCTOPUS ENERGY LIMITED,DRAX ENERGY SOLUTIONS LIMITED,OAKTREE POWER LIMITED,Shuffle Energy Limited,U ENERGY GROUP LIMITED,Edgware Energy Limited,Electric Miles Limited,Bryt Energy Limited,GRIDVOLT UK LIMITED,Goonhilly Limited,Sancton Hill Limited,St Breock Limited,South Sharpley Limited","Z1:0,Z2:0,Z3:0,Z4:300,Z5:300,Z6:300,Z7:300,Z8:300,Z9:300,Z10:300,Z11:300,Z12:300"
108,01/09/2026 12:00,Downwards,Energy,01/09/2026,21:30,22:00,20:30,21:00,300,Live,0,All Participants,"CUB (UK) LTD,ENGIE POWER LIMITED,AXLE ENERGY LIMITED,INFINIS LIMITED,EQUIWATT LIMITED,HILDEBRAND TECHNOLOGY LIMITED,OCTOPUS ENERGY LIMITED,DRAX ENERGY SOLUTIONS LIMITED,OAKTREE POWER LIMITED,Shuffle Energy Limited,U ENERGY GROUP LIMITED,Edgware Energy Limited,Electric Miles Limited,Bryt Energy Limited,GRIDVOLT UK LIMITED,Goonhilly Limited,Sancton Hill Limited,St Breock Limited,South Sharpley Limited","Z1:0,Z2:0,Z3:0,Z4:300,Z5:300,Z6:300,Z7:300,Z8:300,Z9:300,Z10:300,Z11:300,Z12:300"
107,31/08/2026 12:00,Downwards,Energy,31/08/2026,19:00,19:30,18:00,18:30,500,Live,0,All Participants,"CUB (UK) LTD,ENGIE POWER LIMITED,AXLE ENERGY LIMITED,INFINIS LIMITED,EQUIWATT LIMITED,HILDEBRAND TECHNOLOGY LIMITED,OCTOPUS ENERGY LIMITED,DRAX ENERGY SOLUTIONS LIMITED,OAKTREE POWER LIMITED,Shuffle Energy Limited,U ENERGY GROUP LIMITED,Edgware Energy Limited,Electric Miles Limited,Bryt Energy Limited,GRIDVOLT UK LIMITED,Goonhilly Limited,Sancton Hill Limited,St Breock Limited,South Sharpley Limited","Z1:500,Z2:500,Z3:500,Z4:500,Z5:500,Z6:500,Z7:500,Z8:500,Z9:500,Z10:500,Z11:500,Z12:500"
107,31/08/2026 12:00,Downwards,Energy,31/08/2026,19:30,20:00,18:30,19:00,500,Live,0,All Participants,"CUB (UK) LTD,ENGIE POWER LIMITED,AXLE ENERGY LIMITED,INFINIS LIMITED,EQUIWATT LIMITED,HILDEBRAND TECHNOLOGY LIMITED,OCTOPUS ENERGY LIMITED,DRAX ENERGY SOLUTIONS LIMITED,OAKTREE POWER LIMITED,Shuffle Energy Limited,U ENERGY GROUP LIMITED,Edgware Energy Limited,Electric Miles Limited,Bryt Energy Limited,GRIDVOLT UK LIMITED,Goonhilly Limited,Sancton Hill Limited,St Breock Limited,South Sharpley Limited","Z1:500,Z2:500,Z3:500,Z4:500,Z5:500,Z6:500,Z7:500,Z8:500,Z9:500,Z10:500,Z11:500,Z12:500"
107,31/08/2026 12:00,Downwards,Energy,31/08/2026,20:00,20:30,19:00,19:30,500,Live,0,All Participants,"CUB (UK) LTD,ENGIE POWER LIMITED,AXLE ENERGY LIMITED,INFINIS LIMITED,EQUIWATT LIMITED,HILDEBRAND TECHNOLOGY LIMITED,OCTOPUS ENERGY LIMITED,DRAX ENERGY SOLUTIONS LIMITED,OAKTREE POWER LIMITED,Shuffle Energy Limited,U ENERGY GROUP LIMITED,Edgware Energy Limited,Electric Miles Limited,Bryt Energy Limited,GRIDVOLT UK LIMITED,Goonhilly Limited,Sancton Hill Limited,St Breock Limited,South Sharpley Limited","Z1:500,Z2:500,Z3:500,Z4:500,Z5:500,Z6:500,Z7:500,Z8:500,Z9:500,Z10:500,Z11:500,Z12:500"
107,31/08/2026 12:00,Downwards,Energy,31/08/2026,20:30,21:00,19:30,20:00,500,Live,0,All Participants,"CUB (UK) LTD,ENGIE POWER LIMITED,AXLE ENERGY LIMITED,INFINIS LIMITED,EQUIWATT LIMITED,HILDEBRAND TECHNOLOGY LIMITED,OCTOPUS ENERGY LIMITED,DRAX ENERGY SOLUTIONS LIMITED,OAKTREE POWER LIMITED,Shuffle Energy Limited,U ENERGY GROUP LIMITED,Edgware Energy Limited,Electric Miles Limited,Bryt Energy Limited,GRIDVOLT UK LIMITED,Goonhilly Limited,Sancton Hill Limited,St Breock Limited,South Sharpley Limited","Z1:500,Z2:500,Z3:500,Z4:500,Z5:500,Z6:500,Z7:500,Z8:500,Z9:500,Z10:500,Z11:500,Z12:500"
107,31/08/2026 12:00,Downwards,Energy,31/08/2026,21:00,21:30,20:00,20:30,500,Live,0,All Participants,"CUB (UK) LTD,ENGIE POWER LIMITED,AXLE ENERGY LIMITED,INFINIS LIMITED,EQUIWATT LIMITED,HILDEBRAND TECHNOLOGY LIMITED,OCTOPUS ENERGY LIMITED,DRAX ENERGY SOLUTIONS LIMITED,OAKTREE POWER LIMITED,Shuffle Energy Limited,U ENERGY GROUP LIMITED,Edgware Energy Limited,Electric Miles Limited,Bryt Energy Limited,GRIDVOLT UK LIMITED,Goonhilly Limited,Sancton Hill Limited,St Breock Limited,South Sharpley Limited","Z1:500,Z2:500,Z3:500,Z4:500,Z5:500,Z6:500,Z7:500,Z8:500,Z9:500,Z10:500,Z11:500,Z12:500"
107,31/08/2026 12:00,Downwards,Energy,31/08/2026,21:30,22:00,20:30,21:00,500,Live,0,All Participants,"CUB (UK) LTD,ENGIE POWER LIMITED,AXLE ENERGY LIMITED,INFINIS LIMITED,EQUIWATT LIMITED,HILDEBRAND TECHNOLOGY LIMITED,OCTOPUS ENERGY LIMITED,DRAX ENERGY SOLUTIONS LIMITED,OAKTREE POWER LIMITED,Shuffle Energy Limited,U ENERGY GROUP LIMITED,Edgware Energy Limited,Electric Miles Limited,Bryt Energy Limited,GRIDVOLT UK LIMITED,Goonhilly Limited,Sancton Hill Limited,St Breock Limited,South Sharpley Limited","Z1:500,Z2:500,Z3:500,Z4:500,Z5:500,Z6:500,Z7:500,Z8:500,Z9:500,Z10:500,Z11:500,Z12:500"
106,30/08/2026 12:00,Downwards,Energy,30/08/2026,18:00,18:30,17:00,17:30,500,Live,0,All Participants,"CUB (UK) LTD,ENGIE POWER LIMITED,AXLE ENERGY LIMITED,INFINIS LIMITED,EQUIWATT LIMITED,HILDEBRAND TECHNOLOGY LIMITED,OCTOPUS ENERGY LIMITED,DRAX ENERGY SOLUTIONS LIMITED,OAKTREE POWER LIMITED,Shuffle Energy Limited,U ENERGY GROUP LIMITED,Edgware Energy Limited,Electric Miles Limited,GRIDVOLT UK LIMITED,Goonhilly Limited,Sancton Hill Limited,St Breock Limited,South Sharpley Limited","Z1:500,Z2:500,Z3:500,Z4:500,Z5:500,Z6:500,Z7:500,Z8:500,Z9:500,Z10:500,Z11:500,Z12:500"
106,30/08/2026 12:00,Downwards,Energy,30/08/2026,18:30,19:00,17:30,18:00,500,Live,0,All Participants,"CUB (UK) LTD,ENGIE POWER LIMITED,AXLE ENERGY LIMITED,INFINIS LIMITED,EQUIWATT LIMITED,HILDEBRAND TECHNOLOGY LIMITED,OCTOPUS ENERGY LIMITED,DRAX ENERGY SOLUTIONS LIMITED,OAKTREE POWER LIMITED,Shuffle Energy Limited,U ENERGY GROUP LIMITED,Edgware Energy Limited,Electric Miles Limited,GRIDVOLT UK LIMITED,Goonhilly Limited,Sancton Hill Limited,St Breock Limited,South Sharpley Limited","Z1:500,Z2:500,Z3:500,Z4:500,Z5:500,Z6:500,Z7:500,Z8:500,Z9:500,Z10:500,Z11:500,Z12:500"
106,30/08/2026 12:00,Downwards,Energy,30/08/2026,19:00,19:30,18:00,18:30,500,Live,0,All Participants,"CUB (UK) LTD,ENGIE POWER LIMITED,AXLE ENERGY LIMITED,INFINIS LIMITED,EQUIWATT LIMITED,HILDEBRAND TECHNOLOGY LIMITED,OCTOPUS ENERGY LIMITED,DRAX ENERGY SOLUTIONS LIMITED,OAKTREE POWER LIMITED,Shuffle Energy Limited,U ENERGY GROUP LIMITED,Edgware Energy Limited,Electric Miles Limited,GRIDVOLT UK LIMITED,Goonhilly Limited,Sancton Hill Limited,St Breock Limited,South Sharpley Limited","Z1:500,Z2:500,Z3:500,Z4:500,Z5:500,Z6:500,Z7:500,Z8:500,Z9:500,Z10:500,Z11:500,Z12:500"
106,30/08/2026 12:00,Downwards,Energy,30/08/2026,19:30,20:00,18:30,19:00,500,Live,0,All Participants,"CUB (UK) LTD,ENGIE POWER LIMITED,AXLE ENERGY LIMITED,INFINIS LIMITED,EQUIWATT LIMITED,HILDEBRAND TECHNOLOGY LIMITED,OCTOPUS ENERGY LIMITED,DRAX ENERGY SOLUTIONS LIMITED,OAKTREE POWER LIMITED,Shuffle Energy Limited,U ENERGY GROUP LIMITED,Edgware Energy Limited,Electric Miles Limited,GRIDVOLT UK LIMITED,Goonhilly Limited,Sancton Hill Limited,St Breock Limited,South Sharpley Limited","Z1:500,Z2:500,Z3:500,Z4:500,Z5:500,Z6:500,Z7:500,Z8:500,Z9:500,Z10:500,Z11:500,Z12:500"
106,30/08/2026 12:00,Downwards,Energy,30/08/2026,20:00,20:30,19:00,19:30,500,Live,0,All Participants,"CUB (UK) LTD,ENGIE POWER LIMITED,AXLE ENERGY LIMITED,INFINIS LIMITED,EQUIWATT LIMITED,HILDEBRAND TECHNOLOGY LIMITED,OCTOPUS ENERGY LIMITED,DRAX ENERGY SOLUTIONS LIMITED,OAKTREE POWER LIMITED,Shuffle Energy Limited,U ENERGY GROUP LIMITED,Edgware Energy Limited,Electric Miles Limited,GRIDVOLT UK LIMITED,Goonhilly Limited,Sancton Hill Limited,St Breock Limited,South Sharpley Limited","Z1:500,Z2:500,Z3:500,Z4:500,Z5:500,Z6:500,Z7:500,Z8:500,Z9:500,Z10:500,Z11:500,Z12:500"
106,30/08/2026 12:00,Downwards,Energy,30/08/2026,20:30,21:00,19:30,20:00,500,Live,0,All Participants,"CUB (UK) LTD,ENGIE POWER LIMITED,AXLE ENERGY LIMITED,INFINIS LIMITED,EQUIWATT LIMITED,HILDEBRAND TECHNOLOGY LIMITED,OCTOPUS ENERGY LIMITED,DRAX ENERGY SOLUTIONS LIMITED,OAKTREE POWER LIMITED,Shuffle Energy Limited,U ENERGY GROUP LIMITED,Edgware Energy Limited,Electric Miles Limited,GRIDVOLT UK LIMITED,Goonhilly Limited,Sancton Hill Limited,St Breock Limited,South Sharpley Limited","Z1:500,Z2:500,Z3:500,Z4:500,Z5:500,Z6:500,Z7:500,Z8:500,Z9:500,Z10:500,Z11:500,Z12:500"
106,30/08/2026 12:00,Downwards,Energy,30/08/2026,21:00,21:30,20:00,20:30,500,Live,0,All Participants,"CUB (UK) LTD,ENGIE POWER LIMITED,AXLE ENERGY LIMITED,INFINIS LIMITED,EQUIWATT LIMITED,HILDEBRAND TECHNOLOGY LIMITED,OCTOPUS ENERGY LIMITED,DRAX ENERGY SOLUTIONS LIMITED,OAKTREE POWER LIMITED,Shuffle Energy Limited,U ENERGY GROUP LIMITED,Edgware Energy Limited,Electric Miles Limited,GRIDVOLT UK LIMITED,Goonhilly Limited,Sancton Hill Limited,St Breock Limited,South Sharpley Limited","Z1:500,Z2:500,Z3:500,Z4:500,Z5:500,Z6:500,Z7:500,Z8:500,Z9:500,Z10:500,Z11:500,Z12:500"
106,30/08/2026 12:00,Downwards,Energy,30/08/2026,21:30,22:00,20:30,21:00,500,Live,0,All Participants,"CUB (UK) LTD,ENGIE POWER LIMITED,AXLE ENERGY LIMITED,INFINIS LIMITED,EQUIWATT LIMITED,HILDEBRAND TECHNOLOGY LIMITED,OCTOPUS ENERGY LIMITED,DRAX ENERGY SOLUTIONS LIMITED,OAKTREE POWER LIMITED,Shuffle Energy Limited,U ENERGY GROUP LIMITED,Edgware Energy Limited,Electric Miles Limited,GRIDVOLT UK LIMITED,Goonhilly Limited,Sancton Hill Limited,St Breock Limited,South Sharpley Limited","Z1:500,Z2:500,Z3:500,Z4:500,Z5:500,Z6:500,Z7:500,Z8:500,Z9:500,Z10:500,Z11:500,Z12:500"
105,30/08/2026 10:00,Upwards,System,30/08/2026,13:00,13:30,12:00,12:30,500,Test,180,All Participants,"CUB (UK) LTD,ENGIE POWER LIMITED,AXLE ENERGY LIMITED,INFINIS LIMITED,EQUIWATT LIMITED,HILDEBRAND TECHNOLOGY LIMITED,OCTOPUS ENERGY LIMITED,DRAX ENERGY SOLUTIONS LIMITED,OAKTREE POWER LIMITED,Shuffle Energy Limited,U ENERGY GROUP LIMITED,Edgware Energy Limited,Electric Miles Limited,GRIDVOLT UK LIMITED,Goonhilly Limited,Sancton Hill Limited,St Breock Limited,South Sharpley Limited","Z1:500,Z2:500,Z3:500,Z4:500,Z5:500,Z6:500,Z7:500,Z8:500,Z9:500,Z10:500,Z11:500,Z12:500"
105,30/08/2026 10:00,Upwards,System,30/08/2026,13:30,14:00,12:30,13:00,500,Test,180,All Participants,"CUB (UK) LTD,ENGIE POWER LIMITED,AXLE ENERGY LIMITED,INFINIS LIMITED,EQUIWATT LIMITED,HILDEBRAND TECHNOLOGY LIMITED,OCTOPUS ENERGY LIMITED,DRAX ENERGY SOLUTIONS LIMITED,OAKTREE POWER LIMITED,Shuffle Energy Limited,U ENERGY GROUP LIMITED,Edgware Energy Limited,Electric Miles Limited,GRIDVOLT UK LIMITED,Goonhilly Limited,Sancton Hill Limited,St Breock Limited,South Sharpley Limited","Z1:500,Z2:500,Z3:500,Z4:500,Z5:500,Z6:500,Z7:500,Z8:500,Z9:500,Z10:500,Z11:500,Z12:500"
104,27/08/2026 12:15,Downwards,Energy,27/08/2026,17:00,17:30,16:00,16:30,500,Live,0,All Participants,"AXLE ENERGY LIMITED,INFINIS LIMITED,EQUIWATT LIMITED,HILDEBRAND TECHNOLOGY LIMITED,OCTOPUS ENERGY LIMITED,DRAX ENERGY SOLUTIONS LIMITED,OAKTREE POWER LIMITED,Shuffle Energy Limited,U ENERGY GROUP LIMITED,Electric Miles Limited,GRIDVOLT UK LIMITED","Z1:0,Z2:0,Z3:0,Z4:500,Z5:500,Z6:500,Z7:500,Z8:500,Z9:500,Z10:500,Z11:500,Z12:500"
104,27/08/2026 12:15,Downwards,Energy,27/08/2026,17:30,18:00,16:30,17:00,500,Live,0,All Participants,"AXLE ENERGY LIMITED,INFINIS LIMITED,EQUIWATT LIMITED,HILDEBRAND TECHNOLOGY LIMITED,OCTOPUS ENERGY LIMITED,DRAX ENERGY SOLUTIONS LIMITED,OAKTREE POWER LIMITED,Shuffle Energy Limited,U ENERGY GROUP LIMITED,Electric Miles Limited,GRIDVOLT UK LIMITED","Z1:0,Z2:0,Z3:0,Z4:500,Z5:500,Z6:500,Z7:500,Z8:500,Z9:500,Z10:500,Z11:500,Z12:500"
104,27/08/2026 12:15,Downwards,Energy,27/08/2026,18:00,18:30,17:00,17:30,500,Live,0,All Participants,"AXLE ENERGY LIMITED,INFINIS LIMITED,EQUIWATT LIMITED,HILDEBRAND TECHNOLOGY LIMITED,OCTOPUS ENERGY LIMITED,DRAX ENERGY SOLUTIONS LIMITED,OAKTREE POWER LIMITED,Shuffle Energy Limited,U ENERGY GROUP LIMITED,Electric Miles Limited,GRIDVOLT UK LIMITED","Z1:0,Z2:0,Z3:0,Z4:500,Z5:500,Z6:500,Z7:500,Z8:500,Z9:500,Z10:500,Z11:500,Z12:500"
104,27/08/2026 12:15,Downwards,Energy,27/08/2026,18:30,19:00,17:30,18:00,500,Live,0,All Participants,"AXLE ENERGY LIMITED,INFINIS LIMITED,EQUIWATT LIMITED,HILDEBRAND TECHNOLOGY LIMITED,OCTOPUS ENERGY LIMITED,DRAX ENERGY SOLUTIONS LIMITED,OAKTREE POWER LIMITED,Shuffle Energy Limited,U ENERGY GROUP LIMITED,Electric Miles Limited,GRIDVOLT UK LIMITED","Z1:0,Z2:0,Z3:0,Z4:500,Z5:500,Z6:500,Z7:500,Z8:500,Z9:500,Z10:500,Z11:500,Z12:500"
104,27/08/2026 12:15,Downwards,Energy,27/08/2026,19:00,19:30,18:00,18:30,500,Live,0,All Participants,"AXLE ENERGY LIMITED,INFINIS LIMITED,EQUIWATT LIMITED,HILDEBRAND TECHNOLOGY LIMITED,OCTOPUS ENERGY LIMITED,DRAX ENERGY SOLUTIONS LIMITED,OAKTREE POWER LIMITED,Shuffle Energy Limited,U ENERGY GROUP LIMITED,Electric Miles Limited,GRIDVOLT UK LIMITED","Z1:0,Z2:0,Z3:0,Z4:500,Z5:500,Z6:500,Z7:500,Z8:500,Z9:500,Z10:500,Z11:500,Z12:500"
104,27/08/2026 12:15,Downwards,Energy,27/08/2026,19:30,20:00,18:30,19:00,500,Live,0,All Participants,"AXLE ENERGY LIMITED,INFINIS LIMITED,EQUIWATT LIMITED,HILDEBRAND TECHNOLOGY LIMITED,OCTOPUS ENERGY LIMITED,DRAX ENERGY SOLUTIONS LIMITED,OAKTREE POWER LIMITED,Shuffle Energy Limited,U ENERGY GROUP LIMITED,Electric Miles Limited,GRIDVOLT UK LIMITED","Z1:0,Z2:0,Z3:0,Z4:500,Z5:500,Z6:500,Z7:500,Z8:500,Z9:500,Z10:500,Z11:500,Z12:500"
103,26/08/2026 12:00,Downwards,Energy,26/08/2026,17:00,17:30,16:00,16:30,500,Live,0,All Participants,"AXLE ENERGY LIMITED,INFINIS LIMITED,EQUIWATT LIMITED,HILDEBRAND TECHNOLOGY LIMITED,OCTOPUS ENERGY LIMITED,DRAX ENERGY SOLUTIONS LIMITED,OAKTREE POWER LIMITED,Shuffle Energy Limited,U ENERGY GROUP LIMITED,Electric Miles Limited,GRIDVOLT UK LIMITED","Z1:0,Z2:0,Z3:0,Z4:500,Z5:500,Z6:500,Z7:500,Z8:500,Z9:500,Z10:500,Z11:500,Z12:500"
103,26/08/2026 12:00,Downwards,Energy,26/08/2026,17:30,18:00,16:30,17:00,500,Live,0,All Participants,"AXLE ENERGY LIMITED,INFINIS LIMITED,EQUIWATT LIMITED,HILDEBRAND TECHNOLOGY LIMITED,OCTOPUS ENERGY LIMITED,DRAX ENERGY SOLUTIONS LIMITED,OAKTREE POWER LIMITED,Shuffle Energy Limited,U ENERGY GROUP LIMITED,Electric Miles Limited,GRIDVOLT UK LIMITED","Z1:0,Z2:0,Z3:0,Z4:500,Z5:500,Z6:500,Z7:500,Z8:500,Z9:500,Z10:500,Z11:500,Z12:500"
103,26/08/2026 12:00,Downwards,Energy,26/08/2026,18:00,18:30,17:00,17:30,500,Live,0,All Participants,"AXLE ENERGY LIMITED,INFINIS LIMITED,EQUIWATT LIMITED,HILDEBRAND TECHNOLOGY LIMITED,OCTOPUS ENERGY LIMITED,DRAX ENERGY SOLUTIONS LIMITED,OAKTREE POWER LIMITED,Shuffle Energy Limited,U ENERGY GROUP LIMITED,Electric Miles Limited,GRIDVOLT UK LIMITED","Z1:0,Z2:0,Z3:0,Z4:500,Z5:500,Z6:500,Z7:500,Z8:500,Z9:500,Z10:500,Z11:500,Z12:500"
103,26/08/2026 12:00,Downwards,Energy,26/08/2026,18:30,19:00,17:30,18:00,500,Live,0,All Participants,"AXLE ENERGY LIMITED,INFINIS LIMITED,EQUIWATT LIMITED,HILDEBRAND TECHNOLOGY LIMITED,OCTOPUS ENERGY LIMITED,DRAX ENERGY SOLUTIONS LIMITED,OAKTREE POWER LIMITED,Shuffle Energy Limited,U ENERGY GROUP LIMITED,Electric Miles Limited,GRIDVOLT UK LIMITED","Z1:0,Z2:0,Z3:0,Z4:500,Z5:500,Z6:500,Z7:500,Z8:500,Z9:500,Z10:500,Z11:500,Z12:500"
103,26/08/2026 12:00,Downwards,Energy,26/08/2026,19:00,19:30,18:00,18:30,500,Live,0,All Participants,"AXLE ENERGY LIMITED,INFINIS LIMITED,EQUIWATT LIMITED,HILDEBRAND TECHNOLOGY LIMITED,OCTOPUS ENERGY LIMITED,DRAX ENERGY SOLUTIONS LIMITED,OAKTREE POWER LIMITED,Shuffle Energy Limited,U ENERGY GROUP LIMITED,Electric Miles Limited,GRIDVOLT UK LIMITED","Z1:0,Z2:0,Z3:0,Z4:500,Z5:500,Z6:500,Z7:500,Z8:500,Z9:500,Z10:500,Z11:500,Z12:500"
103,26/08/2026 12:00,Downwards,Energy,26/08/2026,19:30,20:00,18:30,19:00,500,Live,0,All Participants,"AXLE ENERGY LIMITED,INFINIS LIMITED,EQUIWATT LIMITED,HILDEBRAND TECHNOLOGY LIMITED,OCTOPUS ENERGY LIMITED,DRAX ENERGY SOLUTIONS LIMITED,OAKTREE POWER LIMITED,Shuffle Energy Limited,U ENERGY GROUP LIMITED,Electric Miles Limited,GRIDVOLT UK LIMITED","Z1:0,Z2:0,Z3:0,Z4:500,Z5:500,Z6:500,Z7:500,Z8:500,Z9:500,Z10:500,Z11:500,Z12:500"
102,24/08/2026 12:15,Downwards,Energy,24/08/2026,18:00,18:30,17:00,17:30,500,Live,0,All Participants,"AXLE ENERGY LIMITED,INFINIS LIMITED,EQUIWATT LIMITED,HILDEBRAND TECHNOLOGY LIMITED,OCTOPUS ENERGY LIMITED,DRAX ENERGY SOLUTIONS LIMITED,OAKTREE POWER LIMITED,Shuffle Energy Limited,U ENERGY GROUP LIMITED,Electric Miles Limited,GRIDVOLT UK LIMITED","Z1:500,Z2:500,Z3:500,Z4:500,Z5:500,Z6:500,Z7:500,Z8:500,Z9:500,Z10:500,Z11:500,Z12:500"
102,24/08/2026 12:15,Downwards,Energy,24/08/2026,18:30,19:00,17:30,18:00,500,Live,0,All Participants,"AXLE ENERGY LIMITED,INFINIS LIMITED,EQUIWATT LIMITED,HILDEBRAND TECHNOLOGY LIMITED,OCTOPUS ENERGY LIMITED,DRAX ENERGY SOLUTIONS LIMITED,OAKTREE POWER LIMITED,Shuffle Energy Limited,U ENERGY GROUP LIMITED,Electric Miles Limited,GRIDVOLT UK LIMITED","Z1:500,Z2:500,Z3:500,Z4:500,Z5:500,Z6:500,Z7:500,Z8:500,Z9:500,Z10:500,Z11:500,Z12:500"
102,24/08/2026 12:15,Downwards,Energy,24/08/2026,19:00,19:30,18:00,18:30,500,Live,0,All Participants,"AXLE ENERGY LIMITED,INFINIS LIMITED,EQUIWATT LIMITED,HILDEBRAND TECHNOLOGY LIMITED,OCTOPUS ENERGY LIMITED,DRAX ENERGY SOLUTIONS LIMITED,OAKTREE POWER LIMITED,Shuffle Energy Limited,U ENERGY GROUP LIMITED,Electric Miles Limited,GRIDVOLT UK LIMITED","Z1:500,Z2:500,Z3:500,Z4:500,Z5:500,Z6:500,Z7:500,Z8:500,Z9:500,Z10:500,Z11:500,Z12:500"
102,24/08/2026 12:15,Downwards,Energy,24/08/2026,19:30,20:00,18:30,19:00,500,Live,0,All Participants,"AXLE ENERGY LIMITED,INFINIS LIMITED,EQUIWATT LIMITED,HILDEBRAND TECHNOLOGY LIMITED,OCTOPUS ENERGY LIMITED,DRAX ENERGY SOLUTIONS LIMITED,OAKTREE POWER LIMITED,Shuffle Energy Limited,U ENERGY GROUP LIMITED,Electric Miles Limited,GRIDVOLT UK LIMITED","Z1:500,Z2:500,Z3:500,Z4:500,Z5:500,Z6:500,Z7:500,Z8:500,Z9:500,Z10:500,Z11:500,Z12:500"
102,24/08/2026 12:15,Downwards,Energy,24/08/2026,20:00,20:30,19:00,19:30,500,Live,0,All Participants,"AXLE ENERGY LIMITED,INFINIS LIMITED,EQUIWATT LIMITED,HILDEBRAND TECHNOLOGY LIMITED,OCTOPUS ENERGY LIMITED,DRAX ENERGY SOLUTIONS LIMITED,OAKTREE POWER LIMITED,Shuffle Energy Limited,U ENERGY GROUP LIMITED,Electric Miles Limited,GRIDVOLT UK LIMITED","Z1:500,Z2:500,Z3:500,Z4:500,Z5:500,Z6:500,Z7:500,Z8:500,Z9:500,Z10:500,Z11:500,Z12:500"
102,24/08/2026 12:15,Downwards,Energy,24/08/2026,20:30,21:00,19:30,20:00,500,Live,0,All Participants,"AXLE ENERGY LIMITED,INFINIS LIMITED,EQUIWATT LIMITED,HILDEBRAND TECHNOLOGY LIMITED,OCTOPUS ENERGY LIMITED,DRAX ENERGY SOLUTIONS LIMITED,OAKTREE POWER LIMITED,Shuffle Energy Limited,U ENERGY GROUP LIMITED,Electric Miles Limited,GRIDVOLT UK LIMITED","Z1:500,Z2:500,Z3:500,Z4:500,Z5:500,Z6:500,Z7:500,Z8:500,Z9:500,Z10:500,Z11:500,Z12:500"
102,24/08/2026 12:15,Downwards,Energy,24/08/2026,21:00,21:30,20:00,20:30,500,Live,0,All Participants,"AXLE ENERGY LIMITED,INFINIS LIMITED,EQUIWATT LIMITED,HILDEBRAND TECHNOLOGY LIMITED,OCTOPUS ENERGY LIMITED,DRAX ENERGY SOLUTIONS LIMITED,OAKTREE POWER LIMITED,Shuffle Energy Limited,U ENERGY GROUP LIMITED,Electric Miles Limited,GRIDVOLT UK LIMITED","Z1:500,Z2:500,Z3:500,Z4:500,Z5:500,Z6:500,Z7:500,Z8:500,Z9:500,Z10:500,Z11:500,Z12:500"
102,24/08/2026 12:15,Downwards,Energy,24/08/2026,21:30,22:00,20:30,21:00,500,Live,0,All Participants,"AXLE ENERGY LIMITED,INFINIS LIMITED,EQUIWATT LIMITED,HILDEBRAND TECHNOLOGY LIMITED,OCTOPUS ENERGY LIMITED,DRAX ENERGY SOLUTIONS LIMITED,OAKTREE POWER LIMITED,Shuffle Energy Limited,U ENERGY GROUP LIMITED,Electric Miles Limited,GRIDVOLT UK LIMITED","Z1:500,Z2:500,Z3:500,Z4:500,Z5:500,Z6:500,Z7:500,Z8:500,Z9:500,Z10:500,Z11:500,Z12:500"
101,23/08/2026 10:00,Upwards,Energy,23/08/2026,11:00,11:30,10:00,10:30,300,Live,0,All Participants,"AXLE ENERGY LIMITED,INFINIS LIMITED,EQUIWATT LIMITED,HILDEBRAND TECHNOLOGY LIMITED,OCTOPUS ENERGY LIMITED,DRAX ENERGY SOLUTIONS LIMITED,OAKTREE POWER LIMITED,Shuffle Energy Limited,U ENERGY GROUP LIMITED,Electric Miles Limited,GRIDVOLT UK LIMITED","Z1:0,Z2:300,Z3:300,Z4:300,Z5:300,Z6:300,Z7:300,Z8:300,Z9:300,Z10:300,Z11:300,Z12:300"
101,23/08/2026 10:00,Upwards,Energy,23/08/2026,11:30,12:00,10:30,11:00,300,Live,0,All Participants,"AXLE ENERGY LIMITED,INFINIS LIMITED,EQUIWATT LIMITED,HILDEBRAND TECHNOLOGY LIMITED,OCTOPUS ENERGY LIMITED,DRAX ENERGY SOLUTIONS LIMITED,OAKTREE POWER LIMITED,Shuffle Energy Limited,U ENERGY GROUP LIMITED,Electric Miles Limited,GRIDVOLT UK LIMITED","Z1:0,Z2:300,Z3:300,Z4:300,Z5:300,Z6:300,Z7:300,Z8:300,Z9:300,Z10:300,Z11:300,Z12:300"
101,23/08/2026 10:00,Upwards,Energy,23/08/2026,12:00,12:30,11:00,11:30,300,Live,0,All Participants,"AXLE ENERGY LIMITED,INFINIS LIMITED,EQUIWATT LIMITED,HILDEBRAND TECHNOLOGY LIMITED,OCTOPUS ENERGY LIMITED,DRAX ENERGY SOLUTIONS LIMITED,OAKTREE POWER LIMITED,Shuffle Energy Limited,U ENERGY GROUP LIMITED,Electric Miles Limited,GRIDVOLT UK LIMITED","Z1:0,Z2:300,Z3:300,Z4:300,Z5:300,Z6:300,Z7:300,Z8:300,Z9:300,Z10:300,Z11:300,Z12:300"
101,23/08/2026 10:00,Upwards,Energy,23/08/2026,12:30,13:00,11:30,12:00,300,Live,0,All Participants,"AXLE ENERGY LIMITED,INFINIS LIMITED,EQUIWATT LIMITED,HILDEBRAND TECHNOLOGY LIMITED,OCTOPUS ENERGY LIMITED,DRAX ENERGY SOLUTIONS LIMITED,OAKTREE POWER LIMITED,Shuffle Energy Limited,U ENERGY GROUP LIMITED,Electric Miles Limited,GRIDVOLT UK LIMITED","Z1:0,Z2:300,Z3:300,Z4:300,Z5:300,Z6:300,Z7:300,Z8:300,Z9:300,Z10:300,Z11:300,Z12:300"
101,23/08/2026 10:00,Upwards,Energy,23/08/2026,13:00,13:30,12:00,12:30,300,Live,0,All Participants,"AXLE ENERGY LIMITED,INFINIS LIMITED,EQUIWATT LIMITED,HILDEBRAND TECHNOLOGY LIMITED,OCTOPUS ENERGY LIMITED,DRAX ENERGY SOLUTIONS LIMITED,OAKTREE POWER LIMITED,Shuffle Energy Limited,U ENERGY GROUP LIMITED,Electric Miles Limited,GRIDVOLT UK LIMITED","Z1:0,Z2:300,Z3:300,Z4:300,Z5:300,Z6:300,Z7:300,Z8:300,Z9:300,Z10:300,Z11:300,Z12:300"
101,23/08/2026 10:00,Upwards,Energy,23/08/2026,13:30,14:00,12:30,13:00,300,Live,0,All Participants,"AXLE ENERGY LIMITED,INFINIS LIMITED,EQUIWATT LIMITED,HILDEBRAND TECHNOLOGY LIMITED,OCTOPUS ENERGY LIMITED,DRAX ENERGY SOLUTIONS LIMITED,OAKTREE POWER LIMITED,Shuffle Energy Limited,U ENERGY GROUP LIMITED,Electric Miles Limited,GRIDVOLT UK LIMITED","Z1:0,Z2:300,Z3:300,Z4:300,Z5:300,Z6:300,Z7:300,Z8:300,Z9:300,Z10:300,Z11:300,Z12:300"
101,23/08/2026 10:00,Upwards,Energy,23/08/2026,14:00,14:30,13:00,13:30,300,Live,0,All Participants,"AXLE ENERGY LIMITED,INFINIS LIMITED,EQUIWATT LIMITED,HILDEBRAND TECHNOLOGY LIMITED,OCTOPUS ENERGY LIMITED,DRAX ENERGY SOLUTIONS LIMITED,OAKTREE POWER LIMITED,Shuffle Energy Limited,U ENERGY GROUP LIMITED,Electric Miles Limited,GRIDVOLT UK LIMITED","Z1:0,Z2:300,Z3:300,Z4:300,Z5:300,Z6:300,Z7:300,Z8:300,Z9:300,Z10:300,Z11:300,Z12:300"
101,23/08/2026 10:00,Upwards,Energy,23/08/2026,14:30,15:00,13:30,14:00,300,Live,0,All Participants,"AXLE ENERGY LIMITED,INFINIS LIMITED,EQUIWATT LIMITED,HILDEBRAND TECHNOLOGY LIMITED,OCTOPUS ENERGY LIMITED,DRAX ENERGY SOLUTIONS LIMITED,OAKTREE POWER LIMITED,Shuffle Energy Limited,U ENERGY GROUP LIMITED,Electric Miles Limited,GRIDVOLT UK LIMITED","Z1:0,Z2:300,Z3:300,Z4:300,Z5:300,Z6:300,Z7:300,Z8:300,Z9:300,Z10:300,Z11:300,Z12:300"
101,23/08/2026 10:00,Upwards,Energy,23/08/2026,15:00,15:30,14:00,14:30,300,Live,0,All Participants,"AXLE ENERGY LIMITED,INFINIS LIMITED,EQUIWATT LIMITED,HILDEBRAND TECHNOLOGY LIMITED,OCTOPUS ENERGY LIMITED,DRAX ENERGY SOLUTIONS LIMITED,OAKTREE POWER LIMITED,Shuffle Energy Limited,U ENERGY GROUP LIMITED,Electric Miles Limited,GRIDVOLT UK LIMITED","Z1:0,Z2:300,Z3:300,Z4:300,Z5:300,Z6:300,Z7:300,Z8:300,Z9:300,Z10:300,Z11:300,Z12:300"
101,23/08/2026 10:00,Upwards,Energy,23/08/2026,15:30,16:00,14:30,15:00,300,Live,0,All Participants,"AXLE ENERGY LIMITED,INFINIS LIMITED,EQUIWATT LIMITED,HILDEBRAND TECHNOLOGY LIMITED,OCTOPUS ENERGY LIMITED,DRAX ENERGY SOLUTIONS LIMITED,OAKTREE POWER LIMITED,Shuffle Energy Limited,U ENERGY GROUP LIMITED,Electric Miles Limited,GRIDVOLT UK LIMITED","Z1:0,Z2:300,Z3:300,Z4:300,Z5:300,Z6:300,Z7:300,Z8:300,Z9:300,Z10:300,Z11:300,Z12:300"
100,22/08/2026 10:00,Upwards,Energy,22/08/2026,13:00,13:30,12:00,12:30,300,Live,0,All Participants,"AXLE ENERGY LIMITED,INFINIS LIMITED,EQUIWATT LIMITED,HILDEBRAND TECHNOLOGY LIMITED,OCTOPUS ENERGY LIMITED,DRAX ENERGY SOLUTIONS LIMITED,OAKTREE POWER LIMITED,Shuffle Energy Limited,U ENERGY GROUP LIMITED,Electric Miles Limited,GRIDVOLT UK LIMITED","Z1:0,Z2:300,Z3:300,Z4:300,Z5:300,Z6:300,Z7:300,Z8:300,Z9:300,Z10:300,Z11:300,Z12:300"
100,22/08/2026 10:00,Upwards,Energy,22/08/2026,13:30,14:00,12:30,13:00,300,Live,0,All Participants,"AXLE ENERGY LIMITED,INFINIS LIMITED,EQUIWATT LIMITED,HILDEBRAND TECHNOLOGY LIMITED,OCTOPUS ENERGY LIMITED,DRAX ENERGY SOLUTIONS LIMITED,OAKTREE POWER LIMITED,Shuffle Energy Limited,U ENERGY GROUP LIMITED,Electric Miles Limited,GRIDVOLT UK LIMITED","Z1:0,Z2:300,Z3:300,Z4:300,Z5:300,Z6:300,Z7:300,Z8:300,Z9:300,Z10:300,Z11:300,Z12:300"
100,22/08/2026 10:00,Upwards,Energy,22/08/2026,14:00,14:30,13:00,13:30,300,Live,0,All Participants,"AXLE ENERGY LIMITED,INFINIS LIMITED,EQUIWATT LIMITED,HILDEBRAND TECHNOLOGY LIMITED,OCTOPUS ENERGY LIMITED,DRAX ENERGY SOLUTIONS LIMITED,OAKTREE POWER LIMITED,Shuffle Energy Limited,U ENERGY GROUP LIMITED,Electric Miles Limited,GRIDVOLT UK LIMITED","Z1:0,Z2:300,Z3:300,Z4:300,Z5:300,Z6:300,Z7:300,Z8:300,Z9:300,Z10:300,Z11:300,Z12:300"
100,22/08/2026 10:00,Upwards,Energy,22/08/2026,14:30,15:00,13:30,14:00,300,Live,0,All Participants,"AXLE ENERGY LIMITED,INFINIS LIMITED,EQUIWATT LIMITED,HILDEBRAND TECHNOLOGY LIMITED,OCTOPUS ENERGY LIMITED,DRAX ENERGY SOLUTIONS LIMITED,OAKTREE POWER LIMITED,Shuffle Energy Limited,U ENERGY GROUP LIMITED,Electric Miles Limited,GRIDVOLT UK LIMITED","Z1:0,Z2:300,Z3:300,Z4:300,Z5:300,Z6:300,Z7:300,Z8:300,Z9:300,Z10:300,Z11:300,Z12:300"
100,22/08/2026 10:00,Upwards,Energy,22/08/2026,15:00,15:30,14:00,14:30,300,Live,0,All Participants,"AXLE ENERGY LIMITED,INFINIS LIMITED,EQUIWATT LIMITED,HILDEBRAND TECHNOLOGY LIMITED,OCTOPUS ENERGY LIMITED,DRAX ENERGY SOLUTIONS LIMITED,OAKTREE POWER LIMITED,Shuffle Energy Limited,U ENERGY GROUP LIMITED,Electric Miles Limited,GRIDVOLT UK LIMITED","Z1:0,Z2:300,Z3:300,Z4:300,Z5:300,Z6:300,Z7:300,Z8:300,Z9:300,Z10:300,Z11:300,Z12:300"
100,22/08/2026 10:00,Upwards,Energy,22/08/2026,15:30,16:00,14:30,15:00,300,Live,0,All Participants,"AXLE ENERGY LIMITED,INFINIS LIMITED,EQUIWATT LIMITED,HILDEBRAND TECHNOLOGY LIMITED,OCTOPUS ENERGY LIMITED,DRAX ENERGY SOLUTIONS LIMITED,OAKTREE POWER LIMITED,Shuffle Energy Limited,U ENERGY GROUP LIMITED,Electric Miles Limited,GRIDVOLT UK LIMITED","Z1:0,Z2:300,Z3:300,Z4:300,Z5:300,Z6:300,Z7:300,Z8:300,Z9:300,Z10:300,Z11:300,Z12:300"
99,19/08/2026 12:15,Downwards,Energy,19/08/2026,18:00,18:30,17:00,17:30,500,Live,0,All Participants,"AXLE ENERGY LIMITED,INFINIS LIMITED,EQUIWATT LIMITED,HILDEBRAND TECHNOLOGY LIMITED,OCTOPUS ENERGY LIMITED,DRAX ENERGY SOLUTIONS LIMITED,OAKTREE POWER LIMITED,Shuffle Energy Limited,U ENERGY GROUP LIMITED,Electric Miles Limited,GRIDVOLT UK LIMITED","Z1:500,Z2:500,Z3:500,Z4:500,Z5:500,Z6:500,Z7:500,Z8:500,Z9:500,Z10:500,Z11:500,Z12:500"
99,19/08/2026 12:15,Downwards,Energy,19/08/2026,18:30,19:00,17:30,18:00,500,Live,0,All Participants,"AXLE ENERGY LIMITED,INFINIS LIMITED,EQUIWATT LIMITED,HILDEBRAND TECHNOLOGY LIMITED,OCTOPUS ENERGY LIMITED,DRAX ENERGY SOLUTIONS LIMITED,OAKTREE POWER LIMITED,Shuffle Energy Limited,U ENERGY GROUP LIMITED,Electric Miles Limited,GRIDVOLT UK LIMITED","Z1:500,Z2:500,Z3:500,Z4:500,Z5:500,Z6:500,Z7:500,Z8:500,Z9:500,Z10:500,Z11:500,Z12:500"
99,19/08/2026 12:15,Downwards,Energy,19/08/2026,19:00,19:30,18:00,18:30,500,Live,0,All Participants,"AXLE ENERGY LIMITED,INFINIS LIMITED,EQUIWATT LIMITED,HILDEBRAND TECHNOLOGY LIMITED,OCTOPUS ENERGY LIMITED,DRAX ENERGY SOLUTIONS LIMITED,OAKTREE POWER LIMITED,Shuffle Energy Limited,U ENERGY GROUP LIMITED,Electric Miles Limited,GRIDVOLT UK LIMITED","Z1:500,Z2:500,Z3:500,Z4:500,Z5:500,Z6:500,Z7:500,Z8:500,Z9:500,Z10:500,Z11:500,Z12:500"
99,19/08/2026 12:15,Downwards,Energy,19/08/2026,19:30,20:00,18:30,19:00,500,Live,0,All Participants,"AXLE ENERGY LIMITED,INFINIS LIMITED,EQUIWATT LIMITED,HILDEBRAND TECHNOLOGY LIMITED,OCTOPUS ENERGY LIMITED,DRAX ENERGY SOLUTIONS LIMITED,OAKTREE POWER LIMITED,Shuffle Energy Limited,U ENERGY GROUP LIMITED,Electric Miles Limited,GRIDVOLT UK LIMITED","Z1:500,Z2:500,Z3:500,Z4:500,Z5:500,Z6:500,Z7:500,Z8:500,Z9:500,Z10:500,Z11:500,Z12:500"
99,19/08/2026 12:15,Downwards,Energy,19/08/2026,20:00,20:30,19:00,19:30,500,Live,0,All Participants,"AXLE ENERGY LIMITED,INFINIS LIMITED,EQUIWATT LIMITED,HILDEBRAND TECHNOLOGY LIMITED,OCTOPUS ENERGY LIMITED,DRAX ENERGY SOLUTIONS LIMITED,OAKTREE POWER LIMITED,Shuffle Energy Limited,U ENERGY GROUP LIMITED,Electric Miles Limited,GRIDVOLT UK LIMITED","Z1:500,Z2:500,Z3:500,Z4:500,Z5:500,Z6:500,Z7:500,Z8:500,Z9:500,Z10:500,Z11:500,Z12:500"
99,19/08/2026 12:15,Downwards,Energy,19/08/2026,20:30,21:00,19:30,20:00,500,Live,0,All Participants,"AXLE ENERGY LIMITED,INFINIS LIMITED,EQUIWATT LIMITED,HILDEBRAND TECHNOLOGY LIMITED,OCTOPUS ENERGY LIMITED,DRAX ENERGY SOLUTIONS LIMITED,OAKTREE POWER LIMITED,Shuffle Energy Limited,U ENERGY GROUP LIMITED,Electric Miles Limited,GRIDVOLT UK LIMITED","Z1:500,Z2:500,Z3:500,Z4:500,Z5:500,Z6:500,Z7:500,Z8:500,Z9:500,Z10:500,Z11:500,Z12:500"
99,19/08/2026 12:15,Downwards,Energy,19/08/2026,21:00,21:30,20:00,20:30,500,Live,0,All Participants,"AXLE ENERGY LIMITED,INFINIS LIMITED,EQUIWATT LIMITED,HILDEBRAND TECHNOLOGY LIMITED,OCTOPUS ENERGY LIMITED,DRAX ENERGY SOLUTIONS LIMITED,OAKTREE POWER LIMITED,Shuffle Energy Limited,U ENERGY GROUP LIMITED,Electric Miles Limited,GRIDVOLT UK LIMITED","Z1:500,Z2:500,Z3:500,Z4:500,Z5:500,Z6:500,Z7:500,Z8:500,Z9:500,Z10:500,Z11:500,Z12:500"
99,19/08/2026 12:15,Downwards,Energy,19/08/2026,21:30,22:00,20:30,21:00,500,Live,0,All Participants,"AXLE ENERGY LIMITED,INFINIS LIMITED,EQUIWATT LIMITED,HILDEBRAND TECHNOLOGY LIMITED,OCTOPUS ENERGY LIMITED,DRAX ENERGY SOLUTIONS LIMITED,OAKTREE POWER LIMITED,Shuffle Energy Limited,U ENERGY GROUP LIMITED,Electric Miles Limited,GRIDVOLT UK LIMITED","Z1:500,Z2:500,Z3:500,Z4:500,Z5:500,Z6:500,Z7:500,Z8:500,Z9:500,Z10:500,Z11:500,Z12:500"
98,18/08/2026 12:15,Downwards,Energy,18/08/2026,16:00,16:30,15:00,15:30,500,Live,0,All Participants,"AXLE ENERGY LIMITED,INFINIS LIMITED,EQUIWATT LIMITED,HILDEBRAND TECHNOLOGY LIMITED,OCTOPUS ENERGY LIMITED,DRAX ENERGY SOLUTIONS LIMITED,OAKTREE POWER LIMITED,Shuffle Energy Limited,U ENERGY GROUP LIMITED,Electric Miles Limited,GRIDVOLT UK LIMITED","Z1:0,Z2:0,Z3:0,Z4:500,Z5:500,Z6:500,Z7:500,Z8:500,Z9:500,Z10:500,Z11:500,Z12:500"
98,18/08/2026 12:15,Downwards,Energy,18/08/2026,16:30,17:00,15:30,16:00,500,Live,0,All Participants,"AXLE ENERGY LIMITED,INFINIS LIMITED,EQUIWATT LIMITED,HILDEBRAND TECHNOLOGY LIMITED,OCTOPUS ENERGY LIMITED,DRAX ENERGY SOLUTIONS LIMITED,OAKTREE POWER LIMITED,Shuffle Energy Limited,U ENERGY GROUP LIMITED,Electric Miles Limited,GRIDVOLT UK LIMITED","Z1:0,Z2:0,Z3:0,Z4:500,Z5:500,Z6:500,Z7:500,Z8:500,Z9:500,Z10:500,Z11:500,Z12:500"
98,18/08/2026 12:15,Downwards,Energy,18/08/2026,17:00,17:30,16:00,16:30,500,Live,0,All Participants,"AXLE ENERGY LIMITED,INFINIS LIMITED,EQUIWATT LIMITED,HILDEBRAND TECHNOLOGY LIMITED,OCTOPUS ENERGY LIMITED,DRAX ENERGY SOLUTIONS LIMITED,OAKTREE POWER LIMITED,Shuffle Energy Limited,U ENERGY GROUP LIMITED,Electric Miles Limited,GRIDVOLT UK LIMITED","Z1:0,Z2:0,Z3:0,Z4:500,Z5:500,Z6:500,Z7:500,Z8:500,Z9:500,Z10:500,Z11:500,Z12:500"
98,18/08/2026 12:15,Downwards,Energy,18/08/2026,17:30,18:00,16:30,17:00,500,Live,0,All Participants,"AXLE ENERGY LIMITED,INFINIS LIMITED,EQUIWATT LIMITED,HILDEBRAND TECHNOLOGY LIMITED,OCTOPUS ENERGY LIMITED,DRAX ENERGY SOLUTIONS LIMITED,OAKTREE POWER LIMITED,Shuffle Energy Limited,U ENERGY GROUP LIMITED,Electric Miles Limited,GRIDVOLT UK LIMITED","Z1:0,Z2:0,Z3:0,Z4:500,Z5:500,Z6:500,Z7:500,Z8:500,Z9:500,Z10:500,Z11:500,Z12:500"
98,18/08/2026 12:15,Downwards,Energy,18/08/2026,18:00,18:30,17:00,17:30,500,Live,0,All Participants,"AXLE ENERGY LIMITED,INFINIS LIMITED,EQUIWATT LIMITED,HILDEBRAND TECHNOLOGY LIMITED,OCTOPUS ENERGY LIMITED,DRAX ENERGY SOLUTIONS LIMITED,OAKTREE POWER LIMITED,Shuffle Energy Limited,U ENERGY GROUP LIMITED,Electric Miles Limited,GRIDVOLT UK LIMITED","Z1:0,Z2:0,Z3:0,Z4:500,Z5:500,Z6:500,Z7:500,Z8:500,Z9:500,Z10:500,Z11:500,Z12:500"
98,18/08/2026 12:15,Downwards,Energy,18/08/2026,18:30,19:00,17:30,18:00,500,Live,0,All Participants,"AXLE ENERGY LIMITED,INFINIS LIMITED,EQUIWATT LIMITED,HILDEBRAND TECHNOLOGY LIMITED,OCTOPUS ENERGY LIMITED,DRAX ENERGY SOLUTIONS LIMITED,OAKTREE POWER LIMITED,Shuffle Energy Limited,U ENERGY GROUP LIMITED,Electric Miles Limited,GRIDVOLT UK LIMITED","Z1:0,Z2:0,Z3:0,Z4:500,Z5:500,Z6:500,Z7:500,Z8:500,Z9:500,Z10:500,Z11:500,Z12:500"
98,18/08/2026 12:15,Downwards,Energy,18/08/2026,19:00,19:30,18:00,18:30,500,Live,0,All Participants,"AXLE ENERGY LIMITED,INFINIS LIMITED,EQUIWATT LIMITED,HILDEBRAND TECHNOLOGY LIMITED,OCTOPUS ENERGY LIMITED,DRAX ENERGY SOLUTIONS LIMITED,OAKTREE POWER LIMITED,Shuffle Energy Limited,U ENERGY GROUP LIMITED,Electric Miles Limited,GRIDVOLT UK LIMITED","Z1:0,Z2:0,Z3:0,Z4:500,Z5:500,Z6:500,Z7:500,Z8:500,Z9:500,Z10:500,Z11:500,Z12:500"
98,18/08/2026 12:15,Downwards,Energy,18/08/2026,19:30,20:00,18:30,19:00,500,Live,0,All Participants,"AXLE ENERGY LIMITED,INFINIS LIMITED,EQUIWATT LIMITED,HILDEBRAND TECHNOLOGY LIMITED,OCTOPUS ENERGY LIMITED,DRAX ENERGY SOLUTIONS LIMITED,OAKTREE POWER LIMITED,Shuffle Energy Limited,U ENERGY GROUP LIMITED,Electric Miles Limited,GRIDVOLT UK LIMITED","Z1:0,Z2:0,Z3:0,Z4:500,Z5:500,Z6:500,Z7:500,Z8:500,Z9:500,Z10:500,Z11:500,Z12:500"
98,18/08/2026 12:15,Downwards,Energy,18/08/2026,20:00,20:30,19:00,19:30,500,Live,0,All Participants,"AXLE ENERGY LIMITED,INFINIS LIMITED,EQUIWATT LIMITED,HILDEBRAND TECHNOLOGY LIMITED,OCTOPUS ENERGY LIMITED,DRAX ENERGY SOLUTIONS LIMITED,OAKTREE POWER LIMITED,Shuffle Energy Limited,U ENERGY GROUP LIMITED,Electric Miles Limited,GRIDVOLT UK LIMITED","Z1:0,Z2:0,Z3:0,Z4:500,Z5:500,Z6:500,Z7:500,Z8:500,Z9:500,Z10:500,Z11:500,Z12:500"
98,18/08/2026 12:15,Downwards,Energy,18/08/2026,20:30,21:00,19:30,20:00,500,Live,0,All Participants,"AXLE ENERGY LIMITED,INFINIS LIMITED,EQUIWATT LIMITED,HILDEBRAND TECHNOLOGY LIMITED,OCTOPUS ENERGY LIMITED,DRAX ENERGY SOLUTIONS LIMITED,OAKTREE POWER LIMITED,Shuffle Energy Limited,U ENERGY GROUP LIMITED,Electric Miles Limited,GRIDVOLT UK LIMITED","Z1:0,Z2:0,Z3:0,Z4:500,Z5:500,Z6:500,Z7:500,Z8:500,Z9:500,Z10:500,Z11:500,Z12:500"
98,18/08/2026 12:15,Downwards,Energy,18/08/2026,21:00,21:30,20:00,20:30,500,Live,0,All Participants,"AXLE ENERGY LIMITED,INFINIS LIMITED,EQUIWATT LIMITED,HILDEBRAND TECHNOLOGY LIMITED,OCTOPUS ENERGY LIMITED,DRAX ENERGY SOLUTIONS LIMITED,OAKTREE POWER LIMITED,Shuffle Energy Limited,U ENERGY GROUP LIMITED,Electric Miles Limited,GRIDVOLT UK LIMITED","Z1:0,Z2:0,Z3:0,Z4:500,Z5:500,Z6:500,Z7:500,Z8:500,Z9:500,Z10:500,Z11:500,Z12:500"
98,18/08/2026 12:15,Downwards,Energy,18/08/2026,21:30,22:00,20:30,21:00,500,Live,0,All Participants,"AXLE ENERGY LIMITED,INFINIS LIMITED,EQUIWATT LIMITED,HILDEBRAND TECHNOLOGY LIMITED,OCTOPUS ENERGY LIMITED,DRAX ENERGY SOLUTIONS LIMITED,OAKTREE POWER LIMITED,Shuffle Energy Limited,U ENERGY GROUP LIMITED,Electric Miles Limited,GRIDVOLT UK LIMITED","Z1:0,Z2:0,Z3:0,Z4:500,Z5:500,Z6:500,Z7:500,Z8:500,Z9:500,Z10:500,Z11:500,Z12:500"
98,18/08/2026 12:15,Downwards,Energy,18/08/2026,22:00,22:30,21:00,21:30,500,Live,0,All Participants,"AXLE ENERGY LIMITED,INFINIS LIMITED,EQUIWATT LIMITED,HILDEBRAND TECHNOLOGY LIMITED,OCTOPUS ENERGY LIMITED,DRAX ENERGY SOLUTIONS LIMITED,OAKTREE POWER LIMITED,Shuffle Energy Limited,U ENERGY GROUP LIMITED,Electric Miles Limited,GRIDVOLT UK LIMITED","Z1:0,Z2:0,Z3:0,Z4:500,Z5:500,Z6:500,Z7:500,Z8:500,Z9:500,Z10:500,Z11:500,Z12:500"
98,18/08/2026 12:15,Downwards,Energy,18/08/2026,22:30,23:00,21:30,22:00,500,Live,0,All Participants,"AXLE ENERGY LIMITED,INFINIS LIMITED,EQUIWATT LIMITED,HILDEBRAND TECHNOLOGY LIMITED,OCTOPUS ENERGY LIMITED,DRAX ENERGY SOLUTIONS LIMITED,OAKTREE POWER LIMITED,Shuffle Energy Limited,U ENERGY GROUP LIMITED,Electric Miles Limited,GRIDVOLT UK LIMITED","Z1:0,Z2:0,Z3:0,Z4:500,Z5:500,Z6:500,Z7:500,Z8:500,Z9:500,Z10:500,Z11:500,Z12:500"
97,17/08/2026 12:00,Downwards,Energy,17/08/2026,16:00,16:30,15:00,15:30,500,Live,0,All Participants,"AXLE ENERGY LIMITED,INFINIS LIMITED,EQUIWATT LIMITED,HILDEBRAND TECHNOLOGY LIMITED,OCTOPUS ENERGY LIMITED,DRAX ENERGY SOLUTIONS LIMITED,OAKTREE POWER LIMITED,Shuffle Energy Limited,U ENERGY GROUP LIMITED,Electric Miles Limited,GRIDVOLT UK LIMITED","Z1:500,Z2:500,Z3:500,Z4:500,Z5:500,Z6:500,Z7:500,Z8:500,Z9:500,Z10:500,Z11:500,Z12:500"
97,17/08/2026 12:00,Downwards,Energy,17/08/2026,16:30,17:00,15:30,16:00,500,Live,0,All Participants,"AXLE ENERGY LIMITED,INFINIS LIMITED,EQUIWATT LIMITED,HILDEBRAND TECHNOLOGY LIMITED,OCTOPUS ENERGY LIMITED,DRAX ENERGY SOLUTIONS LIMITED,OAKTREE POWER LIMITED,Shuffle Energy Limited,U ENERGY GROUP LIMITED,Electric Miles Limited,GRIDVOLT UK LIMITED","Z1:500,Z2:500,Z3:500,Z4:500,Z5:500,Z6:500,Z7:500,Z8:500,Z9:500,Z10:500,Z11:500,Z12:500"
97,17/08/2026 12:00,Downwards,Energy,17/08/2026,17:00,17:30,16:00,16:30,500,Live,0,All Participants,"AXLE ENERGY LIMITED,INFINIS LIMITED,EQUIWATT LIMITED,HILDEBRAND TECHNOLOGY LIMITED,OCTOPUS ENERGY LIMITED,DRAX ENERGY SOLUTIONS LIMITED,OAKTREE POWER LIMITED,Shuffle Energy Limited,U ENERGY GROUP LIMITED,Electric Miles Limited,GRIDVOLT UK LIMITED","Z1:500,Z2:500,Z3:500,Z4:500,Z5:500,Z6:500,Z7:500,Z8:500,Z9:500,Z10:500,Z11:500,Z12:500"
97,17/08/2026 12:00,Downwards,Energy,17/08/2026,17:30,18:00,16:30,17:00,500,Live,0,All Participants,"AXLE ENERGY LIMITED,INFINIS LIMITED,EQUIWATT LIMITED,HILDEBRAND TECHNOLOGY LIMITED,OCTOPUS ENERGY LIMITED,DRAX ENERGY SOLUTIONS LIMITED,OAKTREE POWER LIMITED,Shuffle Energy Limited,U ENERGY GROUP LIMITED,Electric Miles Limited,GRIDVOLT UK LIMITED","Z1:500,Z2:500,Z3:500,Z4:500,Z5:500,Z6:500,Z7:500,Z8:500,Z9:500,Z10:500,Z11:500,Z12:500"
97,17/08/2026 12:00,Downwards,Energy,17/08/2026,18:00,18:30,17:00,17:30,500,Live,0,All Participants,"AXLE ENERGY LIMITED,INFINIS LIMITED,EQUIWATT LIMITED,HILDEBRAND TECHNOLOGY LIMITED,OCTOPUS ENERGY LIMITED,DRAX ENERGY SOLUTIONS LIMITED,OAKTREE POWER LIMITED,Shuffle Energy Limited,U ENERGY GROUP LIMITED,Electric Miles Limited,GRIDVOLT UK LIMITED","Z1:500,Z2:500,Z3:500,Z4:500,Z5:500,Z6:500,Z7:500,Z8:500,Z9:500,Z10:500,Z11:500,Z12:500"
97,17/08/2026 12:00,Downwards,Energy,17/08/2026,18:30,19:00,17:30,18:00,500,Live,0,All Participants,"AXLE ENERGY LIMITED,INFINIS LIMITED,EQUIWATT LIMITED,HILDEBRAND TECHNOLOGY LIMITED,OCTOPUS ENERGY LIMITED,DRAX ENERGY SOLUTIONS LIMITED,OAKTREE POWER LIMITED,Shuffle Energy Limited,U ENERGY GROUP LIMITED,Electric Miles Limited,GRIDVOLT UK LIMITED","Z1:500,Z2:500,Z3:500,Z4:500,Z5:500,Z6:500,Z7:500,Z8:500,Z9:500,Z10:500,Z11:500,Z12:500"
97,17/08/2026 12:00,Downwards,Energy,17/08/2026,19:00,19:30,18:00,18:30,500,Live,0,All Participants,"AXLE ENERGY LIMITED,INFINIS LIMITED,EQUIWATT LIMITED,HILDEBRAND TECHNOLOGY LIMITED,OCTOPUS ENERGY LIMITED,DRAX ENERGY SOLUTIONS LIMITED,OAKTREE POWER LIMITED,Shuffle Energy Limited,U ENERGY GROUP LIMITED,Electric Miles Limited,GRIDVOLT UK LIMITED","Z1:500,Z2:500,Z3:500,Z4:500,Z5:500,Z6:500,Z7:500,Z8:500,Z9:500,Z10:500,Z11:500,Z12:500"
97,17/08/2026 12:00,Downwards,Energy,17/08/2026,19:30,20:00,18:30,19:00,500,Live,0,All Participants,"AXLE ENERGY LIMITED,INFINIS LIMITED,EQUIWATT LIMITED,HILDEBRAND TECHNOLOGY LIMITED,OCTOPUS ENERGY LIMITED,DRAX ENERGY SOLUTIONS LIMITED,OAKTREE POWER LIMITED,Shuffle Energy Limited,U ENERGY GROUP LIMITED,Electric Miles Limited,GRIDVOLT UK LIMITED","Z1:500,Z2:500,Z3:500,Z4:500,Z5:500,Z6:500,Z7:500,Z8:500,Z9:500,Z10:500,Z11:500,Z12:500"
97,17/08/2026 12:00,Downwards,Energy,17/08/2026,20:00,20:30,19:00,19:30,500,Live,0,All Participants,"AXLE ENERGY LIMITED,INFINIS LIMITED,EQUIWATT LIMITED,HILDEBRAND TECHNOLOGY LIMITED,OCTOPUS ENERGY LIMITED,DRAX ENERGY SOLUTIONS LIMITED,OAKTREE POWER LIMITED,Shuffle Energy Limited,U ENERGY GROUP LIMITED,Electric Miles Limited,GRIDVOLT UK LIMITED","Z1:500,Z2:500,Z3:500,Z4:500,Z5:500,Z6:500,Z7:500,Z8:500,Z9:500,Z10:500,Z11:500,Z12:500"
97,17/08/2026 12:00,Downwards,Energy,17/08/2026,20:30,21:00,19:30,20:00,500,Live,0,All Participants,"AXLE ENERGY LIMITED,INFINIS LIMITED,EQUIWATT LIMITED,HILDEBRAND TECHNOLOGY LIMITED,OCTOPUS ENERGY LIMITED,DRAX ENERGY SOLUTIONS LIMITED,OAKTREE POWER LIMITED,Shuffle Energy Limited,U ENERGY GROUP LIMITED,Electric Miles Limited,GRIDVOLT UK LIMITED","Z1:500,Z2:500,Z3:500,Z4:500,Z5:500,Z6:500,Z7:500,Z8:500,Z9:500,Z10:500,Z11:500,Z12:500"
97,17/08/2026 12:00,Downwards,Energy,17/08/2026,21:00,21:30,20:00,20:30,500,Live,0,All Participants,"AXLE ENERGY LIMITED,INFINIS LIMITED,EQUIWATT LIMITED,HILDEBRAND TECHNOLOGY LIMITED,OCTOPUS ENERGY LIMITED,DRAX ENERGY SOLUTIONS LIMITED,OAKTREE POWER LIMITED,Shuffle Energy Limited,U ENERGY GROUP LIMITED,Electric Miles Limited,GRIDVOLT UK LIMITED","Z1:500,Z2:500,Z3:500,Z4:500,Z5:500,Z6:500,Z7:500,Z8:500,Z9:500,Z10:500,Z11:500,Z12:500"
97,17/08/2026 12:00,Downwards,Energy,17/08/2026,21:30,22:00,20:30,21:00,500,Live,0,All Participants,"AXLE ENERGY LIMITED,INFINIS LIMITED,EQUIWATT LIMITED,HILDEBRAND TECHNOLOGY LIMITED,OCTOPUS ENERGY LIMITED,DRAX ENERGY SOLUTIONS LIMITED,OAKTREE POWER LIMITED,Shuffle Energy Limited,U ENERGY GROUP LIMITED,Electric Miles Limited,GRIDVOLT UK LIMITED","Z1:500,Z2:500,Z3:500,Z4:500,Z5:500,Z6:500,Z7:500,Z8:500,Z9:500,Z10:500,Z11:500,Z12:500"
97,17/08/2026 12:00,Downwards,Energy,17/08/2026,22:00,22:30,21:00,21:30,500,Live,0,All Participants,"AXLE ENERGY LIMITED,INFINIS LIMITED,EQUIWATT LIMITED,HILDEBRAND TECHNOLOGY LIMITED,OCTOPUS ENERGY LIMITED,DRAX ENERGY SOLUTIONS LIMITED,OAKTREE POWER LIMITED,Shuffle Energy Limited,U ENERGY GROUP LIMITED,Electric Miles Limited,GRIDVOLT UK LIMITED","Z1:500,Z2:500,Z3:500,Z4:500,Z5:500,Z6:500,Z7:500,Z8:500,Z9:500,Z10:500,Z11:500,Z12:500"
97,17/08/2026 12:00,Downwards,Energy,17/08/2026,22:30,23:00,21:30,22:00,500,Live,0,All Participants,"AXLE ENERGY LIMITED,INFINIS LIMITED,EQUIWATT LIMITED,HILDEBRAND TECHNOLOGY LIMITED,OCTOPUS ENERGY LIMITED,DRAX ENERGY SOLUTIONS LIMITED,OAKTREE POWER LIMITED,Shuffle Energy Limited,U ENERGY GROUP LIMITED,Electric Miles Limited,GRIDVOLT UK LIMITED","Z1:500,Z2:500,Z3:500,Z4:500,Z5:500,Z6:500,Z7:500,Z8:500,Z9:500,Z10:500,Z11:500,Z12:500"
96,16/08/2026 12:00,Downwards,Energy,16/08/2026,19:00,19:30,18:00,18:30,500,Live,0,All Participants,"AXLE ENERGY LIMITED,INFINIS LIMITED,EQUIWATT LIMITED,HILDEBRAND TECHNOLOGY LIMITED,OCTOPUS ENERGY LIMITED,DRAX ENERGY SOLUTIONS LIMITED,OAKTREE POWER LIMITED,Shuffle Energy Limited,U ENERGY GROUP LIMITED,Electric Miles Limited,GRIDVOLT UK LIMITED","Z1:0,Z2:0,Z3:0,Z4:500,Z5:500,Z6:500,Z7:500,Z8:500,Z9:500,Z10:500,Z11:500,Z12:500"
96,16/08/2026 12:00,Downwards,Energy,16/08/2026,19:30,20:00,18:30,19:00,500,Live,0,All Participants,"AXLE ENERGY LIMITED,INFINIS LIMITED,EQUIWATT LIMITED,HILDEBRAND TECHNOLOGY LIMITED,OCTOPUS ENERGY LIMITED,DRAX ENERGY SOLUTIONS LIMITED,OAKTREE POWER LIMITED,Shuffle Energy Limited,U ENERGY GROUP LIMITED,Electric Miles Limited,GRIDVOLT UK LIMITED","Z1:0,Z2:0,Z3:0,Z4:500,Z5:500,Z6:500,Z7:500,Z8:500,Z9:500,Z10:500,Z11:500,Z12:500"
96,16/08/2026 12:00,Downwards,Energy,16/08/2026,20:00,20:30,19:00,19:30,500,Live,0,All Participants,"AXLE ENERGY LIMITED,INFINIS LIMITED,EQUIWATT LIMITED,HILDEBRAND TECHNOLOGY LIMITED,OCTOPUS ENERGY LIMITED,DRAX ENERGY SOLUTIONS LIMITED,OAKTREE POWER LIMITED,Shuffle Energy Limited,U ENERGY GROUP LIMITED,Electric Miles Limited,GRIDVOLT UK LIMITED","Z1:0,Z2:0,Z3:0,Z4:500,Z5:500,Z6:500,Z7:500,Z8:500,Z9:500,Z10:500,Z11:500,Z12:500"
96,16/08/2026 12:00,Downwards,Energy,16/08/2026,20:30,21:00,19:30,20:00,500,Live,0,All Participants,"AXLE ENERGY LIMITED,INFINIS LIMITED,EQUIWATT LIMITED,HILDEBRAND TECHNOLOGY LIMITED,OCTOPUS ENERGY LIMITED,DRAX ENERGY SOLUTIONS LIMITED,OAKTREE POWER LIMITED,Shuffle Energy Limited,U ENERGY GROUP LIMITED,Electric Miles Limited,GRIDVOLT UK LIMITED","Z1:0,Z2:0,Z3:0,Z4:500,Z5:500,Z6:500,Z7:500,Z8:500,Z9:500,Z10:500,Z11:500,Z12:500"
96,16/08/2026 12:00,Downwards,Energy,16/08/2026,21:00,21:30,20:00,20:30,500,Live,0,All Participants,"AXLE ENERGY LIMITED,INFINIS LIMITED,EQUIWATT LIMITED,HILDEBRAND TECHNOLOGY LIMITED,OCTOPUS ENERGY LIMITED,DRAX ENERGY SOLUTIONS LIMITED,OAKTREE POWER LIMITED,Shuffle Energy Limited,U ENERGY GROUP LIMITED,Electric Miles Limited,GRIDVOLT UK LIMITED","Z1:0,Z2:0,Z3:0,Z4:500,Z5:500,Z6:500,Z7:500,Z8:500,Z9:500,Z10:500,Z11:500,Z12:500"
96,16/08/2026 12:00,Downwards,Energy,16/08/2026,21:30,22:00,20:30,21:00,500,Live,0,All Participants,"AXLE ENERGY LIMITED,INFINIS LIMITED,EQUIWATT LIMITED,HILDEBRAND TECHNOLOGY LIMITED,OCTOPUS ENERGY LIMITED,DRAX ENERGY SOLUTIONS LIMITED,OAKTREE POWER LIMITED,Shuffle Energy Limited,U ENERGY GROUP LIMITED,Electric Miles Limited,GRIDVOLT UK LIMITED","Z1:0,Z2:0,Z3:0,Z4:500,Z5:500,Z6:500,Z7:500,Z8:500,Z9:500,Z10:500,Z11:500,Z12:500"
95,15/08/2026 12:40,Downwards,Energy,15/08/2026,19:00,19:30,18:00,18:30,500,Live,0,All Participants,"AXLE ENERGY LIMITED,INFINIS LIMITED,EQUIWATT LIMITED,HILDEBRAND TECHNOLOGY LIMITED,OCTOPUS ENERGY LIMITED,DRAX ENERGY SOLUTIONS LIMITED,OAKTREE POWER LIMITED,Shuffle Energy Limited,U ENERGY GROUP LIMITED,Electric Miles Limited","Z1:500,Z2:500,Z3:500,Z4:500,Z5:500,Z6:500,Z7:500,Z8:500,Z9:500,Z10:500,Z11:500,Z12:500"
95,15/08/2026 12:40,Downwards,Energy,15/08/2026,19:30,20:00,18:30,19:00,500,Live,0,All Participants,"AXLE ENERGY LIMITED,INFINIS LIMITED,EQUIWATT LIMITED,HILDEBRAND TECHNOLOGY LIMITED,OCTOPUS ENERGY LIMITED,DRAX ENERGY SOLUTIONS LIMITED,OAKTREE POWER LIMITED,Shuffle Energy Limited,U ENERGY GROUP LIMITED,Electric Miles Limited","Z1:500,Z2:500,Z3:500,Z4:500,Z5:500,Z6:500,Z7:500,Z8:500,Z9:500,Z10:500,Z11:500,Z12:500"
95,15/08/2026 12:40,Downwards,Energy,15/08/2026,20:00,20:30,19:00,19:30,500,Live,0,All Participants,"AXLE ENERGY LIMITED,INFINIS LIMITED,EQUIWATT LIMITED,HILDEBRAND TECHNOLOGY LIMITED,OCTOPUS ENERGY LIMITED,DRAX ENERGY SOLUTIONS LIMITED,OAKTREE POWER LIMITED,Shuffle Energy Limited,U ENERGY GROUP LIMITED,Electric Miles Limited","Z1:500,Z2:500,Z3:500,Z4:500,Z5:500,Z6:500,Z7:500,Z8:500,Z9:500,Z10:500,Z11:500,Z12:500"
95,15/08/2026 12:40,Downwards,Energy,15/08/2026,20:30,21:00,19:30,20:00,500,Live,0,All Participants,"AXLE ENERGY LIMITED,INFINIS LIMITED,EQUIWATT LIMITED,HILDEBRAND TECHNOLOGY LIMITED,OCTOPUS ENERGY LIMITED,DRAX ENERGY SOLUTIONS LIMITED,OAKTREE POWER LIMITED,Shuffle Energy Limited,U ENERGY GROUP LIMITED,Electric Miles Limited","Z1:500,Z2:500,Z3:500,Z4:500,Z5:500,Z6:500,Z7:500,Z8:500,Z9:500,Z10:500,Z11:500,Z12:500"
94,14/08/2026 12:00,Downwards,Energy,14/08/2026,21:00,21:30,20:00,20:30,500,Live,0,All Participants,"AXLE ENERGY LIMITED,INFINIS LIMITED,EQUIWATT LIMITED,HILDEBRAND TECHNOLOGY LIMITED,OCTOPUS ENERGY LIMITED,DRAX ENERGY SOLUTIONS LIMITED,OAKTREE POWER LIMITED,Shuffle Energy Limited,U ENERGY GROUP LIMITED,Electric Miles Limited","Z1:0,Z2:0,Z3:0,Z4:500,Z5:500,Z6:500,Z7:500,Z8:500,Z9:500,Z10:500,Z11:500,Z12:500"
94,14/08/2026 12:00,Downwards,Energy,14/08/2026,21:30,22:00,20:30,21:00,500,Live,0,All Participants,"AXLE ENERGY LIMITED,INFINIS LIMITED,EQUIWATT LIMITED,HILDEBRAND TECHNOLOGY LIMITED,OCTOPUS ENERGY LIMITED,DRAX ENERGY SOLUTIONS LIMITED,OAKTREE POWER LIMITED,Shuffle Energy Limited,U ENERGY GROUP LIMITED,Electric Miles Limited","Z1:0,Z2:0,Z3:0,Z4:500,Z5:500,Z6:500,Z7:500,Z8:500,Z9:500,Z10:500,Z11:500,Z12:500"
93,13/08/2026 12:15,Downwards,Energy,13/08/2026,17:00,17:30,16:00,16:30,500,Live,0,All Participants,"AXLE ENERGY LIMITED,INFINIS LIMITED,EQUIWATT LIMITED,HILDEBRAND TECHNOLOGY LIMITED,OCTOPUS ENERGY LIMITED,DRAX ENERGY SOLUTIONS LIMITED,OAKTREE POWER LIMITED,Shuffle Energy Limited,U ENERGY GROUP LIMITED,Electric Miles Limited","Z1:0,Z2:0,Z3:500,Z4:500,Z5:0,Z6:500,Z7:0,Z8:500,Z9:500,Z10:500,Z11:500,Z12:500"
93,13/08/2026 12:15,Downwards,Energy,13/08/2026,17:30,18:00,16:30,17:00,500,Live,0,All Participants,"AXLE ENERGY LIMITED,INFINIS LIMITED,EQUIWATT LIMITED,HILDEBRAND TECHNOLOGY LIMITED,OCTOPUS ENERGY LIMITED,DRAX ENERGY SOLUTIONS LIMITED,OAKTREE POWER LIMITED,Shuffle Energy Limited,U ENERGY GROUP LIMITED,Electric Miles Limited","Z1:0,Z2:0,Z3:500,Z4:500,Z5:0,Z6:500,Z7:0,Z8:500,Z9:500,Z10:500,Z11:500,Z12:500"
93,13/08/2026 12:15,Downwards,Energy,13/08/2026,18:00,18:30,17:00,17:30,500,Live,0,All Participants,"AXLE ENERGY LIMITED,INFINIS LIMITED,EQUIWATT LIMITED,HILDEBRAND TECHNOLOGY LIMITED,OCTOPUS ENERGY LIMITED,DRAX ENERGY SOLUTIONS LIMITED,OAKTREE POWER LIMITED,Shuffle Energy Limited,U ENERGY GROUP LIMITED,Electric Miles Limited","Z1:0,Z2:0,Z3:500,Z4:500,Z5:0,Z6:500,Z7:0,Z8:500,Z9:500,Z10:500,Z11:500,Z12:500"
93,13/08/2026 12:15,Downwards,Energy,13/08/2026,18:30,19:00,17:30,18:00,500,Live,0,All Participants,"AXLE ENERGY LIMITED,INFINIS LIMITED,EQUIWATT LIMITED,HILDEBRAND TECHNOLOGY LIMITED,OCTOPUS ENERGY LIMITED,DRAX ENERGY SOLUTIONS LIMITED,OAKTREE POWER LIMITED,Shuffle Energy Limited,U ENERGY GROUP LIMITED,Electric Miles Limited","Z1:0,Z2:0,Z3:500,Z4:500,Z5:0,Z6:500,Z7:0,Z8:500,Z9:500,Z10:500,Z11:500,Z12:500"
93,13/08/2026 12:15,Downwards,Energy,13/08/2026,19:00,19:30,18:00,18:30,500,Live,0,All Participants,"AXLE ENERGY LIMITED,INFINIS LIMITED,EQUIWATT LIMITED,HILDEBRAND TECHNOLOGY LIMITED,OCTOPUS ENERGY LIMITED,DRAX ENERGY SOLUTIONS LIMITED,OAKTREE POWER LIMITED,Shuffle Energy Limited,U ENERGY GROUP LIMITED,Electric Miles Limited","Z1:0,Z2:0,Z3:500,Z4:500,Z5:0,Z6:500,Z7:0,Z8:500,Z9:500,Z10:500,Z11:500,Z12:500"
93,13/08/2026 12:15,Downwards,Energy,13/08/2026,19:30,20:00,18:30,19:00,500,Live,0,All Participants,"AXLE ENERGY LIMITED,INFINIS LIMITED,EQUIWATT LIMITED,HILDEBRAND TECHNOLOGY LIMITED,OCTOPUS ENERGY LIMITED,DRAX ENERGY SOLUTIONS LIMITED,OAKTREE POWER LIMITED,Shuffle Energy Limited,U ENERGY GROUP LIMITED,Electric Miles Limited","Z1:0,Z2:0,Z3:500,Z4:500,Z5:0,Z6:500,Z7:0,Z8:500,Z9:500,Z10:500,Z11:500,Z12:500"
93,13/08/2026 12:15,Downwards,Energy,13/08/2026,20:00,20:30,19:00,19:30,500,Live,0,All Participants,"AXLE ENERGY LIMITED,INFINIS LIMITED,EQUIWATT LIMITED,HILDEBRAND TECHNOLOGY LIMITED,OCTOPUS ENERGY LIMITED,DRAX ENERGY SOLUTIONS LIMITED,OAKTREE POWER LIMITED,Shuffle Energy Limited,U ENERGY GROUP LIMITED,Electric Miles Limited","Z1:0,Z2:0,Z3:500,Z4:500,Z5:0,Z6:500,Z7:0,Z8:500,Z9:500,Z10:500,Z11:500,Z12:500"
93,13/08/2026 12:15,Downwards,Energy,13/08/2026,20:30,21:00,19:30,20:00,500,Live,0,All Participants,"AXLE ENERGY LIMITED,INFINIS LIMITED,EQUIWATT LIMITED,HILDEBRAND TECHNOLOGY LIMITED,OCTOPUS ENERGY LIMITED,DRAX ENERGY SOLUTIONS LIMITED,OAKTREE POWER LIMITED,Shuffle Energy Limited,U ENERGY GROUP LIMITED,Electric Miles Limited","Z1:0,Z2:0,Z3:500,Z4:500,Z5:0,Z6:500,Z7:0,Z8:500,Z9:500,Z10:500,Z11:500,Z12:500"
92,12/08/2026 12:00,Downwards,Energy,12/08/2026,17:00,17:30,16:00,16:30,500,Live,0,All Participants,"AXLE ENERGY LIMITED,INFINIS LIMITED,EQUIWATT LIMITED,HILDEBRAND TECHNOLOGY LIMITED,OCTOPUS ENERGY LIMITED,DRAX ENERGY SOLUTIONS LIMITED,OAKTREE POWER LIMITED,Shuffle Energy Limited,U ENERGY GROUP LIMITED,Electric Miles Limited","Z1:0,Z2:0,Z3:500,Z4:500,Z5:500,Z6:500,Z7:0,Z8:500,Z9:500,Z10:500,Z11:500,Z12:500"
92,12/08/2026 12:00,Downwards,Energy,12/08/2026,17:30,18:00,16:30,17:00,500,Live,0,All Participants,"AXLE ENERGY LIMITED,INFINIS LIMITED,EQUIWATT LIMITED,HILDEBRAND TECHNOLOGY LIMITED,OCTOPUS ENERGY LIMITED,DRAX ENERGY SOLUTIONS LIMITED,OAKTREE POWER LIMITED,Shuffle Energy Limited,U ENERGY GROUP LIMITED,Electric Miles Limited","Z1:0,Z2:0,Z3:500,Z4:500,Z5:500,Z6:500,Z7:0,Z8:500,Z9:500,Z10:500,Z11:500,Z12:500"
92,12/08/2026 12:00,Downwards,Energy,12/08/2026,18:00,18:30,17:00,17:30,500,Live,0,All Participants,"AXLE ENERGY LIMITED,INFINIS LIMITED,EQUIWATT LIMITED,HILDEBRAND TECHNOLOGY LIMITED,OCTOPUS ENERGY LIMITED,DRAX ENERGY SOLUTIONS LIMITED,OAKTREE POWER LIMITED,Shuffle Energy Limited,U ENERGY GROUP LIMITED,Electric Miles Limited","Z1:0,Z2:0,Z3:500,Z4:500,Z5:500,Z6:500,Z7:0,Z8:500,Z9:500,Z10:500,Z11:500,Z12:500"
92,12/08/2026 12:00,Downwards,Energy,12/08/2026,18:30,19:00,17:30,18:00,500,Live,0,All Participants,"AXLE ENERGY LIMITED,INFINIS LIMITED,EQUIWATT LIMITED,HILDEBRAND TECHNOLOGY LIMITED,OCTOPUS ENERGY LIMITED,DRAX ENERGY SOLUTIONS LIMITED,OAKTREE POWER LIMITED,Shuffle Energy Limited,U ENERGY GROUP LIMITED,Electric Miles Limited","Z1:0,Z2:0,Z3:500,Z4:500,Z5:500,Z6:500,Z7:0,Z8:500,Z9:500,Z10:500,Z11:500,Z12:500"
92,12/08/2026 12:00,Downwards,Energy,12/08/2026,19:00,19:30,18:00,18:30,500,Live,0,All Participants,"AXLE ENERGY LIMITED,INFINIS LIMITED,EQUIWATT LIMITED,HILDEBRAND TECHNOLOGY LIMITED,OCTOPUS ENERGY LIMITED,DRAX ENERGY SOLUTIONS LIMITED,OAKTREE POWER LIMITED,Shuffle Energy Limited,U ENERGY GROUP LIMITED,Electric Miles Limited","Z1:0,Z2:0,Z3:500,Z4:500,Z5:500,Z6:500,Z7:0,Z8:500,Z9:500,Z10:500,Z11:500,Z12:500"
92,12/08/2026 12:00,Downwards,Energy,12/08/2026,19:30,20:00,18:30,19:00,500,Live,0,All Participants,"AXLE ENERGY LIMITED,INFINIS LIMITED,EQUIWATT LIMITED,HILDEBRAND TECHNOLOGY LIMITED,OCTOPUS ENERGY LIMITED,DRAX ENERGY SOLUTIONS LIMITED,OAKTREE POWER LIMITED,Shuffle Energy Limited,U ENERGY GROUP LIMITED,Electric Miles Limited","Z1:0,Z2:0,Z3:500,Z4:500,Z5:500,Z6:500,Z7:0,Z8:500,Z9:500,Z10:500,Z11:500,Z12:500"
92,12/08/2026 12:00,Downwards,Energy,12/08/2026,20:00,20:30,19:00,19:30,500,Live,0,All Participants,"AXLE ENERGY LIMITED,INFINIS LIMITED,EQUIWATT LIMITED,HILDEBRAND TECHNOLOGY LIMITED,OCTOPUS ENERGY LIMITED,DRAX ENERGY SOLUTIONS LIMITED,OAKTREE POWER LIMITED,Shuffle Energy Limited,U ENERGY GROUP LIMITED,Electric Miles Limited","Z1:0,Z2:0,Z3:500,Z4:500,Z5:500,Z6:500,Z7:0,Z8:500,Z9:500,Z10:500,Z11:500,Z12:500"
92,12/08/2026 12:00,Downwards,Energy,12/08/2026,20:30,21:00,19:30,20:00,500,Live,0,All Participants,"AXLE ENERGY LIMITED,INFINIS LIMITED,EQUIWATT LIMITED,HILDEBRAND TECHNOLOGY LIMITED,OCTOPUS ENERGY LIMITED,DRAX ENERGY SOLUTIONS LIMITED,OAKTREE POWER LIMITED,Shuffle Energy Limited,U ENERGY GROUP LIMITED,Electric Miles Limited","Z1:0,Z2:0,Z3:500,Z4:500,Z5:500,Z6:500,Z7:0,Z8:500,Z9:500,Z10:500,Z11:500,Z12:500"
92,12/08/2026 12:00,Downwards,Energy,12/08/2026,21:00,21:30,20:00,20:30,500,Live,0,All Participants,"AXLE ENERGY LIMITED,INFINIS LIMITED,EQUIWATT LIMITED,HILDEBRAND TECHNOLOGY LIMITED,OCTOPUS ENERGY LIMITED,DRAX ENERGY SOLUTIONS LIMITED,OAKTREE POWER LIMITED,Shuffle Energy Limited,U ENERGY GROUP LIMITED,Electric Miles Limited","Z1:0,Z2:0,Z3:500,Z4:500,Z5:500,Z6:500,Z7:0,Z8:500,Z9:500,Z10:500,Z11:500,Z12:500"
92,12/08/2026 12:00,Downwards,Energy,12/08/2026,21:30,22:00,20:30,21:00,500,Live,0,All Participants,"AXLE ENERGY LIMITED,INFINIS LIMITED,EQUIWATT LIMITED,HILDEBRAND TECHNOLOGY LIMITED,OCTOPUS ENERGY LIMITED,DRAX ENERGY SOLUTIONS LIMITED,OAKTREE POWER LIMITED,Shuffle Energy Limited,U ENERGY GROUP LIMITED,Electric Miles Limited","Z1:0,Z2:0,Z3:500,Z4:500,Z5:500,Z6:500,Z7:0,Z8:500,Z9:500,Z10:500,Z11:500,Z12:500"
91,11/08/2026 12:00,Downwards,Energy,11/08/2026,17:00,17:30,16:00,16:30,500,Live,0,All Participants,"AXLE ENERGY LIMITED,INFINIS LIMITED,EQUIWATT LIMITED,HILDEBRAND TECHNOLOGY LIMITED,OCTOPUS ENERGY LIMITED,DRAX ENERGY SOLUTIONS LIMITED,OAKTREE POWER LIMITED,Shuffle Energy Limited,U ENERGY GROUP LIMITED,Electric Miles Limited","Z1:0,Z2:0,Z3:500,Z4:500,Z5:500,Z6:500,Z7:500,Z8:500,Z9:500,Z10:500,Z11:500,Z12:500"
91,11/08/2026 12:00,Downwards,Energy,11/08/2026,17:30,18:00,16:30,17:00,500,Live,0,All Participants,"AXLE ENERGY LIMITED,INFINIS LIMITED,EQUIWATT LIMITED,HILDEBRAND TECHNOLOGY LIMITED,OCTOPUS ENERGY LIMITED,DRAX ENERGY SOLUTIONS LIMITED,OAKTREE POWER LIMITED,Shuffle Energy Limited,U ENERGY GROUP LIMITED,Electric Miles Limited","Z1:0,Z2:0,Z3:500,Z4:500,Z5:500,Z6:500,Z7:500,Z8:500,Z9:500,Z10:500,Z11:500,Z12:500"
91,11/08/2026 12:00,Downwards,Energy,11/08/2026,18:00,18:30,17:00,17:30,500,Live,0,All Participants,"AXLE ENERGY LIMITED,INFINIS LIMITED,EQUIWATT LIMITED,HILDEBRAND TECHNOLOGY LIMITED,OCTOPUS ENERGY LIMITED,DRAX ENERGY SOLUTIONS LIMITED,OAKTREE POWER LIMITED,Shuffle Energy Limited,U ENERGY GROUP LIMITED,Electric Miles Limited","Z1:0,Z2:0,Z3:500,Z4:500,Z5:500,Z6:500,Z7:500,Z8:500,Z9:500,Z10:500,Z11:500,Z12:500"
91,11/08/2026 12:00,Downwards,Energy,11/08/2026,18:30,19:00,17:30,18:00,500,Live,0,All Participants,"AXLE ENERGY LIMITED,INFINIS LIMITED,EQUIWATT LIMITED,HILDEBRAND TECHNOLOGY LIMITED,OCTOPUS ENERGY LIMITED,DRAX ENERGY SOLUTIONS LIMITED,OAKTREE POWER LIMITED,Shuffle Energy Limited,U ENERGY GROUP LIMITED,Electric Miles Limited","Z1:0,Z2:0,Z3:500,Z4:500,Z5:500,Z6:500,Z7:500,Z8:500,Z9:500,Z10:500,Z11:500,Z12:500"
91,11/08/2026 12:00,Downwards,Energy,11/08/2026,19:00,19:30,18:00,18:30,500,Live,0,All Participants,"AXLE ENERGY LIMITED,INFINIS LIMITED,EQUIWATT LIMITED,HILDEBRAND TECHNOLOGY LIMITED,OCTOPUS ENERGY LIMITED,DRAX ENERGY SOLUTIONS LIMITED,OAKTREE POWER LIMITED,Shuffle Energy Limited,U ENERGY GROUP LIMITED,Electric Miles Limited","Z1:0,Z2:0,Z3:500,Z4:500,Z5:500,Z6:500,Z7:500,Z8:500,Z9:500,Z10:500,Z11:500,Z12:500"
91,11/08/2026 12:00,Downwards,Energy,11/08/2026,19:30,20:00,18:30,19:00,500,Live,0,All Participants,"AXLE ENERGY LIMITED,INFINIS LIMITED,EQUIWATT LIMITED,HILDEBRAND TECHNOLOGY LIMITED,OCTOPUS ENERGY LIMITED,DRAX ENERGY SOLUTIONS LIMITED,OAKTREE POWER LIMITED,Shuffle Energy Limited,U ENERGY GROUP LIMITED,Electric Miles Limited","Z1:0,Z2:0,Z3:500,Z4:500,Z5:500,Z6:500,Z7:500,Z8:500,Z9:500,Z10:500,Z11:500,Z12:500"
91,11/08/2026 12:00,Downwards,Energy,11/08/2026,20:00,20:30,19:00,19:30,500,Live,0,All Participants,"AXLE ENERGY LIMITED,INFINIS LIMITED,EQUIWATT LIMITED,HILDEBRAND TECHNOLOGY LIMITED,OCTOPUS ENERGY LIMITED,DRAX ENERGY SOLUTIONS LIMITED,OAKTREE POWER LIMITED,Shuffle Energy Limited,U ENERGY GROUP LIMITED,Electric Miles Limited","Z1:0,Z2:0,Z3:500,Z4:500,Z5:500,Z6:500,Z7:500,Z8:500,Z9:500,Z10:500,Z11:500,Z12:500"
91,11/08/2026 12:00,Downwards,Energy,11/08/2026,20:30,21:00,19:30,20:00,500,Live,0,All Participants,"AXLE ENERGY LIMITED,INFINIS LIMITED,EQUIWATT LIMITED,HILDEBRAND TECHNOLOGY LIMITED,OCTOPUS ENERGY LIMITED,DRAX ENERGY SOLUTIONS LIMITED,OAKTREE POWER LIMITED,Shuffle Energy Limited,U ENERGY GROUP LIMITED,Electric Miles Limited","Z1:0,Z2:0,Z3:500,Z4:500,Z5:500,Z6:500,Z7:500,Z8:500,Z9:500,Z10:500,Z11:500,Z12:500"
91,11/08/2026 12:00,Downwards,Energy,11/08/2026,21:00,21:30,20:00,20:30,500,Live,0,All Participants,"AXLE ENERGY LIMITED,INFINIS LIMITED,EQUIWATT LIMITED,HILDEBRAND TECHNOLOGY LIMITED,OCTOPUS ENERGY LIMITED,DRAX ENERGY SOLUTIONS LIMITED,OAKTREE POWER LIMITED,Shuffle Energy Limited,U ENERGY GROUP LIMITED,Electric Miles Limited","Z1:0,Z2:0,Z3:500,Z4:500,Z5:500,Z6:500,Z7:500,Z8:500,Z9:500,Z10:500,Z11:500,Z12:500"
91,11/08/2026 12:00,Downwards,Energy,11/08/2026,21:30,22:00,20:30,21:00,500,Live,0,All Participants,"AXLE ENERGY LIMITED,INFINIS LIMITED,EQUIWATT LIMITED,HILDEBRAND TECHNOLOGY LIMITED,OCTOPUS ENERGY LIMITED,DRAX ENERGY SOLUTIONS LIMITED,OAKTREE POWER LIMITED,Shuffle Energy Limited,U ENERGY GROUP LIMITED,Electric Miles Limited","Z1:0,Z2:0,Z3:500,Z4:500,Z5:500,Z6:500,Z7:500,Z8:500,Z9:500,Z10:500,Z11:500,Z12:500"
90,10/08/2026 12:00,Downwards,Energy,10/08/2026,17:00,17:30,16:00,16:30,500,Live,0,All Participants,"AXLE ENERGY LIMITED,INFINIS LIMITED,EQUIWATT LIMITED,HILDEBRAND TECHNOLOGY LIMITED,OCTOPUS ENERGY LIMITED,DRAX ENERGY SOLUTIONS LIMITED,OAKTREE POWER LIMITED,Shuffle Energy Limited,U ENERGY GROUP LIMITED,Electric Miles Limited","Z1:500,Z2:500,Z3:500,Z4:500,Z5:500,Z6:500,Z7:500,Z8:500,Z9:500,Z10:500,Z11:500,Z12:0"
90,10/08/2026 12:00,Downwards,Energy,10/08/2026,17:30,18:00,16:30,17:00,500,Live,0,All Participants,"AXLE ENERGY LIMITED,INFINIS LIMITED,EQUIWATT LIMITED,HILDEBRAND TECHNOLOGY LIMITED,OCTOPUS ENERGY LIMITED,DRAX ENERGY SOLUTIONS LIMITED,OAKTREE POWER LIMITED,Shuffle Energy Limited,U ENERGY GROUP LIMITED,Electric Miles Limited","Z1:500,Z2:500,Z3:500,Z4:500,Z5:500,Z6:500,Z7:500,Z8:500,Z9:500,Z10:500,Z11:500,Z12:0"
90,10/08/2026 12:00,Downwards,Energy,10/08/2026,18:00,18:30,17:00,17:30,500,Live,0,All Participants,"AXLE ENERGY LIMITED,INFINIS LIMITED,EQUIWATT LIMITED,HILDEBRAND TECHNOLOGY LIMITED,OCTOPUS ENERGY LIMITED,DRAX ENERGY SOLUTIONS LIMITED,OAKTREE POWER LIMITED,Shuffle Energy Limited,U ENERGY GROUP LIMITED,Electric Miles Limited","Z1:500,Z2:500,Z3:500,Z4:500,Z5:500,Z6:500,Z7:500,Z8:500,Z9:500,Z10:500,Z11:500,Z12:0"
90,10/08/2026 12:00,Downwards,Energy,10/08/2026,18:30,19:00,17:30,18:00,500,Live,0,All Participants,"AXLE ENERGY LIMITED,INFINIS LIMITED,EQUIWATT LIMITED,HILDEBRAND TECHNOLOGY LIMITED,OCTOPUS ENERGY LIMITED,DRAX ENERGY SOLUTIONS LIMITED,OAKTREE POWER LIMITED,Shuffle Energy Limited,U ENERGY GROUP LIMITED,Electric Miles Limited","Z1:500,Z2:500,Z3:500,Z4:500,Z5:500,Z6:500,Z7:500,Z8:500,Z9:500,Z10:500,Z11:500,Z12:0"
90,10/08/2026 12:00,Downwards,Energy,10/08/2026,19:00,19:30,18:00,18:30,500,Live,0,All Participants,"AXLE ENERGY LIMITED,INFINIS LIMITED,EQUIWATT LIMITED,HILDEBRAND TECHNOLOGY LIMITED,OCTOPUS ENERGY LIMITED,DRAX ENERGY SOLUTIONS LIMITED,OAKTREE POWER LIMITED,Shuffle Energy Limited,U ENERGY GROUP LIMITED,Electric Miles Limited","Z1:500,Z2:500,Z3:500,Z4:500,Z5:500,Z6:500,Z7:500,Z8:500,Z9:500,Z10:500,Z11:500,Z12:0"
90,10/08/2026 12:00,Downwards,Energy,10/08/2026,19:30,20:00,18:30,19:00,500,Live,0,All Participants,"AXLE ENERGY LIMITED,INFINIS LIMITED,EQUIWATT LIMITED,HILDEBRAND TECHNOLOGY LIMITED,OCTOPUS ENERGY LIMITED,DRAX ENERGY SOLUTIONS LIMITED,OAKTREE POWER LIMITED,Shuffle Energy Limited,U ENERGY GROUP LIMITED,Electric Miles Limited","Z1:500,Z2:500,Z3:500,Z4:500,Z5:500,Z6:500,Z7:500,Z8:500,Z9:500,Z10:500,Z11:500,Z12:0"
90,10/08/2026 12:00,Downwards,Energy,10/08/2026,20:00,20:30,19:00,19:30,500,Live,0,All Participants,"AXLE ENERGY LIMITED,INFINIS LIMITED,EQUIWATT LIMITED,HILDEBRAND TECHNOLOGY LIMITED,OCTOPUS ENERGY LIMITED,DRAX ENERGY SOLUTIONS LIMITED,OAKTREE POWER LIMITED,Shuffle Energy Limited,U ENERGY GROUP LIMITED,Electric Miles Limited","Z1:500,Z2:500,Z3:500,Z4:500,Z5:500,Z6:500,Z7:500,Z8:500,Z9:500,Z10:500,Z11:500,Z12:0"
90,10/08/2026 12:00,Downwards,Energy,10/08/2026,20:30,21:00,19:30,20:00,500,Live,0,All Participants,"AXLE ENERGY LIMITED,INFINIS LIMITED,EQUIWATT LIMITED,HILDEBRAND TECHNOLOGY LIMITED,OCTOPUS ENERGY LIMITED,DRAX ENERGY SOLUTIONS LIMITED,OAKTREE POWER LIMITED,Shuffle Energy Limited,U ENERGY GROUP LIMITED,Electric Miles Limited","Z1:500,Z2:500,Z3:500,Z4:500,Z5:500,Z6:500,Z7:500,Z8:500,Z9:500,Z10:500,Z11:500,Z12:0"
90,10/08/2026 12:00,Downwards,Energy,10/08/2026,21:00,21:30,20:00,20:30,500,Live,0,All Participants,"AXLE ENERGY LIMITED,INFINIS LIMITED,EQUIWATT LIMITED,HILDEBRAND TECHNOLOGY LIMITED,OCTOPUS ENERGY LIMITED,DRAX ENERGY SOLUTIONS LIMITED,OAKTREE POWER LIMITED,Shuffle Energy Limited,U ENERGY GROUP LIMITED,Electric Miles Limited","Z1:500,Z2:500,Z3:500,Z4:500,Z5:500,Z6:500,Z7:500,Z8:500,Z9:500,Z10:500,Z11:500,Z12:0"
90,10/08/2026 12:00,Downwards,Energy,10/08/2026,21:30,22:00,20:30,21:00,500,Live,0,All Participants,"AXLE ENERGY LIMITED,INFINIS LIMITED,EQUIWATT LIMITED,HILDEBRAND TECHNOLOGY LIMITED,OCTOPUS ENERGY LIMITED,DRAX ENERGY SOLUTIONS LIMITED,OAKTREE POWER LIMITED,Shuffle Energy Limited,U ENERGY GROUP LIMITED,Electric Miles Limited","Z1:500,Z2:500,Z3:500,Z4:500,Z5:500,Z6:500,Z7:500,Z8:500,Z9:500,Z10:500,Z11:500,Z12:0"
89,09/08/2026 10:15,Upwards,Energy,09/08/2026,11:00,11:30,10:00,10:30,500,Live,0,All Participants,"AXLE ENERGY LIMITED,INFINIS LIMITED,EQUIWATT LIMITED,HILDEBRAND TECHNOLOGY LIMITED,OCTOPUS ENERGY LIMITED,DRAX ENERGY SOLUTIONS LIMITED,OAKTREE POWER LIMITED,Shuffle Energy Limited,U ENERGY GROUP LIMITED,Electric Miles Limited","Z1:500,Z2:500,Z3:500,Z4:500,Z5:500,Z6:500,Z7:500,Z8:500,Z9:500,Z10:500,Z11:500,Z12:500"
89,09/08/2026 10:15,Upwards,Energy,09/08/2026,11:30,12:00,10:30,11:00,500,Live,0,All Participants,"AXLE ENERGY LIMITED,INFINIS LIMITED,EQUIWATT LIMITED,HILDEBRAND TECHNOLOGY LIMITED,OCTOPUS ENERGY LIMITED,DRAX ENERGY SOLUTIONS LIMITED,OAKTREE POWER LIMITED,Shuffle Energy Limited,U ENERGY GROUP LIMITED,Electric Miles Limited","Z1:500,Z2:500,Z3:500,Z4:500,Z5:500,Z6:500,Z7:500,Z8:500,Z9:500,Z10:500,Z11:500,Z12:500"
89,09/08/2026 10:15,Upwards,Energy,09/08/2026,12:00,12:30,11:00,11:30,500,Live,0,All Participants,"AXLE ENERGY LIMITED,INFINIS LIMITED,EQUIWATT LIMITED,HILDEBRAND TECHNOLOGY LIMITED,OCTOPUS ENERGY LIMITED,DRAX ENERGY SOLUTIONS LIMITED,OAKTREE POWER LIMITED,Shuffle Energy Limited,U ENERGY GROUP LIMITED,Electric Miles Limited","Z1:500,Z2:500,Z3:500,Z4:500,Z5:500,Z6:500,Z7:500,Z8:500,Z9:500,Z10:500,Z11:500,Z12:500"
89,09/08/2026 10:15,Upwards,Energy,09/08/2026,12:30,13:00,11:30,12:00,500,Live,0,All Participants,"AXLE ENERGY LIMITED,INFINIS LIMITED,EQUIWATT LIMITED,HILDEBRAND TECHNOLOGY LIMITED,OCTOPUS ENERGY LIMITED,DRAX ENERGY SOLUTIONS LIMITED,OAKTREE POWER LIMITED,Shuffle Energy Limited,U ENERGY GROUP LIMITED,Electric Miles Limited","Z1:500,Z2:500,Z3:500,Z4:500,Z5:500,Z6:500,Z7:500,Z8:500,Z9:500,Z10:500,Z11:500,Z12:500"
89,09/08/2026 10:15,Upwards,Energy,09/08/2026,13:00,13:30,12:00,12:30,500,Live,0,All Participants,"AXLE ENERGY LIMITED,INFINIS LIMITED,EQUIWATT LIMITED,HILDEBRAND TECHNOLOGY LIMITED,OCTOPUS ENERGY LIMITED,DRAX ENERGY SOLUTIONS LIMITED,OAKTREE POWER LIMITED,Shuffle Energy Limited,U ENERGY GROUP LIMITED,Electric Miles Limited","Z1:500,Z2:500,Z3:500,Z4:500,Z5:500,Z6:500,Z7:500,Z8:500,Z9:500,Z10:500,Z11:500,Z12:500"
89,09/08/2026 10:15,Upwards,Energy,09/08/2026,13:30,14:00,12:30,13:00,500,Live,0,All Participants,"AXLE ENERGY LIMITED,INFINIS LIMITED,EQUIWATT LIMITED,HILDEBRAND TECHNOLOGY LIMITED,OCTOPUS ENERGY LIMITED,DRAX ENERGY SOLUTIONS LIMITED,OAKTREE POWER LIMITED,Shuffle Energy Limited,U ENERGY GROUP LIMITED,Electric Miles Limited","Z1:500,Z2:500,Z3:500,Z4:500,Z5:500,Z6:500,Z7:500,Z8:500,Z9:500,Z10:500,Z11:500,Z12:500"
89,09/08/2026 10:15,Upwards,Energy,09/08/2026,14:00,14:30,13:00,13:30,500,Live,0,All Participants,"AXLE ENERGY LIMITED,INFINIS LIMITED,EQUIWATT LIMITED,HILDEBRAND TECHNOLOGY LIMITED,OCTOPUS ENERGY LIMITED,DRAX ENERGY SOLUTIONS LIMITED,OAKTREE POWER LIMITED,Shuffle Energy Limited,U ENERGY GROUP LIMITED,Electric Miles Limited","Z1:500,Z2:500,Z3:500,Z4:500,Z5:500,Z6:500,Z7:500,Z8:500,Z9:500,Z10:500,Z11:500,Z12:500"
89,09/08/2026 10:15,Upwards,Energy,09/08/2026,14:30,15:00,13:30,14:00,500,Live,0,All Participants,"AXLE ENERGY LIMITED,INFINIS LIMITED,EQUIWATT LIMITED,HILDEBRAND TECHNOLOGY LIMITED,OCTOPUS ENERGY LIMITED,DRAX ENERGY SOLUTIONS LIMITED,OAKTREE POWER LIMITED,Shuffle Energy Limited,U ENERGY GROUP LIMITED,Electric Miles Limited","Z1:500,Z2:500,Z3:500,Z4:500,Z5:500,Z6:500,Z7:500,Z8:500,Z9:500,Z10:500,Z11:500,Z12:500"
88,08/08/2026 12:00,Downwards,Energy,08/08/2026,19:00,19:30,18:00,18:30,500,Live,0,All Participants,"AXLE ENERGY LIMITED,INFINIS LIMITED,EQUIWATT LIMITED,HILDEBRAND TECHNOLOGY LIMITED,OCTOPUS ENERGY LIMITED,DRAX ENERGY SOLUTIONS LIMITED,OAKTREE POWER LIMITED,Shuffle Energy Limited,U ENERGY GROUP LIMITED,Electric Miles Limited","Z1:500,Z2:500,Z3:500,Z4:500,Z5:500,Z6:500,Z7:500,Z8:500,Z9:500,Z10:500,Z11:500,Z12:500"
88,08/08/2026 12:00,Downwards,Energy,08/08/2026,19:30,20:00,18:30,19:00,500,Live,0,All Participants,"AXLE ENERGY LIMITED,INFINIS LIMITED,EQUIWATT LIMITED,HILDEBRAND TECHNOLOGY LIMITED,OCTOPUS ENERGY LIMITED,DRAX ENERGY SOLUTIONS LIMITED,OAKTREE POWER LIMITED,Shuffle Energy Limited,U ENERGY GROUP LIMITED,Electric Miles Limited","Z1:500,Z2:500,Z3:500,Z4:500,Z5:500,Z6:500,Z7:500,Z8:500,Z9:500,Z10:500,Z11:500,Z12:500"
88,08/08/2026 12:00,Downwards,Energy,08/08/2026,20:00,20:30,19:00,19:30,500,Live,0,All Participants,"AXLE ENERGY LIMITED,INFINIS LIMITED,EQUIWATT LIMITED,HILDEBRAND TECHNOLOGY LIMITED,OCTOPUS ENERGY LIMITED,DRAX ENERGY SOLUTIONS LIMITED,OAKTREE POWER LIMITED,Shuffle Energy Limited,U ENERGY GROUP LIMITED,Electric Miles Limited","Z1:500,Z2:500,Z3:500,Z4:500,Z5:500,Z6:500,Z7:500,Z8:500,Z9:500,Z10:500,Z11:500,Z12:500"
88,08/08/2026 12:00,Downwards,Energy,08/08/2026,20:30,21:00,19:30,20:00,500,Live,0,All Participants,"AXLE ENERGY LIMITED,INFINIS LIMITED,EQUIWATT LIMITED,HILDEBRAND TECHNOLOGY LIMITED,OCTOPUS ENERGY LIMITED,DRAX ENERGY SOLUTIONS LIMITED,OAKTREE POWER LIMITED,Shuffle Energy Limited,U ENERGY GROUP LIMITED,Electric Miles Limited","Z1:500,Z2:500,Z3:500,Z4:500,Z5:500,Z6:500,Z7:500,Z8:500,Z9:500,Z10:500,Z11:500,Z12:500"
88,08/08/2026 12:00,Downwards,Energy,08/08/2026,21:00,21:30,20:00,20:30,500,Live,0,All Participants,"AXLE ENERGY LIMITED,INFINIS LIMITED,EQUIWATT LIMITED,HILDEBRAND TECHNOLOGY LIMITED,OCTOPUS ENERGY LIMITED,DRAX ENERGY SOLUTIONS LIMITED,OAKTREE POWER LIMITED,Shuffle Energy Limited,U ENERGY GROUP LIMITED,Electric Miles Limited","Z1:500,Z2:500,Z3:500,Z4:500,Z5:500,Z6:500,Z7:500,Z8:500,Z9:500,Z10:500,Z11:500,Z12:500"
88,08/08/2026 12:00,Downwards,Energy,08/08/2026,21:30,22:00,20:30,21:00,500,Live,0,All Participants,"AXLE ENERGY LIMITED,INFINIS LIMITED,EQUIWATT LIMITED,HILDEBRAND TECHNOLOGY LIMITED,OCTOPUS ENERGY LIMITED,DRAX ENERGY SOLUTIONS LIMITED,OAKTREE POWER LIMITED,Shuffle Energy Limited,U ENERGY GROUP LIMITED,Electric Miles Limited","Z1:500,Z2:500,Z3:500,Z4:500,Z5:500,Z6:500,Z7:500,Z8:500,Z9:500,Z10:500,Z11:500,Z12:500"
87,08/08/2026 10:00,Upwards,Energy,08/08/2026,12:00,12:30,11:00,11:30,500,Live,0,All Participants,"AXLE ENERGY LIMITED,INFINIS LIMITED,EQUIWATT LIMITED,HILDEBRAND TECHNOLOGY LIMITED,OCTOPUS ENERGY LIMITED,DRAX ENERGY SOLUTIONS LIMITED,OAKTREE POWER LIMITED,Shuffle Energy Limited,U ENERGY GROUP LIMITED,Electric Miles Limited","Z1:500,Z2:500,Z3:500,Z4:500,Z5:500,Z6:500,Z7:500,Z8:500,Z9:500,Z10:500,Z11:500,Z12:500"
87,08/08/2026 10:00,Upwards,Energy,08/08/2026,12:30,13:00,11:30,12:00,500,Live,0,All Participants,"AXLE ENERGY LIMITED,INFINIS LIMITED,EQUIWATT LIMITED,HILDEBRAND TECHNOLOGY LIMITED,OCTOPUS ENERGY LIMITED,DRAX ENERGY SOLUTIONS LIMITED,OAKTREE POWER LIMITED,Shuffle Energy Limited,U ENERGY GROUP LIMITED,Electric Miles Limited","Z1:500,Z2:500,Z3:500,Z4:500,Z5:500,Z6:500,Z7:500,Z8:500,Z9:500,Z10:500,Z11:500,Z12:500"
87,08/08/2026 10:00,Upwards,Energy,08/08/2026,13:00,13:30,12:00,12:30,500,Live,0,All Participants,"AXLE ENERGY LIMITED,INFINIS LIMITED,EQUIWATT LIMITED,HILDEBRAND TECHNOLOGY LIMITED,OCTOPUS ENERGY LIMITED,DRAX ENERGY SOLUTIONS LIMITED,OAKTREE POWER LIMITED,Shuffle Energy Limited,U ENERGY GROUP LIMITED,Electric Miles Limited","Z1:500,Z2:500,Z3:500,Z4:500,Z5:500,Z6:500,Z7:500,Z8:500,Z9:500,Z10:500,Z11:500,Z12:500"
87,08/08/2026 10:00,Upwards,Energy,08/08/2026,13:30,14:00,12:30,13:00,500,Live,0,All Participants,"AXLE ENERGY LIMITED,INFINIS LIMITED,EQUIWATT LIMITED,HILDEBRAND TECHNOLOGY LIMITED,OCTOPUS ENERGY LIMITED,DRAX ENERGY SOLUTIONS LIMITED,OAKTREE POWER LIMITED,Shuffle Energy Limited,U ENERGY GROUP LIMITED,Electric Miles Limited","Z1:500,Z2:500,Z3:500,Z4:500,Z5:500,Z6:500,Z7:500,Z8:500,Z9:500,Z10:500,Z11:500,Z12:500"
87,08/08/2026 10:00,Upwards,Energy,08/08/2026,14:00,14:30,13:00,13:30,500,Live,0,All Participants,"AXLE ENERGY LIMITED,INFINIS LIMITED,EQUIWATT LIMITED,HILDEBRAND TECHNOLOGY LIMITED,OCTOPUS ENERGY LIMITED,DRAX ENERGY SOLUTIONS LIMITED,OAKTREE POWER LIMITED,Shuffle Energy Limited,U ENERGY GROUP LIMITED,Electric Miles Limited","Z1:500,Z2:500,Z3:500,Z4:500,Z5:500,Z6:500,Z7:500,Z8:500,Z9:500,Z10:500,Z11:500,Z12:500"
87,08/08/2026 10:00,Upwards,Energy,08/08/2026,14:30,15:00,13:30,14:00,500,Live,0,All Participants,"AXLE ENERGY LIMITED,INFINIS LIMITED,EQUIWATT LIMITED,HILDEBRAND TECHNOLOGY LIMITED,OCTOPUS ENERGY LIMITED,DRAX ENERGY SOLUTIONS LIMITED,OAKTREE POWER LIMITED,Shuffle Energy Limited,U ENERGY GROUP LIMITED,Electric Miles Limited","Z1:500,Z2:500,Z3:500,Z4:500,Z5:500,Z6:500,Z7:500,Z8:500,Z9:500,Z10:500,Z11:500,Z12:500"
87,08/08/2026 10:00,Upwards,Energy,08/08/2026,15:00,15:30,14:00,14:30,500,Live,0,All Participants,"AXLE ENERGY LIMITED,INFINIS LIMITED,EQUIWATT LIMITED,HILDEBRAND TECHNOLOGY LIMITED,OCTOPUS ENERGY LIMITED,DRAX ENERGY SOLUTIONS LIMITED,OAKTREE POWER LIMITED,Shuffle Energy Limited,U ENERGY GROUP LIMITED,Electric Miles Limited","Z1:500,Z2:500,Z3:500,Z4:500,Z5:500,Z6:500,Z7:500,Z8:500,Z9:500,Z10:500,Z11:500,Z12:500"
87,08/08/2026 10:00,Upwards,Energy,08/08/2026,15:30,16:00,14:30,15:00,500,Live,0,All Participants,"AXLE ENERGY LIMITED,INFINIS LIMITED,EQUIWATT LIMITED,HILDEBRAND TECHNOLOGY LIMITED,OCTOPUS ENERGY LIMITED,DRAX ENERGY SOLUTIONS LIMITED,OAKTREE POWER LIMITED,Shuffle Energy Limited,U ENERGY GROUP LIMITED,Electric Miles Limited","Z1:500,Z2:500,Z3:500,Z4:500,Z5:500,Z6:500,Z7:500,Z8:500,Z9:500,Z10:500,Z11:500,Z12:500"
86,07/08/2026 12:00,Downwards,Energy,07/08/2026,17:00,17:30,16:00,16:30,300,Live,0,All Participants,"AXLE ENERGY LIMITED,INFINIS LIMITED,EQUIWATT LIMITED,HILDEBRAND TECHNOLOGY LIMITED,OCTOPUS ENERGY LIMITED,DRAX ENERGY SOLUTIONS LIMITED,OAKTREE POWER LIMITED,Shuffle Energy Limited,U ENERGY GROUP LIMITED,Electric Miles Limited","Z1:0,Z2:0,Z3:0,Z4:0,Z5:0,Z6:300,Z7:300,Z8:300,Z9:300,Z10:300,Z11:300,Z12:300"
86,07/08/2026 12:00,Downwards,Energy,07/08/2026,17:30,18:00,16:30,17:00,300,Live,0,All Participants,"AXLE ENERGY LIMITED,INFINIS LIMITED,EQUIWATT LIMITED,HILDEBRAND TECHNOLOGY LIMITED,OCTOPUS ENERGY LIMITED,DRAX ENERGY SOLUTIONS LIMITED,OAKTREE POWER LIMITED,Shuffle Energy Limited,U ENERGY GROUP LIMITED,Electric Miles Limited","Z1:0,Z2:0,Z3:0,Z4:0,Z5:0,Z6:300,Z7:300,Z8:300,Z9:300,Z10:300,Z11:300,Z12:300"
86,07/08/2026 12:00,Downwards,Energy,07/08/2026,18:00,18:30,17:00,17:30,300,Live,0,All Participants,"AXLE ENERGY LIMITED,INFINIS LIMITED,EQUIWATT LIMITED,HILDEBRAND TECHNOLOGY LIMITED,OCTOPUS ENERGY LIMITED,DRAX ENERGY SOLUTIONS LIMITED,OAKTREE POWER LIMITED,Shuffle Energy Limited,U ENERGY GROUP LIMITED,Electric Miles Limited","Z1:0,Z2:0,Z3:0,Z4:0,Z5:0,Z6:300,Z7:300,Z8:300,Z9:300,Z10:300,Z11:300,Z12:300"
86,07/08/2026 12:00,Downwards,Energy,07/08/2026,18:30,19:00,17:30,18:00,300,Live,0,All Participants,"AXLE ENERGY LIMITED,INFINIS LIMITED,EQUIWATT LIMITED,HILDEBRAND TECHNOLOGY LIMITED,OCTOPUS ENERGY LIMITED,DRAX ENERGY SOLUTIONS LIMITED,OAKTREE POWER LIMITED,Shuffle Energy Limited,U ENERGY GROUP LIMITED,Electric Miles Limited","Z1:0,Z2:0,Z3:0,Z4:0,Z5:0,Z6:300,Z7:300,Z8:300,Z9:300,Z10:300,Z11:300,Z12:300"
86,07/08/2026 12:00,Downwards,Energy,07/08/2026,19:00,19:30,18:00,18:30,300,Live,0,All Participants,"AXLE ENERGY LIMITED,INFINIS LIMITED,EQUIWATT LIMITED,HILDEBRAND TECHNOLOGY LIMITED,OCTOPUS ENERGY LIMITED,DRAX ENERGY SOLUTIONS LIMITED,OAKTREE POWER LIMITED,Shuffle Energy Limited,U ENERGY GROUP LIMITED,Electric Miles Limited","Z1:0,Z2:0,Z3:0,Z4:0,Z5:0,Z6:300,Z7:300,Z8:300,Z9:300,Z10:300,Z11:300,Z12:300"
86,07/08/2026 12:00,Downwards,Energy,07/08/2026,19:30,20:00,18:30,19:00,300,Live,0,All Participants,"AXLE ENERGY LIMITED,INFINIS LIMITED,EQUIWATT LIMITED,HILDEBRAND TECHNOLOGY LIMITED,OCTOPUS ENERGY LIMITED,DRAX ENERGY SOLUTIONS LIMITED,OAKTREE POWER LIMITED,Shuffle Energy Limited,U ENERGY GROUP LIMITED,Electric Miles Limited","Z1:0,Z2:0,Z3:0,Z4:0,Z5:0,Z6:300,Z7:300,Z8:300,Z9:300,Z10:300,Z11:300,Z12:300"
86,07/08/2026 12:00,Downwards,Energy,07/08/2026,20:00,20:30,19:00,19:30,300,Live,0,All Participants,"AXLE ENERGY LIMITED,INFINIS LIMITED,EQUIWATT LIMITED,HILDEBRAND TECHNOLOGY LIMITED,OCTOPUS ENERGY LIMITED,DRAX ENERGY SOLUTIONS LIMITED,OAKTREE POWER LIMITED,Shuffle Energy Limited,U ENERGY GROUP LIMITED,Electric Miles Limited","Z1:0,Z2:0,Z3:0,Z4:0,Z5:0,Z6:300,Z7:300,Z8:300,Z9:300,Z10:300,Z11:300,Z12:300"
86,07/08/2026 12:00,Downwards,Energy,07/08/2026,20:30,21:00,19:30,20:00,300,Live,0,All Participants,"AXLE ENERGY LIMITED,INFINIS LIMITED,EQUIWATT LIMITED,HILDEBRAND TECHNOLOGY LIMITED,OCTOPUS ENERGY LIMITED,DRAX ENERGY SOLUTIONS LIMITED,OAKTREE POWER LIMITED,Shuffle Energy Limited,U ENERGY GROUP LIMITED,Electric Miles Limited","Z1:0,Z2:0,Z3:0,Z4:0,Z5:0,Z6:300,Z7:300,Z8:300,Z9:300,Z10:300,Z11:300,Z12:300"
86,07/08/2026 12:00,Downwards,Energy,07/08/2026,21:00,21:30,20:00,20:30,300,Live,0,All Participants,"AXLE ENERGY LIMITED,INFINIS LIMITED,EQUIWATT LIMITED,HILDEBRAND TECHNOLOGY LIMITED,OCTOPUS ENERGY LIMITED,DRAX ENERGY SOLUTIONS LIMITED,OAKTREE POWER LIMITED,Shuffle Energy Limited,U ENERGY GROUP LIMITED,Electric Miles Limited","Z1:0,Z2:0,Z3:0,Z4:0,Z5:0,Z6:300,Z7:300,Z8:300,Z9:300,Z10:300,Z11:300,Z12:300"
86,07/08/2026 12:00,Downwards,Energy,07/08/2026,21:30,22:00,20:30,21:00,300,Live,0,All Participants,"AXLE ENERGY LIMITED,INFINIS LIMITED,EQUIWATT LIMITED,HILDEBRAND TECHNOLOGY LIMITED,OCTOPUS ENERGY LIMITED,DRAX ENERGY SOLUTIONS LIMITED,OAKTREE POWER LIMITED,Shuffle Energy Limited,U ENERGY GROUP LIMITED,Electric Miles Limited","Z1:0,Z2:0,Z3:0,Z4:0,Z5:0,Z6:300,Z7:300,Z8:300,Z9:300,Z10:300,Z11:300,Z12:300"
85,05/08/2026 12:15,Downwards,Energy,05/08/2026,17:00,17:30,16:00,16:30,500,Live,0,All Participants,"AXLE ENERGY LIMITED,INFINIS LIMITED,EQUIWATT LIMITED,HILDEBRAND TECHNOLOGY LIMITED,OCTOPUS ENERGY LIMITED,DRAX ENERGY SOLUTIONS LIMITED,OAKTREE POWER LIMITED,Shuffle Energy Limited,U ENERGY GROUP LIMITED,Electric Miles Limited","Z1:0,Z2:0,Z3:0,Z4:0,Z5:500,Z6:500,Z7:500,Z8:500,Z9:500,Z10:500,Z11:500,Z12:500"
85,05/08/2026 12:15,Downwards,Energy,05/08/2026,17:30,18:00,16:30,17:00,500,Live,0,All Participants,"AXLE ENERGY LIMITED,INFINIS LIMITED,EQUIWATT LIMITED,HILDEBRAND TECHNOLOGY LIMITED,OCTOPUS ENERGY LIMITED,DRAX ENERGY SOLUTIONS LIMITED,OAKTREE POWER LIMITED,Shuffle Energy Limited,U ENERGY GROUP LIMITED,Electric Miles Limited","Z1:0,Z2:0,Z3:0,Z4:0,Z5:500,Z6:500,Z7:500,Z8:500,Z9:500,Z10:500,Z11:500,Z12:500"
85,05/08/2026 12:15,Downwards,Energy,05/08/2026,18:00,18:30,17:00,17:30,500,Live,0,All Participants,"AXLE ENERGY LIMITED,INFINIS LIMITED,EQUIWATT LIMITED,HILDEBRAND TECHNOLOGY LIMITED,OCTOPUS ENERGY LIMITED,DRAX ENERGY SOLUTIONS LIMITED,OAKTREE POWER LIMITED,Shuffle Energy Limited,U ENERGY GROUP LIMITED,Electric Miles Limited","Z1:0,Z2:0,Z3:0,Z4:0,Z5:500,Z6:500,Z7:500,Z8:500,Z9:500,Z10:500,Z11:500,Z12:500"
85,05/08/2026 12:15,Downwards,Energy,05/08/2026,18:30,19:00,17:30,18:00,500,Live,0,All Participants,"AXLE ENERGY LIMITED,INFINIS LIMITED,EQUIWATT LIMITED,HILDEBRAND TECHNOLOGY LIMITED,OCTOPUS ENERGY LIMITED,DRAX ENERGY SOLUTIONS LIMITED,OAKTREE POWER LIMITED,Shuffle Energy Limited,U ENERGY GROUP LIMITED,Electric Miles Limited","Z1:0,Z2:0,Z3:0,Z4:0,Z5:500,Z6:500,Z7:500,Z8:500,Z9:500,Z10:500,Z11:500,Z12:500"
85,05/08/2026 12:15,Downwards,Energy,05/08/2026,19:00,19:30,18:00,18:30,500,Live,0,All Participants,"AXLE ENERGY LIMITED,INFINIS LIMITED,EQUIWATT LIMITED,HILDEBRAND TECHNOLOGY LIMITED,OCTOPUS ENERGY LIMITED,DRAX ENERGY SOLUTIONS LIMITED,OAKTREE POWER LIMITED,Shuffle Energy Limited,U ENERGY GROUP LIMITED,Electric Miles Limited","Z1:0,Z2:0,Z3:0,Z4:0,Z5:500,Z6:500,Z7:500,Z8:500,Z9:500,Z10:500,Z11:500,Z12:500"
85,05/08/2026 12:15,Downwards,Energy,05/08/2026,19:30,20:00,18:30,19:00,500,Live,0,All Participants,"AXLE ENERGY LIMITED,INFINIS LIMITED,EQUIWATT LIMITED,HILDEBRAND TECHNOLOGY LIMITED,OCTOPUS ENERGY LIMITED,DRAX ENERGY SOLUTIONS LIMITED,OAKTREE POWER LIMITED,Shuffle Energy Limited,U ENERGY GROUP LIMITED,Electric Miles Limited","Z1:0,Z2:0,Z3:0,Z4:0,Z5:500,Z6:500,Z7:500,Z8:500,Z9:500,Z10:500,Z11:500,Z12:500"
85,05/08/2026 12:15,Downwards,Energy,05/08/2026,20:00,20:30,19:00,19:30,500,Live,0,All Participants,"AXLE ENERGY LIMITED,INFINIS LIMITED,EQUIWATT LIMITED,HILDEBRAND TECHNOLOGY LIMITED,OCTOPUS ENERGY LIMITED,DRAX ENERGY SOLUTIONS LIMITED,OAKTREE POWER LIMITED,Shuffle Energy Limited,U ENERGY GROUP LIMITED,Electric Miles Limited","Z1:0,Z2:0,Z3:0,Z4:0,Z5:500,Z6:500,Z7:500,Z8:500,Z9:500,Z10:500,Z11:500,Z12:500"
85,05/08/2026 12:15,Downwards,Energy,05/08/2026,20:30,21:00,19:30,20:00,500,Live,0,All Participants,"AXLE ENERGY LIMITED,INFINIS LIMITED,EQUIWATT LIMITED,HILDEBRAND TECHNOLOGY LIMITED,OCTOPUS ENERGY LIMITED,DRAX ENERGY SOLUTIONS LIMITED,OAKTREE POWER LIMITED,Shuffle Energy Limited,U ENERGY GROUP LIMITED,Electric Miles Limited","Z1:0,Z2:0,Z3:0,Z4:0,Z5:500,Z6:500,Z7:500,Z8:500,Z9:500,Z10:500,Z11:500,Z12:500"
85,05/08/2026 12:15,Downwards,Energy,05/08/2026,21:00,21:30,20:00,20:30,500,Live,0,All Participants,"AXLE ENERGY LIMITED,INFINIS LIMITED,EQUIWATT LIMITED,HILDEBRAND TECHNOLOGY LIMITED,OCTOPUS ENERGY LIMITED,DRAX ENERGY SOLUTIONS LIMITED,OAKTREE POWER LIMITED,Shuffle Energy Limited,U ENERGY GROUP LIMITED,Electric Miles Limited","Z1:0,Z2:0,Z3:0,Z4:0,Z5:500,Z6:500,Z7:500,Z8:500,Z9:500,Z10:500,Z11:500,Z12:500"
85,05/08/2026 12:15,Downwards,Energy,05/08/2026,21:30,22:00,20:30,21:00,500,Live,0,All Participants,"AXLE ENERGY LIMITED,INFINIS LIMITED,EQUIWATT LIMITED,HILDEBRAND TECHNOLOGY LIMITED,OCTOPUS ENERGY LIMITED,DRAX ENERGY SOLUTIONS LIMITED,OAKTREE POWER LIMITED,Shuffle Energy Limited,U ENERGY GROUP LIMITED,Electric Miles Limited","Z1:0,Z2:0,Z3:0,Z4:0,Z5:500,Z6:500,Z7:500,Z8:500,Z9:500,Z10:500,Z11:500,Z12:500"
84,04/08/2026 12:00,Downwards,Energy,04/08/2026,18:00,18:30,17:00,17:30,500,Live,0,All Participants,"AXLE ENERGY LIMITED,INFINIS LIMITED,EQUIWATT LIMITED,HILDEBRAND TECHNOLOGY LIMITED,OCTOPUS ENERGY LIMITED,DRAX ENERGY SOLUTIONS LIMITED,OAKTREE POWER LIMITED,Shuffle Energy Limited,U ENERGY GROUP LIMITED,Electric Miles Limited","Z1:0,Z2:0,Z3:0,Z4:500,Z5:500,Z6:500,Z7:500,Z8:500,Z9:500,Z10:500,Z11:500,Z12:500"
84,04/08/2026 12:00,Downwards,Energy,04/08/2026,18:30,19:00,17:30,18:00,500,Live,0,All Participants,"AXLE ENERGY LIMITED,INFINIS LIMITED,EQUIWATT LIMITED,HILDEBRAND TECHNOLOGY LIMITED,OCTOPUS ENERGY LIMITED,DRAX ENERGY SOLUTIONS LIMITED,OAKTREE POWER LIMITED,Shuffle Energy Limited,U ENERGY GROUP LIMITED,Electric Miles Limited","Z1:0,Z2:0,Z3:0,Z4:500,Z5:500,Z6:500,Z7:500,Z8:500,Z9:500,Z10:500,Z11:500,Z12:500"
84,04/08/2026 12:00,Downwards,Energy,04/08/2026,19:00,19:30,18:00,18:30,500,Live,0,All Participants,"AXLE ENERGY LIMITED,INFINIS LIMITED,EQUIWATT LIMITED,HILDEBRAND TECHNOLOGY LIMITED,OCTOPUS ENERGY LIMITED,DRAX ENERGY SOLUTIONS LIMITED,OAKTREE POWER LIMITED,Shuffle Energy Limited,U ENERGY GROUP LIMITED,Electric Miles Limited","Z1:0,Z2:0,Z3:0,Z4:500,Z5:500,Z6:500,Z7:500,Z8:500,Z9:500,Z10:500,Z11:500,Z12:500"
84,04/08/2026 12:00,Downwards,Energy,04/08/2026,19:30,20:00,18:30,19:00,500,Live,0,All Participants,"AXLE ENERGY LIMITED,INFINIS LIMITED,EQUIWATT LIMITED,HILDEBRAND TECHNOLOGY LIMITED,OCTOPUS ENERGY LIMITED,DRAX ENERGY SOLUTIONS LIMITED,OAKTREE POWER LIMITED,Shuffle Energy Limited,U ENERGY GROUP LIMITED,Electric Miles Limited","Z1:0,Z2:0,Z3:0,Z4:500,Z5:500,Z6:500,Z7:500,Z8:500,Z9:500,Z10:500,Z11:500,Z12:500"
84,04/08/2026 12:00,Downwards,Energy,04/08/2026,20:00,20:30,19:00,19:30,500,Live,0,All Participants,"AXLE ENERGY LIMITED,INFINIS LIMITED,EQUIWATT LIMITED,HILDEBRAND TECHNOLOGY LIMITED,OCTOPUS ENERGY LIMITED,DRAX ENERGY SOLUTIONS LIMITED,OAKTREE POWER LIMITED,Shuffle Energy Limited,U ENERGY GROUP LIMITED,Electric Miles Limited","Z1:0,Z2:0,Z3:0,Z4:500,Z5:500,Z6:500,Z7:500,Z8:500,Z9:500,Z10:500,Z11:500,Z12:500"
84,04/08/2026 12:00,Downwards,Energy,04/08/2026,20:30,21:00,19:30,20:00,500,Live,0,All Participants,"AXLE ENERGY LIMITED,INFINIS LIMITED,EQUIWATT LIMITED,HILDEBRAND TECHNOLOGY LIMITED,OCTOPUS ENERGY LIMITED,DRAX ENERGY SOLUTIONS LIMITED,OAKTREE POWER LIMITED,Shuffle Energy Limited,U ENERGY GROUP LIMITED,Electric Miles Limited","Z1:0,Z2:0,Z3:0,Z4:500,Z5:500,Z6:500,Z7:500,Z8:500,Z9:500,Z10:500,Z11:500,Z12:500"
83,03/08/2026 12:00,Downwards,Energy,03/08/2026,18:00,18:30,17:00,17:30,500,Live,0,All Participants,"AXLE ENERGY LIMITED,INFINIS LIMITED,EQUIWATT LIMITED,HILDEBRAND TECHNOLOGY LIMITED,OCTOPUS ENERGY LIMITED,DRAX ENERGY SOLUTIONS LIMITED,OAKTREE POWER LIMITED,Shuffle Energy Limited,U ENERGY GROUP LIMITED,Electric Miles Limited","Z1:0,Z2:0,Z3:0,Z4:500,Z5:500,Z6:500,Z7:500,Z8:500,Z9:500,Z10:500,Z11:500,Z12:500"
83,03/08/2026 12:00,Downwards,Energy,03/08/2026,18:30,19:00,17:30,18:00,500,Live,0,All Participants,"AXLE ENERGY LIMITED,INFINIS LIMITED,EQUIWATT LIMITED,HILDEBRAND TECHNOLOGY LIMITED,OCTOPUS ENERGY LIMITED,DRAX ENERGY SOLUTIONS LIMITED,OAKTREE POWER LIMITED,Shuffle Energy Limited,U ENERGY GROUP LIMITED,Electric Miles Limited","Z1:0,Z2:0,Z3:0,Z4:500,Z5:500,Z6:500,Z7:500,Z8:500,Z9:500,Z10:500,Z11:500,Z12:500"
83,03/08/2026 12:00,Downwards,Energy,03/08/2026,19:00,19:30,18:00,18:30,500,Live,0,All Participants,"AXLE ENERGY LIMITED,INFINIS LIMITED,EQUIWATT LIMITED,HILDEBRAND TECHNOLOGY LIMITED,OCTOPUS ENERGY LIMITED,DRAX ENERGY SOLUTIONS LIMITED,OAKTREE POWER LIMITED,Shuffle Energy Limited,U ENERGY GROUP LIMITED,Electric Miles Limited","Z1:0,Z2:0,Z3:0,Z4:500,Z5:500,Z6:500,Z7:500,Z8:500,Z9:500,Z10:500,Z11:500,Z12:500"
83,03/08/2026 12:00,Downwards,Energy,03/08/2026,19:30,20:00,18:30,19:00,500,Live,0,All Participants,"AXLE ENERGY LIMITED,INFINIS LIMITED,EQUIWATT LIMITED,HILDEBRAND TECHNOLOGY LIMITED,OCTOPUS ENERGY LIMITED,DRAX ENERGY SOLUTIONS LIMITED,OAKTREE POWER LIMITED,Shuffle Energy Limited,U ENERGY GROUP LIMITED,Electric Miles Limited","Z1:0,Z2:0,Z3:0,Z4:500,Z5:500,Z6:500,Z7:500,Z8:500,Z9:500,Z10:500,Z11:500,Z12:500"
83,03/08/2026 12:00,Downwards,Energy,03/08/2026,20:00,20:30,19:00,19:30,500,Live,0,All Participants,"AXLE ENERGY LIMITED,INFINIS LIMITED,EQUIWATT LIMITED,HILDEBRAND TECHNOLOGY LIMITED,OCTOPUS ENERGY LIMITED,DRAX ENERGY SOLUTIONS LIMITED,OAKTREE POWER LIMITED,Shuffle Energy Limited,U ENERGY GROUP LIMITED,Electric Miles Limited","Z1:0,Z2:0,Z3:0,Z4:500,Z5:500,Z6:500,Z7:500,Z8:500,Z9:500,Z10:500,Z11:500,Z12:500"
83,03/08/2026 12:00,Downwards,Energy,03/08/2026,20:30,21:00,19:30,20:00,500,Live,0,All Participants,"AXLE ENERGY LIMITED,INFINIS LIMITED,EQUIWATT LIMITED,HILDEBRAND TECHNOLOGY LIMITED,OCTOPUS ENERGY LIMITED,DRAX ENERGY SOLUTIONS LIMITED,OAKTREE POWER LIMITED,Shuffle Energy Limited,U ENERGY GROUP LIMITED,Electric Miles Limited","Z1:0,Z2:0,Z3:0,Z4:500,Z5:500,Z6:500,Z7:500,Z8:500,Z9:500,Z10:500,Z11:500,Z12:500"
83,03/08/2026 12:00,Downwards,Energy,03/08/2026,21:00,21:30,20:00,20:30,500,Live,0,All Participants,"AXLE ENERGY LIMITED,INFINIS LIMITED,EQUIWATT LIMITED,HILDEBRAND TECHNOLOGY LIMITED,OCTOPUS ENERGY LIMITED,DRAX ENERGY SOLUTIONS LIMITED,OAKTREE POWER LIMITED,Shuffle Energy Limited,U ENERGY GROUP LIMITED,Electric Miles Limited","Z1:0,Z2:0,Z3:0,Z4:500,Z5:500,Z6:500,Z7:500,Z8:500,Z9:500,Z10:500,Z11:500,Z12:500"
83,03/08/2026 12:00,Downwards,Energy,03/08/2026,21:30,22:00,20:30,21:00,500,Live,0,All Participants,"AXLE ENERGY LIMITED,INFINIS LIMITED,EQUIWATT LIMITED,HILDEBRAND TECHNOLOGY LIMITED,OCTOPUS ENERGY LIMITED,DRAX ENERGY SOLUTIONS LIMITED,OAKTREE POWER LIMITED,Shuffle Energy Limited,U ENERGY GROUP LIMITED,Electric Miles Limited","Z1:0,Z2:0,Z3:0,Z4:500,Z5:500,Z6:500,Z7:500,Z8:500,Z9:500,Z10:500,Z11:500,Z12:500"
82,30/07/2026 12:00,Downwards,Energy,30/07/2026,19:00,19:30,18:00,18:30,500,Live,0,All Participants,"AXLE ENERGY LIMITED,INFINIS LIMITED,EQUIWATT LIMITED,HILDEBRAND TECHNOLOGY LIMITED,OCTOPUS ENERGY LIMITED,DRAX ENERGY SOLUTIONS LIMITED,OAKTREE POWER LIMITED,Shuffle Energy Limited,U ENERGY GROUP LIMITED,Electric Miles Limited","Z1:0,Z2:0,Z3:0,Z4:500,Z5:500,Z6:500,Z7:500,Z8:500,Z9:500,Z10:500,Z11:500,Z12:500"
82,30/07/2026 12:00,Downwards,Energy,30/07/2026,19:30,20:00,18:30,19:00,500,Live,0,All Participants,"AXLE ENERGY LIMITED,INFINIS LIMITED,EQUIWATT LIMITED,HILDEBRAND TECHNOLOGY LIMITED,OCTOPUS ENERGY LIMITED,DRAX ENERGY SOLUTIONS LIMITED,OAKTREE POWER LIMITED,Shuffle Energy Limited,U ENERGY GROUP LIMITED,Electric Miles Limited","Z1:0,Z2:0,Z3:0,Z4:500,Z5:500,Z6:500,Z7:500,Z8:500,Z9:500,Z10:500,Z11:500,Z12:500"
82,30/07/2026 12:00,Downwards,Energy,30/07/2026,20:00,20:30,19:00,19:30,500,Live,0,All Participants,"AXLE ENERGY LIMITED,INFINIS LIMITED,EQUIWATT LIMITED,HILDEBRAND TECHNOLOGY LIMITED,OCTOPUS ENERGY LIMITED,DRAX ENERGY SOLUTIONS LIMITED,OAKTREE POWER LIMITED,Shuffle Energy Limited,U ENERGY GROUP LIMITED,Electric Miles Limited","Z1:0,Z2:0,Z3:0,Z4:500,Z5:500,Z6:500,Z7:500,Z8:500,Z9:500,Z10:500,Z11:500,Z12:500"
82,30/07/2026 12:00,Downwards,Energy,30/07/2026,20:30,21:00,19:30,20:00,500,Live,0,All Participants,"AXLE ENERGY LIMITED,INFINIS LIMITED,EQUIWATT LIMITED,HILDEBRAND TECHNOLOGY LIMITED,OCTOPUS ENERGY LIMITED,DRAX ENERGY SOLUTIONS LIMITED,OAKTREE POWER LIMITED,Shuffle Energy Limited,U ENERGY GROUP LIMITED,Electric Miles Limited","Z1:0,Z2:0,Z3:0,Z4:500,Z5:500,Z6:500,Z7:500,Z8:500,Z9:500,Z10:500,Z11:500,Z12:500"
82,30/07/2026 12:00,Downwards,Energy,30/07/2026,21:00,21:30,20:00,20:30,500,Live,0,All Participants,"AXLE ENERGY LIMITED,INFINIS LIMITED,EQUIWATT LIMITED,HILDEBRAND TECHNOLOGY LIMITED,OCTOPUS ENERGY LIMITED,DRAX ENERGY SOLUTIONS LIMITED,OAKTREE POWER LIMITED,Shuffle Energy Limited,U ENERGY GROUP LIMITED,Electric Miles Limited","Z1:0,Z2:0,Z3:0,Z4:500,Z5:500,Z6:500,Z7:500,Z8:500,Z9:500,Z10:500,Z11:500,Z12:500"
82,30/07/2026 12:00,Downwards,Energy,30/07/2026,21:30,22:00,20:30,21:00,500,Live,0,All Participants,"AXLE ENERGY LIMITED,INFINIS LIMITED,EQUIWATT LIMITED,HILDEBRAND TECHNOLOGY LIMITED,OCTOPUS ENERGY LIMITED,DRAX ENERGY SOLUTIONS LIMITED,OAKTREE POWER LIMITED,Shuffle Energy Limited,U ENERGY GROUP LIMITED,Electric Miles Limited","Z1:0,Z2:0,Z3:0,Z4:500,Z5:500,Z6:500,Z7:500,Z8:500,Z9:500,Z10:500,Z11:500,Z12:500"
81,29/07/2026 12:00,Downwards,Energy,29/07/2026,18:00,18:30,17:00,17:30,500,Live,0,All Participants,"AXLE ENERGY LIMITED,INFINIS LIMITED,EQUIWATT LIMITED,HILDEBRAND TECHNOLOGY LIMITED,OCTOPUS ENERGY LIMITED,DRAX ENERGY SOLUTIONS LIMITED,OAKTREE POWER LIMITED,Shuffle Energy Limited,U ENERGY GROUP LIMITED,Electric Miles Limited","Z1:0,Z2:0,Z3:0,Z4:500,Z5:500,Z6:500,Z7:500,Z8:500,Z9:500,Z10:500,Z11:500,Z12:500"
81,29/07/2026 12:00,Downwards,Energy,29/07/2026,18:30,19:00,17:30,18:00,500,Live,0,All Participants,"AXLE ENERGY LIMITED,INFINIS LIMITED,EQUIWATT LIMITED,HILDEBRAND TECHNOLOGY LIMITED,OCTOPUS ENERGY LIMITED,DRAX ENERGY SOLUTIONS LIMITED,OAKTREE POWER LIMITED,Shuffle Energy Limited,U ENERGY GROUP LIMITED,Electric Miles Limited","Z1:0,Z2:0,Z3:0,Z4:500,Z5:500,Z6:500,Z7:500,Z8:500,Z9:500,Z10:500,Z11:500,Z12:500"
81,29/07/2026 12:00,Downwards,Energy,29/07/2026,19:00,19:30,18:00,18:30,500,Live,0,All Participants,"AXLE ENERGY LIMITED,INFINIS LIMITED,EQUIWATT LIMITED,HILDEBRAND TECHNOLOGY LIMITED,OCTOPUS ENERGY LIMITED,DRAX ENERGY SOLUTIONS LIMITED,OAKTREE POWER LIMITED,Shuffle Energy Limited,U ENERGY GROUP LIMITED,Electric Miles Limited","Z1:0,Z2:0,Z3:0,Z4:500,Z5:500,Z6:500,Z7:500,Z8:500,Z9:500,Z10:500,Z11:500,Z12:500"
81,29/07/2026 12:00,Downwards,Energy,29/07/2026,19:30,20:00,18:30,19:00,500,Live,0,All Participants,"AXLE ENERGY LIMITED,INFINIS LIMITED,EQUIWATT LIMITED,HILDEBRAND TECHNOLOGY LIMITED,OCTOPUS ENERGY LIMITED,DRAX ENERGY SOLUTIONS LIMITED,OAKTREE POWER LIMITED,Shuffle Energy Limited,U ENERGY GROUP LIMITED,Electric Miles Limited","Z1:0,Z2:0,Z3:0,Z4:500,Z5:500,Z6:500,Z7:500,Z8:500,Z9:500,Z10:500,Z11:500,Z12:500"
81,29/07/2026 12:00,Downwards,Energy,29/07/2026,20:00,20:30,19:00,19:30,500,Live,0,All Participants,"AXLE ENERGY LIMITED,INFINIS LIMITED,EQUIWATT LIMITED,HILDEBRAND TECHNOLOGY LIMITED,OCTOPUS ENERGY LIMITED,DRAX ENERGY SOLUTIONS LIMITED,OAKTREE POWER LIMITED,Shuffle Energy Limited,U ENERGY GROUP LIMITED,Electric Miles Limited","Z1:0,Z2:0,Z3:0,Z4:500,Z5:500,Z6:500,Z7:500,Z8:500,Z9:500,Z10:500,Z11:500,Z12:500"
81,29/07/2026 12:00,Downwards,Energy,29/07/2026,20:30,21:00,19:30,20:00,500,Live,0,All Participants,"AXLE ENERGY LIMITED,INFINIS LIMITED,EQUIWATT LIMITED,HILDEBRAND TECHNOLOGY LIMITED,OCTOPUS ENERGY LIMITED,DRAX ENERGY SOLUTIONS LIMITED,OAKTREE POWER LIMITED,Shuffle Energy Limited,U ENERGY GROUP LIMITED,Electric Miles Limited","Z1:0,Z2:0,Z3:0,Z4:500,Z5:500,Z6:500,Z7:500,Z8:500,Z9:500,Z10:500,Z11:500,Z12:500"
81,29/07/2026 12:00,Downwards,Energy,29/07/2026,21:00,21:30,20:00,20:30,500,Live,0,All Participants,"AXLE ENERGY LIMITED,INFINIS LIMITED,EQUIWATT LIMITED,HILDEBRAND TECHNOLOGY LIMITED,OCTOPUS ENERGY LIMITED,DRAX ENERGY SOLUTIONS LIMITED,OAKTREE POWER LIMITED,Shuffle Energy Limited,U ENERGY GROUP LIMITED,Electric Miles Limited","Z1:0,Z2:0,Z3:0,Z4:500,Z5:500,Z6:500,Z7:500,Z8:500,Z9:500,Z10:500,Z11:500,Z12:500"
81,29/07/2026 12:00,Downwards,Energy,29/07/2026,21:30,22:00,20:30,21:00,500,Live,0,All Participants,"AXLE ENERGY LIMITED,INFINIS LIMITED,EQUIWATT LIMITED,HILDEBRAND TECHNOLOGY LIMITED,OCTOPUS ENERGY LIMITED,DRAX ENERGY SOLUTIONS LIMITED,OAKTREE POWER LIMITED,Shuffle Energy Limited,U ENERGY GROUP LIMITED,Electric Miles Limited","Z1:0,Z2:0,Z3:0,Z4:500,Z5:500,Z6:500,Z7:500,Z8:500,Z9:500,Z10:500,Z11:500,Z12:500"
80,28/07/2026 12:00,Downwards,Energy,28/07/2026,18:00,18:30,17:00,17:30,500,Live,0,All Participants,"AXLE ENERGY LIMITED,INFINIS LIMITED,EQUIWATT LIMITED,HILDEBRAND TECHNOLOGY LIMITED,OCTOPUS ENERGY LIMITED,DRAX ENERGY SOLUTIONS LIMITED,OAKTREE POWER LIMITED,Shuffle Energy Limited,U ENERGY GROUP LIMITED,Electric Miles Limited","Z1:0,Z2:0,Z3:0,Z4:500,Z5:0,Z6:500,Z7:500,Z8:500,Z9:500,Z10:500,Z11:500,Z12:500"
80,28/07/2026 12:00,Downwards,Energy,28/07/2026,18:30,19:00,17:30,18:00,500,Live,0,All Participants,"AXLE ENERGY LIMITED,INFINIS LIMITED,EQUIWATT LIMITED,HILDEBRAND TECHNOLOGY LIMITED,OCTOPUS ENERGY LIMITED,DRAX ENERGY SOLUTIONS LIMITED,OAKTREE POWER LIMITED,Shuffle Energy Limited,U ENERGY GROUP LIMITED,Electric Miles Limited","Z1:0,Z2:0,Z3:0,Z4:500,Z5:0,Z6:500,Z7:500,Z8:500,Z9:500,Z10:500,Z11:500,Z12:500"
80,28/07/2026 12:00,Downwards,Energy,28/07/2026,19:00,19:30,18:00,18:30,500,Live,0,All Participants,"AXLE ENERGY LIMITED,INFINIS LIMITED,EQUIWATT LIMITED,HILDEBRAND TECHNOLOGY LIMITED,OCTOPUS ENERGY LIMITED,DRAX ENERGY SOLUTIONS LIMITED,OAKTREE POWER LIMITED,Shuffle Energy Limited,U ENERGY GROUP LIMITED,Electric Miles Limited","Z1:0,Z2:0,Z3:0,Z4:500,Z5:0,Z6:500,Z7:500,Z8:500,Z9:500,Z10:500,Z11:500,Z12:500"
80,28/07/2026 12:00,Downwards,Energy,28/07/2026,19:30,20:00,18:30,19:00,500,Live,0,All Participants,"AXLE ENERGY LIMITED,INFINIS LIMITED,EQUIWATT LIMITED,HILDEBRAND TECHNOLOGY LIMITED,OCTOPUS ENERGY LIMITED,DRAX ENERGY SOLUTIONS LIMITED,OAKTREE POWER LIMITED,Shuffle Energy Limited,U ENERGY GROUP LIMITED,Electric Miles Limited","Z1:0,Z2:0,Z3:0,Z4:500,Z5:0,Z6:500,Z7:500,Z8:500,Z9:500,Z10:500,Z11:500,Z12:500"
80,28/07/2026 12:00,Downwards,Energy,28/07/2026,20:00,20:30,19:00,19:30,500,Live,0,All Participants,"AXLE ENERGY LIMITED,INFINIS LIMITED,EQUIWATT LIMITED,HILDEBRAND TECHNOLOGY LIMITED,OCTOPUS ENERGY LIMITED,DRAX ENERGY SOLUTIONS LIMITED,OAKTREE POWER LIMITED,Shuffle Energy Limited,U ENERGY GROUP LIMITED,Electric Miles Limited","Z1:0,Z2:0,Z3:0,Z4:500,Z5:0,Z6:500,Z7:500,Z8:500,Z9:500,Z10:500,Z11:500,Z12:500"
80,28/07/2026 12:00,Downwards,Energy,28/07/2026,20:30,21:00,19:30,20:00,500,Live,0,All Participants,"AXLE ENERGY LIMITED,INFINIS LIMITED,EQUIWATT LIMITED,HILDEBRAND TECHNOLOGY LIMITED,OCTOPUS ENERGY LIMITED,DRAX ENERGY SOLUTIONS LIMITED,OAKTREE POWER LIMITED,Shuffle Energy Limited,U ENERGY GROUP LIMITED,Electric Miles Limited","Z1:0,Z2:0,Z3:0,Z4:500,Z5:0,Z6:500,Z7:500,Z8:500,Z9:500,Z10:500,Z11:500,Z12:500"
79,27/07/2026 12:45,Downwards,Energy,27/07/2026,18:00,18:30,17:00,17:30,500,Live,0,All Participants,"AXLE ENERGY LIMITED,INFINIS LIMITED,EQUIWATT LIMITED,HILDEBRAND TECHNOLOGY LIMITED,OCTOPUS ENERGY LIMITED,DRAX ENERGY SOLUTIONS LIMITED,OAKTREE POWER LIMITED,Shuffle Energy Limited,U ENERGY GROUP LIMITED,Electric Miles Limited","Z1:0,Z2:0,Z3:0,Z4:500,Z5:500,Z6:500,Z7:500,Z8:500,Z9:500,Z10:500,Z11:500,Z12:500"
79,27/07/2026 12:45,Downwards,Energy,27/07/2026,18:30,19:00,17:30,18:00,500,Live,0,All Participants,"AXLE ENERGY LIMITED,INFINIS LIMITED,EQUIWATT LIMITED,HILDEBRAND TECHNOLOGY LIMITED,OCTOPUS ENERGY LIMITED,DRAX ENERGY SOLUTIONS LIMITED,OAKTREE POWER LIMITED,Shuffle Energy Limited,U ENERGY GROUP LIMITED,Electric Miles Limited","Z1:0,Z2:0,Z3:0,Z4:500,Z5:500,Z6:500,Z7:500,Z8:500,Z9:500,Z10:500,Z11:500,Z12:500"
79,27/07/2026 12:45,Downwards,Energy,27/07/2026,19:00,19:30,18:00,18:30,500,Live,0,All Participants,"AXLE ENERGY LIMITED,INFINIS LIMITED,EQUIWATT LIMITED,HILDEBRAND TECHNOLOGY LIMITED,OCTOPUS ENERGY LIMITED,DRAX ENERGY SOLUTIONS LIMITED,OAKTREE POWER LIMITED,Shuffle Energy Limited,U ENERGY GROUP LIMITED,Electric Miles Limited","Z1:0,Z2:0,Z3:0,Z4:500,Z5:500,Z6:500,Z7:500,Z8:500,Z9:500,Z10:500,Z11:500,Z12:500"
79,27/07/2026 12:45,Downwards,Energy,27/07/2026,19:30,20:00,18:30,19:00,500,Live,0,All Participants,"AXLE ENERGY LIMITED,INFINIS LIMITED,EQUIWATT LIMITED,HILDEBRAND TECHNOLOGY LIMITED,OCTOPUS ENERGY LIMITED,DRAX ENERGY SOLUTIONS LIMITED,OAKTREE POWER LIMITED,Shuffle Energy Limited,U ENERGY GROUP LIMITED,Electric Miles Limited","Z1:0,Z2:0,Z3:0,Z4:500,Z5:500,Z6:500,Z7:500,Z8:500,Z9:500,Z10:500,Z11:500,Z12:500"
79,27/07/2026 12:45,Downwards,Energy,27/07/2026,20:00,20:30,19:00,19:30,500,Live,0,All Participants,"AXLE ENERGY LIMITED,INFINIS LIMITED,EQUIWATT LIMITED,HILDEBRAND TECHNOLOGY LIMITED,OCTOPUS ENERGY LIMITED,DRAX ENERGY SOLUTIONS LIMITED,OAKTREE POWER LIMITED,Shuffle Energy Limited,U ENERGY GROUP LIMITED,Electric Miles Limited","Z1:0,Z2:0,Z3:0,Z4:500,Z5:500,Z6:500,Z7:500,Z8:500,Z9:500,Z10:500,Z11:500,Z12:500"
79,27/07/2026 12:45,Downwards,Energy,27/07/2026,20:30,21:00,19:30,20:00,500,Live,0,All Participants,"AXLE ENERGY LIMITED,INFINIS LIMITED,EQUIWATT LIMITED,HILDEBRAND TECHNOLOGY LIMITED,OCTOPUS ENERGY LIMITED,DRAX ENERGY SOLUTIONS LIMITED,OAKTREE POWER LIMITED,Shuffle Energy Limited,U ENERGY GROUP LIMITED,Electric Miles Limited","Z1:0,Z2:0,Z3:0,Z4:500,Z5:500,Z6:500,Z7:500,Z8:500,Z9:500,Z10:500,Z11:500,Z12:500"
79,27/07/2026 12:45,Downwards,Energy,27/07/2026,21:00,21:30,20:00,20:30,500,Live,0,All Participants,"AXLE ENERGY LIMITED,INFINIS LIMITED,EQUIWATT LIMITED,HILDEBRAND TECHNOLOGY LIMITED,OCTOPUS ENERGY LIMITED,DRAX ENERGY SOLUTIONS LIMITED,OAKTREE POWER LIMITED,Shuffle Energy Limited,U ENERGY GROUP LIMITED,Electric Miles Limited","Z1:0,Z2:0,Z3:0,Z4:500,Z5:500,Z6:500,Z7:500,Z8:500,Z9:500,Z10:500,Z11:500,Z12:500"
79,27/07/2026 12:45,Downwards,Energy,27/07/2026,21:30,22:00,20:30,21:00,500,Live,0,All Participants,"AXLE ENERGY LIMITED,INFINIS LIMITED,EQUIWATT LIMITED,HILDEBRAND TECHNOLOGY LIMITED,OCTOPUS ENERGY LIMITED,DRAX ENERGY SOLUTIONS LIMITED,OAKTREE POWER LIMITED,Shuffle Energy Limited,U ENERGY GROUP LIMITED,Electric Miles Limited","Z1:0,Z2:0,Z3:0,Z4:500,Z5:500,Z6:500,Z7:500,Z8:500,Z9:500,Z10:500,Z11:500,Z12:500"
78,26/07/2026 10:15,Upwards,Energy,26/07/2026,11:00,11:30,10:00,10:30,300,Live,0,All Participants,"AXLE ENERGY LIMITED,INFINIS LIMITED,EQUIWATT LIMITED,HILDEBRAND TECHNOLOGY LIMITED,OCTOPUS ENERGY LIMITED,DRAX ENERGY SOLUTIONS LIMITED,OAKTREE POWER LIMITED,Shuffle Energy Limited,U ENERGY GROUP LIMITED,Electric Miles Limited","Z1:300,Z2:300,Z3:300,Z4:300,Z5:300,Z6:300,Z7:300,Z8:300,Z9:300,Z10:300,Z11:300,Z12:300"
78,26/07/2026 10:15,Upwards,Energy,26/07/2026,11:30,12:00,10:30,11:00,300,Live,0,All Participants,"AXLE ENERGY LIMITED,INFINIS LIMITED,EQUIWATT LIMITED,HILDEBRAND TECHNOLOGY LIMITED,OCTOPUS ENERGY LIMITED,DRAX ENERGY SOLUTIONS LIMITED,OAKTREE POWER LIMITED,Shuffle Energy Limited,U ENERGY GROUP LIMITED,Electric Miles Limited","Z1:300,Z2:300,Z3:300,Z4:300,Z5:300,Z6:300,Z7:300,Z8:300,Z9:300,Z10:300,Z11:300,Z12:300"
78,26/07/2026 10:15,Upwards,Energy,26/07/2026,12:00,12:30,11:00,11:30,300,Live,0,All Participants,"AXLE ENERGY LIMITED,INFINIS LIMITED,EQUIWATT LIMITED,HILDEBRAND TECHNOLOGY LIMITED,OCTOPUS ENERGY LIMITED,DRAX ENERGY SOLUTIONS LIMITED,OAKTREE POWER LIMITED,Shuffle Energy Limited,U ENERGY GROUP LIMITED,Electric Miles Limited","Z1:300,Z2:300,Z3:300,Z4:300,Z5:300,Z6:300,Z7:300,Z8:300,Z9:300,Z10:300,Z11:300,Z12:300"
78,26/07/2026 10:15,Upwards,Energy,26/07/2026,12:30,13:00,11:30,12:00,300,Live,0,All Participants,"AXLE ENERGY LIMITED,INFINIS LIMITED,EQUIWATT LIMITED,HILDEBRAND TECHNOLOGY LIMITED,OCTOPUS ENERGY LIMITED,DRAX ENERGY SOLUTIONS LIMITED,OAKTREE POWER LIMITED,Shuffle Energy Limited,U ENERGY GROUP LIMITED,Electric Miles Limited","Z1:300,Z2:300,Z3:300,Z4:300,Z5:300,Z6:300,Z7:300,Z8:300,Z9:300,Z10:300,Z11:300,Z12:300"
78,26/07/2026 10:15,Upwards,Energy,26/07/2026,13:00,13:30,12:00,12:30,300,Live,0,All Participants,"AXLE ENERGY LIMITED,INFINIS LIMITED,EQUIWATT LIMITED,HILDEBRAND TECHNOLOGY LIMITED,OCTOPUS ENERGY LIMITED,DRAX ENERGY SOLUTIONS LIMITED,OAKTREE POWER LIMITED,Shuffle Energy Limited,U ENERGY GROUP LIMITED,Electric Miles Limited","Z1:300,Z2:300,Z3:300,Z4:300,Z5:300,Z6:300,Z7:300,Z8:300,Z9:300,Z10:300,Z11:300,Z12:300"
78,26/07/2026 10:15,Upwards,Energy,26/07/2026,13:30,14:00,12:30,13:00,300,Live,0,All Participants,"AXLE ENERGY LIMITED,INFINIS LIMITED,EQUIWATT LIMITED,HILDEBRAND TECHNOLOGY LIMITED,OCTOPUS ENERGY LIMITED,DRAX ENERGY SOLUTIONS LIMITED,OAKTREE POWER LIMITED,Shuffle Energy Limited,U ENERGY GROUP LIMITED,Electric Miles Limited","Z1:300,Z2:300,Z3:300,Z4:300,Z5:300,Z6:300,Z7:300,Z8:300,Z9:300,Z10:300,Z11:300,Z12:300"
78,26/07/2026 10:15,Upwards,Energy,26/07/2026,14:00,14:30,13:00,13:30,300,Live,0,All Participants,"AXLE ENERGY LIMITED,INFINIS LIMITED,EQUIWATT LIMITED,HILDEBRAND TECHNOLOGY LIMITED,OCTOPUS ENERGY LIMITED,DRAX ENERGY SOLUTIONS LIMITED,OAKTREE POWER LIMITED,Shuffle Energy Limited,U ENERGY GROUP LIMITED,Electric Miles Limited","Z1:300,Z2:300,Z3:300,Z4:300,Z5:300,Z6:300,Z7:300,Z8:300,Z9:300,Z10:300,Z11:300,Z12:300"
78,26/07/2026 10:15,Upwards,Energy,26/07/2026,14:30,15:00,13:30,14:00,300,Live,0,All Participants,"AXLE ENERGY LIMITED,INFINIS LIMITED,EQUIWATT LIMITED,HILDEBRAND TECHNOLOGY LIMITED,OCTOPUS ENERGY LIMITED,DRAX ENERGY SOLUTIONS LIMITED,OAKTREE POWER LIMITED,Shuffle Energy Limited,U ENERGY GROUP LIMITED,Electric Miles Limited","Z1:300,Z2:300,Z3:300,Z4:300,Z5:300,Z6:300,Z7:300,Z8:300,Z9:300,Z10:300,Z11:300,Z12:300"
78,26/07/2026 10:15,Upwards,Energy,26/07/2026,15:00,15:30,14:00,14:30,300,Live,0,All Participants,"AXLE ENERGY LIMITED,INFINIS LIMITED,EQUIWATT LIMITED,HILDEBRAND TECHNOLOGY LIMITED,OCTOPUS ENERGY LIMITED,DRAX ENERGY SOLUTIONS LIMITED,OAKTREE POWER LIMITED,Shuffle Energy Limited,U ENERGY GROUP LIMITED,Electric Miles Limited","Z1:300,Z2:300,Z3:300,Z4:300,Z5:300,Z6:300,Z7:300,Z8:300,Z9:300,Z10:300,Z11:300,Z12:300"
78,26/07/2026 10:15,Upwards,Energy,26/07/2026,15:30,16:00,14:30,15:00,300,Live,0,All Participants,"AXLE ENERGY LIMITED,INFINIS LIMITED,EQUIWATT LIMITED,HILDEBRAND TECHNOLOGY LIMITED,OCTOPUS ENERGY LIMITED,DRAX ENERGY SOLUTIONS LIMITED,OAKTREE POWER LIMITED,Shuffle Energy Limited,U ENERGY GROUP LIMITED,Electric Miles Limited","Z1:300,Z2:300,Z3:300,Z4:300,Z5:300,Z6:300,Z7:300,Z8:300,Z9:300,Z10:300,Z11:300,Z12:300"
77,25/07/2026 12:00,Downwards,Energy,25/07/2026,19:00,19:30,18:00,18:30,300,Live,0,All Participants,"AXLE ENERGY LIMITED,INFINIS LIMITED,EQUIWATT LIMITED,HILDEBRAND TECHNOLOGY LIMITED,OCTOPUS ENERGY LIMITED,DRAX ENERGY SOLUTIONS LIMITED,OAKTREE POWER LIMITED,Shuffle Energy Limited,U ENERGY GROUP LIMITED,Electric Miles Limited","Z1:0,Z2:0,Z3:0,Z4:300,Z5:300,Z6:300,Z7:300,Z8:300,Z9:300,Z10:300,Z11:300,Z12:300"
77,25/07/2026 12:00,Downwards,Energy,25/07/2026,19:30,20:00,18:30,19:00,300,Live,0,All Participants,"AXLE ENERGY LIMITED,INFINIS LIMITED,EQUIWATT LIMITED,HILDEBRAND TECHNOLOGY LIMITED,OCTOPUS ENERGY LIMITED,DRAX ENERGY SOLUTIONS LIMITED,OAKTREE POWER LIMITED,Shuffle Energy Limited,U ENERGY GROUP LIMITED,Electric Miles Limited","Z1:0,Z2:0,Z3:0,Z4:300,Z5:300,Z6:300,Z7:300,Z8:300,Z9:300,Z10:300,Z11:300,Z12:300"
77,25/07/2026 12:00,Downwards,Energy,25/07/2026,20:00,20:30,19:00,19:30,300,Live,0,All Participants,"AXLE ENERGY LIMITED,INFINIS LIMITED,EQUIWATT LIMITED,HILDEBRAND TECHNOLOGY LIMITED,OCTOPUS ENERGY LIMITED,DRAX ENERGY SOLUTIONS LIMITED,OAKTREE POWER LIMITED,Shuffle Energy Limited,U ENERGY GROUP LIMITED,Electric Miles Limited","Z1:0,Z2:0,Z3:0,Z4:300,Z5:300,Z6:300,Z7:300,Z8:300,Z9:300,Z10:300,Z11:300,Z12:300"
77,25/07/2026 12:00,Downwards,Energy,25/07/2026,20:30,21:00,19:30,20:00,300,Live,0,All Participants,"AXLE ENERGY LIMITED,INFINIS LIMITED,EQUIWATT LIMITED,HILDEBRAND TECHNOLOGY LIMITED,OCTOPUS ENERGY LIMITED,DRAX ENERGY SOLUTIONS LIMITED,OAKTREE POWER LIMITED,Shuffle Energy Limited,U ENERGY GROUP LIMITED,Electric Miles Limited","Z1:0,Z2:0,Z3:0,Z4:300,Z5:300,Z6:300,Z7:300,Z8:300,Z9:300,Z10:300,Z11:300,Z12:300"
77,25/07/2026 12:00,Downwards,Energy,25/07/2026,21:00,21:30,20:00,20:30,300,Live,0,All Participants,"AXLE ENERGY LIMITED,INFINIS LIMITED,EQUIWATT LIMITED,HILDEBRAND TECHNOLOGY LIMITED,OCTOPUS ENERGY LIMITED,DRAX ENERGY SOLUTIONS LIMITED,OAKTREE POWER LIMITED,Shuffle Energy Limited,U ENERGY GROUP LIMITED,Electric Miles Limited","Z1:0,Z2:0,Z3:0,Z4:300,Z5:300,Z6:300,Z7:300,Z8:300,Z9:300,Z10:300,Z11:300,Z12:300"
77,25/07/2026 12:00,Downwards,Energy,25/07/2026,21:30,22:00,20:30,21:00,300,Live,0,All Participants,"AXLE ENERGY LIMITED,INFINIS LIMITED,EQUIWATT LIMITED,HILDEBRAND TECHNOLOGY LIMITED,OCTOPUS ENERGY LIMITED,DRAX ENERGY SOLUTIONS LIMITED,OAKTREE POWER LIMITED,Shuffle Energy Limited,U ENERGY GROUP LIMITED,Electric Miles Limited","Z1:0,Z2:0,Z3:0,Z4:300,Z5:300,Z6:300,Z7:300,Z8:300,Z9:300,Z10:300,Z11:300,Z12:300"
76,25/07/2026 10:00,Upwards,Energy,25/07/2026,11:00,11:30,10:00,10:30,500,Live,0,All Participants,"AXLE ENERGY LIMITED,INFINIS LIMITED,EQUIWATT LIMITED,HILDEBRAND TECHNOLOGY LIMITED,OCTOPUS ENERGY LIMITED,DRAX ENERGY SOLUTIONS LIMITED,OAKTREE POWER LIMITED,Shuffle Energy Limited,U ENERGY GROUP LIMITED,Electric Miles Limited","Z1:500,Z2:500,Z3:500,Z4:500,Z5:500,Z6:500,Z7:500,Z8:500,Z9:500,Z10:500,Z11:500,Z12:500"
76,25/07/2026 10:00,Upwards,Energy,25/07/2026,11:30,12:00,10:30,11:00,500,Live,0,All Participants,"AXLE ENERGY LIMITED,INFINIS LIMITED,EQUIWATT LIMITED,HILDEBRAND TECHNOLOGY LIMITED,OCTOPUS ENERGY LIMITED,DRAX ENERGY SOLUTIONS LIMITED,OAKTREE POWER LIMITED,Shuffle Energy Limited,U ENERGY GROUP LIMITED,Electric Miles Limited","Z1:500,Z2:500,Z3:500,Z4:500,Z5:500,Z6:500,Z7:500,Z8:500,Z9:500,Z10:500,Z11:500,Z12:500"
76,25/07/2026 10:00,Upwards,Energy,25/07/2026,12:00,12:30,11:00,11:30,500,Live,0,All Participants,"AXLE ENERGY LIMITED,INFINIS LIMITED,EQUIWATT LIMITED,HILDEBRAND TECHNOLOGY LIMITED,OCTOPUS ENERGY LIMITED,DRAX ENERGY SOLUTIONS LIMITED,OAKTREE POWER LIMITED,Shuffle Energy Limited,U ENERGY GROUP LIMITED,Electric Miles Limited","Z1:500,Z2:500,Z3:500,Z4:500,Z5:500,Z6:500,Z7:500,Z8:500,Z9:500,Z10:500,Z11:500,Z12:500"
76,25/07/2026 10:00,Upwards,Energy,25/07/2026,12:30,13:00,11:30,12:00,500,Live,0,All Participants,"AXLE ENERGY LIMITED,INFINIS LIMITED,EQUIWATT LIMITED,HILDEBRAND TECHNOLOGY LIMITED,OCTOPUS ENERGY LIMITED,DRAX ENERGY SOLUTIONS LIMITED,OAKTREE POWER LIMITED,Shuffle Energy Limited,U ENERGY GROUP LIMITED,Electric Miles Limited","Z1:500,Z2:500,Z3:500,Z4:500,Z5:500,Z6:500,Z7:500,Z8:500,Z9:500,Z10:500,Z11:500,Z12:500"
76,25/07/2026 10:00,Upwards,Energy,25/07/2026,13:00,13:30,12:00,12:30,500,Live,0,All Participants,"AXLE ENERGY LIMITED,INFINIS LIMITED,EQUIWATT LIMITED,HILDEBRAND TECHNOLOGY LIMITED,OCTOPUS ENERGY LIMITED,DRAX ENERGY SOLUTIONS LIMITED,OAKTREE POWER LIMITED,Shuffle Energy Limited,U ENERGY GROUP LIMITED,Electric Miles Limited","Z1:500,Z2:500,Z3:500,Z4:500,Z5:500,Z6:500,Z7:500,Z8:500,Z9:500,Z10:500,Z11:500,Z12:500"
76,25/07/2026 10:00,Upwards,Energy,25/07/2026,13:30,14:00,12:30,13:00,500,Live,0,All Participants,"AXLE ENERGY LIMITED,INFINIS LIMITED,EQUIWATT LIMITED,HILDEBRAND TECHNOLOGY LIMITED,OCTOPUS ENERGY LIMITED,DRAX ENERGY SOLUTIONS LIMITED,OAKTREE POWER LIMITED,Shuffle Energy Limited,U ENERGY GROUP LIMITED,Electric Miles Limited","Z1:500,Z2:500,Z3:500,Z4:500,Z5:500,Z6:500,Z7:500,Z8:500,Z9:500,Z10:500,Z11:500,Z12:500"
76,25/07/2026 10:00,Upwards,Energy,25/07/2026,14:00,14:30,13:00,13:30,500,Live,0,All Participants,"AXLE ENERGY LIMITED,INFINIS LIMITED,EQUIWATT LIMITED,HILDEBRAND TECHNOLOGY LIMITED,OCTOPUS ENERGY LIMITED,DRAX ENERGY SOLUTIONS LIMITED,OAKTREE POWER LIMITED,Shuffle Energy Limited,U ENERGY GROUP LIMITED,Electric Miles Limited","Z1:500,Z2:500,Z3:500,Z4:500,Z5:500,Z6:500,Z7:500,Z8:500,Z9:500,Z10:500,Z11:500,Z12:500"
76,25/07/2026 10:00,Upwards,Energy,25/07/2026,14:30,15:00,13:30,14:00,500,Live,0,All Participants,"AXLE ENERGY LIMITED,INFINIS LIMITED,EQUIWATT LIMITED,HILDEBRAND TECHNOLOGY LIMITED,OCTOPUS ENERGY LIMITED,DRAX ENERGY SOLUTIONS LIMITED,OAKTREE POWER LIMITED,Shuffle Energy Limited,U ENERGY GROUP LIMITED,Electric Miles Limited","Z1:500,Z2:500,Z3:500,Z4:500,Z5:500,Z6:500,Z7:500,Z8:500,Z9:500,Z10:500,Z11:500,Z12:500"
76,25/07/2026 10:00,Upwards,Energy,25/07/2026,15:00,15:30,14:00,14:30,500,Live,0,All Participants,"AXLE ENERGY LIMITED,INFINIS LIMITED,EQUIWATT LIMITED,HILDEBRAND TECHNOLOGY LIMITED,OCTOPUS ENERGY LIMITED,DRAX ENERGY SOLUTIONS LIMITED,OAKTREE POWER LIMITED,Shuffle Energy Limited,U ENERGY GROUP LIMITED,Electric Miles Limited","Z1:500,Z2:500,Z3:500,Z4:500,Z5:500,Z6:500,Z7:500,Z8:500,Z9:500,Z10:500,Z11:500,Z12:500"
76,25/07/2026 10:00,Upwards,Energy,25/07/2026,15:30,16:00,14:30,15:00,500,Live,0,All Participants,"AXLE ENERGY LIMITED,INFINIS LIMITED,EQUIWATT LIMITED,HILDEBRAND TECHNOLOGY LIMITED,OCTOPUS ENERGY LIMITED,DRAX ENERGY SOLUTIONS LIMITED,OAKTREE POWER LIMITED,Shuffle Energy Limited,U ENERGY GROUP LIMITED,Electric Miles Limited","Z1:500,Z2:500,Z3:500,Z4:500,Z5:500,Z6:500,Z7:500,Z8:500,Z9:500,Z10:500,Z11:500,Z12:500"
75,24/07/2026 12:30,Downwards,Energy,24/07/2026,17:00,17:30,16:00,16:30,500,Live,0,All Participants,"AXLE ENERGY LIMITED,INFINIS LIMITED,EQUIWATT LIMITED,HILDEBRAND TECHNOLOGY LIMITED,OCTOPUS ENERGY LIMITED,DRAX ENERGY SOLUTIONS LIMITED,OAKTREE POWER LIMITED,Shuffle Energy Limited,U ENERGY GROUP LIMITED,Electric Miles Limited","Z1:0,Z2:0,Z3:0,Z4:500,Z5:500,Z6:500,Z7:500,Z8:500,Z9:500,Z10:500,Z11:500,Z12:500"
75,24/07/2026 12:30,Downwards,Energy,24/07/2026,17:30,18:00,16:30,17:00,500,Live,0,All Participants,"AXLE ENERGY LIMITED,INFINIS LIMITED,EQUIWATT LIMITED,HILDEBRAND TECHNOLOGY LIMITED,OCTOPUS ENERGY LIMITED,DRAX ENERGY SOLUTIONS LIMITED,OAKTREE POWER LIMITED,Shuffle Energy Limited,U ENERGY GROUP LIMITED,Electric Miles Limited","Z1:0,Z2:0,Z3:0,Z4:500,Z5:500,Z6:500,Z7:500,Z8:500,Z9:500,Z10:500,Z11:500,Z12:500"
75,24/07/2026 12:30,Downwards,Energy,24/07/2026,18:00,18:30,17:00,17:30,500,Live,0,All Participants,"AXLE ENERGY LIMITED,INFINIS LIMITED,EQUIWATT LIMITED,HILDEBRAND TECHNOLOGY LIMITED,OCTOPUS ENERGY LIMITED,DRAX ENERGY SOLUTIONS LIMITED,OAKTREE POWER LIMITED,Shuffle Energy Limited,U ENERGY GROUP LIMITED,Electric Miles Limited","Z1:0,Z2:0,Z3:0,Z4:500,Z5:500,Z6:500,Z7:500,Z8:500,Z9:500,Z10:500,Z11:500,Z12:500"
75,24/07/2026 12:30,Downwards,Energy,24/07/2026,18:30,19:00,17:30,18:00,500,Live,0,All Participants,"AXLE ENERGY LIMITED,INFINIS LIMITED,EQUIWATT LIMITED,HILDEBRAND TECHNOLOGY LIMITED,OCTOPUS ENERGY LIMITED,DRAX ENERGY SOLUTIONS LIMITED,OAKTREE POWER LIMITED,Shuffle Energy Limited,U ENERGY GROUP LIMITED,Electric Miles Limited","Z1:0,Z2:0,Z3:0,Z4:500,Z5:500,Z6:500,Z7:500,Z8:500,Z9:500,Z10:500,Z11:500,Z12:500"
75,24/07/2026 12:30,Downwards,Energy,24/07/2026,19:00,19:30,18:00,18:30,500,Live,0,All Participants,"AXLE ENERGY LIMITED,INFINIS LIMITED,EQUIWATT LIMITED,HILDEBRAND TECHNOLOGY LIMITED,OCTOPUS ENERGY LIMITED,DRAX ENERGY SOLUTIONS LIMITED,OAKTREE POWER LIMITED,Shuffle Energy Limited,U ENERGY GROUP LIMITED,Electric Miles Limited","Z1:0,Z2:0,Z3:0,Z4:500,Z5:500,Z6:500,Z7:500,Z8:500,Z9:500,Z10:500,Z11:500,Z12:500"
75,24/07/2026 12:30,Downwards,Energy,24/07/2026,19:30,20:00,18:30,19:00,500,Live,0,All Participants,"AXLE ENERGY LIMITED,INFINIS LIMITED,EQUIWATT LIMITED,HILDEBRAND TECHNOLOGY LIMITED,OCTOPUS ENERGY LIMITED,DRAX ENERGY SOLUTIONS LIMITED,OAKTREE POWER LIMITED,Shuffle Energy Limited,U ENERGY GROUP LIMITED,Electric Miles Limited","Z1:0,Z2:0,Z3:0,Z4:500,Z5:500,Z6:500,Z7:500,Z8:500,Z9:500,Z10:500,Z11:500,Z12:500"
75,24/07/2026 12:30,Downwards,Energy,24/07/2026,20:00,20:30,19:00,19:30,500,Live,0,All Participants,"AXLE ENERGY LIMITED,INFINIS LIMITED,EQUIWATT LIMITED,HILDEBRAND TECHNOLOGY LIMITED,OCTOPUS ENERGY LIMITED,DRAX ENERGY SOLUTIONS LIMITED,OAKTREE POWER LIMITED,Shuffle Energy Limited,U ENERGY GROUP LIMITED,Electric Miles Limited","Z1:0,Z2:0,Z3:0,Z4:500,Z5:500,Z6:500,Z7:500,Z8:500,Z9:500,Z10:500,Z11:500,Z12:500"
75,24/07/2026 12:30,Downwards,Energy,24/07/2026,20:30,21:00,19:30,20:00,500,Live,0,All Participants,"AXLE ENERGY LIMITED,INFINIS LIMITED,EQUIWATT LIMITED,HILDEBRAND TECHNOLOGY LIMITED,OCTOPUS ENERGY LIMITED,DRAX ENERGY SOLUTIONS LIMITED,OAKTREE POWER LIMITED,Shuffle Energy Limited,U ENERGY GROUP LIMITED,Electric Miles Limited","Z1:0,Z2:0,Z3:0,Z4:500,Z5:500,Z6:500,Z7:500,Z8:500,Z9:500,Z10:500,Z11:500,Z12:500"
75,24/07/2026 12:30,Downwards,Energy,24/07/2026,21:00,21:30,20:00,20:30,500,Live,0,All Participants,"AXLE ENERGY LIMITED,INFINIS LIMITED,EQUIWATT LIMITED,HILDEBRAND TECHNOLOGY LIMITED,OCTOPUS ENERGY LIMITED,DRAX ENERGY SOLUTIONS LIMITED,OAKTREE POWER LIMITED,Shuffle Energy Limited,U ENERGY GROUP LIMITED,Electric Miles Limited","Z1:0,Z2:0,Z3:0,Z4:500,Z5:500,Z6:500,Z7:500,Z8:500,Z9:500,Z10:500,Z11:500,Z12:500"
75,24/07/2026 12:30,Downwards,Energy,24/07/2026,21:30,22:00,20:30,21:00,500,Live,0,All Participants,"AXLE ENERGY LIMITED,INFINIS LIMITED,EQUIWATT LIMITED,HILDEBRAND TECHNOLOGY LIMITED,OCTOPUS ENERGY LIMITED,DRAX ENERGY SOLUTIONS LIMITED,OAKTREE POWER LIMITED,Shuffle Energy Limited,U ENERGY GROUP LIMITED,Electric Miles Limited","Z1:0,Z2:0,Z3:0,Z4:500,Z5:500,Z6:500,Z7:500,Z8:500,Z9:500,Z10:500,Z11:500,Z12:500"
74,17/07/2026 12:00,Downwards,Energy,17/07/2026,19:00,19:30,18:00,18:30,500,Live,0,All Participants,"AXLE ENERGY LIMITED,INFINIS LIMITED,EQUIWATT LIMITED,HILDEBRAND TECHNOLOGY LIMITED,OCTOPUS ENERGY LIMITED,DRAX ENERGY SOLUTIONS LIMITED,OAKTREE POWER LIMITED,Shuffle Energy Limited,U ENERGY GROUP LIMITED,Electric Miles Limited","Z1:500,Z2:500,Z3:500,Z4:500,Z5:500,Z6:500,Z7:500,Z8:500,Z9:500,Z10:500,Z11:500,Z12:500"
74,17/07/2026 12:00,Downwards,Energy,17/07/2026,19:30,20:00,18:30,19:00,500,Live,0,All Participants,"AXLE ENERGY LIMITED,INFINIS LIMITED,EQUIWATT LIMITED,HILDEBRAND TECHNOLOGY LIMITED,OCTOPUS ENERGY LIMITED,DRAX ENERGY SOLUTIONS LIMITED,OAKTREE POWER LIMITED,Shuffle Energy Limited,U ENERGY GROUP LIMITED,Electric Miles Limited","Z1:500,Z2:500,Z3:500,Z4:500,Z5:500,Z6:500,Z7:500,Z8:500,Z9:500,Z10:500,Z11:500,Z12:500"
74,17/07/2026 12:00,Downwards,Energy,17/07/2026,20:00,20:30,19:00,19:30,500,Live,0,All Participants,"AXLE ENERGY LIMITED,INFINIS LIMITED,EQUIWATT LIMITED,HILDEBRAND TECHNOLOGY LIMITED,OCTOPUS ENERGY LIMITED,DRAX ENERGY SOLUTIONS LIMITED,OAKTREE POWER LIMITED,Shuffle Energy Limited,U ENERGY GROUP LIMITED,Electric Miles Limited","Z1:500,Z2:500,Z3:500,Z4:500,Z5:500,Z6:500,Z7:500,Z8:500,Z9:500,Z10:500,Z11:500,Z12:500"
74,17/07/2026 12:00,Downwards,Energy,17/07/2026,20:30,21:00,19:30,20:00,500,Live,0,All Participants,"AXLE ENERGY LIMITED,INFINIS LIMITED,EQUIWATT LIMITED,HILDEBRAND TECHNOLOGY LIMITED,OCTOPUS ENERGY LIMITED,DRAX ENERGY SOLUTIONS LIMITED,OAKTREE POWER LIMITED,Shuffle Energy Limited,U ENERGY GROUP LIMITED,Electric Miles Limited","Z1:500,Z2:500,Z3:500,Z4:500,Z5:500,Z6:500,Z7:500,Z8:500,Z9:500,Z10:500,Z11:500,Z12:500"
74,17/07/2026 12:00,Downwards,Energy,17/07/2026,21:00,21:30,20:00,20:30,500,Live,0,All Participants,"AXLE ENERGY LIMITED,INFINIS LIMITED,EQUIWATT LIMITED,HILDEBRAND TECHNOLOGY LIMITED,OCTOPUS ENERGY LIMITED,DRAX ENERGY SOLUTIONS LIMITED,OAKTREE POWER LIMITED,Shuffle Energy Limited,U ENERGY GROUP LIMITED,Electric Miles Limited","Z1:500,Z2:500,Z3:500,Z4:500,Z5:500,Z6:500,Z7:500,Z8:500,Z9:500,Z10:500,Z11:500,Z12:500"
74,17/07/2026 12:00,Downwards,Energy,17/07/2026,21:30,22:00,20:30,21:00,500,Live,0,All Participants,"AXLE ENERGY LIMITED,INFINIS LIMITED,EQUIWATT LIMITED,HILDEBRAND TECHNOLOGY LIMITED,OCTOPUS ENERGY LIMITED,DRAX ENERGY SOLUTIONS LIMITED,OAKTREE POWER LIMITED,Shuffle Energy Limited,U ENERGY GROUP LIMITED,Electric Miles Limited","Z1:500,Z2:500,Z3:500,Z4:500,Z5:500,Z6:500,Z7:500,Z8:500,Z9:500,Z10:500,Z11:500,Z12:500"
74,17/07/2026 12:00,Downwards,Energy,17/07/2026,22:00,22:30,21:00,21:30,500,Live,0,All Participants,"AXLE ENERGY LIMITED,INFINIS LIMITED,EQUIWATT LIMITED,HILDEBRAND TECHNOLOGY LIMITED,OCTOPUS ENERGY LIMITED,DRAX ENERGY SOLUTIONS LIMITED,OAKTREE POWER LIMITED,Shuffle Energy Limited,U ENERGY GROUP LIMITED,Electric Miles Limited","Z1:500,Z2:500,Z3:500,Z4:500,Z5:500,Z6:500,Z7:500,Z8:500,Z9:500,Z10:500,Z11:500,Z12:500"
74,17/07/2026 12:00,Downwards,Energy,17/07/2026,22:30,23:00,21:30,22:00,500,Live,0,All Participants,"AXLE ENERGY LIMITED,INFINIS LIMITED,EQUIWATT LIMITED,HILDEBRAND TECHNOLOGY LIMITED,OCTOPUS ENERGY LIMITED,DRAX ENERGY SOLUTIONS LIMITED,OAKTREE POWER LIMITED,Shuffle Energy Limited,U ENERGY GROUP LIMITED,Electric Miles Limited","Z1:500,Z2:500,Z3:500,Z4:500,Z5:500,Z6:500,Z7:500,Z8:500,Z9:500,Z10:500,Z11:500,Z12:500"
73,14/07/2026 12:00,Downwards,Energy,14/07/2026,18:00,18:30,17:00,17:30,300,Live,0,All Participants,"AXLE ENERGY LIMITED,INFINIS LIMITED,EQUIWATT LIMITED,HILDEBRAND TECHNOLOGY LIMITED,OCTOPUS ENERGY LIMITED,DRAX ENERGY SOLUTIONS LIMITED,OAKTREE POWER LIMITED,Shuffle Energy Limited,U ENERGY GROUP LIMITED,Electric Miles Limited","Z1:300,Z2:300,Z3:300,Z4:300,Z5:300,Z6:300,Z7:300,Z8:300,Z9:300,Z10:300,Z11:0,Z12:0"
73,14/07/2026 12:00,Downwards,Energy,14/07/2026,18:30,19:00,17:30,18:00,300,Live,0,All Participants,"AXLE ENERGY LIMITED,INFINIS LIMITED,EQUIWATT LIMITED,HILDEBRAND TECHNOLOGY LIMITED,OCTOPUS ENERGY LIMITED,DRAX ENERGY SOLUTIONS LIMITED,OAKTREE POWER LIMITED,Shuffle Energy Limited,U ENERGY GROUP LIMITED,Electric Miles Limited","Z1:300,Z2:300,Z3:300,Z4:300,Z5:300,Z6:300,Z7:300,Z8:300,Z9:300,Z10:300,Z11:0,Z12:0"
73,14/07/2026 12:00,Downwards,Energy,14/07/2026,19:00,19:30,18:00,18:30,300,Live,0,All Participants,"AXLE ENERGY LIMITED,INFINIS LIMITED,EQUIWATT LIMITED,HILDEBRAND TECHNOLOGY LIMITED,OCTOPUS ENERGY LIMITED,DRAX ENERGY SOLUTIONS LIMITED,OAKTREE POWER LIMITED,Shuffle Energy Limited,U ENERGY GROUP LIMITED,Electric Miles Limited","Z1:300,Z2:300,Z3:300,Z4:300,Z5:300,Z6:300,Z7:300,Z8:300,Z9:300,Z10:300,Z11:0,Z12:0"
73,14/07/2026 12:00,Downwards,Energy,14/07/2026,19:30,20:00,18:30,19:00,300,Live,0,All Participants,"AXLE ENERGY LIMITED,INFINIS LIMITED,EQUIWATT LIMITED,HILDEBRAND TECHNOLOGY LIMITED,OCTOPUS ENERGY LIMITED,DRAX ENERGY SOLUTIONS LIMITED,OAKTREE POWER LIMITED,Shuffle Energy Limited,U ENERGY GROUP LIMITED,Electric Miles Limited","Z1:300,Z2:300,Z3:300,Z4:300,Z5:300,Z6:300,Z7:300,Z8:300,Z9:300,Z10:300,Z11:0,Z12:0"
73,14/07/2026 12:00,Downwards,Energy,14/07/2026,20:00,20:30,19:00,19:30,300,Live,0,All Participants,"AXLE ENERGY LIMITED,INFINIS LIMITED,EQUIWATT LIMITED,HILDEBRAND TECHNOLOGY LIMITED,OCTOPUS ENERGY LIMITED,DRAX ENERGY SOLUTIONS LIMITED,OAKTREE POWER LIMITED,Shuffle Energy Limited,U ENERGY GROUP LIMITED,Electric Miles Limited","Z1:300,Z2:300,Z3:300,Z4:300,Z5:300,Z6:300,Z7:300,Z8:300,Z9:300,Z10:300,Z11:0,Z12:0"
73,14/07/2026 12:00,Downwards,Energy,14/07/2026,20:30,21:00,19:30,20:00,300,Live,0,All Participants,"AXLE ENERGY LIMITED,INFINIS LIMITED,EQUIWATT LIMITED,HILDEBRAND TECHNOLOGY LIMITED,OCTOPUS ENERGY LIMITED,DRAX ENERGY SOLUTIONS LIMITED,OAKTREE POWER LIMITED,Shuffle Energy Limited,U ENERGY GROUP LIMITED,Electric Miles Limited","Z1:300,Z2:300,Z3:300,Z4:300,Z5:300,Z6:300,Z7:300,Z8:300,Z9:300,Z10:300,Z11:0,Z12:0"
73,14/07/2026 12:00,Downwards,Energy,14/07/2026,21:00,21:30,20:00,20:30,300,Live,0,All Participants,"AXLE ENERGY LIMITED,INFINIS LIMITED,EQUIWATT LIMITED,HILDEBRAND TECHNOLOGY LIMITED,OCTOPUS ENERGY LIMITED,DRAX ENERGY SOLUTIONS LIMITED,OAKTREE POWER LIMITED,Shuffle Energy Limited,U ENERGY GROUP LIMITED,Electric Miles Limited","Z1:300,Z2:300,Z3:300,Z4:300,Z5:300,Z6:300,Z7:300,Z8:300,Z9:300,Z10:300,Z11:0,Z12:0"
73,14/07/2026 12:00,Downwards,Energy,14/07/2026,21:30,22:00,20:30,21:00,300,Live,0,All Participants,"AXLE ENERGY LIMITED,INFINIS LIMITED,EQUIWATT LIMITED,HILDEBRAND TECHNOLOGY LIMITED,OCTOPUS ENERGY LIMITED,DRAX ENERGY SOLUTIONS LIMITED,OAKTREE POWER LIMITED,Shuffle Energy Limited,U ENERGY GROUP LIMITED,Electric Miles Limited","Z1:300,Z2:300,Z3:300,Z4:300,Z5:300,Z6:300,Z7:300,Z8:300,Z9:300,Z10:300,Z11:0,Z12:0"
72,13/07/2026 13:00,Downwards,Energy,13/07/2026,16:00,16:30,15:00,15:30,500,Live,0,All Participants,"AXLE ENERGY LIMITED,INFINIS LIMITED,EQUIWATT LIMITED,HILDEBRAND TECHNOLOGY LIMITED,OCTOPUS ENERGY LIMITED,DRAX ENERGY SOLUTIONS LIMITED,OAKTREE POWER LIMITED,Shuffle Energy Limited,U ENERGY GROUP LIMITED,Electric Miles Limited","Z1:500,Z2:500,Z3:500,Z4:500,Z5:500,Z6:500,Z7:500,Z8:500,Z9:500,Z10:500,Z11:500,Z12:500"
72,13/07/2026 13:00,Downwards,Energy,13/07/2026,16:30,17:00,15:30,16:00,500,Live,0,All Participants,"AXLE ENERGY LIMITED,INFINIS LIMITED,EQUIWATT LIMITED,HILDEBRAND TECHNOLOGY LIMITED,OCTOPUS ENERGY LIMITED,DRAX ENERGY SOLUTIONS LIMITED,OAKTREE POWER LIMITED,Shuffle Energy Limited,U ENERGY GROUP LIMITED,Electric Miles Limited","Z1:500,Z2:500,Z3:500,Z4:500,Z5:500,Z6:500,Z7:500,Z8:500,Z9:500,Z10:500,Z11:500,Z12:500"
72,13/07/2026 13:00,Downwards,Energy,13/07/2026,17:00,17:30,16:00,16:30,500,Live,0,All Participants,"AXLE ENERGY LIMITED,INFINIS LIMITED,EQUIWATT LIMITED,HILDEBRAND TECHNOLOGY LIMITED,OCTOPUS ENERGY LIMITED,DRAX ENERGY SOLUTIONS LIMITED,OAKTREE POWER LIMITED,Shuffle Energy Limited,U ENERGY GROUP LIMITED,Electric Miles Limited","Z1:500,Z2:500,Z3:500,Z4:500,Z5:500,Z6:500,Z7:500,Z8:500,Z9:500,Z10:500,Z11:500,Z12:500"
72,13/07/2026 13:00,Downwards,Energy,13/07/2026,17:30,18:00,16:30,17:00,500,Live,0,All Participants,"AXLE ENERGY LIMITED,INFINIS LIMITED,EQUIWATT LIMITED,HILDEBRAND TECHNOLOGY LIMITED,OCTOPUS ENERGY LIMITED,DRAX ENERGY SOLUTIONS LIMITED,OAKTREE POWER LIMITED,Shuffle Energy Limited,U ENERGY GROUP LIMITED,Electric Miles Limited","Z1:500,Z2:500,Z3:500,Z4:500,Z5:500,Z6:500,Z7:500,Z8:500,Z9:500,Z10:500,Z11:500,Z12:500"
72,13/07/2026 13:00,Downwards,Energy,13/07/2026,18:00,18:30,17:00,17:30,500,Live,0,All Participants,"AXLE ENERGY LIMITED,INFINIS LIMITED,EQUIWATT LIMITED,HILDEBRAND TECHNOLOGY LIMITED,OCTOPUS ENERGY LIMITED,DRAX ENERGY SOLUTIONS LIMITED,OAKTREE POWER LIMITED,Shuffle Energy Limited,U ENERGY GROUP LIMITED,Electric Miles Limited","Z1:500,Z2:500,Z3:500,Z4:500,Z5:500,Z6:500,Z7:500,Z8:500,Z9:500,Z10:500,Z11:500,Z12:500"
72,13/07/2026 13:00,Downwards,Energy,13/07/2026,18:30,19:00,17:30,18:00,500,Live,0,All Participants,"AXLE ENERGY LIMITED,INFINIS LIMITED,EQUIWATT LIMITED,HILDEBRAND TECHNOLOGY LIMITED,OCTOPUS ENERGY LIMITED,DRAX ENERGY SOLUTIONS LIMITED,OAKTREE POWER LIMITED,Shuffle Energy Limited,U ENERGY GROUP LIMITED,Electric Miles Limited","Z1:500,Z2:500,Z3:500,Z4:500,Z5:500,Z6:500,Z7:500,Z8:500,Z9:500,Z10:500,Z11:500,Z12:500"
72,13/07/2026 13:00,Downwards,Energy,13/07/2026,19:00,19:30,18:00,18:30,500,Live,0,All Participants,"AXLE ENERGY LIMITED,INFINIS LIMITED,EQUIWATT LIMITED,HILDEBRAND TECHNOLOGY LIMITED,OCTOPUS ENERGY LIMITED,DRAX ENERGY SOLUTIONS LIMITED,OAKTREE POWER LIMITED,Shuffle Energy Limited,U ENERGY GROUP LIMITED,Electric Miles Limited","Z1:500,Z2:500,Z3:500,Z4:500,Z5:500,Z6:500,Z7:500,Z8:500,Z9:500,Z10:500,Z11:500,Z12:500"
72,13/07/2026 13:00,Downwards,Energy,13/07/2026,19:30,20:00,18:30,19:00,500,Live,0,All Participants,"AXLE ENERGY LIMITED,INFINIS LIMITED,EQUIWATT LIMITED,HILDEBRAND TECHNOLOGY LIMITED,OCTOPUS ENERGY LIMITED,DRAX ENERGY SOLUTIONS LIMITED,OAKTREE POWER LIMITED,Shuffle Energy Limited,U ENERGY GROUP LIMITED,Electric Miles Limited","Z1:500,Z2:500,Z3:500,Z4:500,Z5:500,Z6:500,Z7:500,Z8:500,Z9:500,Z10:500,Z11:500,Z12:500"
72,13/07/2026 13:00,Downwards,Energy,13/07/2026,20:00,20:30,19:00,19:30,500,Live,0,All Participants,"AXLE ENERGY LIMITED,INFINIS LIMITED,EQUIWATT LIMITED,HILDEBRAND TECHNOLOGY LIMITED,OCTOPUS ENERGY LIMITED,DRAX ENERGY SOLUTIONS LIMITED,OAKTREE POWER LIMITED,Shuffle Energy Limited,U ENERGY GROUP LIMITED,Electric Miles Limited","Z1:500,Z2:500,Z3:500,Z4:500,Z5:500,Z6:500,Z7:500,Z8:500,Z9:500,Z10:500,Z11:500,Z12:500"
72,13/07/2026 13:00,Downwards,Energy,13/07/2026,20:30,21:00,19:30,20:00,500,Live,0,All Participants,"AXLE ENERGY LIMITED,INFINIS LIMITED,EQUIWATT LIMITED,HILDEBRAND TECHNOLOGY LIMITED,OCTOPUS ENERGY LIMITED,DRAX ENERGY SOLUTIONS LIMITED,OAKTREE POWER LIMITED,Shuffle Energy Limited,U ENERGY GROUP LIMITED,Electric Miles Limited","Z1:500,Z2:500,Z3:500,Z4:500,Z5:500,Z6:500,Z7:500,Z8:500,Z9:500,Z10:500,Z11:500,Z12:500"
72,13/07/2026 13:00,Downwards,Energy,13/07/2026,21:00,21:30,20:00,20:30,500,Live,0,All Participants,"AXLE ENERGY LIMITED,INFINIS LIMITED,EQUIWATT LIMITED,HILDEBRAND TECHNOLOGY LIMITED,OCTOPUS ENERGY LIMITED,DRAX ENERGY SOLUTIONS LIMITED,OAKTREE POWER LIMITED,Shuffle Energy Limited,U ENERGY GROUP LIMITED,Electric Miles Limited","Z1:500,Z2:500,Z3:500,Z4:500,Z5:500,Z6:500,Z7:500,Z8:500,Z9:500,Z10:500,Z11:500,Z12:500"
72,13/07/2026 13:00,Downwards,Energy,13/07/2026,21:30,22:00,20:30,21:00,500,Live,0,All Participants,"AXLE ENERGY LIMITED,INFINIS LIMITED,EQUIWATT LIMITED,HILDEBRAND TECHNOLOGY LIMITED,OCTOPUS ENERGY LIMITED,DRAX ENERGY SOLUTIONS LIMITED,OAKTREE POWER LIMITED,Shuffle Energy Limited,U ENERGY GROUP LIMITED,Electric Miles Limited","Z1:500,Z2:500,Z3:500,Z4:500,Z5:500,Z6:500,Z7:500,Z8:500,Z9:500,Z10:500,Z11:500,Z12:500"
72,13/07/2026 13:00,Downwards,Energy,13/07/2026,22:00,22:30,21:00,21:30,500,Live,0,All Participants,"AXLE ENERGY LIMITED,INFINIS LIMITED,EQUIWATT LIMITED,HILDEBRAND TECHNOLOGY LIMITED,OCTOPUS ENERGY LIMITED,DRAX ENERGY SOLUTIONS LIMITED,OAKTREE POWER LIMITED,Shuffle Energy Limited,U ENERGY GROUP LIMITED,Electric Miles Limited","Z1:500,Z2:500,Z3:500,Z4:500,Z5:500,Z6:500,Z7:500,Z8:500,Z9:500,Z10:500,Z11:500,Z12:500"
72,13/07/2026 13:00,Downwards,Energy,13/07/2026,22:30,23:00,21:30,22:00,500,Live,0,All Participants,"AXLE ENERGY LIMITED,INFINIS LIMITED,EQUIWATT LIMITED,HILDEBRAND TECHNOLOGY LIMITED,OCTOPUS ENERGY LIMITED,DRAX ENERGY SOLUTIONS LIMITED,OAKTREE POWER LIMITED,Shuffle Energy Limited,U ENERGY GROUP LIMITED,Electric Miles Limited","Z1:500,Z2:500,Z3:500,Z4:500,Z5:500,Z6:500,Z7:500,Z8:500,Z9:500,Z10:500,Z11:500,Z12:500"
71,12/07/2026 10:00,Upwards,Energy,12/07/2026,11:00,11:30,10:00,10:30,500,Live,0,All Participants,"AXLE ENERGY LIMITED,INFINIS LIMITED,EQUIWATT LIMITED,HILDEBRAND TECHNOLOGY LIMITED,OCTOPUS ENERGY LIMITED,DRAX ENERGY SOLUTIONS LIMITED,OAKTREE POWER LIMITED,Shuffle Energy Limited,U ENERGY GROUP LIMITED,Electric Miles Limited","Z1:500,Z2:500,Z3:500,Z4:500,Z5:500,Z6:500,Z7:500,Z8:500,Z9:500,Z10:500,Z11:500,Z12:500"
71,12/07/2026 10:00,Upwards,Energy,12/07/2026,11:30,12:00,10:30,11:00,500,Live,0,All Participants,"AXLE ENERGY LIMITED,INFINIS LIMITED,EQUIWATT LIMITED,HILDEBRAND TECHNOLOGY LIMITED,OCTOPUS ENERGY LIMITED,DRAX ENERGY SOLUTIONS LIMITED,OAKTREE POWER LIMITED,Shuffle Energy Limited,U ENERGY GROUP LIMITED,Electric Miles Limited","Z1:500,Z2:500,Z3:500,Z4:500,Z5:500,Z6:500,Z7:500,Z8:500,Z9:500,Z10:500,Z11:500,Z12:500"
71,12/07/2026 10:00,Upwards,Energy,12/07/2026,12:00,12:30,11:00,11:30,500,Live,0,All Participants,"AXLE ENERGY LIMITED,INFINIS LIMITED,EQUIWATT LIMITED,HILDEBRAND TECHNOLOGY LIMITED,OCTOPUS ENERGY LIMITED,DRAX ENERGY SOLUTIONS LIMITED,OAKTREE POWER LIMITED,Shuffle Energy Limited,U ENERGY GROUP LIMITED,Electric Miles Limited","Z1:500,Z2:500,Z3:500,Z4:500,Z5:500,Z6:500,Z7:500,Z8:500,Z9:500,Z10:500,Z11:500,Z12:500"
71,12/07/2026 10:00,Upwards,Energy,12/07/2026,12:30,13:00,11:30,12:00,500,Live,0,All Participants,"AXLE ENERGY LIMITED,INFINIS LIMITED,EQUIWATT LIMITED,HILDEBRAND TECHNOLOGY LIMITED,OCTOPUS ENERGY LIMITED,DRAX ENERGY SOLUTIONS LIMITED,OAKTREE POWER LIMITED,Shuffle Energy Limited,U ENERGY GROUP LIMITED,Electric Miles Limited","Z1:500,Z2:500,Z3:500,Z4:500,Z5:500,Z6:500,Z7:500,Z8:500,Z9:500,Z10:500,Z11:500,Z12:500"
71,12/07/2026 10:00,Upwards,Energy,12/07/2026,13:00,13:30,12:00,12:30,500,Live,0,All Participants,"AXLE ENERGY LIMITED,INFINIS LIMITED,EQUIWATT LIMITED,HILDEBRAND TECHNOLOGY LIMITED,OCTOPUS ENERGY LIMITED,DRAX ENERGY SOLUTIONS LIMITED,OAKTREE POWER LIMITED,Shuffle Energy Limited,U ENERGY GROUP LIMITED,Electric Miles Limited","Z1:500,Z2:500,Z3:500,Z4:500,Z5:500,Z6:500,Z7:500,Z8:500,Z9:500,Z10:500,Z11:500,Z12:500"
71,12/07/2026 10:00,Upwards,Energy,12/07/2026,13:30,14:00,12:30,13:00,500,Live,0,All Participants,"AXLE ENERGY LIMITED,INFINIS LIMITED,EQUIWATT LIMITED,HILDEBRAND TECHNOLOGY LIMITED,OCTOPUS ENERGY LIMITED,DRAX ENERGY SOLUTIONS LIMITED,OAKTREE POWER LIMITED,Shuffle Energy Limited,U ENERGY GROUP LIMITED,Electric Miles Limited","Z1:500,Z2:500,Z3:500,Z4:500,Z5:500,Z6:500,Z7:500,Z8:500,Z9:500,Z10:500,Z11:500,Z12:500"
71,12/07/2026 10:00,Upwards,Energy,12/07/2026,14:00,14:30,13:00,13:30,500,Live,0,All Participants,"AXLE ENERGY LIMITED,INFINIS LIMITED,EQUIWATT LIMITED,HILDEBRAND TECHNOLOGY LIMITED,OCTOPUS ENERGY LIMITED,DRAX ENERGY SOLUTIONS LIMITED,OAKTREE POWER LIMITED,Shuffle Energy Limited,U ENERGY GROUP LIMITED,Electric Miles Limited","Z1:500,Z2:500,Z3:500,Z4:500,Z5:500,Z6:500,Z7:500,Z8:500,Z9:500,Z10:500,Z11:500,Z12:500"
71,12/07/2026 10:00,Upwards,Energy,12/07/2026,14:30,15:00,13:30,14:00,500,Live,0,All Participants,"AXLE ENERGY LIMITED,INFINIS LIMITED,EQUIWATT LIMITED,HILDEBRAND TECHNOLOGY LIMITED,OCTOPUS ENERGY LIMITED,DRAX ENERGY SOLUTIONS LIMITED,OAKTREE POWER LIMITED,Shuffle Energy Limited,U ENERGY GROUP LIMITED,Electric Miles Limited","Z1:500,Z2:500,Z3:500,Z4:500,Z5:500,Z6:500,Z7:500,Z8:500,Z9:500,Z10:500,Z11:500,Z12:500"
71,12/07/2026 10:00,Upwards,Energy,12/07/2026,15:00,15:30,14:00,14:30,500,Live,0,All Participants,"AXLE ENERGY LIMITED,INFINIS LIMITED,EQUIWATT LIMITED,HILDEBRAND TECHNOLOGY LIMITED,OCTOPUS ENERGY LIMITED,DRAX ENERGY SOLUTIONS LIMITED,OAKTREE POWER LIMITED,Shuffle Energy Limited,U ENERGY GROUP LIMITED,Electric Miles Limited","Z1:500,Z2:500,Z3:500,Z4:500,Z5:500,Z6:500,Z7:500,Z8:500,Z9:500,Z10:500,Z11:500,Z12:500"
71,12/07/2026 10:00,Upwards,Energy,12/07/2026,15:30,16:00,14:30,15:00,500,Live,0,All Participants,"AXLE ENERGY LIMITED,INFINIS LIMITED,EQUIWATT LIMITED,HILDEBRAND TECHNOLOGY LIMITED,OCTOPUS ENERGY LIMITED,DRAX ENERGY SOLUTIONS LIMITED,OAKTREE POWER LIMITED,Shuffle Energy Limited,U ENERGY GROUP LIMITED,Electric Miles Limited","Z1:500,Z2:500,Z3:500,Z4:500,Z5:500,Z6:500,Z7:500,Z8:500,Z9:500,Z10:500,Z11:500,Z12:500"
70,11/07/2026 12:15,Downwards,Energy,11/07/2026,20:00,20:30,19:00,19:30,500,Live,0,All Participants,"AXLE ENERGY LIMITED,INFINIS LIMITED,EQUIWATT LIMITED,HILDEBRAND TECHNOLOGY LIMITED,OCTOPUS ENERGY LIMITED,DRAX ENERGY SOLUTIONS LIMITED,OAKTREE POWER LIMITED,Shuffle Energy Limited,U ENERGY GROUP LIMITED,Electric Miles Limited","Z1:500,Z2:500,Z3:500,Z4:500,Z5:500,Z6:500,Z7:500,Z8:500,Z9:500,Z10:500,Z11:500,Z12:500"
70,11/07/2026 12:15,Downwards,Energy,11/07/2026,20:30,21:00,19:30,20:00,500,Live,0,All Participants,"AXLE ENERGY LIMITED,INFINIS LIMITED,EQUIWATT LIMITED,HILDEBRAND TECHNOLOGY LIMITED,OCTOPUS ENERGY LIMITED,DRAX ENERGY SOLUTIONS LIMITED,OAKTREE POWER LIMITED,Shuffle Energy Limited,U ENERGY GROUP LIMITED,Electric Miles Limited","Z1:500,Z2:500,Z3:500,Z4:500,Z5:500,Z6:500,Z7:500,Z8:500,Z9:500,Z10:500,Z11:500,Z12:500"
70,11/07/2026 12:15,Downwards,Energy,11/07/2026,21:00,21:30,20:00,20:30,500,Live,0,All Participants,"AXLE ENERGY LIMITED,INFINIS LIMITED,EQUIWATT LIMITED,HILDEBRAND TECHNOLOGY LIMITED,OCTOPUS ENERGY LIMITED,DRAX ENERGY SOLUTIONS LIMITED,OAKTREE POWER LIMITED,Shuffle Energy Limited,U ENERGY GROUP LIMITED,Electric Miles Limited","Z1:500,Z2:500,Z3:500,Z4:500,Z5:500,Z6:500,Z7:500,Z8:500,Z9:500,Z10:500,Z11:500,Z12:500"
70,11/07/2026 12:15,Downwards,Energy,11/07/2026,21:30,22:00,20:30,21:00,500,Live,0,All Participants,"AXLE ENERGY LIMITED,INFINIS LIMITED,EQUIWATT LIMITED,HILDEBRAND TECHNOLOGY LIMITED,OCTOPUS ENERGY LIMITED,DRAX ENERGY SOLUTIONS LIMITED,OAKTREE POWER LIMITED,Shuffle Energy Limited,U ENERGY GROUP LIMITED,Electric Miles Limited","Z1:500,Z2:500,Z3:500,Z4:500,Z5:500,Z6:500,Z7:500,Z8:500,Z9:500,Z10:500,Z11:500,Z12:500"
69,11/07/2026 10:00,Upwards,Energy,11/07/2026,12:00,12:30,11:00,11:30,200,Live,0,All Participants,"AXLE ENERGY LIMITED,INFINIS LIMITED,EQUIWATT LIMITED,HILDEBRAND TECHNOLOGY LIMITED,OCTOPUS ENERGY LIMITED,DRAX ENERGY SOLUTIONS LIMITED,OAKTREE POWER LIMITED,Shuffle Energy Limited,U ENERGY GROUP LIMITED,Electric Miles Limited","Z1:200,Z2:200,Z3:200,Z4:200,Z5:200,Z6:200,Z7:200,Z8:200,Z9:200,Z10:200,Z11:200,Z12:200"
69,11/07/2026 10:00,Upwards,Energy,11/07/2026,12:30,13:00,11:30,12:00,200,Live,0,All Participants,"AXLE ENERGY LIMITED,INFINIS LIMITED,EQUIWATT LIMITED,HILDEBRAND TECHNOLOGY LIMITED,OCTOPUS ENERGY LIMITED,DRAX ENERGY SOLUTIONS LIMITED,OAKTREE POWER LIMITED,Shuffle Energy Limited,U ENERGY GROUP LIMITED,Electric Miles Limited","Z1:200,Z2:200,Z3:200,Z4:200,Z5:200,Z6:200,Z7:200,Z8:200,Z9:200,Z10:200,Z11:200,Z12:200"
69,11/07/2026 10:00,Upwards,Energy,11/07/2026,13:00,13:30,12:00,12:30,200,Live,0,All Participants,"AXLE ENERGY LIMITED,INFINIS LIMITED,EQUIWATT LIMITED,HILDEBRAND TECHNOLOGY LIMITED,OCTOPUS ENERGY LIMITED,DRAX ENERGY SOLUTIONS LIMITED,OAKTREE POWER LIMITED,Shuffle Energy Limited,U ENERGY GROUP LIMITED,Electric Miles Limited","Z1:200,Z2:200,Z3:200,Z4:200,Z5:200,Z6:200,Z7:200,Z8:200,Z9:200,Z10:200,Z11:200,Z12:200"
69,11/07/2026 10:00,Upwards,Energy,11/07/2026,13:30,14:00,12:30,13:00,200,Live,0,All Participants,"AXLE ENERGY LIMITED,INFINIS LIMITED,EQUIWATT LIMITED,HILDEBRAND TECHNOLOGY LIMITED,OCTOPUS ENERGY LIMITED,DRAX ENERGY SOLUTIONS LIMITED,OAKTREE POWER LIMITED,Shuffle Energy Limited,U ENERGY GROUP LIMITED,Electric Miles Limited","Z1:200,Z2:200,Z3:200,Z4:200,Z5:200,Z6:200,Z7:200,Z8:200,Z9:200,Z10:200,Z11:200,Z12:200"
69,11/07/2026 10:00,Upwards,Energy,11/07/2026,14:00,14:30,13:00,13:30,200,Live,0,All Participants,"AXLE ENERGY LIMITED,INFINIS LIMITED,EQUIWATT LIMITED,HILDEBRAND TECHNOLOGY LIMITED,OCTOPUS ENERGY LIMITED,DRAX ENERGY SOLUTIONS LIMITED,OAKTREE POWER LIMITED,Shuffle Energy Limited,U ENERGY GROUP LIMITED,Electric Miles Limited","Z1:200,Z2:200,Z3:200,Z4:200,Z5:200,Z6:200,Z7:200,Z8:200,Z9:200,Z10:200,Z11:200,Z12:200"
69,11/07/2026 10:00,Upwards,Energy,11/07/2026,14:30,15:00,13:30,14:00,200,Live,0,All Participants,"AXLE ENERGY LIMITED,INFINIS LIMITED,EQUIWATT LIMITED,HILDEBRAND TECHNOLOGY LIMITED,OCTOPUS ENERGY LIMITED,DRAX ENERGY SOLUTIONS LIMITED,OAKTREE POWER LIMITED,Shuffle Energy Limited,U ENERGY GROUP LIMITED,Electric Miles Limited","Z1:200,Z2:200,Z3:200,Z4:200,Z5:200,Z6:200,Z7:200,Z8:200,Z9:200,Z10:200,Z11:200,Z12:200"
69,11/07/2026 10:00,Upwards,Energy,11/07/2026,15:00,15:30,14:00,14:30,200,Live,0,All Participants,"AXLE ENERGY LIMITED,INFINIS LIMITED,EQUIWATT LIMITED,HILDEBRAND TECHNOLOGY LIMITED,OCTOPUS ENERGY LIMITED,DRAX ENERGY SOLUTIONS LIMITED,OAKTREE POWER LIMITED,Shuffle Energy Limited,U ENERGY GROUP LIMITED,Electric Miles Limited","Z1:200,Z2:200,Z3:200,Z4:200,Z5:200,Z6:200,Z7:200,Z8:200,Z9:200,Z10:200,Z11:200,Z12:200"
69,11/07/2026 10:00,Upwards,Energy,11/07/2026,15:30,16:00,14:30,15:00,200,Live,0,All Participants,"AXLE ENERGY LIMITED,INFINIS LIMITED,EQUIWATT LIMITED,HILDEBRAND TECHNOLOGY LIMITED,OCTOPUS ENERGY LIMITED,DRAX ENERGY SOLUTIONS LIMITED,OAKTREE POWER LIMITED,Shuffle Energy Limited,U ENERGY GROUP LIMITED,Electric Miles Limited","Z1:200,Z2:200,Z3:200,Z4:200,Z5:200,Z6:200,Z7:200,Z8:200,Z9:200,Z10:200,Z11:200,Z12:200"
68,09/07/2026 13:45,Downwards,Energy,09/07/2026,17:00,17:30,16:00,16:30,500,Live,0,All Participants,"AXLE ENERGY LIMITED,INFINIS LIMITED,EQUIWATT LIMITED,HILDEBRAND TECHNOLOGY LIMITED,OCTOPUS ENERGY LIMITED,DRAX ENERGY SOLUTIONS LIMITED,OAKTREE POWER LIMITED,Shuffle Energy Limited,U ENERGY GROUP LIMITED,Electric Miles Limited","Z1:500,Z2:500,Z3:500,Z4:500,Z5:500,Z6:500,Z7:500,Z8:500,Z9:500,Z10:500,Z11:500,Z12:500"
68,09/07/2026 13:45,Downwards,Energy,09/07/2026,17:30,18:00,16:30,17:00,500,Live,0,All Participants,"AXLE ENERGY LIMITED,INFINIS LIMITED,EQUIWATT LIMITED,HILDEBRAND TECHNOLOGY LIMITED,OCTOPUS ENERGY LIMITED,DRAX ENERGY SOLUTIONS LIMITED,OAKTREE POWER LIMITED,Shuffle Energy Limited,U ENERGY GROUP LIMITED,Electric Miles Limited","Z1:500,Z2:500,Z3:500,Z4:500,Z5:500,Z6:500,Z7:500,Z8:500,Z9:500,Z10:500,Z11:500,Z12:500"
68,09/07/2026 13:45,Downwards,Energy,09/07/2026,18:00,18:30,17:00,17:30,500,Live,0,All Participants,"AXLE ENERGY LIMITED,INFINIS LIMITED,EQUIWATT LIMITED,HILDEBRAND TECHNOLOGY LIMITED,OCTOPUS ENERGY LIMITED,DRAX ENERGY SOLUTIONS LIMITED,OAKTREE POWER LIMITED,Shuffle Energy Limited,U ENERGY GROUP LIMITED,Electric Miles Limited","Z1:500,Z2:500,Z3:500,Z4:500,Z5:500,Z6:500,Z7:500,Z8:500,Z9:500,Z10:500,Z11:500,Z12:500"
68,09/07/2026 13:45,Downwards,Energy,09/07/2026,18:30,19:00,17:30,18:00,500,Live,0,All Participants,"AXLE ENERGY LIMITED,INFINIS LIMITED,EQUIWATT LIMITED,HILDEBRAND TECHNOLOGY LIMITED,OCTOPUS ENERGY LIMITED,DRAX ENERGY SOLUTIONS LIMITED,OAKTREE POWER LIMITED,Shuffle Energy Limited,U ENERGY GROUP LIMITED,Electric Miles Limited","Z1:500,Z2:500,Z3:500,Z4:500,Z5:500,Z6:500,Z7:500,Z8:500,Z9:500,Z10:500,Z11:500,Z12:500"
68,09/07/2026 13:45,Downwards,Energy,09/07/2026,19:00,19:30,18:00,18:30,500,Live,0,All Participants,"AXLE ENERGY LIMITED,INFINIS LIMITED,EQUIWATT LIMITED,HILDEBRAND TECHNOLOGY LIMITED,OCTOPUS ENERGY LIMITED,DRAX ENERGY SOLUTIONS LIMITED,OAKTREE POWER LIMITED,Shuffle Energy Limited,U ENERGY GROUP LIMITED,Electric Miles Limited","Z1:500,Z2:500,Z3:500,Z4:500,Z5:500,Z6:500,Z7:500,Z8:500,Z9:500,Z10:500,Z11:500,Z12:500"
68,09/07/2026 13:45,Downwards,Energy,09/07/2026,19:30,20:00,18:30,19:00,500,Live,0,All Participants,"AXLE ENERGY LIMITED,INFINIS LIMITED,EQUIWATT LIMITED,HILDEBRAND TECHNOLOGY LIMITED,OCTOPUS ENERGY LIMITED,DRAX ENERGY SOLUTIONS LIMITED,OAKTREE POWER LIMITED,Shuffle Energy Limited,U ENERGY GROUP LIMITED,Electric Miles Limited","Z1:500,Z2:500,Z3:500,Z4:500,Z5:500,Z6:500,Z7:500,Z8:500,Z9:500,Z10:500,Z11:500,Z12:500"
68,09/07/2026 13:45,Downwards,Energy,09/07/2026,20:00,20:30,19:00,19:30,500,Live,0,All Participants,"AXLE ENERGY LIMITED,INFINIS LIMITED,EQUIWATT LIMITED,HILDEBRAND TECHNOLOGY LIMITED,OCTOPUS ENERGY LIMITED,DRAX ENERGY SOLUTIONS LIMITED,OAKTREE POWER LIMITED,Shuffle Energy Limited,U ENERGY GROUP LIMITED,Electric Miles Limited","Z1:500,Z2:500,Z3:500,Z4:500,Z5:500,Z6:500,Z7:500,Z8:500,Z9:500,Z10:500,Z11:500,Z12:500"
68,09/07/2026 13:45,Downwards,Energy,09/07/2026,20:30,21:00,19:30,20:00,500,Live,0,All Participants,"AXLE ENERGY LIMITED,INFINIS LIMITED,EQUIWATT LIMITED,HILDEBRAND TECHNOLOGY LIMITED,OCTOPUS ENERGY LIMITED,DRAX ENERGY SOLUTIONS LIMITED,OAKTREE POWER LIMITED,Shuffle Energy Limited,U ENERGY GROUP LIMITED,Electric Miles Limited","Z1:500,Z2:500,Z3:500,Z4:500,Z5:500,Z6:500,Z7:500,Z8:500,Z9:500,Z10:500,Z11:500,Z12:500"
68,09/07/2026 13:45,Downwards,Energy,09/07/2026,21:00,21:30,20:00,20:30,500,Live,0,All Participants,"AXLE ENERGY LIMITED,INFINIS LIMITED,EQUIWATT LIMITED,HILDEBRAND TECHNOLOGY LIMITED,OCTOPUS ENERGY LIMITED,DRAX ENERGY SOLUTIONS LIMITED,OAKTREE POWER LIMITED,Shuffle Energy Limited,U ENERGY GROUP LIMITED,Electric Miles Limited","Z1:500,Z2:500,Z3:500,Z4:500,Z5:500,Z6:500,Z7:500,Z8:500,Z9:500,Z10:500,Z11:500,Z12:500"
68,09/07/2026 13:45,Downwards,Energy,09/07/2026,21:30,22:00,20:30,21:00,500,Live,0,All Participants,"AXLE ENERGY LIMITED,INFINIS LIMITED,EQUIWATT LIMITED,HILDEBRAND TECHNOLOGY LIMITED,OCTOPUS ENERGY LIMITED,DRAX ENERGY SOLUTIONS LIMITED,OAKTREE POWER LIMITED,Shuffle Energy Limited,U ENERGY GROUP LIMITED,Electric Miles Limited","Z1:500,Z2:500,Z3:500,Z4:500,Z5:500,Z6:500,Z7:500,Z8:500,Z9:500,Z10:500,Z11:500,Z12:500"
68,09/07/2026 13:45,Downwards,Energy,09/07/2026,22:00,22:30,21:00,21:30,500,Live,0,All Participants,"AXLE ENERGY LIMITED,INFINIS LIMITED,EQUIWATT LIMITED,HILDEBRAND TECHNOLOGY LIMITED,OCTOPUS ENERGY LIMITED,DRAX ENERGY SOLUTIONS LIMITED,OAKTREE POWER LIMITED,Shuffle Energy Limited,U ENERGY GROUP LIMITED,Electric Miles Limited","Z1:500,Z2:500,Z3:500,Z4:500,Z5:500,Z6:500,Z7:500,Z8:500,Z9:500,Z10:500,Z11:500,Z12:500"
68,09/07/2026 13:45,Downwards,Energy,09/07/2026,22:30,23:00,21:30,22:00,500,Live,0,All Participants,"AXLE ENERGY LIMITED,INFINIS LIMITED,EQUIWATT LIMITED,HILDEBRAND TECHNOLOGY LIMITED,OCTOPUS ENERGY LIMITED,DRAX ENERGY SOLUTIONS LIMITED,OAKTREE POWER LIMITED,Shuffle Energy Limited,U ENERGY GROUP LIMITED,Electric Miles Limited","Z1:500,Z2:500,Z3:500,Z4:500,Z5:500,Z6:500,Z7:500,Z8:500,Z9:500,Z10:500,Z11:500,Z12:500"
67,08/07/2026 12:00,Downwards,Energy,08/07/2026,19:00,19:30,18:00,18:30,500,Live,0,All Participants,"AXLE ENERGY LIMITED,INFINIS LIMITED,EQUIWATT LIMITED,HILDEBRAND TECHNOLOGY LIMITED,OCTOPUS ENERGY LIMITED,DRAX ENERGY SOLUTIONS LIMITED,OAKTREE POWER LIMITED,Shuffle Energy Limited,U ENERGY GROUP LIMITED,Electric Miles Limited","Z1:500,Z2:500,Z3:500,Z4:500,Z5:500,Z6:500,Z7:500,Z8:500,Z9:500,Z10:500,Z11:500,Z12:500"
67,08/07/2026 12:00,Downwards,Energy,08/07/2026,19:30,20:00,18:30,19:00,500,Live,0,All Participants,"AXLE ENERGY LIMITED,INFINIS LIMITED,EQUIWATT LIMITED,HILDEBRAND TECHNOLOGY LIMITED,OCTOPUS ENERGY LIMITED,DRAX ENERGY SOLUTIONS LIMITED,OAKTREE POWER LIMITED,Shuffle Energy Limited,U ENERGY GROUP LIMITED,Electric Miles Limited","Z1:500,Z2:500,Z3:500,Z4:500,Z5:500,Z6:500,Z7:500,Z8:500,Z9:500,Z10:500,Z11:500,Z12:500"
67,08/07/2026 12:00,Downwards,Energy,08/07/2026,20:00,20:30,19:00,19:30,500,Live,0,All Participants,"AXLE ENERGY LIMITED,INFINIS LIMITED,EQUIWATT LIMITED,HILDEBRAND TECHNOLOGY LIMITED,OCTOPUS ENERGY LIMITED,DRAX ENERGY SOLUTIONS LIMITED,OAKTREE POWER LIMITED,Shuffle Energy Limited,U ENERGY GROUP LIMITED,Electric Miles Limited","Z1:500,Z2:500,Z3:500,Z4:500,Z5:500,Z6:500,Z7:500,Z8:500,Z9:500,Z10:500,Z11:500,Z12:500"
67,08/07/2026 12:00,Downwards,Energy,08/07/2026,20:30,21:00,19:30,20:00,500,Live,0,All Participants,"AXLE ENERGY LIMITED,INFINIS LIMITED,EQUIWATT LIMITED,HILDEBRAND TECHNOLOGY LIMITED,OCTOPUS ENERGY LIMITED,DRAX ENERGY SOLUTIONS LIMITED,OAKTREE POWER LIMITED,Shuffle Energy Limited,U ENERGY GROUP LIMITED,Electric Miles Limited","Z1:500,Z2:500,Z3:500,Z4:500,Z5:500,Z6:500,Z7:500,Z8:500,Z9:500,Z10:500,Z11:500,Z12:500"
67,08/07/2026 12:00,Downwards,Energy,08/07/2026,21:00,21:30,20:00,20:30,500,Live,0,All Participants,"AXLE ENERGY LIMITED,INFINIS LIMITED,EQUIWATT LIMITED,HILDEBRAND TECHNOLOGY LIMITED,OCTOPUS ENERGY LIMITED,DRAX ENERGY SOLUTIONS LIMITED,OAKTREE POWER LIMITED,Shuffle Energy Limited,U ENERGY GROUP LIMITED,Electric Miles Limited","Z1:500,Z2:500,Z3:500,Z4:500,Z5:500,Z6:500,Z7:500,Z8:500,Z9:500,Z10:500,Z11:500,Z12:500"
67,08/07/2026 12:00,Downwards,Energy,08/07/2026,21:30,22:00,20:30,21:00,500,Live,0,All Participants,"AXLE ENERGY LIMITED,INFINIS LIMITED,EQUIWATT LIMITED,HILDEBRAND TECHNOLOGY LIMITED,OCTOPUS ENERGY LIMITED,DRAX ENERGY SOLUTIONS LIMITED,OAKTREE POWER LIMITED,Shuffle Energy Limited,U ENERGY GROUP LIMITED,Electric Miles Limited","Z1:500,Z2:500,Z3:500,Z4:500,Z5:500,Z6:500,Z7:500,Z8:500,Z9:500,Z10:500,Z11:500,Z12:500"
66,06/07/2026 10:00,Upwards,Energy,06/07/2026,11:00,11:30,10:00,10:30,500,Live,0,All Participants,"AXLE ENERGY LIMITED,INFINIS LIMITED,EQUIWATT LIMITED,HILDEBRAND TECHNOLOGY LIMITED,OCTOPUS ENERGY LIMITED,DRAX ENERGY SOLUTIONS LIMITED,OAKTREE POWER LIMITED,Shuffle Energy Limited,U ENERGY GROUP LIMITED,Electric Miles Limited","Z1:500,Z2:500,Z3:500,Z4:500,Z5:500,Z6:500,Z7:500,Z8:500,Z9:500,Z10:500,Z11:500,Z12:500"
66,06/07/2026 10:00,Upwards,Energy,06/07/2026,11:30,12:00,10:30,11:00,500,Live,0,All Participants,"AXLE ENERGY LIMITED,INFINIS LIMITED,EQUIWATT LIMITED,HILDEBRAND TECHNOLOGY LIMITED,OCTOPUS ENERGY LIMITED,DRAX ENERGY SOLUTIONS LIMITED,OAKTREE POWER LIMITED,Shuffle Energy Limited,U ENERGY GROUP LIMITED,Electric Miles Limited","Z1:500,Z2:500,Z3:500,Z4:500,Z5:500,Z6:500,Z7:500,Z8:500,Z9:500,Z10:500,Z11:500,Z12:500"
66,06/07/2026 10:00,Upwards,Energy,06/07/2026,12:00,12:30,11:00,11:30,500,Live,0,All Participants,"AXLE ENERGY LIMITED,INFINIS LIMITED,EQUIWATT LIMITED,HILDEBRAND TECHNOLOGY LIMITED,OCTOPUS ENERGY LIMITED,DRAX ENERGY SOLUTIONS LIMITED,OAKTREE POWER LIMITED,Shuffle Energy Limited,U ENERGY GROUP LIMITED,Electric Miles Limited","Z1:500,Z2:500,Z3:500,Z4:500,Z5:500,Z6:500,Z7:500,Z8:500,Z9:500,Z10:500,Z11:500,Z12:500"
66,06/07/2026 10:00,Upwards,Energy,06/07/2026,12:30,13:00,11:30,12:00,500,Live,0,All Participants,"AXLE ENERGY LIMITED,INFINIS LIMITED,EQUIWATT LIMITED,HILDEBRAND TECHNOLOGY LIMITED,OCTOPUS ENERGY LIMITED,DRAX ENERGY SOLUTIONS LIMITED,OAKTREE POWER LIMITED,Shuffle Energy Limited,U ENERGY GROUP LIMITED,Electric Miles Limited","Z1:500,Z2:500,Z3:500,Z4:500,Z5:500,Z6:500,Z7:500,Z8:500,Z9:500,Z10:500,Z11:500,Z12:500"
66,06/07/2026 10:00,Upwards,Energy,06/07/2026,13:00,13:30,12:00,12:30,500,Live,0,All Participants,"AXLE ENERGY LIMITED,INFINIS LIMITED,EQUIWATT LIMITED,HILDEBRAND TECHNOLOGY LIMITED,OCTOPUS ENERGY LIMITED,DRAX ENERGY SOLUTIONS LIMITED,OAKTREE POWER LIMITED,Shuffle Energy Limited,U ENERGY GROUP LIMITED,Electric Miles Limited","Z1:500,Z2:500,Z3:500,Z4:500,Z5:500,Z6:500,Z7:500,Z8:500,Z9:500,Z10:500,Z11:500,Z12:500"
66,06/07/2026 10:00,Upwards,Energy,06/07/2026,13:30,14:00,12:30,13:00,500,Live,0,All Participants,"AXLE ENERGY LIMITED,INFINIS LIMITED,EQUIWATT LIMITED,HILDEBRAND TECHNOLOGY LIMITED,OCTOPUS ENERGY LIMITED,DRAX ENERGY SOLUTIONS LIMITED,OAKTREE POWER LIMITED,Shuffle Energy Limited,U ENERGY GROUP LIMITED,Electric Miles Limited","Z1:500,Z2:500,Z3:500,Z4:500,Z5:500,Z6:500,Z7:500,Z8:500,Z9:500,Z10:500,Z11:500,Z12:500"
66,06/07/2026 10:00,Upwards,Energy,06/07/2026,14:00,14:30,13:00,13:30,500,Live,0,All Participants,"AXLE ENERGY LIMITED,INFINIS LIMITED,EQUIWATT LIMITED,HILDEBRAND TECHNOLOGY LIMITED,OCTOPUS ENERGY LIMITED,DRAX ENERGY SOLUTIONS LIMITED,OAKTREE POWER LIMITED,Shuffle Energy Limited,U ENERGY GROUP LIMITED,Electric Miles Limited","Z1:500,Z2:500,Z3:500,Z4:500,Z5:500,Z6:500,Z7:500,Z8:500,Z9:500,Z10:500,Z11:500,Z12:500"
66,06/07/2026 10:00,Upwards,Energy,06/07/2026,14:30,15:00,13:30,14:00,500,Live,0,All Participants,"AXLE ENERGY LIMITED,INFINIS LIMITED,EQUIWATT LIMITED,HILDEBRAND TECHNOLOGY LIMITED,OCTOPUS ENERGY LIMITED,DRAX ENERGY SOLUTIONS LIMITED,OAKTREE POWER LIMITED,Shuffle Energy Limited,U ENERGY GROUP LIMITED,Electric Miles Limited","Z1:500,Z2:500,Z3:500,Z4:500,Z5:500,Z6:500,Z7:500,Z8:500,Z9:500,Z10:500,Z11:500,Z12:500"
66,06/07/2026 10:00,Upwards,Energy,06/07/2026,15:00,15:30,14:00,14:30,500,Live,0,All Participants,"AXLE ENERGY LIMITED,INFINIS LIMITED,EQUIWATT LIMITED,HILDEBRAND TECHNOLOGY LIMITED,OCTOPUS ENERGY LIMITED,DRAX ENERGY SOLUTIONS LIMITED,OAKTREE POWER LIMITED,Shuffle Energy Limited,U ENERGY GROUP LIMITED,Electric Miles Limited","Z1:500,Z2:500,Z3:500,Z4:500,Z5:500,Z6:500,Z7:500,Z8:500,Z9:500,Z10:500,Z11:500,Z12:500"
66,06/07/2026 10:00,Upwards,Energy,06/07/2026,15:30,16:00,14:30,15:00,500,Live,0,All Participants,"AXLE ENERGY LIMITED,INFINIS LIMITED,EQUIWATT LIMITED,HILDEBRAND TECHNOLOGY LIMITED,OCTOPUS ENERGY LIMITED,DRAX ENERGY SOLUTIONS LIMITED,OAKTREE POWER LIMITED,Shuffle Energy Limited,U ENERGY GROUP LIMITED,Electric Miles Limited","Z1:500,Z2:500,Z3:500,Z4:500,Z5:500,Z6:500,Z7:500,Z8:500,Z9:500,Z10:500,Z11:500,Z12:500"
65,05/07/2026 12:00,Downwards,Energy,05/07/2026,19:00,19:30,18:00,18:30,500,Live,0,All Participants,"AXLE ENERGY LIMITED,INFINIS LIMITED,EQUIWATT LIMITED,HILDEBRAND TECHNOLOGY LIMITED,OCTOPUS ENERGY LIMITED,DRAX ENERGY SOLUTIONS LIMITED,OAKTREE POWER LIMITED,Shuffle Energy Limited,U ENERGY GROUP LIMITED,Electric Miles Limited","Z1:0,Z2:0,Z3:500,Z4:500,Z5:500,Z6:500,Z7:500,Z8:500,Z9:500,Z10:500,Z11:500,Z12:500"
65,05/07/2026 12:00,Downwards,Energy,05/07/2026,19:30,20:00,18:30,19:00,500,Live,0,All Participants,"AXLE ENERGY LIMITED,INFINIS LIMITED,EQUIWATT LIMITED,HILDEBRAND TECHNOLOGY LIMITED,OCTOPUS ENERGY LIMITED,DRAX ENERGY SOLUTIONS LIMITED,OAKTREE POWER LIMITED,Shuffle Energy Limited,U ENERGY GROUP LIMITED,Electric Miles Limited","Z1:0,Z2:0,Z3:500,Z4:500,Z5:500,Z6:500,Z7:500,Z8:500,Z9:500,Z10:500,Z11:500,Z12:500"
65,05/07/2026 12:00,Downwards,Energy,05/07/2026,20:00,20:30,19:00,19:30,500,Live,0,All Participants,"AXLE ENERGY LIMITED,INFINIS LIMITED,EQUIWATT LIMITED,HILDEBRAND TECHNOLOGY LIMITED,OCTOPUS ENERGY LIMITED,DRAX ENERGY SOLUTIONS LIMITED,OAKTREE POWER LIMITED,Shuffle Energy Limited,U ENERGY GROUP LIMITED,Electric Miles Limited","Z1:0,Z2:0,Z3:500,Z4:500,Z5:500,Z6:500,Z7:500,Z8:500,Z9:500,Z10:500,Z11:500,Z12:500"
65,05/07/2026 12:00,Downwards,Energy,05/07/2026,20:30,21:00,19:30,20:00,500,Live,0,All Participants,"AXLE ENERGY LIMITED,INFINIS LIMITED,EQUIWATT LIMITED,HILDEBRAND TECHNOLOGY LIMITED,OCTOPUS ENERGY LIMITED,DRAX ENERGY SOLUTIONS LIMITED,OAKTREE POWER LIMITED,Shuffle Energy Limited,U ENERGY GROUP LIMITED,Electric Miles Limited","Z1:0,Z2:0,Z3:500,Z4:500,Z5:500,Z6:500,Z7:500,Z8:500,Z9:500,Z10:500,Z11:500,Z12:500"
65,05/07/2026 12:00,Downwards,Energy,05/07/2026,21:00,21:30,20:00,20:30,500,Live,0,All Participants,"AXLE ENERGY LIMITED,INFINIS LIMITED,EQUIWATT LIMITED,HILDEBRAND TECHNOLOGY LIMITED,OCTOPUS ENERGY LIMITED,DRAX ENERGY SOLUTIONS LIMITED,OAKTREE POWER LIMITED,Shuffle Energy Limited,U ENERGY GROUP LIMITED,Electric Miles Limited","Z1:0,Z2:0,Z3:500,Z4:500,Z5:500,Z6:500,Z7:500,Z8:500,Z9:500,Z10:500,Z11:500,Z12:500"
65,05/07/2026 12:00,Downwards,Energy,05/07/2026,21:30,22:00,20:30,21:00,500,Live,0,All Participants,"AXLE ENERGY LIMITED,INFINIS LIMITED,EQUIWATT LIMITED,HILDEBRAND TECHNOLOGY LIMITED,OCTOPUS ENERGY LIMITED,DRAX ENERGY SOLUTIONS LIMITED,OAKTREE POWER LIMITED,Shuffle Energy Limited,U ENERGY GROUP LIMITED,Electric Miles Limited","Z1:0,Z2:0,Z3:500,Z4:500,Z5:500,Z6:500,Z7:500,Z8:500,Z9:500,Z10:500,Z11:500,Z12:500"
65,05/07/2026 12:00,Downwards,Energy,05/07/2026,22:00,22:30,21:00,21:30,500,Live,0,All Participants,"AXLE ENERGY LIMITED,INFINIS LIMITED,EQUIWATT LIMITED,HILDEBRAND TECHNOLOGY LIMITED,OCTOPUS ENERGY LIMITED,DRAX ENERGY SOLUTIONS LIMITED,OAKTREE POWER LIMITED,Shuffle Energy Limited,U ENERGY GROUP LIMITED,Electric Miles Limited","Z1:0,Z2:0,Z3:500,Z4:500,Z5:500,Z6:500,Z7:500,Z8:500,Z9:500,Z10:500,Z11:500,Z12:500"
65,05/07/2026 12:00,Downwards,Energy,05/07/2026,22:30,23:00,21:30,22:00,500,Live,0,All Participants,"AXLE ENERGY LIMITED,INFINIS LIMITED,EQUIWATT LIMITED,HILDEBRAND TECHNOLOGY LIMITED,OCTOPUS ENERGY LIMITED,DRAX ENERGY SOLUTIONS LIMITED,OAKTREE POWER LIMITED,Shuffle Energy Limited,U ENERGY GROUP LIMITED,Electric Miles Limited","Z1:0,Z2:0,Z3:500,Z4:500,Z5:500,Z6:500,Z7:500,Z8:500,Z9:500,Z10:500,Z11:500,Z12:500"
64,05/07/2026 10:00,Upwards,Energy,05/07/2026,12:00,12:30,11:00,11:30,500,Live,0,All Participants,"AXLE ENERGY LIMITED,INFINIS LIMITED,EQUIWATT LIMITED,HILDEBRAND TECHNOLOGY LIMITED,OCTOPUS ENERGY LIMITED,DRAX ENERGY SOLUTIONS LIMITED,OAKTREE POWER LIMITED,Shuffle Energy Limited,U ENERGY GROUP LIMITED,Electric Miles Limited","Z1:500,Z2:500,Z3:500,Z4:500,Z5:500,Z6:500,Z7:500,Z8:500,Z9:500,Z10:500,Z11:500,Z12:500"
64,05/07/2026 10:00,Upwards,Energy,05/07/2026,12:30,13:00,11:30,12:00,500,Live,0,All Participants,"AXLE ENERGY LIMITED,INFINIS LIMITED,EQUIWATT LIMITED,HILDEBRAND TECHNOLOGY LIMITED,OCTOPUS ENERGY LIMITED,DRAX ENERGY SOLUTIONS LIMITED,OAKTREE POWER LIMITED,Shuffle Energy Limited,U ENERGY GROUP LIMITED,Electric Miles Limited","Z1:500,Z2:500,Z3:500,Z4:500,Z5:500,Z6:500,Z7:500,Z8:500,Z9:500,Z10:500,Z11:500,Z12:500"
64,05/07/2026 10:00,Upwards,Energy,05/07/2026,13:00,13:30,12:00,12:30,500,Live,0,All Participants,"AXLE ENERGY LIMITED,INFINIS LIMITED,EQUIWATT LIMITED,HILDEBRAND TECHNOLOGY LIMITED,OCTOPUS ENERGY LIMITED,DRAX ENERGY SOLUTIONS LIMITED,OAKTREE POWER LIMITED,Shuffle Energy Limited,U ENERGY GROUP LIMITED,Electric Miles Limited","Z1:500,Z2:500,Z3:500,Z4:500,Z5:500,Z6:500,Z7:500,Z8:500,Z9:500,Z10:500,Z11:500,Z12:500"
64,05/07/2026 10:00,Upwards,Energy,05/07/2026,13:30,14:00,12:30,13:00,500,Live,0,All Participants,"AXLE ENERGY LIMITED,INFINIS LIMITED,EQUIWATT LIMITED,HILDEBRAND TECHNOLOGY LIMITED,OCTOPUS ENERGY LIMITED,DRAX ENERGY SOLUTIONS LIMITED,OAKTREE POWER LIMITED,Shuffle Energy Limited,U ENERGY GROUP LIMITED,Electric Miles Limited","Z1:500,Z2:500,Z3:500,Z4:500,Z5:500,Z6:500,Z7:500,Z8:500,Z9:500,Z10:500,Z11:500,Z12:500"
64,05/07/2026 10:00,Upwards,Energy,05/07/2026,14:00,14:30,13:00,13:30,500,Live,0,All Participants,"AXLE ENERGY LIMITED,INFINIS LIMITED,EQUIWATT LIMITED,HILDEBRAND TECHNOLOGY LIMITED,OCTOPUS ENERGY LIMITED,DRAX ENERGY SOLUTIONS LIMITED,OAKTREE POWER LIMITED,Shuffle Energy Limited,U ENERGY GROUP LIMITED,Electric Miles Limited","Z1:500,Z2:500,Z3:500,Z4:500,Z5:500,Z6:500,Z7:500,Z8:500,Z9:500,Z10:500,Z11:500,Z12:500"
64,05/07/2026 10:00,Upwards,Energy,05/07/2026,14:30,15:00,13:30,14:00,500,Live,0,All Participants,"AXLE ENERGY LIMITED,INFINIS LIMITED,EQUIWATT LIMITED,HILDEBRAND TECHNOLOGY LIMITED,OCTOPUS ENERGY LIMITED,DRAX ENERGY SOLUTIONS LIMITED,OAKTREE POWER LIMITED,Shuffle Energy Limited,U ENERGY GROUP LIMITED,Electric Miles Limited","Z1:500,Z2:500,Z3:500,Z4:500,Z5:500,Z6:500,Z7:500,Z8:500,Z9:500,Z10:500,Z11:500,Z12:500"
64,05/07/2026 10:00,Upwards,Energy,05/07/2026,15:00,15:30,14:00,14:30,500,Live,0,All Participants,"AXLE ENERGY LIMITED,INFINIS LIMITED,EQUIWATT LIMITED,HILDEBRAND TECHNOLOGY LIMITED,OCTOPUS ENERGY LIMITED,DRAX ENERGY SOLUTIONS LIMITED,OAKTREE POWER LIMITED,Shuffle Energy Limited,U ENERGY GROUP LIMITED,Electric Miles Limited","Z1:500,Z2:500,Z3:500,Z4:500,Z5:500,Z6:500,Z7:500,Z8:500,Z9:500,Z10:500,Z11:500,Z12:500"
64,05/07/2026 10:00,Upwards,Energy,05/07/2026,15:30,16:00,14:30,15:00,500,Live,0,All Participants,"AXLE ENERGY LIMITED,INFINIS LIMITED,EQUIWATT LIMITED,HILDEBRAND TECHNOLOGY LIMITED,OCTOPUS ENERGY LIMITED,DRAX ENERGY SOLUTIONS LIMITED,OAKTREE POWER LIMITED,Shuffle Energy Limited,U ENERGY GROUP LIMITED,Electric Miles Limited","Z1:500,Z2:500,Z3:500,Z4:500,Z5:500,Z6:500,Z7:500,Z8:500,Z9:500,Z10:500,Z11:500,Z12:500"
63,04/07/2026 10:00,Upwards,Energy,04/07/2026,11:00,11:30,10:00,10:30,300,Live,0,All Participants,"AXLE ENERGY LIMITED,INFINIS LIMITED,EQUIWATT LIMITED,HILDEBRAND TECHNOLOGY LIMITED,OCTOPUS ENERGY LIMITED,DRAX ENERGY SOLUTIONS LIMITED,OAKTREE POWER LIMITED,Shuffle Energy Limited,U ENERGY GROUP LIMITED,Electric Miles Limited","Z1:300,Z2:300,Z3:300,Z4:300,Z5:300,Z6:300,Z7:300,Z8:300,Z9:300,Z10:300,Z11:300,Z12:300"
63,04/07/2026 10:00,Upwards,Energy,04/07/2026,11:30,12:00,10:30,11:00,300,Live,0,All Participants,"AXLE ENERGY LIMITED,INFINIS LIMITED,EQUIWATT LIMITED,HILDEBRAND TECHNOLOGY LIMITED,OCTOPUS ENERGY LIMITED,DRAX ENERGY SOLUTIONS LIMITED,OAKTREE POWER LIMITED,Shuffle Energy Limited,U ENERGY GROUP LIMITED,Electric Miles Limited","Z1:300,Z2:300,Z3:300,Z4:300,Z5:300,Z6:300,Z7:300,Z8:300,Z9:300,Z10:300,Z11:300,Z12:300"
63,04/07/2026 10:00,Upwards,Energy,04/07/2026,12:00,12:30,11:00,11:30,300,Live,0,All Participants,"AXLE ENERGY LIMITED,INFINIS LIMITED,EQUIWATT LIMITED,HILDEBRAND TECHNOLOGY LIMITED,OCTOPUS ENERGY LIMITED,DRAX ENERGY SOLUTIONS LIMITED,OAKTREE POWER LIMITED,Shuffle Energy Limited,U ENERGY GROUP LIMITED,Electric Miles Limited","Z1:300,Z2:300,Z3:300,Z4:300,Z5:300,Z6:300,Z7:300,Z8:300,Z9:300,Z10:300,Z11:300,Z12:300"
63,04/07/2026 10:00,Upwards,Energy,04/07/2026,12:30,13:00,11:30,12:00,300,Live,0,All Participants,"AXLE ENERGY LIMITED,INFINIS LIMITED,EQUIWATT LIMITED,HILDEBRAND TECHNOLOGY LIMITED,OCTOPUS ENERGY LIMITED,DRAX ENERGY SOLUTIONS LIMITED,OAKTREE POWER LIMITED,Shuffle Energy Limited,U ENERGY GROUP LIMITED,Electric Miles Limited","Z1:300,Z2:300,Z3:300,Z4:300,Z5:300,Z6:300,Z7:300,Z8:300,Z9:300,Z10:300,Z11:300,Z12:300"
63,04/07/2026 10:00,Upwards,Energy,04/07/2026,13:00,13:30,12:00,12:30,300,Live,0,All Participants,"AXLE ENERGY LIMITED,INFINIS LIMITED,EQUIWATT LIMITED,HILDEBRAND TECHNOLOGY LIMITED,OCTOPUS ENERGY LIMITED,DRAX ENERGY SOLUTIONS LIMITED,OAKTREE POWER LIMITED,Shuffle Energy Limited,U ENERGY GROUP LIMITED,Electric Miles Limited","Z1:300,Z2:300,Z3:300,Z4:300,Z5:300,Z6:300,Z7:300,Z8:300,Z9:300,Z10:300,Z11:300,Z12:300"
63,04/07/2026 10:00,Upwards,Energy,04/07/2026,13:30,14:00,12:30,13:00,300,Live,0,All Participants,"AXLE ENERGY LIMITED,INFINIS LIMITED,EQUIWATT LIMITED,HILDEBRAND TECHNOLOGY LIMITED,OCTOPUS ENERGY LIMITED,DRAX ENERGY SOLUTIONS LIMITED,OAKTREE POWER LIMITED,Shuffle Energy Limited,U ENERGY GROUP LIMITED,Electric Miles Limited","Z1:300,Z2:300,Z3:300,Z4:300,Z5:300,Z6:300,Z7:300,Z8:300,Z9:300,Z10:300,Z11:300,Z12:300"
63,04/07/2026 10:00,Upwards,Energy,04/07/2026,14:00,14:30,13:00,13:30,300,Live,0,All Participants,"AXLE ENERGY LIMITED,INFINIS LIMITED,EQUIWATT LIMITED,HILDEBRAND TECHNOLOGY LIMITED,OCTOPUS ENERGY LIMITED,DRAX ENERGY SOLUTIONS LIMITED,OAKTREE POWER LIMITED,Shuffle Energy Limited,U ENERGY GROUP LIMITED,Electric Miles Limited","Z1:300,Z2:300,Z3:300,Z4:300,Z5:300,Z6:300,Z7:300,Z8:300,Z9:300,Z10:300,Z11:300,Z12:300"
63,04/07/2026 10:00,Upwards,Energy,04/07/2026,14:30,15:00,13:30,14:00,300,Live,0,All Participants,"AXLE ENERGY LIMITED,INFINIS LIMITED,EQUIWATT LIMITED,HILDEBRAND TECHNOLOGY LIMITED,OCTOPUS ENERGY LIMITED,DRAX ENERGY SOLUTIONS LIMITED,OAKTREE POWER LIMITED,Shuffle Energy Limited,U ENERGY GROUP LIMITED,Electric Miles Limited","Z1:300,Z2:300,Z3:300,Z4:300,Z5:300,Z6:300,Z7:300,Z8:300,Z9:300,Z10:300,Z11:300,Z12:300"
63,04/07/2026 10:00,Upwards,Energy,04/07/2026,15:00,15:30,14:00,14:30,300,Live,0,All Participants,"AXLE ENERGY LIMITED,INFINIS LIMITED,EQUIWATT LIMITED,HILDEBRAND TECHNOLOGY LIMITED,OCTOPUS ENERGY LIMITED,DRAX ENERGY SOLUTIONS LIMITED,OAKTREE POWER LIMITED,Shuffle Energy Limited,U ENERGY GROUP LIMITED,Electric Miles Limited","Z1:300,Z2:300,Z3:300,Z4:300,Z5:300,Z6:300,Z7:300,Z8:300,Z9:300,Z10:300,Z11:300,Z12:300"
63,04/07/2026 10:00,Upwards,Energy,04/07/2026,15:30,16:00,14:30,15:00,300,Live,0,All Participants,"AXLE ENERGY LIMITED,INFINIS LIMITED,EQUIWATT LIMITED,HILDEBRAND TECHNOLOGY LIMITED,OCTOPUS ENERGY LIMITED,DRAX ENERGY SOLUTIONS LIMITED,OAKTREE POWER LIMITED,Shuffle Energy Limited,U ENERGY GROUP LIMITED,Electric Miles Limited","Z1:300,Z2:300,Z3:300,Z4:300,Z5:300,Z6:300,Z7:300,Z8:300,Z9:300,Z10:300,Z11:300,Z12:300"
62,03/07/2026 12:00,Downwards,Energy,03/07/2026,17:00,17:30,16:00,16:30,500,Live,0,All Participants,"AXLE ENERGY LIMITED,INFINIS LIMITED,EQUIWATT LIMITED,HILDEBRAND TECHNOLOGY LIMITED,OCTOPUS ENERGY LIMITED,DRAX ENERGY SOLUTIONS LIMITED,OAKTREE POWER LIMITED,Shuffle Energy Limited,U ENERGY GROUP LIMITED,Electric Miles Limited","Z1:0,Z2:0,Z3:500,Z4:500,Z5:500,Z6:500,Z7:500,Z8:500,Z9:0,Z10:0,Z11:0,Z12:0"
62,03/07/2026 12:00,Downwards,Energy,03/07/2026,17:30,18:00,16:30,17:00,500,Live,0,All Participants,"AXLE ENERGY LIMITED,INFINIS LIMITED,EQUIWATT LIMITED,HILDEBRAND TECHNOLOGY LIMITED,OCTOPUS ENERGY LIMITED,DRAX ENERGY SOLUTIONS LIMITED,OAKTREE POWER LIMITED,Shuffle Energy Limited,U ENERGY GROUP LIMITED,Electric Miles Limited","Z1:0,Z2:0,Z3:500,Z4:500,Z5:500,Z6:500,Z7:500,Z8:500,Z9:0,Z10:0,Z11:0,Z12:0"
62,03/07/2026 12:00,Downwards,Energy,03/07/2026,18:00,18:30,17:00,17:30,500,Live,0,All Participants,"AXLE ENERGY LIMITED,INFINIS LIMITED,EQUIWATT LIMITED,HILDEBRAND TECHNOLOGY LIMITED,OCTOPUS ENERGY LIMITED,DRAX ENERGY SOLUTIONS LIMITED,OAKTREE POWER LIMITED,Shuffle Energy Limited,U ENERGY GROUP LIMITED,Electric Miles Limited","Z1:0,Z2:0,Z3:500,Z4:500,Z5:500,Z6:500,Z7:500,Z8:500,Z9:0,Z10:0,Z11:0,Z12:0"
62,03/07/2026 12:00,Downwards,Energy,03/07/2026,18:30,19:00,17:30,18:00,500,Live,0,All Participants,"AXLE ENERGY LIMITED,INFINIS LIMITED,EQUIWATT LIMITED,HILDEBRAND TECHNOLOGY LIMITED,OCTOPUS ENERGY LIMITED,DRAX ENERGY SOLUTIONS LIMITED,OAKTREE POWER LIMITED,Shuffle Energy Limited,U ENERGY GROUP LIMITED,Electric Miles Limited","Z1:0,Z2:0,Z3:500,Z4:500,Z5:500,Z6:500,Z7:500,Z8:500,Z9:0,Z10:0,Z11:0,Z12:0"
61,29/06/2026 12:15,Downwards,Energy,29/06/2026,17:00,17:30,16:00,16:30,500,Live,0,All Participants,"AXLE ENERGY LIMITED,INFINIS LIMITED,EQUIWATT LIMITED,HILDEBRAND TECHNOLOGY LIMITED,OCTOPUS ENERGY LIMITED,DRAX ENERGY SOLUTIONS LIMITED,OAKTREE POWER LIMITED,Shuffle Energy Limited,U ENERGY GROUP LIMITED,Electric Miles Limited","Z1:0,Z2:0,Z3:0,Z4:500,Z5:500,Z6:500,Z7:500,Z8:500,Z9:500,Z10:500,Z11:500,Z12:500"
61,29/06/2026 12:15,Downwards,Energy,29/06/2026,17:30,18:00,16:30,17:00,500,Live,0,All Participants,"AXLE ENERGY LIMITED,INFINIS LIMITED,EQUIWATT LIMITED,HILDEBRAND TECHNOLOGY LIMITED,OCTOPUS ENERGY LIMITED,DRAX ENERGY SOLUTIONS LIMITED,OAKTREE POWER LIMITED,Shuffle Energy Limited,U ENERGY GROUP LIMITED,Electric Miles Limited","Z1:0,Z2:0,Z3:0,Z4:500,Z5:500,Z6:500,Z7:500,Z8:500,Z9:500,Z10:500,Z11:500,Z12:500"
61,29/06/2026 12:15,Downwards,Energy,29/06/2026,18:00,18:30,17:00,17:30,500,Live,0,All Participants,"AXLE ENERGY LIMITED,INFINIS LIMITED,EQUIWATT LIMITED,HILDEBRAND TECHNOLOGY LIMITED,OCTOPUS ENERGY LIMITED,DRAX ENERGY SOLUTIONS LIMITED,OAKTREE POWER LIMITED,Shuffle Energy Limited,U ENERGY GROUP LIMITED,Electric Miles Limited","Z1:0,Z2:0,Z3:0,Z4:500,Z5:500,Z6:500,Z7:500,Z8:500,Z9:500,Z10:500,Z11:500,Z12:500"
61,29/06/2026 12:15,Downwards,Energy,29/06/2026,18:30,19:00,17:30,18:00,500,Live,0,All Participants,"AXLE ENERGY LIMITED,INFINIS LIMITED,EQUIWATT LIMITED,HILDEBRAND TECHNOLOGY LIMITED,OCTOPUS ENERGY LIMITED,DRAX ENERGY SOLUTIONS LIMITED,OAKTREE POWER LIMITED,Shuffle Energy Limited,U ENERGY GROUP LIMITED,Electric Miles Limited","Z1:0,Z2:0,Z3:0,Z4:500,Z5:500,Z6:500,Z7:500,Z8:500,Z9:500,Z10:500,Z11:500,Z12:500"
61,29/06/2026 12:15,Downwards,Energy,29/06/2026,19:00,19:30,18:00,18:30,500,Live,0,All Participants,"AXLE ENERGY LIMITED,INFINIS LIMITED,EQUIWATT LIMITED,HILDEBRAND TECHNOLOGY LIMITED,OCTOPUS ENERGY LIMITED,DRAX ENERGY SOLUTIONS LIMITED,OAKTREE POWER LIMITED,Shuffle Energy Limited,U ENERGY GROUP LIMITED,Electric Miles Limited","Z1:0,Z2:0,Z3:0,Z4:500,Z5:500,Z6:500,Z7:500,Z8:500,Z9:500,Z10:500,Z11:500,Z12:500"
61,29/06/2026 12:15,Downwards,Energy,29/06/2026,19:30,20:00,18:30,19:00,500,Live,0,All Participants,"AXLE ENERGY LIMITED,INFINIS LIMITED,EQUIWATT LIMITED,HILDEBRAND TECHNOLOGY LIMITED,OCTOPUS ENERGY LIMITED,DRAX ENERGY SOLUTIONS LIMITED,OAKTREE POWER LIMITED,Shuffle Energy Limited,U ENERGY GROUP LIMITED,Electric Miles Limited","Z1:0,Z2:0,Z3:0,Z4:500,Z5:500,Z6:500,Z7:500,Z8:500,Z9:500,Z10:500,Z11:500,Z12:500"
61,29/06/2026 12:15,Downwards,Energy,29/06/2026,20:00,20:30,19:00,19:30,500,Live,0,All Participants,"AXLE ENERGY LIMITED,INFINIS LIMITED,EQUIWATT LIMITED,HILDEBRAND TECHNOLOGY LIMITED,OCTOPUS ENERGY LIMITED,DRAX ENERGY SOLUTIONS LIMITED,OAKTREE POWER LIMITED,Shuffle Energy Limited,U ENERGY GROUP LIMITED,Electric Miles Limited","Z1:0,Z2:0,Z3:0,Z4:500,Z5:500,Z6:500,Z7:500,Z8:500,Z9:500,Z10:500,Z11:500,Z12:500"
61,29/06/2026 12:15,Downwards,Energy,29/06/2026,20:30,21:00,19:30,20:00,500,Live,0,All Participants,"AXLE ENERGY LIMITED,INFINIS LIMITED,EQUIWATT LIMITED,HILDEBRAND TECHNOLOGY LIMITED,OCTOPUS ENERGY LIMITED,DRAX ENERGY SOLUTIONS LIMITED,OAKTREE POWER LIMITED,Shuffle Energy Limited,U ENERGY GROUP LIMITED,Electric Miles Limited","Z1:0,Z2:0,Z3:0,Z4:500,Z5:500,Z6:500,Z7:500,Z8:500,Z9:500,Z10:500,Z11:500,Z12:500"
60,28/06/2026 10:00,Upwards,Energy,28/06/2026,11:00,11:30,10:00,10:30,500,Live,0,All Participants,"INFINIS LIMITED,EQUIWATT LIMITED,HILDEBRAND TECHNOLOGY LIMITED,OCTOPUS ENERGY LIMITED,OAKTREE POWER LIMITED,Shuffle Energy Limited,U ENERGY GROUP LIMITED,Electric Miles Limited","Z1:500,Z2:500,Z3:500,Z4:500,Z5:500,Z6:500,Z7:500,Z8:500,Z9:500,Z10:500,Z11:500,Z12:500"
60,28/06/2026 10:00,Upwards,Energy,28/06/2026,11:30,12:00,10:30,11:00,500,Live,0,All Participants,"INFINIS LIMITED,EQUIWATT LIMITED,HILDEBRAND TECHNOLOGY LIMITED,OCTOPUS ENERGY LIMITED,OAKTREE POWER LIMITED,Shuffle Energy Limited,U ENERGY GROUP LIMITED,Electric Miles Limited","Z1:500,Z2:500,Z3:500,Z4:500,Z5:500,Z6:500,Z7:500,Z8:500,Z9:500,Z10:500,Z11:500,Z12:500"
60,28/06/2026 10:00,Upwards,Energy,28/06/2026,12:00,12:30,11:00,11:30,500,Live,0,All Participants,"INFINIS LIMITED,EQUIWATT LIMITED,HILDEBRAND TECHNOLOGY LIMITED,OCTOPUS ENERGY LIMITED,OAKTREE POWER LIMITED,Shuffle Energy Limited,U ENERGY GROUP LIMITED,Electric Miles Limited","Z1:500,Z2:500,Z3:500,Z4:500,Z5:500,Z6:500,Z7:500,Z8:500,Z9:500,Z10:500,Z11:500,Z12:500"
60,28/06/2026 10:00,Upwards,Energy,28/06/2026,12:30,13:00,11:30,12:00,500,Live,0,All Participants,"INFINIS LIMITED,EQUIWATT LIMITED,HILDEBRAND TECHNOLOGY LIMITED,OCTOPUS ENERGY LIMITED,OAKTREE POWER LIMITED,Shuffle Energy Limited,U ENERGY GROUP LIMITED,Electric Miles Limited","Z1:500,Z2:500,Z3:500,Z4:500,Z5:500,Z6:500,Z7:500,Z8:500,Z9:500,Z10:500,Z11:500,Z12:500"
60,28/06/2026 10:00,Upwards,Energy,28/06/2026,13:00,13:30,12:00,12:30,500,Live,0,All Participants,"INFINIS LIMITED,EQUIWATT LIMITED,HILDEBRAND TECHNOLOGY LIMITED,OCTOPUS ENERGY LIMITED,OAKTREE POWER LIMITED,Shuffle Energy Limited,U ENERGY GROUP LIMITED,Electric Miles Limited","Z1:500,Z2:500,Z3:500,Z4:500,Z5:500,Z6:500,Z7:500,Z8:500,Z9:500,Z10:500,Z11:500,Z12:500"
60,28/06/2026 10:00,Upwards,Energy,28/06/2026,13:30,14:00,12:30,13:00,500,Live,0,All Participants,"INFINIS LIMITED,EQUIWATT LIMITED,HILDEBRAND TECHNOLOGY LIMITED,OCTOPUS ENERGY LIMITED,OAKTREE POWER LIMITED,Shuffle Energy Limited,U ENERGY GROUP LIMITED,Electric Miles Limited","Z1:500,Z2:500,Z3:500,Z4:500,Z5:500,Z6:500,Z7:500,Z8:500,Z9:500,Z10:500,Z11:500,Z12:500"
60,28/06/2026 10:00,Upwards,Energy,28/06/2026,14:00,14:30,13:00,13:30,500,Live,0,All Participants,"INFINIS LIMITED,EQUIWATT LIMITED,HILDEBRAND TECHNOLOGY LIMITED,OCTOPUS ENERGY LIMITED,OAKTREE POWER LIMITED,Shuffle Energy Limited,U ENERGY GROUP LIMITED,Electric Miles Limited","Z1:500,Z2:500,Z3:500,Z4:500,Z5:500,Z6:500,Z7:500,Z8:500,Z9:500,Z10:500,Z11:500,Z12:500"
60,28/06/2026 10:00,Upwards,Energy,28/06/2026,14:30,15:00,13:30,14:00,500,Live,0,All Participants,"INFINIS LIMITED,EQUIWATT LIMITED,HILDEBRAND TECHNOLOGY LIMITED,OCTOPUS ENERGY LIMITED,OAKTREE POWER LIMITED,Shuffle Energy Limited,U ENERGY GROUP LIMITED,Electric Miles Limited","Z1:500,Z2:500,Z3:500,Z4:500,Z5:500,Z6:500,Z7:500,Z8:500,Z9:500,Z10:500,Z11:500,Z12:500"
60,28/06/2026 10:00,Upwards,Energy,28/06/2026,15:00,15:30,14:00,14:30,500,Live,0,All Participants,"INFINIS LIMITED,EQUIWATT LIMITED,HILDEBRAND TECHNOLOGY LIMITED,OCTOPUS ENERGY LIMITED,OAKTREE POWER LIMITED,Shuffle Energy Limited,U ENERGY GROUP LIMITED,Electric Miles Limited","Z1:500,Z2:500,Z3:500,Z4:500,Z5:500,Z6:500,Z7:500,Z8:500,Z9:500,Z10:500,Z11:500,Z12:500"
60,28/06/2026 10:00,Upwards,Energy,28/06/2026,15:30,16:00,14:30,15:00,500,Live,0,All Participants,"INFINIS LIMITED,EQUIWATT LIMITED,HILDEBRAND TECHNOLOGY LIMITED,OCTOPUS ENERGY LIMITED,OAKTREE POWER LIMITED,Shuffle Energy Limited,U ENERGY GROUP LIMITED,Electric Miles Limited","Z1:500,Z2:500,Z3:500,Z4:500,Z5:500,Z6:500,Z7:500,Z8:500,Z9:500,Z10:500,Z11:500,Z12:500"
59,27/06/2026 12:15,Downwards,Energy,27/06/2026,16:00,16:30,15:00,15:30,500,Live,0,All Participants,"INFINIS LIMITED,EQUIWATT LIMITED,HILDEBRAND TECHNOLOGY LIMITED,OCTOPUS ENERGY LIMITED,DRAX ENERGY SOLUTIONS LIMITED,OAKTREE POWER LIMITED,Shuffle Energy Limited,U ENERGY GROUP LIMITED,Electric Miles Limited","Z1:500,Z2:500,Z3:500,Z4:500,Z5:500,Z6:500,Z7:500,Z8:500,Z9:500,Z10:500,Z11:500,Z12:500"
59,27/06/2026 12:15,Downwards,Energy,27/06/2026,16:30,17:00,15:30,16:00,500,Live,0,All Participants,"INFINIS LIMITED,EQUIWATT LIMITED,HILDEBRAND TECHNOLOGY LIMITED,OCTOPUS ENERGY LIMITED,DRAX ENERGY SOLUTIONS LIMITED,OAKTREE POWER LIMITED,Shuffle Energy Limited,U ENERGY GROUP LIMITED,Electric Miles Limited","Z1:500,Z2:500,Z3:500,Z4:500,Z5:500,Z6:500,Z7:500,Z8:500,Z9:500,Z10:500,Z11:500,Z12:500"
59,27/06/2026 12:15,Downwards,Energy,27/06/2026,17:00,17:30,16:00,16:30,500,Live,0,All Participants,"INFINIS LIMITED,EQUIWATT LIMITED,HILDEBRAND TECHNOLOGY LIMITED,OCTOPUS ENERGY LIMITED,DRAX ENERGY SOLUTIONS LIMITED,OAKTREE POWER LIMITED,Shuffle Energy Limited,U ENERGY GROUP LIMITED,Electric Miles Limited","Z1:500,Z2:500,Z3:500,Z4:500,Z5:500,Z6:500,Z7:500,Z8:500,Z9:500,Z10:500,Z11:500,Z12:500"
59,27/06/2026 12:15,Downwards,Energy,27/06/2026,17:30,18:00,16:30,17:00,500,Live,0,All Participants,"INFINIS LIMITED,EQUIWATT LIMITED,HILDEBRAND TECHNOLOGY LIMITED,OCTOPUS ENERGY LIMITED,DRAX ENERGY SOLUTIONS LIMITED,OAKTREE POWER LIMITED,Shuffle Energy Limited,U ENERGY GROUP LIMITED,Electric Miles Limited","Z1:500,Z2:500,Z3:500,Z4:500,Z5:500,Z6:500,Z7:500,Z8:500,Z9:500,Z10:500,Z11:500,Z12:500"
59,27/06/2026 12:15,Downwards,Energy,27/06/2026,18:00,18:30,17:00,17:30,500,Live,0,All Participants,"INFINIS LIMITED,EQUIWATT LIMITED,HILDEBRAND TECHNOLOGY LIMITED,OCTOPUS ENERGY LIMITED,DRAX ENERGY SOLUTIONS LIMITED,OAKTREE POWER LIMITED,Shuffle Energy Limited,U ENERGY GROUP LIMITED,Electric Miles Limited","Z1:500,Z2:500,Z3:500,Z4:500,Z5:500,Z6:500,Z7:500,Z8:500,Z9:500,Z10:500,Z11:500,Z12:500"
59,27/06/2026 12:15,Downwards,Energy,27/06/2026,18:30,19:00,17:30,18:00,500,Live,0,All Participants,"INFINIS LIMITED,EQUIWATT LIMITED,HILDEBRAND TECHNOLOGY LIMITED,OCTOPUS ENERGY LIMITED,DRAX ENERGY SOLUTIONS LIMITED,OAKTREE POWER LIMITED,Shuffle Energy Limited,U ENERGY GROUP LIMITED,Electric Miles Limited","Z1:500,Z2:500,Z3:500,Z4:500,Z5:500,Z6:500,Z7:500,Z8:500,Z9:500,Z10:500,Z11:500,Z12:500"
59,27/06/2026 12:15,Downwards,Energy,27/06/2026,19:00,19:30,18:00,18:30,500,Live,0,All Participants,"INFINIS LIMITED,EQUIWATT LIMITED,HILDEBRAND TECHNOLOGY LIMITED,OCTOPUS ENERGY LIMITED,DRAX ENERGY SOLUTIONS LIMITED,OAKTREE POWER LIMITED,Shuffle Energy Limited,U ENERGY GROUP LIMITED,Electric Miles Limited","Z1:500,Z2:500,Z3:500,Z4:500,Z5:500,Z6:500,Z7:500,Z8:500,Z9:500,Z10:500,Z11:500,Z12:500"
59,27/06/2026 12:15,Downwards,Energy,27/06/2026,19:30,20:00,18:30,19:00,500,Live,0,All Participants,"INFINIS LIMITED,EQUIWATT LIMITED,HILDEBRAND TECHNOLOGY LIMITED,OCTOPUS ENERGY LIMITED,DRAX ENERGY SOLUTIONS LIMITED,OAKTREE POWER LIMITED,Shuffle Energy Limited,U ENERGY GROUP LIMITED,Electric Miles Limited","Z1:500,Z2:500,Z3:500,Z4:500,Z5:500,Z6:500,Z7:500,Z8:500,Z9:500,Z10:500,Z11:500,Z12:500"
59,27/06/2026 12:15,Downwards,Energy,27/06/2026,20:00,20:30,19:00,19:30,500,Live,0,All Participants,"INFINIS LIMITED,EQUIWATT LIMITED,HILDEBRAND TECHNOLOGY LIMITED,OCTOPUS ENERGY LIMITED,DRAX ENERGY SOLUTIONS LIMITED,OAKTREE POWER LIMITED,Shuffle Energy Limited,U ENERGY GROUP LIMITED,Electric Miles Limited","Z1:500,Z2:500,Z3:500,Z4:500,Z5:500,Z6:500,Z7:500,Z8:500,Z9:500,Z10:500,Z11:500,Z12:500"
59,27/06/2026 12:15,Downwards,Energy,27/06/2026,20:30,21:00,19:30,20:00,500,Live,0,All Participants,"INFINIS LIMITED,EQUIWATT LIMITED,HILDEBRAND TECHNOLOGY LIMITED,OCTOPUS ENERGY LIMITED,DRAX ENERGY SOLUTIONS LIMITED,OAKTREE POWER LIMITED,Shuffle Energy Limited,U ENERGY GROUP LIMITED,Electric Miles Limited","Z1:500,Z2:500,Z3:500,Z4:500,Z5:500,Z6:500,Z7:500,Z8:500,Z9:500,Z10:500,Z11:500,Z12:500"
59,27/06/2026 12:15,Downwards,Energy,27/06/2026,21:00,21:30,20:00,20:30,500,Live,0,All Participants,"INFINIS LIMITED,EQUIWATT LIMITED,HILDEBRAND TECHNOLOGY LIMITED,OCTOPUS ENERGY LIMITED,DRAX ENERGY SOLUTIONS LIMITED,OAKTREE POWER LIMITED,Shuffle Energy Limited,U ENERGY GROUP LIMITED,Electric Miles Limited","Z1:500,Z2:500,Z3:500,Z4:500,Z5:500,Z6:500,Z7:500,Z8:500,Z9:500,Z10:500,Z11:500,Z12:500"
59,27/06/2026 12:15,Downwards,Energy,27/06/2026,21:30,22:00,20:30,21:00,500,Live,0,All Participants,"INFINIS LIMITED,EQUIWATT LIMITED,HILDEBRAND TECHNOLOGY LIMITED,OCTOPUS ENERGY LIMITED,DRAX ENERGY SOLUTIONS LIMITED,OAKTREE POWER LIMITED,Shuffle Energy Limited,U ENERGY GROUP LIMITED,Electric Miles Limited","Z1:500,Z2:500,Z3:500,Z4:500,Z5:500,Z6:500,Z7:500,Z8:500,Z9:500,Z10:500,Z11:500,Z12:500"
59,27/06/2026 12:15,Downwards,Energy,27/06/2026,22:00,22:30,21:00,21:30,500,Live,0,All Participants,"INFINIS LIMITED,EQUIWATT LIMITED,HILDEBRAND TECHNOLOGY LIMITED,OCTOPUS ENERGY LIMITED,DRAX ENERGY SOLUTIONS LIMITED,OAKTREE POWER LIMITED,Shuffle Energy Limited,U ENERGY GROUP LIMITED,Electric Miles Limited","Z1:500,Z2:500,Z3:500,Z4:500,Z5:500,Z6:500,Z7:500,Z8:500,Z9:500,Z10:500,Z11:500,Z12:500"
59,27/06/2026 12:15,Downwards,Energy,27/06/2026,22:30,23:00,21:30,22:00,500,Live,0,All Participants,"INFINIS LIMITED,EQUIWATT LIMITED,HILDEBRAND TECHNOLOGY LIMITED,OCTOPUS ENERGY LIMITED,DRAX ENERGY SOLUTIONS LIMITED,OAKTREE POWER LIMITED,Shuffle Energy Limited,U ENERGY GROUP LIMITED,Electric Miles Limited","Z1:500,Z2:500,Z3:500,Z4:500,Z5:500,Z6:500,Z7:500,Z8:500,Z9:500,Z10:500,Z11:500,Z12:500"
58,26/06/2026 12:00,Downwards,Energy,26/06/2026,16:00,16:30,15:00,15:30,500,Live,0,All Participants,"INFINIS LIMITED,EQUIWATT LIMITED,HILDEBRAND TECHNOLOGY LIMITED,OCTOPUS ENERGY LIMITED,OAKTREE POWER LIMITED,Shuffle Energy Limited,U ENERGY GROUP LIMITED,Electric Miles Limited","Z1:0,Z2:0,Z3:0,Z4:0,Z5:500,Z6:500,Z7:500,Z8:500,Z9:500,Z10:500,Z11:500,Z12:500"
58,26/06/2026 12:00,Downwards,Energy,26/06/2026,16:30,17:00,15:30,16:00,500,Live,0,All Participants,"INFINIS LIMITED,EQUIWATT LIMITED,HILDEBRAND TECHNOLOGY LIMITED,OCTOPUS ENERGY LIMITED,OAKTREE POWER LIMITED,Shuffle Energy Limited,U ENERGY GROUP LIMITED,Electric Miles Limited","Z1:0,Z2:0,Z3:0,Z4:0,Z5:500,Z6:500,Z7:500,Z8:500,Z9:500,Z10:500,Z11:500,Z12:500"
58,26/06/2026 12:00,Downwards,Energy,26/06/2026,17:00,17:30,16:00,16:30,500,Live,0,All Participants,"INFINIS LIMITED,EQUIWATT LIMITED,HILDEBRAND TECHNOLOGY LIMITED,OCTOPUS ENERGY LIMITED,OAKTREE POWER LIMITED,Shuffle Energy Limited,U ENERGY GROUP LIMITED,Electric Miles Limited","Z1:0,Z2:0,Z3:0,Z4:0,Z5:500,Z6:500,Z7:500,Z8:500,Z9:500,Z10:500,Z11:500,Z12:500"
58,26/06/2026 12:00,Downwards,Energy,26/06/2026,17:30,18:00,16:30,17:00,500,Live,0,All Participants,"INFINIS LIMITED,EQUIWATT LIMITED,HILDEBRAND TECHNOLOGY LIMITED,OCTOPUS ENERGY LIMITED,OAKTREE POWER LIMITED,Shuffle Energy Limited,U ENERGY GROUP LIMITED,Electric Miles Limited","Z1:0,Z2:0,Z3:0,Z4:0,Z5:500,Z6:500,Z7:500,Z8:500,Z9:500,Z10:500,Z11:500,Z12:500"
58,26/06/2026 12:00,Downwards,Energy,26/06/2026,18:00,18:30,17:00,17:30,500,Live,0,All Participants,"INFINIS LIMITED,EQUIWATT LIMITED,HILDEBRAND TECHNOLOGY LIMITED,OCTOPUS ENERGY LIMITED,OAKTREE POWER LIMITED,Shuffle Energy Limited,U ENERGY GROUP LIMITED,Electric Miles Limited","Z1:0,Z2:0,Z3:0,Z4:0,Z5:500,Z6:500,Z7:500,Z8:500,Z9:500,Z10:500,Z11:500,Z12:500"
58,26/06/2026 12:00,Downwards,Energy,26/06/2026,18:30,19:00,17:30,18:00,500,Live,0,All Participants,"INFINIS LIMITED,EQUIWATT LIMITED,HILDEBRAND TECHNOLOGY LIMITED,OCTOPUS ENERGY LIMITED,OAKTREE POWER LIMITED,Shuffle Energy Limited,U ENERGY GROUP LIMITED,Electric Miles Limited","Z1:0,Z2:0,Z3:0,Z4:0,Z5:500,Z6:500,Z7:500,Z8:500,Z9:500,Z10:500,Z11:500,Z12:500"
58,26/06/2026 12:00,Downwards,Energy,26/06/2026,19:00,19:30,18:00,18:30,500,Live,0,All Participants,"INFINIS LIMITED,EQUIWATT LIMITED,HILDEBRAND TECHNOLOGY LIMITED,OCTOPUS ENERGY LIMITED,OAKTREE POWER LIMITED,Shuffle Energy Limited,U ENERGY GROUP LIMITED,Electric Miles Limited","Z1:0,Z2:0,Z3:0,Z4:0,Z5:500,Z6:500,Z7:500,Z8:500,Z9:500,Z10:500,Z11:500,Z12:500"
58,26/06/2026 12:00,Downwards,Energy,26/06/2026,19:30,20:00,18:30,19:00,500,Live,0,All Participants,"INFINIS LIMITED,EQUIWATT LIMITED,HILDEBRAND TECHNOLOGY LIMITED,OCTOPUS ENERGY LIMITED,OAKTREE POWER LIMITED,Shuffle Energy Limited,U ENERGY GROUP LIMITED,Electric Miles Limited","Z1:0,Z2:0,Z3:0,Z4:0,Z5:500,Z6:500,Z7:500,Z8:500,Z9:500,Z10:500,Z11:500,Z12:500"
58,26/06/2026 12:00,Downwards,Energy,26/06/2026,20:00,20:30,19:00,19:30,500,Live,0,All Participants,"INFINIS LIMITED,EQUIWATT LIMITED,HILDEBRAND TECHNOLOGY LIMITED,OCTOPUS ENERGY LIMITED,OAKTREE POWER LIMITED,Shuffle Energy Limited,U ENERGY GROUP LIMITED,Electric Miles Limited","Z1:0,Z2:0,Z3:0,Z4:0,Z5:500,Z6:500,Z7:500,Z8:500,Z9:500,Z10:500,Z11:500,Z12:500"
58,26/06/2026 12:00,Downwards,Energy,26/06/2026,20:30,21:00,19:30,20:00,500,Live,0,All Participants,"INFINIS LIMITED,EQUIWATT LIMITED,HILDEBRAND TECHNOLOGY LIMITED,OCTOPUS ENERGY LIMITED,OAKTREE POWER LIMITED,Shuffle Energy Limited,U ENERGY GROUP LIMITED,Electric Miles Limited","Z1:0,Z2:0,Z3:0,Z4:0,Z5:500,Z6:500,Z7:500,Z8:500,Z9:500,Z10:500,Z11:500,Z12:500"
58,26/06/2026 12:00,Downwards,Energy,26/06/2026,21:00,21:30,20:00,20:30,500,Live,0,All Participants,"INFINIS LIMITED,EQUIWATT LIMITED,HILDEBRAND TECHNOLOGY LIMITED,OCTOPUS ENERGY LIMITED,OAKTREE POWER LIMITED,Shuffle Energy Limited,U ENERGY GROUP LIMITED,Electric Miles Limited","Z1:0,Z2:0,Z3:0,Z4:0,Z5:500,Z6:500,Z7:500,Z8:500,Z9:500,Z10:500,Z11:500,Z12:500"
58,26/06/2026 12:00,Downwards,Energy,26/06/2026,21:30,22:00,20:30,21:00,500,Live,0,All Participants,"INFINIS LIMITED,EQUIWATT LIMITED,HILDEBRAND TECHNOLOGY LIMITED,OCTOPUS ENERGY LIMITED,OAKTREE POWER LIMITED,Shuffle Energy Limited,U ENERGY GROUP LIMITED,Electric Miles Limited","Z1:0,Z2:0,Z3:0,Z4:0,Z5:500,Z6:500,Z7:500,Z8:500,Z9:500,Z10:500,Z11:500,Z12:500"
58,26/06/2026 12:00,Downwards,Energy,26/06/2026,22:00,22:30,21:00,21:30,500,Live,0,All Participants,"INFINIS LIMITED,EQUIWATT LIMITED,HILDEBRAND TECHNOLOGY LIMITED,OCTOPUS ENERGY LIMITED,OAKTREE POWER LIMITED,Shuffle Energy Limited,U ENERGY GROUP LIMITED,Electric Miles Limited","Z1:0,Z2:0,Z3:0,Z4:0,Z5:500,Z6:500,Z7:500,Z8:500,Z9:500,Z10:500,Z11:500,Z12:500"
58,26/06/2026 12:00,Downwards,Energy,26/06/2026,22:30,23:00,21:30,22:00,500,Live,0,All Participants,"INFINIS LIMITED,EQUIWATT LIMITED,HILDEBRAND TECHNOLOGY LIMITED,OCTOPUS ENERGY LIMITED,OAKTREE POWER LIMITED,Shuffle Energy Limited,U ENERGY GROUP LIMITED,Electric Miles Limited","Z1:0,Z2:0,Z3:0,Z4:0,Z5:500,Z6:500,Z7:500,Z8:500,Z9:500,Z10:500,Z11:500,Z12:500"
57,25/06/2026 12:00,Downwards,Energy,25/06/2026,18:00,18:30,17:00,17:30,500,Live,0,All Participants,"INFINIS LIMITED,EQUIWATT LIMITED,HILDEBRAND TECHNOLOGY LIMITED,OCTOPUS ENERGY LIMITED,OAKTREE POWER LIMITED,Shuffle Energy Limited,U ENERGY GROUP LIMITED,Electric Miles Limited","Z1:0,Z2:0,Z3:0,Z4:0,Z5:500,Z6:500,Z7:500,Z8:500,Z9:500,Z10:500,Z11:500,Z12:500"
57,25/06/2026 12:00,Downwards,Energy,25/06/2026,18:30,19:00,17:30,18:00,500,Live,0,All Participants,"INFINIS LIMITED,EQUIWATT LIMITED,HILDEBRAND TECHNOLOGY LIMITED,OCTOPUS ENERGY LIMITED,OAKTREE POWER LIMITED,Shuffle Energy Limited,U ENERGY GROUP LIMITED,Electric Miles Limited","Z1:0,Z2:0,Z3:0,Z4:0,Z5:500,Z6:500,Z7:500,Z8:500,Z9:500,Z10:500,Z11:500,Z12:500"
57,25/06/2026 12:00,Downwards,Energy,25/06/2026,19:00,19:30,18:00,18:30,500,Live,0,All Participants,"INFINIS LIMITED,EQUIWATT LIMITED,HILDEBRAND TECHNOLOGY LIMITED,OCTOPUS ENERGY LIMITED,OAKTREE POWER LIMITED,Shuffle Energy Limited,U ENERGY GROUP LIMITED,Electric Miles Limited","Z1:0,Z2:0,Z3:0,Z4:0,Z5:500,Z6:500,Z7:500,Z8:500,Z9:500,Z10:500,Z11:500,Z12:500"
57,25/06/2026 12:00,Downwards,Energy,25/06/2026,19:30,20:00,18:30,19:00,500,Live,0,All Participants,"INFINIS LIMITED,EQUIWATT LIMITED,HILDEBRAND TECHNOLOGY LIMITED,OCTOPUS ENERGY LIMITED,OAKTREE POWER LIMITED,Shuffle Energy Limited,U ENERGY GROUP LIMITED,Electric Miles Limited","Z1:0,Z2:0,Z3:0,Z4:0,Z5:500,Z6:500,Z7:500,Z8:500,Z9:500,Z10:500,Z11:500,Z12:500"
57,25/06/2026 12:00,Downwards,Energy,25/06/2026,20:00,20:30,19:00,19:30,500,Live,0,All Participants,"INFINIS LIMITED,EQUIWATT LIMITED,HILDEBRAND TECHNOLOGY LIMITED,OCTOPUS ENERGY LIMITED,OAKTREE POWER LIMITED,Shuffle Energy Limited,U ENERGY GROUP LIMITED,Electric Miles Limited","Z1:0,Z2:0,Z3:0,Z4:0,Z5:500,Z6:500,Z7:500,Z8:500,Z9:500,Z10:500,Z11:500,Z12:500"
57,25/06/2026 12:00,Downwards,Energy,25/06/2026,20:30,21:00,19:30,20:00,500,Live,0,All Participants,"INFINIS LIMITED,EQUIWATT LIMITED,HILDEBRAND TECHNOLOGY LIMITED,OCTOPUS ENERGY LIMITED,OAKTREE POWER LIMITED,Shuffle Energy Limited,U ENERGY GROUP LIMITED,Electric Miles Limited","Z1:0,Z2:0,Z3:0,Z4:0,Z5:500,Z6:500,Z7:500,Z8:500,Z9:500,Z10:500,Z11:500,Z12:500"
57,25/06/2026 12:00,Downwards,Energy,25/06/2026,21:00,21:30,20:00,20:30,500,Live,0,All Participants,"INFINIS LIMITED,EQUIWATT LIMITED,HILDEBRAND TECHNOLOGY LIMITED,OCTOPUS ENERGY LIMITED,OAKTREE POWER LIMITED,Shuffle Energy Limited,U ENERGY GROUP LIMITED,Electric Miles Limited","Z1:0,Z2:0,Z3:0,Z4:0,Z5:500,Z6:500,Z7:500,Z8:500,Z9:500,Z10:500,Z11:500,Z12:500"
57,25/06/2026 12:00,Downwards,Energy,25/06/2026,21:30,22:00,20:30,21:00,500,Live,0,All Participants,"INFINIS LIMITED,EQUIWATT LIMITED,HILDEBRAND TECHNOLOGY LIMITED,OCTOPUS ENERGY LIMITED,OAKTREE POWER LIMITED,Shuffle Energy Limited,U ENERGY GROUP LIMITED,Electric Miles Limited","Z1:0,Z2:0,Z3:0,Z4:0,Z5:500,Z6:500,Z7:500,Z8:500,Z9:500,Z10:500,Z11:500,Z12:500"
57,25/06/2026 12:00,Downwards,Energy,25/06/2026,22:00,22:30,21:00,21:30,500,Live,0,All Participants,"INFINIS LIMITED,EQUIWATT LIMITED,HILDEBRAND TECHNOLOGY LIMITED,OCTOPUS ENERGY LIMITED,OAKTREE POWER LIMITED,Shuffle Energy Limited,U ENERGY GROUP LIMITED,Electric Miles Limited","Z1:0,Z2:0,Z3:0,Z4:0,Z5:500,Z6:500,Z7:500,Z8:500,Z9:500,Z10:500,Z11:500,Z12:500"
57,25/06/2026 12:00,Downwards,Energy,25/06/2026,22:30,23:00,21:30,22:00,500,Live,0,All Participants,"INFINIS LIMITED,EQUIWATT LIMITED,HILDEBRAND TECHNOLOGY LIMITED,OCTOPUS ENERGY LIMITED,OAKTREE POWER LIMITED,Shuffle Energy Limited,U ENERGY GROUP LIMITED,Electric Miles Limited","Z1:0,Z2:0,Z3:0,Z4:0,Z5:500,Z6:500,Z7:500,Z8:500,Z9:500,Z10:500,Z11:500,Z12:500"
56,24/06/2026 12:00,Downwards,Energy,24/06/2026,16:00,16:30,15:00,15:30,500,Live,0,All Participants,"INFINIS LIMITED,EQUIWATT LIMITED,HILDEBRAND TECHNOLOGY LIMITED,OCTOPUS ENERGY LIMITED,OAKTREE POWER LIMITED,Shuffle Energy Limited,U ENERGY GROUP LIMITED,Electric Miles Limited","Z1:500,Z2:500,Z3:500,Z4:500,Z5:500,Z6:500,Z7:500,Z8:500,Z9:500,Z10:500,Z11:500,Z12:500"
56,24/06/2026 12:00,Downwards,Energy,24/06/2026,16:30,17:00,15:30,16:00,500,Live,0,All Participants,"INFINIS LIMITED,EQUIWATT LIMITED,HILDEBRAND TECHNOLOGY LIMITED,OCTOPUS ENERGY LIMITED,OAKTREE POWER LIMITED,Shuffle Energy Limited,U ENERGY GROUP LIMITED,Electric Miles Limited","Z1:500,Z2:500,Z3:500,Z4:500,Z5:500,Z6:500,Z7:500,Z8:500,Z9:500,Z10:500,Z11:500,Z12:500"
56,24/06/2026 12:00,Downwards,Energy,24/06/2026,17:00,17:30,16:00,16:30,500,Live,0,All Participants,"INFINIS LIMITED,EQUIWATT LIMITED,HILDEBRAND TECHNOLOGY LIMITED,OCTOPUS ENERGY LIMITED,OAKTREE POWER LIMITED,Shuffle Energy Limited,U ENERGY GROUP LIMITED,Electric Miles Limited","Z1:500,Z2:500,Z3:500,Z4:500,Z5:500,Z6:500,Z7:500,Z8:500,Z9:500,Z10:500,Z11:500,Z12:500"
56,24/06/2026 12:00,Downwards,Energy,24/06/2026,17:30,18:00,16:30,17:00,500,Live,0,All Participants,"INFINIS LIMITED,EQUIWATT LIMITED,HILDEBRAND TECHNOLOGY LIMITED,OCTOPUS ENERGY LIMITED,OAKTREE POWER LIMITED,Shuffle Energy Limited,U ENERGY GROUP LIMITED,Electric Miles Limited","Z1:500,Z2:500,Z3:500,Z4:500,Z5:500,Z6:500,Z7:500,Z8:500,Z9:500,Z10:500,Z11:500,Z12:500"
56,24/06/2026 12:00,Downwards,Energy,24/06/2026,18:00,18:30,17:00,17:30,500,Live,0,All Participants,"INFINIS LIMITED,EQUIWATT LIMITED,HILDEBRAND TECHNOLOGY LIMITED,OCTOPUS ENERGY LIMITED,OAKTREE POWER LIMITED,Shuffle Energy Limited,U ENERGY GROUP LIMITED,Electric Miles Limited","Z1:500,Z2:500,Z3:500,Z4:500,Z5:500,Z6:500,Z7:500,Z8:500,Z9:500,Z10:500,Z11:500,Z12:500"
56,24/06/2026 12:00,Downwards,Energy,24/06/2026,18:30,19:00,17:30,18:00,500,Live,0,All Participants,"INFINIS LIMITED,EQUIWATT LIMITED,HILDEBRAND TECHNOLOGY LIMITED,OCTOPUS ENERGY LIMITED,OAKTREE POWER LIMITED,Shuffle Energy Limited,U ENERGY GROUP LIMITED,Electric Miles Limited","Z1:500,Z2:500,Z3:500,Z4:500,Z5:500,Z6:500,Z7:500,Z8:500,Z9:500,Z10:500,Z11:500,Z12:500"
56,24/06/2026 12:00,Downwards,Energy,24/06/2026,19:00,19:30,18:00,18:30,500,Live,0,All Participants,"INFINIS LIMITED,EQUIWATT LIMITED,HILDEBRAND TECHNOLOGY LIMITED,OCTOPUS ENERGY LIMITED,OAKTREE POWER LIMITED,Shuffle Energy Limited,U ENERGY GROUP LIMITED,Electric Miles Limited","Z1:500,Z2:500,Z3:500,Z4:500,Z5:500,Z6:500,Z7:500,Z8:500,Z9:500,Z10:500,Z11:500,Z12:500"
56,24/06/2026 12:00,Downwards,Energy,24/06/2026,19:30,20:00,18:30,19:00,500,Live,0,All Participants,"INFINIS LIMITED,EQUIWATT LIMITED,HILDEBRAND TECHNOLOGY LIMITED,OCTOPUS ENERGY LIMITED,OAKTREE POWER LIMITED,Shuffle Energy Limited,U ENERGY GROUP LIMITED,Electric Miles Limited","Z1:500,Z2:500,Z3:500,Z4:500,Z5:500,Z6:500,Z7:500,Z8:500,Z9:500,Z10:500,Z11:500,Z12:500"
56,24/06/2026 12:00,Downwards,Energy,24/06/2026,20:00,20:30,19:00,19:30,500,Live,0,All Participants,"INFINIS LIMITED,EQUIWATT LIMITED,HILDEBRAND TECHNOLOGY LIMITED,OCTOPUS ENERGY LIMITED,OAKTREE POWER LIMITED,Shuffle Energy Limited,U ENERGY GROUP LIMITED,Electric Miles Limited","Z1:500,Z2:500,Z3:500,Z4:500,Z5:500,Z6:500,Z7:500,Z8:500,Z9:500,Z10:500,Z11:500,Z12:500"
56,24/06/2026 12:00,Downwards,Energy,24/06/2026,20:30,21:00,19:30,20:00,500,Live,0,All Participants,"INFINIS LIMITED,EQUIWATT LIMITED,HILDEBRAND TECHNOLOGY LIMITED,OCTOPUS ENERGY LIMITED,OAKTREE POWER LIMITED,Shuffle Energy Limited,U ENERGY GROUP LIMITED,Electric Miles Limited","Z1:500,Z2:500,Z3:500,Z4:500,Z5:500,Z6:500,Z7:500,Z8:500,Z9:500,Z10:500,Z11:500,Z12:500"
56,24/06/2026 12:00,Downwards,Energy,24/06/2026,21:00,21:30,20:00,20:30,500,Live,0,All Participants,"INFINIS LIMITED,EQUIWATT LIMITED,HILDEBRAND TECHNOLOGY LIMITED,OCTOPUS ENERGY LIMITED,OAKTREE POWER LIMITED,Shuffle Energy Limited,U ENERGY GROUP LIMITED,Electric Miles Limited","Z1:500,Z2:500,Z3:500,Z4:500,Z5:500,Z6:500,Z7:500,Z8:500,Z9:500,Z10:500,Z11:500,Z12:500"
56,24/06/2026 12:00,Downwards,Energy,24/06/2026,21:30,22:00,20:30,21:00,500,Live,0,All Participants,"INFINIS LIMITED,EQUIWATT LIMITED,HILDEBRAND TECHNOLOGY LIMITED,OCTOPUS ENERGY LIMITED,OAKTREE POWER LIMITED,Shuffle Energy Limited,U ENERGY GROUP LIMITED,Electric Miles Limited","Z1:500,Z2:500,Z3:500,Z4:500,Z5:500,Z6:500,Z7:500,Z8:500,Z9:500,Z10:500,Z11:500,Z12:500"
56,24/06/2026 12:00,Downwards,Energy,24/06/2026,22:00,22:30,21:00,21:30,500,Live,0,All Participants,"INFINIS LIMITED,EQUIWATT LIMITED,HILDEBRAND TECHNOLOGY LIMITED,OCTOPUS ENERGY LIMITED,OAKTREE POWER LIMITED,Shuffle Energy Limited,U ENERGY GROUP LIMITED,Electric Miles Limited","Z1:500,Z2:500,Z3:500,Z4:500,Z5:500,Z6:500,Z7:500,Z8:500,Z9:500,Z10:500,Z11:500,Z12:500"
56,24/06/2026 12:00,Downwards,Energy,24/06/2026,22:30,23:00,21:30,22:00,500,Live,0,All Participants,"INFINIS LIMITED,EQUIWATT LIMITED,HILDEBRAND TECHNOLOGY LIMITED,OCTOPUS ENERGY LIMITED,OAKTREE POWER LIMITED,Shuffle Energy Limited,U ENERGY GROUP LIMITED,Electric Miles Limited","Z1:500,Z2:500,Z3:500,Z4:500,Z5:500,Z6:500,Z7:500,Z8:500,Z9:500,Z10:500,Z11:500,Z12:500"
55,23/06/2026 12:00,Downwards,Energy,23/06/2026,17:00,17:30,16:00,16:30,500,Live,0,All Participants,"INFINIS LIMITED,EQUIWATT LIMITED,HILDEBRAND TECHNOLOGY LIMITED,OCTOPUS ENERGY LIMITED,OAKTREE POWER LIMITED,Shuffle Energy Limited,U ENERGY GROUP LIMITED,Electric Miles Limited","Z1:500,Z2:500,Z3:500,Z4:500,Z5:500,Z6:500,Z7:500,Z8:500,Z9:500,Z10:500,Z11:500,Z12:500"
55,23/06/2026 12:00,Downwards,Energy,23/06/2026,17:30,18:00,16:30,17:00,500,Live,0,All Participants,"INFINIS LIMITED,EQUIWATT LIMITED,HILDEBRAND TECHNOLOGY LIMITED,OCTOPUS ENERGY LIMITED,OAKTREE POWER LIMITED,Shuffle Energy Limited,U ENERGY GROUP LIMITED,Electric Miles Limited","Z1:500,Z2:500,Z3:500,Z4:500,Z5:500,Z6:500,Z7:500,Z8:500,Z9:500,Z10:500,Z11:500,Z12:500"
55,23/06/2026 12:00,Downwards,Energy,23/06/2026,18:00,18:30,17:00,17:30,500,Live,0,All Participants,"INFINIS LIMITED,EQUIWATT LIMITED,HILDEBRAND TECHNOLOGY LIMITED,OCTOPUS ENERGY LIMITED,OAKTREE POWER LIMITED,Shuffle Energy Limited,U ENERGY GROUP LIMITED,Electric Miles Limited","Z1:500,Z2:500,Z3:500,Z4:500,Z5:500,Z6:500,Z7:500,Z8:500,Z9:500,Z10:500,Z11:500,Z12:500"
55,23/06/2026 12:00,Downwards,Energy,23/06/2026,18:30,19:00,17:30,18:00,500,Live,0,All Participants,"INFINIS LIMITED,EQUIWATT LIMITED,HILDEBRAND TECHNOLOGY LIMITED,OCTOPUS ENERGY LIMITED,OAKTREE POWER LIMITED,Shuffle Energy Limited,U ENERGY GROUP LIMITED,Electric Miles Limited","Z1:500,Z2:500,Z3:500,Z4:500,Z5:500,Z6:500,Z7:500,Z8:500,Z9:500,Z10:500,Z11:500,Z12:500"
55,23/06/2026 12:00,Downwards,Energy,23/06/2026,19:00,19:30,18:00,18:30,500,Live,0,All Participants,"INFINIS LIMITED,EQUIWATT LIMITED,HILDEBRAND TECHNOLOGY LIMITED,OCTOPUS ENERGY LIMITED,OAKTREE POWER LIMITED,Shuffle Energy Limited,U ENERGY GROUP LIMITED,Electric Miles Limited","Z1:500,Z2:500,Z3:500,Z4:500,Z5:500,Z6:500,Z7:500,Z8:500,Z9:500,Z10:500,Z11:500,Z12:500"
55,23/06/2026 12:00,Downwards,Energy,23/06/2026,19:30,20:00,18:30,19:00,500,Live,0,All Participants,"INFINIS LIMITED,EQUIWATT LIMITED,HILDEBRAND TECHNOLOGY LIMITED,OCTOPUS ENERGY LIMITED,OAKTREE POWER LIMITED,Shuffle Energy Limited,U ENERGY GROUP LIMITED,Electric Miles Limited","Z1:500,Z2:500,Z3:500,Z4:500,Z5:500,Z6:500,Z7:500,Z8:500,Z9:500,Z10:500,Z11:500,Z12:500"
55,23/06/2026 12:00,Downwards,Energy,23/06/2026,20:00,20:30,19:00,19:30,500,Live,0,All Participants,"INFINIS LIMITED,EQUIWATT LIMITED,HILDEBRAND TECHNOLOGY LIMITED,OCTOPUS ENERGY LIMITED,OAKTREE POWER LIMITED,Shuffle Energy Limited,U ENERGY GROUP LIMITED,Electric Miles Limited","Z1:500,Z2:500,Z3:500,Z4:500,Z5:500,Z6:500,Z7:500,Z8:500,Z9:500,Z10:500,Z11:500,Z12:500"
55,23/06/2026 12:00,Downwards,Energy,23/06/2026,20:30,21:00,19:30,20:00,500,Live,0,All Participants,"INFINIS LIMITED,EQUIWATT LIMITED,HILDEBRAND TECHNOLOGY LIMITED,OCTOPUS ENERGY LIMITED,OAKTREE POWER LIMITED,Shuffle Energy Limited,U ENERGY GROUP LIMITED,Electric Miles Limited","Z1:500,Z2:500,Z3:500,Z4:500,Z5:500,Z6:500,Z7:500,Z8:500,Z9:500,Z10:500,Z11:500,Z12:500"
55,23/06/2026 12:00,Downwards,Energy,23/06/2026,21:00,21:30,20:00,20:30,500,Live,0,All Participants,"INFINIS LIMITED,EQUIWATT LIMITED,HILDEBRAND TECHNOLOGY LIMITED,OCTOPUS ENERGY LIMITED,OAKTREE POWER LIMITED,Shuffle Energy Limited,U ENERGY GROUP LIMITED,Electric Miles Limited","Z1:500,Z2:500,Z3:500,Z4:500,Z5:500,Z6:500,Z7:500,Z8:500,Z9:500,Z10:500,Z11:500,Z12:500"
55,23/06/2026 12:00,Downwards,Energy,23/06/2026,21:30,22:00,20:30,21:00,500,Live,0,All Participants,"INFINIS LIMITED,EQUIWATT LIMITED,HILDEBRAND TECHNOLOGY LIMITED,OCTOPUS ENERGY LIMITED,OAKTREE POWER LIMITED,Shuffle Energy Limited,U ENERGY GROUP LIMITED,Electric Miles Limited","Z1:500,Z2:500,Z3:500,Z4:500,Z5:500,Z6:500,Z7:500,Z8:500,Z9:500,Z10:500,Z11:500,Z12:500"
54,22/06/2026 12:00,Downwards,Energy,22/06/2026,18:00,18:30,17:00,17:30,500,Live,0,All Participants,"INFINIS LIMITED,EQUIWATT LIMITED,HILDEBRAND TECHNOLOGY LIMITED,OCTOPUS ENERGY LIMITED,OAKTREE POWER LIMITED,Shuffle Energy Limited,U ENERGY GROUP LIMITED,Electric Miles Limited","Z1:500,Z2:500,Z3:500,Z4:500,Z5:500,Z6:500,Z7:500,Z8:500,Z9:500,Z10:500,Z11:500,Z12:500"
54,22/06/2026 12:00,Downwards,Energy,22/06/2026,18:30,19:00,17:30,18:00,500,Live,0,All Participants,"INFINIS LIMITED,EQUIWATT LIMITED,HILDEBRAND TECHNOLOGY LIMITED,OCTOPUS ENERGY LIMITED,OAKTREE POWER LIMITED,Shuffle Energy Limited,U ENERGY GROUP LIMITED,Electric Miles Limited","Z1:500,Z2:500,Z3:500,Z4:500,Z5:500,Z6:500,Z7:500,Z8:500,Z9:500,Z10:500,Z11:500,Z12:500"
54,22/06/2026 12:00,Downwards,Energy,22/06/2026,19:00,19:30,18:00,18:30,500,Live,0,All Participants,"INFINIS LIMITED,EQUIWATT LIMITED,HILDEBRAND TECHNOLOGY LIMITED,OCTOPUS ENERGY LIMITED,OAKTREE POWER LIMITED,Shuffle Energy Limited,U ENERGY GROUP LIMITED,Electric Miles Limited","Z1:500,Z2:500,Z3:500,Z4:500,Z5:500,Z6:500,Z7:500,Z8:500,Z9:500,Z10:500,Z11:500,Z12:500"
54,22/06/2026 12:00,Downwards,Energy,22/06/2026,19:30,20:00,18:30,19:00,500,Live,0,All Participants,"INFINIS LIMITED,EQUIWATT LIMITED,HILDEBRAND TECHNOLOGY LIMITED,OCTOPUS ENERGY LIMITED,OAKTREE POWER LIMITED,Shuffle Energy Limited,U ENERGY GROUP LIMITED,Electric Miles Limited","Z1:500,Z2:500,Z3:500,Z4:500,Z5:500,Z6:500,Z7:500,Z8:500,Z9:500,Z10:500,Z11:500,Z12:500"
54,22/06/2026 12:00,Downwards,Energy,22/06/2026,20:00,20:30,19:00,19:30,500,Live,0,All Participants,"INFINIS LIMITED,EQUIWATT LIMITED,HILDEBRAND TECHNOLOGY LIMITED,OCTOPUS ENERGY LIMITED,OAKTREE POWER LIMITED,Shuffle Energy Limited,U ENERGY GROUP LIMITED,Electric Miles Limited","Z1:500,Z2:500,Z3:500,Z4:500,Z5:500,Z6:500,Z7:500,Z8:500,Z9:500,Z10:500,Z11:500,Z12:500"
54,22/06/2026 12:00,Downwards,Energy,22/06/2026,20:30,21:00,19:30,20:00,500,Live,0,All Participants,"INFINIS LIMITED,EQUIWATT LIMITED,HILDEBRAND TECHNOLOGY LIMITED,OCTOPUS ENERGY LIMITED,OAKTREE POWER LIMITED,Shuffle Energy Limited,U ENERGY GROUP LIMITED,Electric Miles Limited","Z1:500,Z2:500,Z3:500,Z4:500,Z5:500,Z6:500,Z7:500,Z8:500,Z9:500,Z10:500,Z11:500,Z12:500"
54,22/06/2026 12:00,Downwards,Energy,22/06/2026,21:00,21:30,20:00,20:30,500,Live,0,All Participants,"INFINIS LIMITED,EQUIWATT LIMITED,HILDEBRAND TECHNOLOGY LIMITED,OCTOPUS ENERGY LIMITED,OAKTREE POWER LIMITED,Shuffle Energy Limited,U ENERGY GROUP LIMITED,Electric Miles Limited","Z1:500,Z2:500,Z3:500,Z4:500,Z5:500,Z6:500,Z7:500,Z8:500,Z9:500,Z10:500,Z11:500,Z12:500"
54,22/06/2026 12:00,Downwards,Energy,22/06/2026,21:30,22:00,20:30,21:00,500,Live,0,All Participants,"INFINIS LIMITED,EQUIWATT LIMITED,HILDEBRAND TECHNOLOGY LIMITED,OCTOPUS ENERGY LIMITED,OAKTREE POWER LIMITED,Shuffle Energy Limited,U ENERGY GROUP LIMITED,Electric Miles Limited","Z1:500,Z2:500,Z3:500,Z4:500,Z5:500,Z6:500,Z7:500,Z8:500,Z9:500,Z10:500,Z11:500,Z12:500"
53,20/06/2026 12:00,Downwards,Energy,20/06/2026,17:00,17:30,16:00,16:30,500,Live,0,All Participants,"INFINIS LIMITED,EQUIWATT LIMITED,HILDEBRAND TECHNOLOGY LIMITED,OCTOPUS ENERGY LIMITED,OAKTREE POWER LIMITED,Shuffle Energy Limited,U ENERGY GROUP LIMITED,Electric Miles Limited","Z1:0,Z2:0,Z3:500,Z4:500,Z5:500,Z6:500,Z7:500,Z8:500,Z9:500,Z10:500,Z11:500,Z12:500"
53,20/06/2026 12:00,Downwards,Energy,20/06/2026,17:30,18:00,16:30,17:00,500,Live,0,All Participants,"INFINIS LIMITED,EQUIWATT LIMITED,HILDEBRAND TECHNOLOGY LIMITED,OCTOPUS ENERGY LIMITED,OAKTREE POWER LIMITED,Shuffle Energy Limited,U ENERGY GROUP LIMITED,Electric Miles Limited","Z1:0,Z2:0,Z3:500,Z4:500,Z5:500,Z6:500,Z7:500,Z8:500,Z9:500,Z10:500,Z11:500,Z12:500"
53,20/06/2026 12:00,Downwards,Energy,20/06/2026,18:00,18:30,17:00,17:30,500,Live,0,All Participants,"INFINIS LIMITED,EQUIWATT LIMITED,HILDEBRAND TECHNOLOGY LIMITED,OCTOPUS ENERGY LIMITED,OAKTREE POWER LIMITED,Shuffle Energy Limited,U ENERGY GROUP LIMITED,Electric Miles Limited","Z1:0,Z2:0,Z3:500,Z4:500,Z5:500,Z6:500,Z7:500,Z8:500,Z9:500,Z10:500,Z11:500,Z12:500"
53,20/06/2026 12:00,Downwards,Energy,20/06/2026,18:30,19:00,17:30,18:00,500,Live,0,All Participants,"INFINIS LIMITED,EQUIWATT LIMITED,HILDEBRAND TECHNOLOGY LIMITED,OCTOPUS ENERGY LIMITED,OAKTREE POWER LIMITED,Shuffle Energy Limited,U ENERGY GROUP LIMITED,Electric Miles Limited","Z1:0,Z2:0,Z3:500,Z4:500,Z5:500,Z6:500,Z7:500,Z8:500,Z9:500,Z10:500,Z11:500,Z12:500"
53,20/06/2026 12:00,Downwards,Energy,20/06/2026,19:00,19:30,18:00,18:30,500,Live,0,All Participants,"INFINIS LIMITED,EQUIWATT LIMITED,HILDEBRAND TECHNOLOGY LIMITED,OCTOPUS ENERGY LIMITED,OAKTREE POWER LIMITED,Shuffle Energy Limited,U ENERGY GROUP LIMITED,Electric Miles Limited","Z1:0,Z2:0,Z3:500,Z4:500,Z5:500,Z6:500,Z7:500,Z8:500,Z9:500,Z10:500,Z11:500,Z12:500"
53,20/06/2026 12:00,Downwards,Energy,20/06/2026,19:30,20:00,18:30,19:00,500,Live,0,All Participants,"INFINIS LIMITED,EQUIWATT LIMITED,HILDEBRAND TECHNOLOGY LIMITED,OCTOPUS ENERGY LIMITED,OAKTREE POWER LIMITED,Shuffle Energy Limited,U ENERGY GROUP LIMITED,Electric Miles Limited","Z1:0,Z2:0,Z3:500,Z4:500,Z5:500,Z6:500,Z7:500,Z8:500,Z9:500,Z10:500,Z11:500,Z12:500"
53,20/06/2026 12:00,Downwards,Energy,20/06/2026,20:00,20:30,19:00,19:30,500,Live,0,All Participants,"INFINIS LIMITED,EQUIWATT LIMITED,HILDEBRAND TECHNOLOGY LIMITED,OCTOPUS ENERGY LIMITED,OAKTREE POWER LIMITED,Shuffle Energy Limited,U ENERGY GROUP LIMITED,Electric Miles Limited","Z1:0,Z2:0,Z3:500,Z4:500,Z5:500,Z6:500,Z7:500,Z8:500,Z9:500,Z10:500,Z11:500,Z12:500"
53,20/06/2026 12:00,Downwards,Energy,20/06/2026,20:30,21:00,19:30,20:00,500,Live,0,All Participants,"INFINIS LIMITED,EQUIWATT LIMITED,HILDEBRAND TECHNOLOGY LIMITED,OCTOPUS ENERGY LIMITED,OAKTREE POWER LIMITED,Shuffle Energy Limited,U ENERGY GROUP LIMITED,Electric Miles Limited","Z1:0,Z2:0,Z3:500,Z4:500,Z5:500,Z6:500,Z7:500,Z8:500,Z9:500,Z10:500,Z11:500,Z12:500"
53,20/06/2026 12:00,Downwards,Energy,20/06/2026,21:00,21:30,20:00,20:30,500,Live,0,All Participants,"INFINIS LIMITED,EQUIWATT LIMITED,HILDEBRAND TECHNOLOGY LIMITED,OCTOPUS ENERGY LIMITED,OAKTREE POWER LIMITED,Shuffle Energy Limited,U ENERGY GROUP LIMITED,Electric Miles Limited","Z1:0,Z2:0,Z3:500,Z4:500,Z5:500,Z6:500,Z7:500,Z8:500,Z9:500,Z10:500,Z11:500,Z12:500"
53,20/06/2026 12:00,Downwards,Energy,20/06/2026,21:30,22:00,20:30,21:00,500,Live,0,All Participants,"INFINIS LIMITED,EQUIWATT LIMITED,HILDEBRAND TECHNOLOGY LIMITED,OCTOPUS ENERGY LIMITED,OAKTREE POWER LIMITED,Shuffle Energy Limited,U ENERGY GROUP LIMITED,Electric Miles Limited","Z1:0,Z2:0,Z3:500,Z4:500,Z5:500,Z6:500,Z7:500,Z8:500,Z9:500,Z10:500,Z11:500,Z12:500"
53,20/06/2026 12:00,Downwards,Energy,20/06/2026,22:00,22:30,21:00,21:30,500,Live,0,All Participants,"INFINIS LIMITED,EQUIWATT LIMITED,HILDEBRAND TECHNOLOGY LIMITED,OCTOPUS ENERGY LIMITED,OAKTREE POWER LIMITED,Shuffle Energy Limited,U ENERGY GROUP LIMITED,Electric Miles Limited","Z1:0,Z2:0,Z3:500,Z4:500,Z5:500,Z6:500,Z7:500,Z8:500,Z9:500,Z10:500,Z11:500,Z12:500"
53,20/06/2026 12:00,Downwards,Energy,20/06/2026,22:30,23:00,21:30,22:00,500,Live,0,All Participants,"INFINIS LIMITED,EQUIWATT LIMITED,HILDEBRAND TECHNOLOGY LIMITED,OCTOPUS ENERGY LIMITED,OAKTREE POWER LIMITED,Shuffle Energy Limited,U ENERGY GROUP LIMITED,Electric Miles Limited","Z1:0,Z2:0,Z3:500,Z4:500,Z5:500,Z6:500,Z7:500,Z8:500,Z9:500,Z10:500,Z11:500,Z12:500"
52,18/06/2026 12:00,Downwards,Energy,18/06/2026,17:00,17:30,16:00,16:30,500,Live,0,All Participants,"INFINIS LIMITED,EQUIWATT LIMITED,HILDEBRAND TECHNOLOGY LIMITED,OCTOPUS ENERGY LIMITED,OAKTREE POWER LIMITED,Shuffle Energy Limited,U ENERGY GROUP LIMITED, Electric Miles Limited","Z1:0,Z2:0,Z3:500,Z4:500,Z5:0,Z6:500,Z7:500,Z8:500,Z9:500,Z10:500,Z11:500,Z12:500"
52,18/06/2026 12:00,Downwards,Energy,18/06/2026,17:30,18:00,16:30,17:00,500,Live,0,All Participants,"INFINIS LIMITED,EQUIWATT LIMITED,HILDEBRAND TECHNOLOGY LIMITED,OCTOPUS ENERGY LIMITED,OAKTREE POWER LIMITED,Shuffle Energy Limited,U ENERGY GROUP LIMITED, Electric Miles Limited","Z1:0,Z2:0,Z3:500,Z4:500,Z5:0,Z6:500,Z7:500,Z8:500,Z9:500,Z10:500,Z11:500,Z12:500"
52,18/06/2026 12:00,Downwards,Energy,18/06/2026,18:00,18:30,17:00,17:30,500,Live,0,All Participants,"INFINIS LIMITED,EQUIWATT LIMITED,HILDEBRAND TECHNOLOGY LIMITED,OCTOPUS ENERGY LIMITED,OAKTREE POWER LIMITED,Shuffle Energy Limited,U ENERGY GROUP LIMITED, Electric Miles Limited","Z1:0,Z2:0,Z3:500,Z4:500,Z5:0,Z6:500,Z7:500,Z8:500,Z9:500,Z10:500,Z11:500,Z12:500"
52,18/06/2026 12:00,Downwards,Energy,18/06/2026,18:30,19:00,17:30,18:00,500,Live,0,All Participants,"INFINIS LIMITED,EQUIWATT LIMITED,HILDEBRAND TECHNOLOGY LIMITED,OCTOPUS ENERGY LIMITED,OAKTREE POWER LIMITED,Shuffle Energy Limited,U ENERGY GROUP LIMITED, Electric Miles Limited","Z1:0,Z2:0,Z3:500,Z4:500,Z5:0,Z6:500,Z7:500,Z8:500,Z9:500,Z10:500,Z11:500,Z12:500"
52,18/06/2026 12:00,Downwards,Energy,18/06/2026,19:00,19:30,18:00,18:30,500,Live,0,All Participants,"INFINIS LIMITED,EQUIWATT LIMITED,HILDEBRAND TECHNOLOGY LIMITED,OCTOPUS ENERGY LIMITED,OAKTREE POWER LIMITED,Shuffle Energy Limited,U ENERGY GROUP LIMITED, Electric Miles Limited","Z1:0,Z2:0,Z3:500,Z4:500,Z5:0,Z6:500,Z7:500,Z8:500,Z9:500,Z10:500,Z11:500,Z12:500"
52,18/06/2026 12:00,Downwards,Energy,18/06/2026,19:30,20:00,18:30,19:00,500,Live,0,All Participants,"INFINIS LIMITED,EQUIWATT LIMITED,HILDEBRAND TECHNOLOGY LIMITED,OCTOPUS ENERGY LIMITED,OAKTREE POWER LIMITED,Shuffle Energy Limited,U ENERGY GROUP LIMITED, Electric Miles Limited","Z1:0,Z2:0,Z3:500,Z4:500,Z5:0,Z6:500,Z7:500,Z8:500,Z9:500,Z10:500,Z11:500,Z12:500"
52,18/06/2026 12:00,Downwards,Energy,18/06/2026,20:00,20:30,19:00,19:30,500,Live,0,All Participants,"INFINIS LIMITED,EQUIWATT LIMITED,HILDEBRAND TECHNOLOGY LIMITED,OCTOPUS ENERGY LIMITED,OAKTREE POWER LIMITED,Shuffle Energy Limited,U ENERGY GROUP LIMITED, Electric Miles Limited","Z1:0,Z2:0,Z3:500,Z4:500,Z5:0,Z6:500,Z7:500,Z8:500,Z9:500,Z10:500,Z11:500,Z12:500"
52,18/06/2026 12:00,Downwards,Energy,18/06/2026,20:30,21:00,19:30,20:00,500,Live,0,All Participants,"INFINIS LIMITED,EQUIWATT LIMITED,HILDEBRAND TECHNOLOGY LIMITED,OCTOPUS ENERGY LIMITED,OAKTREE POWER LIMITED,Shuffle Energy Limited,U ENERGY GROUP LIMITED, Electric Miles Limited","Z1:0,Z2:0,Z3:500,Z4:500,Z5:0,Z6:500,Z7:500,Z8:500,Z9:500,Z10:500,Z11:500,Z12:500"
52,18/06/2026 12:00,Downwards,Energy,18/06/2026,21:00,21:30,20:00,20:30,500,Live,0,All Participants,"INFINIS LIMITED,EQUIWATT LIMITED,HILDEBRAND TECHNOLOGY LIMITED,OCTOPUS ENERGY LIMITED,OAKTREE POWER LIMITED,Shuffle Energy Limited,U ENERGY GROUP LIMITED, Electric Miles Limited","Z1:0,Z2:0,Z3:500,Z4:500,Z5:0,Z6:500,Z7:500,Z8:500,Z9:500,Z10:500,Z11:500,Z12:500"
52,18/06/2026 12:00,Downwards,Energy,18/06/2026,21:30,22:00,20:30,21:00,500,Live,0,All Participants,"INFINIS LIMITED,EQUIWATT LIMITED,HILDEBRAND TECHNOLOGY LIMITED,OCTOPUS ENERGY LIMITED,OAKTREE POWER LIMITED,Shuffle Energy Limited,U ENERGY GROUP LIMITED, Electric Miles Limited","Z1:0,Z2:0,Z3:500,Z4:500,Z5:0,Z6:500,Z7:500,Z8:500,Z9:500,Z10:500,Z11:500,Z12:500"
51,17/06/2026 12:15,Downwards,Energy,17/06/2026,19:00,19:30,18:00,18:30,500,Live,0,All Participants,"INFINIS LIMITED,EQUIWATT LIMITED,HILDEBRAND TECHNOLOGY LIMITED,OCTOPUS ENERGY LIMITED,OAKTREE POWER LIMITED,Shuffle Energy Limited,U ENERGY GROUP LIMITED","Z1:0,Z2:0,Z3:500,Z4:500,Z5:500,Z6:500,Z7:500,Z8:500,Z9:500,Z10:500,Z11:500,Z12:500"
51,17/06/2026 12:15,Downwards,Energy,17/06/2026,19:30,20:00,18:30,19:00,500,Live,0,All Participants,"INFINIS LIMITED,EQUIWATT LIMITED,HILDEBRAND TECHNOLOGY LIMITED,OCTOPUS ENERGY LIMITED,OAKTREE POWER LIMITED,Shuffle Energy Limited,U ENERGY GROUP LIMITED","Z1:0,Z2:0,Z3:500,Z4:500,Z5:500,Z6:500,Z7:500,Z8:500,Z9:500,Z10:500,Z11:500,Z12:500"
51,17/06/2026 12:15,Downwards,Energy,17/06/2026,20:00,20:30,19:00,19:30,500,Live,0,All Participants,"INFINIS LIMITED,EQUIWATT LIMITED,HILDEBRAND TECHNOLOGY LIMITED,OCTOPUS ENERGY LIMITED,OAKTREE POWER LIMITED,Shuffle Energy Limited,U ENERGY GROUP LIMITED","Z1:0,Z2:0,Z3:500,Z4:500,Z5:500,Z6:500,Z7:500,Z8:500,Z9:500,Z10:500,Z11:500,Z12:500"
51,17/06/2026 12:15,Downwards,Energy,17/06/2026,20:30,21:00,19:30,20:00,500,Live,0,All Participants,"INFINIS LIMITED,EQUIWATT LIMITED,HILDEBRAND TECHNOLOGY LIMITED,OCTOPUS ENERGY LIMITED,OAKTREE POWER LIMITED,Shuffle Energy Limited,U ENERGY GROUP LIMITED","Z1:0,Z2:0,Z3:500,Z4:500,Z5:500,Z6:500,Z7:500,Z8:500,Z9:500,Z10:500,Z11:500,Z12:500"
51,17/06/2026 12:15,Downwards,Energy,17/06/2026,21:00,21:30,20:00,20:30,500,Live,0,All Participants,"INFINIS LIMITED,EQUIWATT LIMITED,HILDEBRAND TECHNOLOGY LIMITED,OCTOPUS ENERGY LIMITED,OAKTREE POWER LIMITED,Shuffle Energy Limited,U ENERGY GROUP LIMITED","Z1:0,Z2:0,Z3:500,Z4:500,Z5:500,Z6:500,Z7:500,Z8:500,Z9:500,Z10:500,Z11:500,Z12:500"
51,17/06/2026 12:15,Downwards,Energy,17/06/2026,21:30,22:00,20:30,21:00,500,Live,0,All Participants,"INFINIS LIMITED,EQUIWATT LIMITED,HILDEBRAND TECHNOLOGY LIMITED,OCTOPUS ENERGY LIMITED,OAKTREE POWER LIMITED,Shuffle Energy Limited,U ENERGY GROUP LIMITED","Z1:0,Z2:0,Z3:500,Z4:500,Z5:500,Z6:500,Z7:500,Z8:500,Z9:500,Z10:500,Z11:500,Z12:500"
50,16/06/2026 12:00,Downwards,Energy,16/06/2026,19:00,19:30,18:00,18:30,292,Live,0,All Participants,"INFINIS LIMITED,EQUIWATT LIMITED,HILDEBRAND TECHNOLOGY LIMITED,OCTOPUS ENERGY LIMITED,OAKTREE POWER LIMITED,Shuffle Energy Limited,U ENERGY GROUP LIMITED","Z1:0,Z2:0,Z3:292,Z4:292,Z5:292,Z6:292,Z7:292,Z8:292,Z9:292,Z10:292,Z11:292,Z12:292"
50,16/06/2026 12:00,Downwards,Energy,16/06/2026,19:30,20:00,18:30,19:00,292,Live,0,All Participants,"INFINIS LIMITED,EQUIWATT LIMITED,HILDEBRAND TECHNOLOGY LIMITED,OCTOPUS ENERGY LIMITED,OAKTREE POWER LIMITED,Shuffle Energy Limited,U ENERGY GROUP LIMITED","Z1:0,Z2:0,Z3:292,Z4:292,Z5:292,Z6:292,Z7:292,Z8:292,Z9:292,Z10:292,Z11:292,Z12:292"
50,16/06/2026 12:00,Downwards,Energy,16/06/2026,20:00,20:30,19:00,19:30,292,Live,0,All Participants,"INFINIS LIMITED,EQUIWATT LIMITED,HILDEBRAND TECHNOLOGY LIMITED,OCTOPUS ENERGY LIMITED,OAKTREE POWER LIMITED,Shuffle Energy Limited,U ENERGY GROUP LIMITED","Z1:0,Z2:0,Z3:292,Z4:292,Z5:292,Z6:292,Z7:292,Z8:292,Z9:292,Z10:292,Z11:292,Z12:292"
50,16/06/2026 12:00,Downwards,Energy,16/06/2026,20:30,21:00,19:30,20:00,292,Live,0,All Participants,"INFINIS LIMITED,EQUIWATT LIMITED,HILDEBRAND TECHNOLOGY LIMITED,OCTOPUS ENERGY LIMITED,OAKTREE POWER LIMITED,Shuffle Energy Limited,U ENERGY GROUP LIMITED","Z1:0,Z2:0,Z3:292,Z4:292,Z5:292,Z6:292,Z7:292,Z8:292,Z9:292,Z10:292,Z11:292,Z12:292"
50,16/06/2026 12:00,Downwards,Energy,16/06/2026,21:00,21:30,20:00,20:30,292,Live,0,All Participants,"INFINIS LIMITED,EQUIWATT LIMITED,HILDEBRAND TECHNOLOGY LIMITED,OCTOPUS ENERGY LIMITED,OAKTREE POWER LIMITED,Shuffle Energy Limited,U ENERGY GROUP LIMITED","Z1:0,Z2:0,Z3:292,Z4:292,Z5:292,Z6:292,Z7:292,Z8:292,Z9:292,Z10:292,Z11:292,Z12:292"
50,16/06/2026 12:00,Downwards,Energy,16/06/2026,21:30,22:00,20:30,21:00,292,Live,0,All Participants,"INFINIS LIMITED,EQUIWATT LIMITED,HILDEBRAND TECHNOLOGY LIMITED,OCTOPUS ENERGY LIMITED,OAKTREE POWER LIMITED,Shuffle Energy Limited,U ENERGY GROUP LIMITED","Z1:0,Z2:0,Z3:292,Z4:292,Z5:292,Z6:292,Z7:292,Z8:292,Z9:292,Z10:292,Z11:292,Z12:292"
49,14/06/2026 10:00,Upwards,Energy,14/06/2026,11:00,11:30,10:00,10:30,500,Live,0,All Participants,"INFINIS LIMITED,EQUIWATT LIMITED,HILDEBRAND TECHNOLOGY LIMITED,OCTOPUS ENERGY LIMITED,OAKTREE POWER LIMITED,Shuffle Energy Limited,U ENERGY GROUP LIMITED","Z1:500,Z2:500,Z3:500,Z4:500,Z5:500,Z6:500,Z7:500,Z8:500,Z9:500,Z10:500,Z11:500,Z12:500"
49,14/06/2026 10:00,Upwards,Energy,14/06/2026,11:30,12:00,10:30,11:00,500,Live,0,All Participants,"INFINIS LIMITED,EQUIWATT LIMITED,HILDEBRAND TECHNOLOGY LIMITED,OCTOPUS ENERGY LIMITED,OAKTREE POWER LIMITED,Shuffle Energy Limited,U ENERGY GROUP LIMITED","Z1:500,Z2:500,Z3:500,Z4:500,Z5:500,Z6:500,Z7:500,Z8:500,Z9:500,Z10:500,Z11:500,Z12:500"
49,14/06/2026 10:00,Upwards,Energy,14/06/2026,12:00,12:30,11:00,11:30,500,Live,0,All Participants,"INFINIS LIMITED,EQUIWATT LIMITED,HILDEBRAND TECHNOLOGY LIMITED,OCTOPUS ENERGY LIMITED,OAKTREE POWER LIMITED,Shuffle Energy Limited,U ENERGY GROUP LIMITED","Z1:500,Z2:500,Z3:500,Z4:500,Z5:500,Z6:500,Z7:500,Z8:500,Z9:500,Z10:500,Z11:500,Z12:500"
49,14/06/2026 10:00,Upwards,Energy,14/06/2026,12:30,13:00,11:30,12:00,500,Live,0,All Participants,"INFINIS LIMITED,EQUIWATT LIMITED,HILDEBRAND TECHNOLOGY LIMITED,OCTOPUS ENERGY LIMITED,OAKTREE POWER LIMITED,Shuffle Energy Limited,U ENERGY GROUP LIMITED","Z1:500,Z2:500,Z3:500,Z4:500,Z5:500,Z6:500,Z7:500,Z8:500,Z9:500,Z10:500,Z11:500,Z12:500"
49,14/06/2026 10:00,Upwards,Energy,14/06/2026,13:00,13:30,12:00,12:30,500,Live,0,All Participants,"INFINIS LIMITED,EQUIWATT LIMITED,HILDEBRAND TECHNOLOGY LIMITED,OCTOPUS ENERGY LIMITED,OAKTREE POWER LIMITED,Shuffle Energy Limited,U ENERGY GROUP LIMITED","Z1:500,Z2:500,Z3:500,Z4:500,Z5:500,Z6:500,Z7:500,Z8:500,Z9:500,Z10:500,Z11:500,Z12:500"
49,14/06/2026 10:00,Upwards,Energy,14/06/2026,13:30,14:00,12:30,13:00,500,Live,0,All Participants,"INFINIS LIMITED,EQUIWATT LIMITED,HILDEBRAND TECHNOLOGY LIMITED,OCTOPUS ENERGY LIMITED,OAKTREE POWER LIMITED,Shuffle Energy Limited,U ENERGY GROUP LIMITED","Z1:500,Z2:500,Z3:500,Z4:500,Z5:500,Z6:500,Z7:500,Z8:500,Z9:500,Z10:500,Z11:500,Z12:500"
49,14/06/2026 10:00,Upwards,Energy,14/06/2026,14:00,14:30,13:00,13:30,500,Live,0,All Participants,"INFINIS LIMITED,EQUIWATT LIMITED,HILDEBRAND TECHNOLOGY LIMITED,OCTOPUS ENERGY LIMITED,OAKTREE POWER LIMITED,Shuffle Energy Limited,U ENERGY GROUP LIMITED","Z1:500,Z2:500,Z3:500,Z4:500,Z5:500,Z6:500,Z7:500,Z8:500,Z9:500,Z10:500,Z11:500,Z12:500"
49,14/06/2026 10:00,Upwards,Energy,14/06/2026,14:30,15:00,13:30,14:00,500,Live,0,All Participants,"INFINIS LIMITED,EQUIWATT LIMITED,HILDEBRAND TECHNOLOGY LIMITED,OCTOPUS ENERGY LIMITED,OAKTREE POWER LIMITED,Shuffle Energy Limited,U ENERGY GROUP LIMITED","Z1:500,Z2:500,Z3:500,Z4:500,Z5:500,Z6:500,Z7:500,Z8:500,Z9:500,Z10:500,Z11:500,Z12:500"
49,14/06/2026 10:00,Upwards,Energy,14/06/2026,15:00,15:30,14:00,14:30,500,Live,0,All Participants,"INFINIS LIMITED,EQUIWATT LIMITED,HILDEBRAND TECHNOLOGY LIMITED,OCTOPUS ENERGY LIMITED,OAKTREE POWER LIMITED,Shuffle Energy Limited,U ENERGY GROUP LIMITED","Z1:500,Z2:500,Z3:500,Z4:500,Z5:500,Z6:500,Z7:500,Z8:500,Z9:500,Z10:500,Z11:500,Z12:500"
49,14/06/2026 10:00,Upwards,Energy,14/06/2026,15:30,16:00,14:30,15:00,500,Live,0,All Participants,"INFINIS LIMITED,EQUIWATT LIMITED,HILDEBRAND TECHNOLOGY LIMITED,OCTOPUS ENERGY LIMITED,OAKTREE POWER LIMITED,Shuffle Energy Limited,U ENERGY GROUP LIMITED","Z1:500,Z2:500,Z3:500,Z4:500,Z5:500,Z6:500,Z7:500,Z8:500,Z9:500,Z10:500,Z11:500,Z12:500"
48,13/06/2026 10:00,Upwards,Energy,13/06/2026,11:00,11:30,10:00,10:30,500,Live,0,All Participants,"INFINIS LIMITED,EQUIWATT LIMITED,HILDEBRAND TECHNOLOGY LIMITED,OCTOPUS ENERGY LIMITED,OAKTREE POWER LIMITED,Shuffle Energy Limited,U ENERGY GROUP LIMITED","Z1:500,Z2:500,Z3:500,Z4:500,Z5:500,Z6:500,Z7:500,Z8:500,Z9:500,Z10:500,Z11:500,Z12:500"
48,13/06/2026 10:00,Upwards,Energy,13/06/2026,11:30,12:00,10:30,11:00,500,Live,0,All Participants,"INFINIS LIMITED,EQUIWATT LIMITED,HILDEBRAND TECHNOLOGY LIMITED,OCTOPUS ENERGY LIMITED,OAKTREE POWER LIMITED,Shuffle Energy Limited,U ENERGY GROUP LIMITED","Z1:500,Z2:500,Z3:500,Z4:500,Z5:500,Z6:500,Z7:500,Z8:500,Z9:500,Z10:500,Z11:500,Z12:500"
48,13/06/2026 10:00,Upwards,Energy,13/06/2026,12:00,12:30,11:00,11:30,500,Live,0,All Participants,"INFINIS LIMITED,EQUIWATT LIMITED,HILDEBRAND TECHNOLOGY LIMITED,OCTOPUS ENERGY LIMITED,OAKTREE POWER LIMITED,Shuffle Energy Limited,U ENERGY GROUP LIMITED","Z1:500,Z2:500,Z3:500,Z4:500,Z5:500,Z6:500,Z7:500,Z8:500,Z9:500,Z10:500,Z11:500,Z12:500"
48,13/06/2026 10:00,Upwards,Energy,13/06/2026,12:30,13:00,11:30,12:00,500,Live,0,All Participants,"INFINIS LIMITED,EQUIWATT LIMITED,HILDEBRAND TECHNOLOGY LIMITED,OCTOPUS ENERGY LIMITED,OAKTREE POWER LIMITED,Shuffle Energy Limited,U ENERGY GROUP LIMITED","Z1:500,Z2:500,Z3:500,Z4:500,Z5:500,Z6:500,Z7:500,Z8:500,Z9:500,Z10:500,Z11:500,Z12:500"
48,13/06/2026 10:00,Upwards,Energy,13/06/2026,13:00,13:30,12:00,12:30,500,Live,0,All Participants,"INFINIS LIMITED,EQUIWATT LIMITED,HILDEBRAND TECHNOLOGY LIMITED,OCTOPUS ENERGY LIMITED,OAKTREE POWER LIMITED,Shuffle Energy Limited,U ENERGY GROUP LIMITED","Z1:500,Z2:500,Z3:500,Z4:500,Z5:500,Z6:500,Z7:500,Z8:500,Z9:500,Z10:500,Z11:500,Z12:500"
48,13/06/2026 10:00,Upwards,Energy,13/06/2026,13:30,14:00,12:30,13:00,500,Live,0,All Participants,"INFINIS LIMITED,EQUIWATT LIMITED,HILDEBRAND TECHNOLOGY LIMITED,OCTOPUS ENERGY LIMITED,OAKTREE POWER LIMITED,Shuffle Energy Limited,U ENERGY GROUP LIMITED","Z1:500,Z2:500,Z3:500,Z4:500,Z5:500,Z6:500,Z7:500,Z8:500,Z9:500,Z10:500,Z11:500,Z12:500"
48,13/06/2026 10:00,Upwards,Energy,13/06/2026,14:00,14:30,13:00,13:30,500,Live,0,All Participants,"INFINIS LIMITED,EQUIWATT LIMITED,HILDEBRAND TECHNOLOGY LIMITED,OCTOPUS ENERGY LIMITED,OAKTREE POWER LIMITED,Shuffle Energy Limited,U ENERGY GROUP LIMITED","Z1:500,Z2:500,Z3:500,Z4:500,Z5:500,Z6:500,Z7:500,Z8:500,Z9:500,Z10:500,Z11:500,Z12:500"
48,13/06/2026 10:00,Upwards,Energy,13/06/2026,14:30,15:00,13:30,14:00,500,Live,0,All Participants,"INFINIS LIMITED,EQUIWATT LIMITED,HILDEBRAND TECHNOLOGY LIMITED,OCTOPUS ENERGY LIMITED,OAKTREE POWER LIMITED,Shuffle Energy Limited,U ENERGY GROUP LIMITED","Z1:500,Z2:500,Z3:500,Z4:500,Z5:500,Z6:500,Z7:500,Z8:500,Z9:500,Z10:500,Z11:500,Z12:500"
48,13/06/2026 10:00,Upwards,Energy,13/06/2026,15:00,15:30,14:00,14:30,500,Live,0,All Participants,"INFINIS LIMITED,EQUIWATT LIMITED,HILDEBRAND TECHNOLOGY LIMITED,OCTOPUS ENERGY LIMITED,OAKTREE POWER LIMITED,Shuffle Energy Limited,U ENERGY GROUP LIMITED","Z1:500,Z2:500,Z3:500,Z4:500,Z5:500,Z6:500,Z7:500,Z8:500,Z9:500,Z10:500,Z11:500,Z12:500"
48,13/06/2026 10:00,Upwards,Energy,13/06/2026,15:30,16:00,14:30,15:00,500,Live,0,All Participants,"INFINIS LIMITED,EQUIWATT LIMITED,HILDEBRAND TECHNOLOGY LIMITED,OCTOPUS ENERGY LIMITED,OAKTREE POWER LIMITED,Shuffle Energy Limited,U ENERGY GROUP LIMITED","Z1:500,Z2:500,Z3:500,Z4:500,Z5:500,Z6:500,Z7:500,Z8:500,Z9:500,Z10:500,Z11:500,Z12:500"
47,11/06/2026 12:00,Downwards,Energy,11/06/2026,17:00,17:30,16:00,16:30,500,Live,0,All Participants,"INFINIS LIMITED,EQUIWATT LIMITED,HILDEBRAND TECHNOLOGY LIMITED,OCTOPUS ENERGY LIMITED,OAKTREE POWER LIMITED,Shuffle Energy Limited,U ENERGY GROUP LIMITED","Z1:0,Z2:0,Z3:0,Z4:0,Z5:500,Z6:500,Z7:500,Z8:500,Z9:500,Z10:500,Z11:500,Z12:500"
47,11/06/2026 12:00,Downwards,Energy,11/06/2026,17:30,18:00,16:30,17:00,500,Live,0,All Participants,"INFINIS LIMITED,EQUIWATT LIMITED,HILDEBRAND TECHNOLOGY LIMITED,OCTOPUS ENERGY LIMITED,OAKTREE POWER LIMITED,Shuffle Energy Limited,U ENERGY GROUP LIMITED","Z1:0,Z2:0,Z3:0,Z4:0,Z5:500,Z6:500,Z7:500,Z8:500,Z9:500,Z10:500,Z11:500,Z12:500"
47,11/06/2026 12:00,Downwards,Energy,11/06/2026,18:00,18:30,17:00,17:30,500,Live,0,All Participants,"INFINIS LIMITED,EQUIWATT LIMITED,HILDEBRAND TECHNOLOGY LIMITED,OCTOPUS ENERGY LIMITED,OAKTREE POWER LIMITED,Shuffle Energy Limited,U ENERGY GROUP LIMITED","Z1:0,Z2:0,Z3:0,Z4:0,Z5:500,Z6:500,Z7:500,Z8:500,Z9:500,Z10:500,Z11:500,Z12:500"
47,11/06/2026 12:00,Downwards,Energy,11/06/2026,18:30,19:00,17:30,18:00,500,Live,0,All Participants,"INFINIS LIMITED,EQUIWATT LIMITED,HILDEBRAND TECHNOLOGY LIMITED,OCTOPUS ENERGY LIMITED,OAKTREE POWER LIMITED,Shuffle Energy Limited,U ENERGY GROUP LIMITED","Z1:0,Z2:0,Z3:0,Z4:0,Z5:500,Z6:500,Z7:500,Z8:500,Z9:500,Z10:500,Z11:500,Z12:500"
47,11/06/2026 12:00,Downwards,Energy,11/06/2026,19:00,19:30,18:00,18:30,500,Live,0,All Participants,"INFINIS LIMITED,EQUIWATT LIMITED,HILDEBRAND TECHNOLOGY LIMITED,OCTOPUS ENERGY LIMITED,OAKTREE POWER LIMITED,Shuffle Energy Limited,U ENERGY GROUP LIMITED","Z1:0,Z2:0,Z3:0,Z4:0,Z5:500,Z6:500,Z7:500,Z8:500,Z9:500,Z10:500,Z11:500,Z12:500"
47,11/06/2026 12:00,Downwards,Energy,11/06/2026,19:30,20:00,18:30,19:00,500,Live,0,All Participants,"INFINIS LIMITED,EQUIWATT LIMITED,HILDEBRAND TECHNOLOGY LIMITED,OCTOPUS ENERGY LIMITED,OAKTREE POWER LIMITED,Shuffle Energy Limited,U ENERGY GROUP LIMITED","Z1:0,Z2:0,Z3:0,Z4:0,Z5:500,Z6:500,Z7:500,Z8:500,Z9:500,Z10:500,Z11:500,Z12:500"
46,10/06/2026 12:00,Downwards,Energy,10/06/2026,18:00,18:30,17:00,17:30,300,Live,0,All Participants,"INFINIS LIMITED,EQUIWATT LIMITED,HILDEBRAND TECHNOLOGY LIMITED,OCTOPUS ENERGY LIMITED,OAKTREE POWER LIMITED,Shuffle Energy Limited,U ENERGY GROUP LIMITED","Z1:0,Z2:0,Z3:300,Z4:300,Z5:300,Z6:300,Z7:300,Z8:300,Z9:300,Z10:300,Z11:300,Z12:300"
46,10/06/2026 12:00,Downwards,Energy,10/06/2026,18:30,19:00,17:30,18:00,300,Live,0,All Participants,"INFINIS LIMITED,EQUIWATT LIMITED,HILDEBRAND TECHNOLOGY LIMITED,OCTOPUS ENERGY LIMITED,OAKTREE POWER LIMITED,Shuffle Energy Limited,U ENERGY GROUP LIMITED","Z1:0,Z2:0,Z3:300,Z4:300,Z5:300,Z6:300,Z7:300,Z8:300,Z9:300,Z10:300,Z11:300,Z12:300"
46,10/06/2026 12:00,Downwards,Energy,10/06/2026,19:00,19:30,18:00,18:30,300,Live,0,All Participants,"INFINIS LIMITED,EQUIWATT LIMITED,HILDEBRAND TECHNOLOGY LIMITED,OCTOPUS ENERGY LIMITED,OAKTREE POWER LIMITED,Shuffle Energy Limited,U ENERGY GROUP LIMITED","Z1:0,Z2:0,Z3:300,Z4:300,Z5:300,Z6:300,Z7:300,Z8:300,Z9:300,Z10:300,Z11:300,Z12:300"
46,10/06/2026 12:00,Downwards,Energy,10/06/2026,19:30,20:00,18:30,19:00,300,Live,0,All Participants,"INFINIS LIMITED,EQUIWATT LIMITED,HILDEBRAND TECHNOLOGY LIMITED,OCTOPUS ENERGY LIMITED,OAKTREE POWER LIMITED,Shuffle Energy Limited,U ENERGY GROUP LIMITED","Z1:0,Z2:0,Z3:300,Z4:300,Z5:300,Z6:300,Z7:300,Z8:300,Z9:300,Z10:300,Z11:300,Z12:300"
46,10/06/2026 12:00,Downwards,Energy,10/06/2026,20:00,20:30,19:00,19:30,300,Live,0,All Participants,"INFINIS LIMITED,EQUIWATT LIMITED,HILDEBRAND TECHNOLOGY LIMITED,OCTOPUS ENERGY LIMITED,OAKTREE POWER LIMITED,Shuffle Energy Limited,U ENERGY GROUP LIMITED","Z1:0,Z2:0,Z3:300,Z4:300,Z5:300,Z6:300,Z7:300,Z8:300,Z9:300,Z10:300,Z11:300,Z12:300"
46,10/06/2026 12:00,Downwards,Energy,10/06/2026,20:30,21:00,19:30,20:00,300,Live,0,All Participants,"INFINIS LIMITED,EQUIWATT LIMITED,HILDEBRAND TECHNOLOGY LIMITED,OCTOPUS ENERGY LIMITED,OAKTREE POWER LIMITED,Shuffle Energy Limited,U ENERGY GROUP LIMITED","Z1:0,Z2:0,Z3:300,Z4:300,Z5:300,Z6:300,Z7:300,Z8:300,Z9:300,Z10:300,Z11:300,Z12:300"
45,09/06/2026 10:00,Upwards,Energy,09/06/2026,13:00,13:30,12:00,12:30,500,Live,0,All Participants,"INFINIS LIMITED,EQUIWATT LIMITED,HILDEBRAND TECHNOLOGY LIMITED,OCTOPUS ENERGY LIMITED,OAKTREE POWER LIMITED,Shuffle Energy Limited,U ENERGY GROUP LIMITED","Z1:500,Z2:500,Z3:500,Z4:500,Z5:500,Z6:500,Z7:500,Z8:500,Z9:500,Z10:500,Z11:500,Z12:500"
45,09/06/2026 10:00,Upwards,Energy,09/06/2026,13:30,14:00,12:30,13:00,500,Live,0,All Participants,"INFINIS LIMITED,EQUIWATT LIMITED,HILDEBRAND TECHNOLOGY LIMITED,OCTOPUS ENERGY LIMITED,OAKTREE POWER LIMITED,Shuffle Energy Limited,U ENERGY GROUP LIMITED","Z1:500,Z2:500,Z3:500,Z4:500,Z5:500,Z6:500,Z7:500,Z8:500,Z9:500,Z10:500,Z11:500,Z12:500"
45,09/06/2026 10:00,Upwards,Energy,09/06/2026,14:00,14:30,13:00,13:30,500,Live,0,All Participants,"INFINIS LIMITED,EQUIWATT LIMITED,HILDEBRAND TECHNOLOGY LIMITED,OCTOPUS ENERGY LIMITED,OAKTREE POWER LIMITED,Shuffle Energy Limited,U ENERGY GROUP LIMITED","Z1:500,Z2:500,Z3:500,Z4:500,Z5:500,Z6:500,Z7:500,Z8:500,Z9:500,Z10:500,Z11:500,Z12:500"
45,09/06/2026 10:00,Upwards,Energy,09/06/2026,14:30,15:00,13:30,14:00,500,Live,0,All Participants,"INFINIS LIMITED,EQUIWATT LIMITED,HILDEBRAND TECHNOLOGY LIMITED,OCTOPUS ENERGY LIMITED,OAKTREE POWER LIMITED,Shuffle Energy Limited,U ENERGY GROUP LIMITED","Z1:500,Z2:500,Z3:500,Z4:500,Z5:500,Z6:500,Z7:500,Z8:500,Z9:500,Z10:500,Z11:500,Z12:500"
45,09/06/2026 10:00,Upwards,Energy,09/06/2026,15:00,15:30,14:00,14:30,500,Live,0,All Participants,"INFINIS LIMITED,EQUIWATT LIMITED,HILDEBRAND TECHNOLOGY LIMITED,OCTOPUS ENERGY LIMITED,OAKTREE POWER LIMITED,Shuffle Energy Limited,U ENERGY GROUP LIMITED","Z1:500,Z2:500,Z3:500,Z4:500,Z5:500,Z6:500,Z7:500,Z8:500,Z9:500,Z10:500,Z11:500,Z12:500"
45,09/06/2026 10:00,Upwards,Energy,09/06/2026,15:30,16:00,14:30,15:00,500,Live,0,All Participants,"INFINIS LIMITED,EQUIWATT LIMITED,HILDEBRAND TECHNOLOGY LIMITED,OCTOPUS ENERGY LIMITED,OAKTREE POWER LIMITED,Shuffle Energy Limited,U ENERGY GROUP LIMITED","Z1:500,Z2:500,Z3:500,Z4:500,Z5:500,Z6:500,Z7:500,Z8:500,Z9:500,Z10:500,Z11:500,Z12:500"
44,08/06/2026 12:15,Downwards,Energy,08/06/2026,17:00,17:30,16:00,16:30,500,Live,0,All Participants,"INFINIS LIMITED,EQUIWATT LIMITED,HILDEBRAND TECHNOLOGY LIMITED,OCTOPUS ENERGY LIMITED,OAKTREE POWER LIMITED,Shuffle Energy Limited,U ENERGY GROUP LIMITED","Z1:0,Z2:0,Z3:0,Z4:0,Z5:0,Z6:0,Z7:0,Z8:500,Z9:500,Z10:500,Z11:500,Z12:500"
44,08/06/2026 12:15,Downwards,Energy,08/06/2026,17:30,18:00,16:30,17:00,500,Live,0,All Participants,"INFINIS LIMITED,EQUIWATT LIMITED,HILDEBRAND TECHNOLOGY LIMITED,OCTOPUS ENERGY LIMITED,OAKTREE POWER LIMITED,Shuffle Energy Limited,U ENERGY GROUP LIMITED","Z1:0,Z2:0,Z3:0,Z4:0,Z5:0,Z6:0,Z7:0,Z8:500,Z9:500,Z10:500,Z11:500,Z12:500"
44,08/06/2026 12:15,Downwards,Energy,08/06/2026,18:00,18:30,17:00,17:30,500,Live,0,All Participants,"INFINIS LIMITED,EQUIWATT LIMITED,HILDEBRAND TECHNOLOGY LIMITED,OCTOPUS ENERGY LIMITED,OAKTREE POWER LIMITED,Shuffle Energy Limited,U ENERGY GROUP LIMITED","Z1:0,Z2:0,Z3:0,Z4:0,Z5:0,Z6:0,Z7:0,Z8:500,Z9:500,Z10:500,Z11:500,Z12:500"
44,08/06/2026 12:15,Downwards,Energy,08/06/2026,18:30,19:00,17:30,18:00,500,Live,0,All Participants,"INFINIS LIMITED,EQUIWATT LIMITED,HILDEBRAND TECHNOLOGY LIMITED,OCTOPUS ENERGY LIMITED,OAKTREE POWER LIMITED,Shuffle Energy Limited,U ENERGY GROUP LIMITED","Z1:0,Z2:0,Z3:0,Z4:0,Z5:0,Z6:0,Z7:0,Z8:500,Z9:500,Z10:500,Z11:500,Z12:500"
44,08/06/2026 12:15,Downwards,Energy,08/06/2026,19:00,19:30,18:00,18:30,500,Live,0,All Participants,"INFINIS LIMITED,EQUIWATT LIMITED,HILDEBRAND TECHNOLOGY LIMITED,OCTOPUS ENERGY LIMITED,OAKTREE POWER LIMITED,Shuffle Energy Limited,U ENERGY GROUP LIMITED","Z1:0,Z2:0,Z3:0,Z4:0,Z5:0,Z6:0,Z7:0,Z8:500,Z9:500,Z10:500,Z11:500,Z12:500"
44,08/06/2026 12:15,Downwards,Energy,08/06/2026,19:30,20:00,18:30,19:00,500,Live,0,All Participants,"INFINIS LIMITED,EQUIWATT LIMITED,HILDEBRAND TECHNOLOGY LIMITED,OCTOPUS ENERGY LIMITED,OAKTREE POWER LIMITED,Shuffle Energy Limited,U ENERGY GROUP LIMITED","Z1:0,Z2:0,Z3:0,Z4:0,Z5:0,Z6:0,Z7:0,Z8:500,Z9:500,Z10:500,Z11:500,Z12:500"
44,08/06/2026 12:15,Downwards,Energy,08/06/2026,20:00,20:30,19:00,19:30,500,Live,0,All Participants,"INFINIS LIMITED,EQUIWATT LIMITED,HILDEBRAND TECHNOLOGY LIMITED,OCTOPUS ENERGY LIMITED,OAKTREE POWER LIMITED,Shuffle Energy Limited,U ENERGY GROUP LIMITED","Z1:0,Z2:0,Z3:0,Z4:0,Z5:0,Z6:0,Z7:0,Z8:500,Z9:500,Z10:500,Z11:500,Z12:500"
44,08/06/2026 12:15,Downwards,Energy,08/06/2026,20:30,21:00,19:30,20:00,500,Live,0,All Participants,"INFINIS LIMITED,EQUIWATT LIMITED,HILDEBRAND TECHNOLOGY LIMITED,OCTOPUS ENERGY LIMITED,OAKTREE POWER LIMITED,Shuffle Energy Limited,U ENERGY GROUP LIMITED","Z1:0,Z2:0,Z3:0,Z4:0,Z5:0,Z6:0,Z7:0,Z8:500,Z9:500,Z10:500,Z11:500,Z12:500"
43,07/06/2026 10:00,Upwards,Energy,07/06/2026,11:00,11:30,10:00,10:30,500,Live,0,All Participants,"INFINIS LIMITED,EQUIWATT LIMITED,HILDEBRAND TECHNOLOGY LIMITED,OCTOPUS ENERGY LIMITED,OAKTREE POWER LIMITED,Shuffle Energy Limited,U ENERGY GROUP LIMITED","Z1:500,Z2:500,Z3:500,Z4:500,Z5:500,Z6:500,Z7:500,Z8:500,Z9:500,Z10:500,Z11:500,Z12:500"
43,07/06/2026 10:00,Upwards,Energy,07/06/2026,11:30,12:00,10:30,11:00,500,Live,0,All Participants,"INFINIS LIMITED,EQUIWATT LIMITED,HILDEBRAND TECHNOLOGY LIMITED,OCTOPUS ENERGY LIMITED,OAKTREE POWER LIMITED,Shuffle Energy Limited,U ENERGY GROUP LIMITED","Z1:500,Z2:500,Z3:500,Z4:500,Z5:500,Z6:500,Z7:500,Z8:500,Z9:500,Z10:500,Z11:500,Z12:500"
43,07/06/2026 10:00,Upwards,Energy,07/06/2026,12:00,12:30,11:00,11:30,500,Live,0,All Participants,"INFINIS LIMITED,EQUIWATT LIMITED,HILDEBRAND TECHNOLOGY LIMITED,OCTOPUS ENERGY LIMITED,OAKTREE POWER LIMITED,Shuffle Energy Limited,U ENERGY GROUP LIMITED","Z1:500,Z2:500,Z3:500,Z4:500,Z5:500,Z6:500,Z7:500,Z8:500,Z9:500,Z10:500,Z11:500,Z12:500"
43,07/06/2026 10:00,Upwards,Energy,07/06/2026,12:30,13:00,11:30,12:00,500,Live,0,All Participants,"INFINIS LIMITED,EQUIWATT LIMITED,HILDEBRAND TECHNOLOGY LIMITED,OCTOPUS ENERGY LIMITED,OAKTREE POWER LIMITED,Shuffle Energy Limited,U ENERGY GROUP LIMITED","Z1:500,Z2:500,Z3:500,Z4:500,Z5:500,Z6:500,Z7:500,Z8:500,Z9:500,Z10:500,Z11:500,Z12:500"
43,07/06/2026 10:00,Upwards,Energy,07/06/2026,13:00,13:30,12:00,12:30,500,Live,0,All Participants,"INFINIS LIMITED,EQUIWATT LIMITED,HILDEBRAND TECHNOLOGY LIMITED,OCTOPUS ENERGY LIMITED,OAKTREE POWER LIMITED,Shuffle Energy Limited,U ENERGY GROUP LIMITED","Z1:500,Z2:500,Z3:500,Z4:500,Z5:500,Z6:500,Z7:500,Z8:500,Z9:500,Z10:500,Z11:500,Z12:500"
43,07/06/2026 10:00,Upwards,Energy,07/06/2026,13:30,14:00,12:30,13:00,500,Live,0,All Participants,"INFINIS LIMITED,EQUIWATT LIMITED,HILDEBRAND TECHNOLOGY LIMITED,OCTOPUS ENERGY LIMITED,OAKTREE POWER LIMITED,Shuffle Energy Limited,U ENERGY GROUP LIMITED","Z1:500,Z2:500,Z3:500,Z4:500,Z5:500,Z6:500,Z7:500,Z8:500,Z9:500,Z10:500,Z11:500,Z12:500"
43,07/06/2026 10:00,Upwards,Energy,07/06/2026,14:00,14:30,13:00,13:30,500,Live,0,All Participants,"INFINIS LIMITED,EQUIWATT LIMITED,HILDEBRAND TECHNOLOGY LIMITED,OCTOPUS ENERGY LIMITED,OAKTREE POWER LIMITED,Shuffle Energy Limited,U ENERGY GROUP LIMITED","Z1:500,Z2:500,Z3:500,Z4:500,Z5:500,Z6:500,Z7:500,Z8:500,Z9:500,Z10:500,Z11:500,Z12:500"
43,07/06/2026 10:00,Upwards,Energy,07/06/2026,14:30,15:00,13:30,14:00,500,Live,0,All Participants,"INFINIS LIMITED,EQUIWATT LIMITED,HILDEBRAND TECHNOLOGY LIMITED,OCTOPUS ENERGY LIMITED,OAKTREE POWER LIMITED,Shuffle Energy Limited,U ENERGY GROUP LIMITED","Z1:500,Z2:500,Z3:500,Z4:500,Z5:500,Z6:500,Z7:500,Z8:500,Z9:500,Z10:500,Z11:500,Z12:500"
43,07/06/2026 10:00,Upwards,Energy,07/06/2026,15:00,15:30,14:00,14:30,500,Live,0,All Participants,"INFINIS LIMITED,EQUIWATT LIMITED,HILDEBRAND TECHNOLOGY LIMITED,OCTOPUS ENERGY LIMITED,OAKTREE POWER LIMITED,Shuffle Energy Limited,U ENERGY GROUP LIMITED","Z1:500,Z2:500,Z3:500,Z4:500,Z5:500,Z6:500,Z7:500,Z8:500,Z9:500,Z10:500,Z11:500,Z12:500"
43,07/06/2026 10:00,Upwards,Energy,07/06/2026,15:30,16:00,14:30,15:00,500,Live,0,All Participants,"INFINIS LIMITED,EQUIWATT LIMITED,HILDEBRAND TECHNOLOGY LIMITED,OCTOPUS ENERGY LIMITED,OAKTREE POWER LIMITED,Shuffle Energy Limited,U ENERGY GROUP LIMITED","Z1:500,Z2:500,Z3:500,Z4:500,Z5:500,Z6:500,Z7:500,Z8:500,Z9:500,Z10:500,Z11:500,Z12:500"
42,06/06/2026 10:00,Upwards,Energy,06/06/2026,11:00,11:30,10:00,10:30,500,Live,0,All Participants,"INFINIS LIMITED,EQUIWATT LIMITED,HILDEBRAND TECHNOLOGY LIMITED,OCTOPUS ENERGY LIMITED,OAKTREE POWER LIMITED,Shuffle Energy Limited,U ENERGY GROUP LIMITED","Z1:500,Z2:500,Z3:500,Z4:500,Z5:500,Z6:500,Z7:500,Z8:500,Z9:500,Z10:500,Z11:500,Z12:500"
42,06/06/2026 10:00,Upwards,Energy,06/06/2026,11:30,12:00,10:30,11:00,500,Live,0,All Participants,"INFINIS LIMITED,EQUIWATT LIMITED,HILDEBRAND TECHNOLOGY LIMITED,OCTOPUS ENERGY LIMITED,OAKTREE POWER LIMITED,Shuffle Energy Limited,U ENERGY GROUP LIMITED","Z1:500,Z2:500,Z3:500,Z4:500,Z5:500,Z6:500,Z7:500,Z8:500,Z9:500,Z10:500,Z11:500,Z12:500"
42,06/06/2026 10:00,Upwards,Energy,06/06/2026,12:00,12:30,11:00,11:30,500,Live,0,All Participants,"INFINIS LIMITED,EQUIWATT LIMITED,HILDEBRAND TECHNOLOGY LIMITED,OCTOPUS ENERGY LIMITED,OAKTREE POWER LIMITED,Shuffle Energy Limited,U ENERGY GROUP LIMITED","Z1:500,Z2:500,Z3:500,Z4:500,Z5:500,Z6:500,Z7:500,Z8:500,Z9:500,Z10:500,Z11:500,Z12:500"
42,06/06/2026 10:00,Upwards,Energy,06/06/2026,12:30,13:00,11:30,12:00,500,Live,0,All Participants,"INFINIS LIMITED,EQUIWATT LIMITED,HILDEBRAND TECHNOLOGY LIMITED,OCTOPUS ENERGY LIMITED,OAKTREE POWER LIMITED,Shuffle Energy Limited,U ENERGY GROUP LIMITED","Z1:500,Z2:500,Z3:500,Z4:500,Z5:500,Z6:500,Z7:500,Z8:500,Z9:500,Z10:500,Z11:500,Z12:500"
42,06/06/2026 10:00,Upwards,Energy,06/06/2026,13:00,13:30,12:00,12:30,500,Live,0,All Participants,"INFINIS LIMITED,EQUIWATT LIMITED,HILDEBRAND TECHNOLOGY LIMITED,OCTOPUS ENERGY LIMITED,OAKTREE POWER LIMITED,Shuffle Energy Limited,U ENERGY GROUP LIMITED","Z1:500,Z2:500,Z3:500,Z4:500,Z5:500,Z6:500,Z7:500,Z8:500,Z9:500,Z10:500,Z11:500,Z12:500"
42,06/06/2026 10:00,Upwards,Energy,06/06/2026,13:30,14:00,12:30,13:00,500,Live,0,All Participants,"INFINIS LIMITED,EQUIWATT LIMITED,HILDEBRAND TECHNOLOGY LIMITED,OCTOPUS ENERGY LIMITED,OAKTREE POWER LIMITED,Shuffle Energy Limited,U ENERGY GROUP LIMITED","Z1:500,Z2:500,Z3:500,Z4:500,Z5:500,Z6:500,Z7:500,Z8:500,Z9:500,Z10:500,Z11:500,Z12:500"
42,06/06/2026 10:00,Upwards,Energy,06/06/2026,14:00,14:30,13:00,13:30,500,Live,0,All Participants,"INFINIS LIMITED,EQUIWATT LIMITED,HILDEBRAND TECHNOLOGY LIMITED,OCTOPUS ENERGY LIMITED,OAKTREE POWER LIMITED,Shuffle Energy Limited,U ENERGY GROUP LIMITED","Z1:500,Z2:500,Z3:500,Z4:500,Z5:500,Z6:500,Z7:500,Z8:500,Z9:500,Z10:500,Z11:500,Z12:500"
42,06/06/2026 10:00,Upwards,Energy,06/06/2026,14:30,15:00,13:30,14:00,500,Live,0,All Participants,"INFINIS LIMITED,EQUIWATT LIMITED,HILDEBRAND TECHNOLOGY LIMITED,OCTOPUS ENERGY LIMITED,OAKTREE POWER LIMITED,Shuffle Energy Limited,U ENERGY GROUP LIMITED","Z1:500,Z2:500,Z3:500,Z4:500,Z5:500,Z6:500,Z7:500,Z8:500,Z9:500,Z10:500,Z11:500,Z12:500"
41,05/06/2026 12:15,Downwards,Energy,05/06/2026,18:00,18:30,17:00,17:30,500,Live,0,All Participants,"INFINIS LIMITED,EQUIWATT LIMITED,HILDEBRAND TECHNOLOGY LIMITED,OCTOPUS ENERGY LIMITED,OAKTREE POWER LIMITED,Shuffle Energy Limited,U ENERGY GROUP LIMITED","Z1:500,Z2:500,Z3:500,Z4:500,Z5:500,Z6:500,Z7:500,Z8:500,Z9:500,Z10:500,Z11:500,Z12:500"
41,05/06/2026 12:15,Downwards,Energy,05/06/2026,18:30,19:00,17:30,18:00,500,Live,0,All Participants,"INFINIS LIMITED,EQUIWATT LIMITED,HILDEBRAND TECHNOLOGY LIMITED,OCTOPUS ENERGY LIMITED,OAKTREE POWER LIMITED,Shuffle Energy Limited,U ENERGY GROUP LIMITED","Z1:500,Z2:500,Z3:500,Z4:500,Z5:500,Z6:500,Z7:500,Z8:500,Z9:500,Z10:500,Z11:500,Z12:500"
41,05/06/2026 12:15,Downwards,Energy,05/06/2026,19:00,19:30,18:00,18:30,500,Live,0,All Participants,"INFINIS LIMITED,EQUIWATT LIMITED,HILDEBRAND TECHNOLOGY LIMITED,OCTOPUS ENERGY LIMITED,OAKTREE POWER LIMITED,Shuffle Energy Limited,U ENERGY GROUP LIMITED","Z1:500,Z2:500,Z3:500,Z4:500,Z5:500,Z6:500,Z7:500,Z8:500,Z9:500,Z10:500,Z11:500,Z12:500"
41,05/06/2026 12:15,Downwards,Energy,05/06/2026,19:30,20:00,18:30,19:00,500,Live,0,All Participants,"INFINIS LIMITED,EQUIWATT LIMITED,HILDEBRAND TECHNOLOGY LIMITED,OCTOPUS ENERGY LIMITED,OAKTREE POWER LIMITED,Shuffle Energy Limited,U ENERGY GROUP LIMITED","Z1:500,Z2:500,Z3:500,Z4:500,Z5:500,Z6:500,Z7:500,Z8:500,Z9:500,Z10:500,Z11:500,Z12:500"
41,05/06/2026 12:15,Downwards,Energy,05/06/2026,20:00,20:30,19:00,19:30,500,Live,0,All Participants,"INFINIS LIMITED,EQUIWATT LIMITED,HILDEBRAND TECHNOLOGY LIMITED,OCTOPUS ENERGY LIMITED,OAKTREE POWER LIMITED,Shuffle Energy Limited,U ENERGY GROUP LIMITED","Z1:500,Z2:500,Z3:500,Z4:500,Z5:500,Z6:500,Z7:500,Z8:500,Z9:500,Z10:500,Z11:500,Z12:500"
41,05/06/2026 12:15,Downwards,Energy,05/06/2026,20:30,21:00,19:30,20:00,500,Live,0,All Participants,"INFINIS LIMITED,EQUIWATT LIMITED,HILDEBRAND TECHNOLOGY LIMITED,OCTOPUS ENERGY LIMITED,OAKTREE POWER LIMITED,Shuffle Energy Limited,U ENERGY GROUP LIMITED","Z1:500,Z2:500,Z3:500,Z4:500,Z5:500,Z6:500,Z7:500,Z8:500,Z9:500,Z10:500,Z11:500,Z12:500"
41,05/06/2026 12:15,Downwards,Energy,05/06/2026,21:00,21:30,20:00,20:30,500,Live,0,All Participants,"INFINIS LIMITED,EQUIWATT LIMITED,HILDEBRAND TECHNOLOGY LIMITED,OCTOPUS ENERGY LIMITED,OAKTREE POWER LIMITED,Shuffle Energy Limited,U ENERGY GROUP LIMITED","Z1:500,Z2:500,Z3:500,Z4:500,Z5:500,Z6:500,Z7:500,Z8:500,Z9:500,Z10:500,Z11:500,Z12:500"
41,05/06/2026 12:15,Downwards,Energy,05/06/2026,21:30,22:00,20:30,21:00,500,Live,0,All Participants,"INFINIS LIMITED,EQUIWATT LIMITED,HILDEBRAND TECHNOLOGY LIMITED,OCTOPUS ENERGY LIMITED,OAKTREE POWER LIMITED,Shuffle Energy Limited,U ENERGY GROUP LIMITED","Z1:500,Z2:500,Z3:500,Z4:500,Z5:500,Z6:500,Z7:500,Z8:500,Z9:500,Z10:500,Z11:500,Z12:500"
41,05/06/2026 12:15,Downwards,Energy,05/06/2026,22:00,22:30,21:00,21:30,500,Live,0,All Participants,"INFINIS LIMITED,EQUIWATT LIMITED,HILDEBRAND TECHNOLOGY LIMITED,OCTOPUS ENERGY LIMITED,OAKTREE POWER LIMITED,Shuffle Energy Limited,U ENERGY GROUP LIMITED","Z1:500,Z2:500,Z3:500,Z4:500,Z5:500,Z6:500,Z7:500,Z8:500,Z9:500,Z10:500,Z11:500,Z12:500"
41,05/06/2026 12:15,Downwards,Energy,05/06/2026,22:30,23:00,21:30,22:00,500,Live,0,All Participants,"INFINIS LIMITED,EQUIWATT LIMITED,HILDEBRAND TECHNOLOGY LIMITED,OCTOPUS ENERGY LIMITED,OAKTREE POWER LIMITED,Shuffle Energy Limited,U ENERGY GROUP LIMITED","Z1:500,Z2:500,Z3:500,Z4:500,Z5:500,Z6:500,Z7:500,Z8:500,Z9:500,Z10:500,Z11:500,Z12:500"
40,04/06/2026 12:15,Downwards,Energy,04/06/2026,18:00,18:30,17:00,17:30,378,Live,0,All Participants,"INFINIS LIMITED,EQUIWATT LIMITED,HILDEBRAND TECHNOLOGY LIMITED,OCTOPUS ENERGY LIMITED,OAKTREE POWER LIMITED,Shuffle Energy Limited,U ENERGY GROUP LIMITED","Z1:0,Z2:0,Z3:378,Z4:378,Z5:378,Z6:378,Z7:378,Z8:378,Z9:378,Z10:378,Z11:378,Z12:378"
40,04/06/2026 12:15,Downwards,Energy,04/06/2026,18:30,19:00,17:30,18:00,378,Live,0,All Participants,"INFINIS LIMITED,EQUIWATT LIMITED,HILDEBRAND TECHNOLOGY LIMITED,OCTOPUS ENERGY LIMITED,OAKTREE POWER LIMITED,Shuffle Energy Limited,U ENERGY GROUP LIMITED","Z1:0,Z2:0,Z3:378,Z4:378,Z5:378,Z6:378,Z7:378,Z8:378,Z9:378,Z10:378,Z11:378,Z12:378"
40,04/06/2026 12:15,Downwards,Energy,04/06/2026,19:00,19:30,18:00,18:30,378,Live,0,All Participants,"INFINIS LIMITED,EQUIWATT LIMITED,HILDEBRAND TECHNOLOGY LIMITED,OCTOPUS ENERGY LIMITED,OAKTREE POWER LIMITED,Shuffle Energy Limited,U ENERGY GROUP LIMITED","Z1:0,Z2:0,Z3:378,Z4:378,Z5:378,Z6:378,Z7:378,Z8:378,Z9:378,Z10:378,Z11:378,Z12:378"
40,04/06/2026 12:15,Downwards,Energy,04/06/2026,19:30,20:00,18:30,19:00,378,Live,0,All Participants,"INFINIS LIMITED,EQUIWATT LIMITED,HILDEBRAND TECHNOLOGY LIMITED,OCTOPUS ENERGY LIMITED,OAKTREE POWER LIMITED,Shuffle Energy Limited,U ENERGY GROUP LIMITED","Z1:0,Z2:0,Z3:378,Z4:378,Z5:378,Z6:378,Z7:378,Z8:378,Z9:378,Z10:378,Z11:378,Z12:378"
40,04/06/2026 12:15,Downwards,Energy,04/06/2026,20:00,20:30,19:00,19:30,378,Live,0,All Participants,"INFINIS LIMITED,EQUIWATT LIMITED,HILDEBRAND TECHNOLOGY LIMITED,OCTOPUS ENERGY LIMITED,OAKTREE POWER LIMITED,Shuffle Energy Limited,U ENERGY GROUP LIMITED","Z1:0,Z2:0,Z3:378,Z4:378,Z5:378,Z6:378,Z7:378,Z8:378,Z9:378,Z10:378,Z11:378,Z12:378"
40,04/06/2026 12:15,Downwards,Energy,04/06/2026,20:30,21:00,19:30,20:00,378,Live,0,All Participants,"INFINIS LIMITED,EQUIWATT LIMITED,HILDEBRAND TECHNOLOGY LIMITED,OCTOPUS ENERGY LIMITED,OAKTREE POWER LIMITED,Shuffle Energy Limited,U ENERGY GROUP LIMITED","Z1:0,Z2:0,Z3:378,Z4:378,Z5:378,Z6:378,Z7:378,Z8:378,Z9:378,Z10:378,Z11:378,Z12:378"
39,04/06/2026 10:00,Upwards,Energy,04/06/2026,11:00,11:30,10:00,10:30,500,Live,0,All Participants,"INFINIS LIMITED,EQUIWATT LIMITED,HILDEBRAND TECHNOLOGY LIMITED,OCTOPUS ENERGY LIMITED,OAKTREE POWER LIMITED,Shuffle Energy Limited,U ENERGY GROUP LIMITED","Z1:500,Z2:500,Z3:500,Z4:500,Z5:500,Z6:500,Z7:500,Z8:500,Z9:500,Z10:500,Z11:500,Z12:500"
39,04/06/2026 10:00,Upwards,Energy,04/06/2026,11:30,12:00,10:30,11:00,500,Live,0,All Participants,"INFINIS LIMITED,EQUIWATT LIMITED,HILDEBRAND TECHNOLOGY LIMITED,OCTOPUS ENERGY LIMITED,OAKTREE POWER LIMITED,Shuffle Energy Limited,U ENERGY GROUP LIMITED","Z1:500,Z2:500,Z3:500,Z4:500,Z5:500,Z6:500,Z7:500,Z8:500,Z9:500,Z10:500,Z11:500,Z12:500"
39,04/06/2026 10:00,Upwards,Energy,04/06/2026,12:00,12:30,11:00,11:30,500,Live,0,All Participants,"INFINIS LIMITED,EQUIWATT LIMITED,HILDEBRAND TECHNOLOGY LIMITED,OCTOPUS ENERGY LIMITED,OAKTREE POWER LIMITED,Shuffle Energy Limited,U ENERGY GROUP LIMITED","Z1:500,Z2:500,Z3:500,Z4:500,Z5:500,Z6:500,Z7:500,Z8:500,Z9:500,Z10:500,Z11:500,Z12:500"
39,04/06/2026 10:00,Upwards,Energy,04/06/2026,12:30,13:00,11:30,12:00,500,Live,0,All Participants,"INFINIS LIMITED,EQUIWATT LIMITED,HILDEBRAND TECHNOLOGY LIMITED,OCTOPUS ENERGY LIMITED,OAKTREE POWER LIMITED,Shuffle Energy Limited,U ENERGY GROUP LIMITED","Z1:500,Z2:500,Z3:500,Z4:500,Z5:500,Z6:500,Z7:500,Z8:500,Z9:500,Z10:500,Z11:500,Z12:500"
39,04/06/2026 10:00,Upwards,Energy,04/06/2026,13:00,13:30,12:00,12:30,500,Live,0,All Participants,"INFINIS LIMITED,EQUIWATT LIMITED,HILDEBRAND TECHNOLOGY LIMITED,OCTOPUS ENERGY LIMITED,OAKTREE POWER LIMITED,Shuffle Energy Limited,U ENERGY GROUP LIMITED","Z1:500,Z2:500,Z3:500,Z4:500,Z5:500,Z6:500,Z7:500,Z8:500,Z9:500,Z10:500,Z11:500,Z12:500"
39,04/06/2026 10:00,Upwards,Energy,04/06/2026,13:30,14:00,12:30,13:00,500,Live,0,All Participants,"INFINIS LIMITED,EQUIWATT LIMITED,HILDEBRAND TECHNOLOGY LIMITED,OCTOPUS ENERGY LIMITED,OAKTREE POWER LIMITED,Shuffle Energy Limited,U ENERGY GROUP LIMITED","Z1:500,Z2:500,Z3:500,Z4:500,Z5:500,Z6:500,Z7:500,Z8:500,Z9:500,Z10:500,Z11:500,Z12:500"
39,04/06/2026 10:00,Upwards,Energy,04/06/2026,14:00,14:30,13:00,13:30,500,Live,0,All Participants,"INFINIS LIMITED,EQUIWATT LIMITED,HILDEBRAND TECHNOLOGY LIMITED,OCTOPUS ENERGY LIMITED,OAKTREE POWER LIMITED,Shuffle Energy Limited,U ENERGY GROUP LIMITED","Z1:500,Z2:500,Z3:500,Z4:500,Z5:500,Z6:500,Z7:500,Z8:500,Z9:500,Z10:500,Z11:500,Z12:500"
39,04/06/2026 10:00,Upwards,Energy,04/06/2026,14:30,15:00,13:30,14:00,500,Live,0,All Participants,"INFINIS LIMITED,EQUIWATT LIMITED,HILDEBRAND TECHNOLOGY LIMITED,OCTOPUS ENERGY LIMITED,OAKTREE POWER LIMITED,Shuffle Energy Limited,U ENERGY GROUP LIMITED","Z1:500,Z2:500,Z3:500,Z4:500,Z5:500,Z6:500,Z7:500,Z8:500,Z9:500,Z10:500,Z11:500,Z12:500"
39,04/06/2026 10:00,Upwards,Energy,04/06/2026,15:00,15:30,14:00,14:30,500,Live,0,All Participants,"INFINIS LIMITED,EQUIWATT LIMITED,HILDEBRAND TECHNOLOGY LIMITED,OCTOPUS ENERGY LIMITED,OAKTREE POWER LIMITED,Shuffle Energy Limited,U ENERGY GROUP LIMITED","Z1:500,Z2:500,Z3:500,Z4:500,Z5:500,Z6:500,Z7:500,Z8:500,Z9:500,Z10:500,Z11:500,Z12:500"
39,04/06/2026 10:00,Upwards,Energy,04/06/2026,15:30,16:00,14:30,15:00,500,Live,0,All Participants,"INFINIS LIMITED,EQUIWATT LIMITED,HILDEBRAND TECHNOLOGY LIMITED,OCTOPUS ENERGY LIMITED,OAKTREE POWER LIMITED,Shuffle Energy Limited,U ENERGY GROUP LIMITED","Z1:500,Z2:500,Z3:500,Z4:500,Z5:500,Z6:500,Z7:500,Z8:500,Z9:500,Z10:500,Z11:500,Z12:500"
38,02/06/2026 12:00,Downwards,Energy,02/06/2026,16:00,16:30,15:00,15:30,500,Live,0,All Participants,"INFINIS LIMITED,EQUIWATT LIMITED,HILDEBRAND TECHNOLOGY LIMITED,OCTOPUS ENERGY LIMITED,OAKTREE POWER LIMITED,Shuffle Energy Limited,U ENERGY GROUP LIMITED","Z1:500,Z2:500,Z3:500,Z4:500,Z5:500,Z6:500,Z7:0,Z8:500,Z9:500,Z10:500,Z11:500,Z12:0"
38,02/06/2026 12:00,Downwards,Energy,02/06/2026,16:30,17:00,15:30,16:00,500,Live,0,All Participants,"INFINIS LIMITED,EQUIWATT LIMITED,HILDEBRAND TECHNOLOGY LIMITED,OCTOPUS ENERGY LIMITED,OAKTREE POWER LIMITED,Shuffle Energy Limited,U ENERGY GROUP LIMITED","Z1:500,Z2:500,Z3:500,Z4:500,Z5:500,Z6:500,Z7:0,Z8:500,Z9:500,Z10:500,Z11:500,Z12:0"
38,02/06/2026 12:00,Downwards,Energy,02/06/2026,17:00,17:30,16:00,16:30,500,Live,0,All Participants,"INFINIS LIMITED,EQUIWATT LIMITED,HILDEBRAND TECHNOLOGY LIMITED,OCTOPUS ENERGY LIMITED,OAKTREE POWER LIMITED,Shuffle Energy Limited,U ENERGY GROUP LIMITED","Z1:500,Z2:500,Z3:500,Z4:500,Z5:500,Z6:500,Z7:0,Z8:500,Z9:500,Z10:500,Z11:500,Z12:0"
38,02/06/2026 12:00,Downwards,Energy,02/06/2026,17:30,18:00,16:30,17:00,500,Live,0,All Participants,"INFINIS LIMITED,EQUIWATT LIMITED,HILDEBRAND TECHNOLOGY LIMITED,OCTOPUS ENERGY LIMITED,OAKTREE POWER LIMITED,Shuffle Energy Limited,U ENERGY GROUP LIMITED","Z1:500,Z2:500,Z3:500,Z4:500,Z5:500,Z6:500,Z7:0,Z8:500,Z9:500,Z10:500,Z11:500,Z12:0"
38,02/06/2026 12:00,Downwards,Energy,02/06/2026,18:00,18:30,17:00,17:30,500,Live,0,All Participants,"INFINIS LIMITED,EQUIWATT LIMITED,HILDEBRAND TECHNOLOGY LIMITED,OCTOPUS ENERGY LIMITED,OAKTREE POWER LIMITED,Shuffle Energy Limited,U ENERGY GROUP LIMITED","Z1:500,Z2:500,Z3:500,Z4:500,Z5:500,Z6:500,Z7:0,Z8:500,Z9:500,Z10:500,Z11:500,Z12:0"
38,02/06/2026 12:00,Downwards,Energy,02/06/2026,18:30,19:00,17:30,18:00,500,Live,0,All Participants,"INFINIS LIMITED,EQUIWATT LIMITED,HILDEBRAND TECHNOLOGY LIMITED,OCTOPUS ENERGY LIMITED,OAKTREE POWER LIMITED,Shuffle Energy Limited,U ENERGY GROUP LIMITED","Z1:500,Z2:500,Z3:500,Z4:500,Z5:500,Z6:500,Z7:0,Z8:500,Z9:500,Z10:500,Z11:500,Z12:0"
38,02/06/2026 12:00,Downwards,Energy,02/06/2026,19:00,19:30,18:00,18:30,500,Live,0,All Participants,"INFINIS LIMITED,EQUIWATT LIMITED,HILDEBRAND TECHNOLOGY LIMITED,OCTOPUS ENERGY LIMITED,OAKTREE POWER LIMITED,Shuffle Energy Limited,U ENERGY GROUP LIMITED","Z1:500,Z2:500,Z3:500,Z4:500,Z5:500,Z6:500,Z7:0,Z8:500,Z9:500,Z10:500,Z11:500,Z12:0"
38,02/06/2026 12:00,Downwards,Energy,02/06/2026,19:30,20:00,18:30,19:00,500,Live,0,All Participants,"INFINIS LIMITED,EQUIWATT LIMITED,HILDEBRAND TECHNOLOGY LIMITED,OCTOPUS ENERGY LIMITED,OAKTREE POWER LIMITED,Shuffle Energy Limited,U ENERGY GROUP LIMITED","Z1:500,Z2:500,Z3:500,Z4:500,Z5:500,Z6:500,Z7:0,Z8:500,Z9:500,Z10:500,Z11:500,Z12:0"
38,02/06/2026 12:00,Downwards,Energy,02/06/2026,20:00,20:30,19:00,19:30,500,Live,0,All Participants,"INFINIS LIMITED,EQUIWATT LIMITED,HILDEBRAND TECHNOLOGY LIMITED,OCTOPUS ENERGY LIMITED,OAKTREE POWER LIMITED,Shuffle Energy Limited,U ENERGY GROUP LIMITED","Z1:500,Z2:500,Z3:500,Z4:500,Z5:500,Z6:500,Z7:0,Z8:500,Z9:500,Z10:500,Z11:500,Z12:0"
38,02/06/2026 12:00,Downwards,Energy,02/06/2026,20:30,21:00,19:30,20:00,500,Live,0,All Participants,"INFINIS LIMITED,EQUIWATT LIMITED,HILDEBRAND TECHNOLOGY LIMITED,OCTOPUS ENERGY LIMITED,OAKTREE POWER LIMITED,Shuffle Energy Limited,U ENERGY GROUP LIMITED","Z1:500,Z2:500,Z3:500,Z4:500,Z5:500,Z6:500,Z7:0,Z8:500,Z9:500,Z10:500,Z11:500,Z12:0"
37,31/05/2026 12:00,Downwards,Energy,31/05/2026,16:00,16:30,15:00,15:30,500,Live,0,All Participants,"INFINIS LIMITED,EQUIWATT LIMITED,HILDEBRAND TECHNOLOGY LIMITED,OCTOPUS ENERGY LIMITED,OAKTREE POWER LIMITED,Shuffle Energy Limited,U ENERGY GROUP LIMITED","Z1:500,Z2:500,Z3:500,Z4:500,Z5:500,Z6:500,Z7:500,Z8:500,Z9:500,Z10:500,Z11:500,Z12:0"
37,31/05/2026 12:00,Downwards,Energy,31/05/2026,16:30,17:00,15:30,16:00,500,Live,0,All Participants,"INFINIS LIMITED,EQUIWATT LIMITED,HILDEBRAND TECHNOLOGY LIMITED,OCTOPUS ENERGY LIMITED,OAKTREE POWER LIMITED,Shuffle Energy Limited,U ENERGY GROUP LIMITED","Z1:500,Z2:500,Z3:500,Z4:500,Z5:500,Z6:500,Z7:500,Z8:500,Z9:500,Z10:500,Z11:500,Z12:0"
37,31/05/2026 12:00,Downwards,Energy,31/05/2026,17:00,17:30,16:00,16:30,500,Live,0,All Participants,"INFINIS LIMITED,EQUIWATT LIMITED,HILDEBRAND TECHNOLOGY LIMITED,OCTOPUS ENERGY LIMITED,OAKTREE POWER LIMITED,Shuffle Energy Limited,U ENERGY GROUP LIMITED","Z1:500,Z2:500,Z3:500,Z4:500,Z5:500,Z6:500,Z7:500,Z8:500,Z9:500,Z10:500,Z11:500,Z12:0"
37,31/05/2026 12:00,Downwards,Energy,31/05/2026,17:30,18:00,16:30,17:00,500,Live,0,All Participants,"INFINIS LIMITED,EQUIWATT LIMITED,HILDEBRAND TECHNOLOGY LIMITED,OCTOPUS ENERGY LIMITED,OAKTREE POWER LIMITED,Shuffle Energy Limited,U ENERGY GROUP LIMITED","Z1:500,Z2:500,Z3:500,Z4:500,Z5:500,Z6:500,Z7:500,Z8:500,Z9:500,Z10:500,Z11:500,Z12:0"
37,31/05/2026 12:00,Downwards,Energy,31/05/2026,18:00,18:30,17:00,17:30,500,Live,0,All Participants,"INFINIS LIMITED,EQUIWATT LIMITED,HILDEBRAND TECHNOLOGY LIMITED,OCTOPUS ENERGY LIMITED,OAKTREE POWER LIMITED,Shuffle Energy Limited,U ENERGY GROUP LIMITED","Z1:500,Z2:500,Z3:500,Z4:500,Z5:500,Z6:500,Z7:500,Z8:500,Z9:500,Z10:500,Z11:500,Z12:0"
37,31/05/2026 12:00,Downwards,Energy,31/05/2026,18:30,19:00,17:30,18:00,500,Live,0,All Participants,"INFINIS LIMITED,EQUIWATT LIMITED,HILDEBRAND TECHNOLOGY LIMITED,OCTOPUS ENERGY LIMITED,OAKTREE POWER LIMITED,Shuffle Energy Limited,U ENERGY GROUP LIMITED","Z1:500,Z2:500,Z3:500,Z4:500,Z5:500,Z6:500,Z7:500,Z8:500,Z9:500,Z10:500,Z11:500,Z12:0"
37,31/05/2026 12:00,Downwards,Energy,31/05/2026,19:00,19:30,18:00,18:30,500,Live,0,All Participants,"INFINIS LIMITED,EQUIWATT LIMITED,HILDEBRAND TECHNOLOGY LIMITED,OCTOPUS ENERGY LIMITED,OAKTREE POWER LIMITED,Shuffle Energy Limited,U ENERGY GROUP LIMITED","Z1:500,Z2:500,Z3:500,Z4:500,Z5:500,Z6:500,Z7:500,Z8:500,Z9:500,Z10:500,Z11:500,Z12:0"
37,31/05/2026 12:00,Downwards,Energy,31/05/2026,19:30,20:00,18:30,19:00,500,Live,0,All Participants,"INFINIS LIMITED,EQUIWATT LIMITED,HILDEBRAND TECHNOLOGY LIMITED,OCTOPUS ENERGY LIMITED,OAKTREE POWER LIMITED,Shuffle Energy Limited,U ENERGY GROUP LIMITED","Z1:500,Z2:500,Z3:500,Z4:500,Z5:500,Z6:500,Z7:500,Z8:500,Z9:500,Z10:500,Z11:500,Z12:0"
37,31/05/2026 12:00,Downwards,Energy,31/05/2026,20:00,20:30,19:00,19:30,500,Live,0,All Participants,"INFINIS LIMITED,EQUIWATT LIMITED,HILDEBRAND TECHNOLOGY LIMITED,OCTOPUS ENERGY LIMITED,OAKTREE POWER LIMITED,Shuffle Energy Limited,U ENERGY GROUP LIMITED","Z1:500,Z2:500,Z3:500,Z4:500,Z5:500,Z6:500,Z7:500,Z8:500,Z9:500,Z10:500,Z11:500,Z12:0"
37,31/05/2026 12:00,Downwards,Energy,31/05/2026,20:30,21:00,19:30,20:00,500,Live,0,All Participants,"INFINIS LIMITED,EQUIWATT LIMITED,HILDEBRAND TECHNOLOGY LIMITED,OCTOPUS ENERGY LIMITED,OAKTREE POWER LIMITED,Shuffle Energy Limited,U ENERGY GROUP LIMITED","Z1:500,Z2:500,Z3:500,Z4:500,Z5:500,Z6:500,Z7:500,Z8:500,Z9:500,Z10:500,Z11:500,Z12:0"
36,30/05/2026 10:00,Upwards,Energy,30/05/2026,11:00,11:30,10:00,10:30,300,Live,0,All Participants,"INFINIS LIMITED,EQUIWATT LIMITED,HILDEBRAND TECHNOLOGY LIMITED,OCTOPUS ENERGY LIMITED,OAKTREE POWER LIMITED,Shuffle Energy Limited,U ENERGY GROUP LIMITED","Z1:300,Z2:300,Z3:300,Z4:300,Z5:300,Z6:300,Z7:300,Z8:300,Z9:300,Z10:300,Z11:300,Z12:300"
36,30/05/2026 10:00,Upwards,Energy,30/05/2026,11:30,12:00,10:30,11:00,300,Live,0,All Participants,"INFINIS LIMITED,EQUIWATT LIMITED,HILDEBRAND TECHNOLOGY LIMITED,OCTOPUS ENERGY LIMITED,OAKTREE POWER LIMITED,Shuffle Energy Limited,U ENERGY GROUP LIMITED","Z1:300,Z2:300,Z3:300,Z4:300,Z5:300,Z6:300,Z7:300,Z8:300,Z9:300,Z10:300,Z11:300,Z12:300"
36,30/05/2026 10:00,Upwards,Energy,30/05/2026,12:00,12:30,11:00,11:30,300,Live,0,All Participants,"INFINIS LIMITED,EQUIWATT LIMITED,HILDEBRAND TECHNOLOGY LIMITED,OCTOPUS ENERGY LIMITED,OAKTREE POWER LIMITED,Shuffle Energy Limited,U ENERGY GROUP LIMITED","Z1:300,Z2:300,Z3:300,Z4:300,Z5:300,Z6:300,Z7:300,Z8:300,Z9:300,Z10:300,Z11:300,Z12:300"
36,30/05/2026 10:00,Upwards,Energy,30/05/2026,12:30,13:00,11:30,12:00,300,Live,0,All Participants,"INFINIS LIMITED,EQUIWATT LIMITED,HILDEBRAND TECHNOLOGY LIMITED,OCTOPUS ENERGY LIMITED,OAKTREE POWER LIMITED,Shuffle Energy Limited,U ENERGY GROUP LIMITED","Z1:300,Z2:300,Z3:300,Z4:300,Z5:300,Z6:300,Z7:300,Z8:300,Z9:300,Z10:300,Z11:300,Z12:300"
36,30/05/2026 10:00,Upwards,Energy,30/05/2026,13:00,13:30,12:00,12:30,300,Live,0,All Participants,"INFINIS LIMITED,EQUIWATT LIMITED,HILDEBRAND TECHNOLOGY LIMITED,OCTOPUS ENERGY LIMITED,OAKTREE POWER LIMITED,Shuffle Energy Limited,U ENERGY GROUP LIMITED","Z1:300,Z2:300,Z3:300,Z4:300,Z5:300,Z6:300,Z7:300,Z8:300,Z9:300,Z10:300,Z11:300,Z12:300"
36,30/05/2026 10:00,Upwards,Energy,30/05/2026,13:30,14:00,12:30,13:00,300,Live,0,All Participants,"INFINIS LIMITED,EQUIWATT LIMITED,HILDEBRAND TECHNOLOGY LIMITED,OCTOPUS ENERGY LIMITED,OAKTREE POWER LIMITED,Shuffle Energy Limited,U ENERGY GROUP LIMITED","Z1:300,Z2:300,Z3:300,Z4:300,Z5:300,Z6:300,Z7:300,Z8:300,Z9:300,Z10:300,Z11:300,Z12:300"
36,30/05/2026 10:00,Upwards,Energy,30/05/2026,14:00,14:30,13:00,13:30,300,Live,0,All Participants,"INFINIS LIMITED,EQUIWATT LIMITED,HILDEBRAND TECHNOLOGY LIMITED,OCTOPUS ENERGY LIMITED,OAKTREE POWER LIMITED,Shuffle Energy Limited,U ENERGY GROUP LIMITED","Z1:300,Z2:300,Z3:300,Z4:300,Z5:300,Z6:300,Z7:300,Z8:300,Z9:300,Z10:300,Z11:300,Z12:300"
36,30/05/2026 10:00,Upwards,Energy,30/05/2026,14:30,15:00,13:30,14:00,300,Live,0,All Participants,"INFINIS LIMITED,EQUIWATT LIMITED,HILDEBRAND TECHNOLOGY LIMITED,OCTOPUS ENERGY LIMITED,OAKTREE POWER LIMITED,Shuffle Energy Limited,U ENERGY GROUP LIMITED","Z1:300,Z2:300,Z3:300,Z4:300,Z5:300,Z6:300,Z7:300,Z8:300,Z9:300,Z10:300,Z11:300,Z12:300"
36,30/05/2026 10:00,Upwards,Energy,30/05/2026,15:00,15:30,14:00,14:30,300,Live,0,All Participants,"INFINIS LIMITED,EQUIWATT LIMITED,HILDEBRAND TECHNOLOGY LIMITED,OCTOPUS ENERGY LIMITED,OAKTREE POWER LIMITED,Shuffle Energy Limited,U ENERGY GROUP LIMITED","Z1:300,Z2:300,Z3:300,Z4:300,Z5:300,Z6:300,Z7:300,Z8:300,Z9:300,Z10:300,Z11:300,Z12:300"
36,30/05/2026 10:00,Upwards,Energy,30/05/2026,15:30,16:00,14:30,15:00,300,Live,0,All Participants,"INFINIS LIMITED,EQUIWATT LIMITED,HILDEBRAND TECHNOLOGY LIMITED,OCTOPUS ENERGY LIMITED,OAKTREE POWER LIMITED,Shuffle Energy Limited,U ENERGY GROUP LIMITED","Z1:300,Z2:300,Z3:300,Z4:300,Z5:300,Z6:300,Z7:300,Z8:300,Z9:300,Z10:300,Z11:300,Z12:300"
35,29/05/2026 12:00,Downwards,Energy,29/05/2026,17:00,17:30,16:00,16:30,500,Live,0,All Participants,"INFINIS LIMITED,EQUIWATT LIMITED,HILDEBRAND TECHNOLOGY LIMITED,OCTOPUS ENERGY LIMITED,OAKTREE POWER LIMITED,Shuffle Energy Limited,U ENERGY GROUP LIMITED","Z1:500,Z2:500,Z3:500,Z4:500,Z5:500,Z6:500,Z7:500,Z8:500,Z9:500,Z10:500,Z11:500,Z12:500"
35,29/05/2026 12:00,Downwards,Energy,29/05/2026,17:30,18:00,16:30,17:00,500,Live,0,All Participants,"INFINIS LIMITED,EQUIWATT LIMITED,HILDEBRAND TECHNOLOGY LIMITED,OCTOPUS ENERGY LIMITED,OAKTREE POWER LIMITED,Shuffle Energy Limited,U ENERGY GROUP LIMITED","Z1:500,Z2:500,Z3:500,Z4:500,Z5:500,Z6:500,Z7:500,Z8:500,Z9:500,Z10:500,Z11:500,Z12:500"
35,29/05/2026 12:00,Downwards,Energy,29/05/2026,18:00,18:30,17:00,17:30,500,Live,0,All Participants,"INFINIS LIMITED,EQUIWATT LIMITED,HILDEBRAND TECHNOLOGY LIMITED,OCTOPUS ENERGY LIMITED,OAKTREE POWER LIMITED,Shuffle Energy Limited,U ENERGY GROUP LIMITED","Z1:500,Z2:500,Z3:500,Z4:500,Z5:500,Z6:500,Z7:500,Z8:500,Z9:500,Z10:500,Z11:500,Z12:500"
35,29/05/2026 12:00,Downwards,Energy,29/05/2026,18:30,19:00,17:30,18:00,500,Live,0,All Participants,"INFINIS LIMITED,EQUIWATT LIMITED,HILDEBRAND TECHNOLOGY LIMITED,OCTOPUS ENERGY LIMITED,OAKTREE POWER LIMITED,Shuffle Energy Limited,U ENERGY GROUP LIMITED","Z1:500,Z2:500,Z3:500,Z4:500,Z5:500,Z6:500,Z7:500,Z8:500,Z9:500,Z10:500,Z11:500,Z12:500"
35,29/05/2026 12:00,Downwards,Energy,29/05/2026,19:00,19:30,18:00,18:30,500,Live,0,All Participants,"INFINIS LIMITED,EQUIWATT LIMITED,HILDEBRAND TECHNOLOGY LIMITED,OCTOPUS ENERGY LIMITED,OAKTREE POWER LIMITED,Shuffle Energy Limited,U ENERGY GROUP LIMITED","Z1:500,Z2:500,Z3:500,Z4:500,Z5:500,Z6:500,Z7:500,Z8:500,Z9:500,Z10:500,Z11:500,Z12:500"
35,29/05/2026 12:00,Downwards,Energy,29/05/2026,19:30,20:00,18:30,19:00,500,Live,0,All Participants,"INFINIS LIMITED,EQUIWATT LIMITED,HILDEBRAND TECHNOLOGY LIMITED,OCTOPUS ENERGY LIMITED,OAKTREE POWER LIMITED,Shuffle Energy Limited,U ENERGY GROUP LIMITED","Z1:500,Z2:500,Z3:500,Z4:500,Z5:500,Z6:500,Z7:500,Z8:500,Z9:500,Z10:500,Z11:500,Z12:500"
35,29/05/2026 12:00,Downwards,Energy,29/05/2026,20:00,20:30,19:00,19:30,500,Live,0,All Participants,"INFINIS LIMITED,EQUIWATT LIMITED,HILDEBRAND TECHNOLOGY LIMITED,OCTOPUS ENERGY LIMITED,OAKTREE POWER LIMITED,Shuffle Energy Limited,U ENERGY GROUP LIMITED","Z1:500,Z2:500,Z3:500,Z4:500,Z5:500,Z6:500,Z7:500,Z8:500,Z9:500,Z10:500,Z11:500,Z12:500"
35,29/05/2026 12:00,Downwards,Energy,29/05/2026,20:30,21:00,19:30,20:00,500,Live,0,All Participants,"INFINIS LIMITED,EQUIWATT LIMITED,HILDEBRAND TECHNOLOGY LIMITED,OCTOPUS ENERGY LIMITED,OAKTREE POWER LIMITED,Shuffle Energy Limited,U ENERGY GROUP LIMITED","Z1:500,Z2:500,Z3:500,Z4:500,Z5:500,Z6:500,Z7:500,Z8:500,Z9:500,Z10:500,Z11:500,Z12:500"
35,29/05/2026 12:00,Downwards,Energy,29/05/2026,21:00,21:30,20:00,20:30,500,Live,0,All Participants,"INFINIS LIMITED,EQUIWATT LIMITED,HILDEBRAND TECHNOLOGY LIMITED,OCTOPUS ENERGY LIMITED,OAKTREE POWER LIMITED,Shuffle Energy Limited,U ENERGY GROUP LIMITED","Z1:500,Z2:500,Z3:500,Z4:500,Z5:500,Z6:500,Z7:500,Z8:500,Z9:500,Z10:500,Z11:500,Z12:500"
35,29/05/2026 12:00,Downwards,Energy,29/05/2026,21:30,22:00,20:30,21:00,500,Live,0,All Participants,"INFINIS LIMITED,EQUIWATT LIMITED,HILDEBRAND TECHNOLOGY LIMITED,OCTOPUS ENERGY LIMITED,OAKTREE POWER LIMITED,Shuffle Energy Limited,U ENERGY GROUP LIMITED","Z1:500,Z2:500,Z3:500,Z4:500,Z5:500,Z6:500,Z7:500,Z8:500,Z9:500,Z10:500,Z11:500,Z12:500"
34,28/05/2026 10:00,Upwards,Energy,28/05/2026,11:00,11:30,10:00,10:30,500,Live,0,All Participants,"INFINIS LIMITED,EQUIWATT LIMITED,HILDEBRAND TECHNOLOGY LIMITED,OCTOPUS ENERGY LIMITED,OAKTREE POWER LIMITED,Shuffle Energy Limited,U ENERGY GROUP LIMITED","Z1:500,Z2:500,Z3:500,Z4:500,Z5:500,Z6:500,Z7:500,Z8:500,Z9:500,Z10:500,Z11:500,Z12:500"
34,28/05/2026 10:00,Upwards,Energy,28/05/2026,11:30,12:00,10:30,11:00,500,Live,0,All Participants,"INFINIS LIMITED,EQUIWATT LIMITED,HILDEBRAND TECHNOLOGY LIMITED,OCTOPUS ENERGY LIMITED,OAKTREE POWER LIMITED,Shuffle Energy Limited,U ENERGY GROUP LIMITED","Z1:500,Z2:500,Z3:500,Z4:500,Z5:500,Z6:500,Z7:500,Z8:500,Z9:500,Z10:500,Z11:500,Z12:500"
34,28/05/2026 10:00,Upwards,Energy,28/05/2026,12:00,12:30,11:00,11:30,500,Live,0,All Participants,"INFINIS LIMITED,EQUIWATT LIMITED,HILDEBRAND TECHNOLOGY LIMITED,OCTOPUS ENERGY LIMITED,OAKTREE POWER LIMITED,Shuffle Energy Limited,U ENERGY GROUP LIMITED","Z1:500,Z2:500,Z3:500,Z4:500,Z5:500,Z6:500,Z7:500,Z8:500,Z9:500,Z10:500,Z11:500,Z12:500"
34,28/05/2026 10:00,Upwards,Energy,28/05/2026,12:30,13:00,11:30,12:00,500,Live,0,All Participants,"INFINIS LIMITED,EQUIWATT LIMITED,HILDEBRAND TECHNOLOGY LIMITED,OCTOPUS ENERGY LIMITED,OAKTREE POWER LIMITED,Shuffle Energy Limited,U ENERGY GROUP LIMITED","Z1:500,Z2:500,Z3:500,Z4:500,Z5:500,Z6:500,Z7:500,Z8:500,Z9:500,Z10:500,Z11:500,Z12:500"
34,28/05/2026 10:00,Upwards,Energy,28/05/2026,13:00,13:30,12:00,12:30,500,Live,0,All Participants,"INFINIS LIMITED,EQUIWATT LIMITED,HILDEBRAND TECHNOLOGY LIMITED,OCTOPUS ENERGY LIMITED,OAKTREE POWER LIMITED,Shuffle Energy Limited,U ENERGY GROUP LIMITED","Z1:500,Z2:500,Z3:500,Z4:500,Z5:500,Z6:500,Z7:500,Z8:500,Z9:500,Z10:500,Z11:500,Z12:500"
34,28/05/2026 10:00,Upwards,Energy,28/05/2026,13:30,14:00,12:30,13:00,500,Live,0,All Participants,"INFINIS LIMITED,EQUIWATT LIMITED,HILDEBRAND TECHNOLOGY LIMITED,OCTOPUS ENERGY LIMITED,OAKTREE POWER LIMITED,Shuffle Energy Limited,U ENERGY GROUP LIMITED","Z1:500,Z2:500,Z3:500,Z4:500,Z5:500,Z6:500,Z7:500,Z8:500,Z9:500,Z10:500,Z11:500,Z12:500"
34,28/05/2026 10:00,Upwards,Energy,28/05/2026,14:00,14:30,13:00,13:30,500,Live,0,All Participants,"INFINIS LIMITED,EQUIWATT LIMITED,HILDEBRAND TECHNOLOGY LIMITED,OCTOPUS ENERGY LIMITED,OAKTREE POWER LIMITED,Shuffle Energy Limited,U ENERGY GROUP LIMITED","Z1:500,Z2:500,Z3:500,Z4:500,Z5:500,Z6:500,Z7:500,Z8:500,Z9:500,Z10:500,Z11:500,Z12:500"
34,28/05/2026 10:00,Upwards,Energy,28/05/2026,14:30,15:00,13:30,14:00,500,Live,0,All Participants,"INFINIS LIMITED,EQUIWATT LIMITED,HILDEBRAND TECHNOLOGY LIMITED,OCTOPUS ENERGY LIMITED,OAKTREE POWER LIMITED,Shuffle Energy Limited,U ENERGY GROUP LIMITED","Z1:500,Z2:500,Z3:500,Z4:500,Z5:500,Z6:500,Z7:500,Z8:500,Z9:500,Z10:500,Z11:500,Z12:500"
33,27/05/2026 12:00,Downwards,Energy,27/05/2026,16:00,16:30,15:00,15:30,500,Live,0,All Participants,"INFINIS LIMITED,EQUIWATT LIMITED,HILDEBRAND TECHNOLOGY LIMITED,OCTOPUS ENERGY LIMITED,OAKTREE POWER LIMITED,Shuffle Energy Limited,U ENERGY GROUP LIMITED","Z1:500,Z2:500,Z3:500,Z4:500,Z5:500,Z6:500,Z7:500,Z8:500,Z9:500,Z10:500,Z11:500,Z12:500"
33,27/05/2026 12:00,Downwards,Energy,27/05/2026,16:30,17:00,15:30,16:00,500,Live,0,All Participants,"INFINIS LIMITED,EQUIWATT LIMITED,HILDEBRAND TECHNOLOGY LIMITED,OCTOPUS ENERGY LIMITED,OAKTREE POWER LIMITED,Shuffle Energy Limited,U ENERGY GROUP LIMITED","Z1:500,Z2:500,Z3:500,Z4:500,Z5:500,Z6:500,Z7:500,Z8:500,Z9:500,Z10:500,Z11:500,Z12:500"
33,27/05/2026 12:00,Downwards,Energy,27/05/2026,17:00,17:30,16:00,16:30,500,Live,0,All Participants,"INFINIS LIMITED,EQUIWATT LIMITED,HILDEBRAND TECHNOLOGY LIMITED,OCTOPUS ENERGY LIMITED,OAKTREE POWER LIMITED,Shuffle Energy Limited,U ENERGY GROUP LIMITED","Z1:500,Z2:500,Z3:500,Z4:500,Z5:500,Z6:500,Z7:500,Z8:500,Z9:500,Z10:500,Z11:500,Z12:500"
33,27/05/2026 12:00,Downwards,Energy,27/05/2026,17:30,18:00,16:30,17:00,500,Live,0,All Participants,"INFINIS LIMITED,EQUIWATT LIMITED,HILDEBRAND TECHNOLOGY LIMITED,OCTOPUS ENERGY LIMITED,OAKTREE POWER LIMITED,Shuffle Energy Limited,U ENERGY GROUP LIMITED","Z1:500,Z2:500,Z3:500,Z4:500,Z5:500,Z6:500,Z7:500,Z8:500,Z9:500,Z10:500,Z11:500,Z12:500"
33,27/05/2026 12:00,Downwards,Energy,27/05/2026,18:00,18:30,17:00,17:30,500,Live,0,All Participants,"INFINIS LIMITED,EQUIWATT LIMITED,HILDEBRAND TECHNOLOGY LIMITED,OCTOPUS ENERGY LIMITED,OAKTREE POWER LIMITED,Shuffle Energy Limited,U ENERGY GROUP LIMITED","Z1:500,Z2:500,Z3:500,Z4:500,Z5:500,Z6:500,Z7:500,Z8:500,Z9:500,Z10:500,Z11:500,Z12:500"
33,27/05/2026 12:00,Downwards,Energy,27/05/2026,18:30,19:00,17:30,18:00,500,Live,0,All Participants,"INFINIS LIMITED,EQUIWATT LIMITED,HILDEBRAND TECHNOLOGY LIMITED,OCTOPUS ENERGY LIMITED,OAKTREE POWER LIMITED,Shuffle Energy Limited,U ENERGY GROUP LIMITED","Z1:500,Z2:500,Z3:500,Z4:500,Z5:500,Z6:500,Z7:500,Z8:500,Z9:500,Z10:500,Z11:500,Z12:500"
33,27/05/2026 12:00,Downwards,Energy,27/05/2026,19:00,19:30,18:00,18:30,500,Live,0,All Participants,"INFINIS LIMITED,EQUIWATT LIMITED,HILDEBRAND TECHNOLOGY LIMITED,OCTOPUS ENERGY LIMITED,OAKTREE POWER LIMITED,Shuffle Energy Limited,U ENERGY GROUP LIMITED","Z1:500,Z2:500,Z3:500,Z4:500,Z5:500,Z6:500,Z7:500,Z8:500,Z9:500,Z10:500,Z11:500,Z12:500"
33,27/05/2026 12:00,Downwards,Energy,27/05/2026,19:30,20:00,18:30,19:00,500,Live,0,All Participants,"INFINIS LIMITED,EQUIWATT LIMITED,HILDEBRAND TECHNOLOGY LIMITED,OCTOPUS ENERGY LIMITED,OAKTREE POWER LIMITED,Shuffle Energy Limited,U ENERGY GROUP LIMITED","Z1:500,Z2:500,Z3:500,Z4:500,Z5:500,Z6:500,Z7:500,Z8:500,Z9:500,Z10:500,Z11:500,Z12:500"
33,27/05/2026 12:00,Downwards,Energy,27/05/2026,20:00,20:30,19:00,19:30,500,Live,0,All Participants,"INFINIS LIMITED,EQUIWATT LIMITED,HILDEBRAND TECHNOLOGY LIMITED,OCTOPUS ENERGY LIMITED,OAKTREE POWER LIMITED,Shuffle Energy Limited,U ENERGY GROUP LIMITED","Z1:500,Z2:500,Z3:500,Z4:500,Z5:500,Z6:500,Z7:500,Z8:500,Z9:500,Z10:500,Z11:500,Z12:500"
33,27/05/2026 12:00,Downwards,Energy,27/05/2026,20:30,21:00,19:30,20:00,500,Live,0,All Participants,"INFINIS LIMITED,EQUIWATT LIMITED,HILDEBRAND TECHNOLOGY LIMITED,OCTOPUS ENERGY LIMITED,OAKTREE POWER LIMITED,Shuffle Energy Limited,U ENERGY GROUP LIMITED","Z1:500,Z2:500,Z3:500,Z4:500,Z5:500,Z6:500,Z7:500,Z8:500,Z9:500,Z10:500,Z11:500,Z12:500"
33,27/05/2026 12:00,Downwards,Energy,27/05/2026,21:00,21:30,20:00,20:30,500,Live,0,All Participants,"INFINIS LIMITED,EQUIWATT LIMITED,HILDEBRAND TECHNOLOGY LIMITED,OCTOPUS ENERGY LIMITED,OAKTREE POWER LIMITED,Shuffle Energy Limited,U ENERGY GROUP LIMITED","Z1:500,Z2:500,Z3:500,Z4:500,Z5:500,Z6:500,Z7:500,Z8:500,Z9:500,Z10:500,Z11:500,Z12:500"
33,27/05/2026 12:00,Downwards,Energy,27/05/2026,21:30,22:00,20:30,21:00,500,Live,0,All Participants,"INFINIS LIMITED,EQUIWATT LIMITED,HILDEBRAND TECHNOLOGY LIMITED,OCTOPUS ENERGY LIMITED,OAKTREE POWER LIMITED,Shuffle Energy Limited,U ENERGY GROUP LIMITED","Z1:500,Z2:500,Z3:500,Z4:500,Z5:500,Z6:500,Z7:500,Z8:500,Z9:500,Z10:500,Z11:500,Z12:500"
33,27/05/2026 12:00,Downwards,Energy,27/05/2026,22:00,22:30,21:00,21:30,500,Live,0,All Participants,"INFINIS LIMITED,EQUIWATT LIMITED,HILDEBRAND TECHNOLOGY LIMITED,OCTOPUS ENERGY LIMITED,OAKTREE POWER LIMITED,Shuffle Energy Limited,U ENERGY GROUP LIMITED","Z1:500,Z2:500,Z3:500,Z4:500,Z5:500,Z6:500,Z7:500,Z8:500,Z9:500,Z10:500,Z11:500,Z12:500"
33,27/05/2026 12:00,Downwards,Energy,27/05/2026,22:30,23:00,21:30,22:00,500,Live,0,All Participants,"INFINIS LIMITED,EQUIWATT LIMITED,HILDEBRAND TECHNOLOGY LIMITED,OCTOPUS ENERGY LIMITED,OAKTREE POWER LIMITED,Shuffle Energy Limited,U ENERGY GROUP LIMITED","Z1:500,Z2:500,Z3:500,Z4:500,Z5:500,Z6:500,Z7:500,Z8:500,Z9:500,Z10:500,Z11:500,Z12:500"
32,26/05/2026 10:00,Upwards,Energy,26/05/2026,13:00,13:30,12:00,12:30,300,Live,0,All Participants,"INFINIS LIMITED,EQUIWATT LIMITED,HILDEBRAND TECHNOLOGY LIMITED,OCTOPUS ENERGY LIMITED,OAKTREE POWER LIMITED,Shuffle Energy Limited,U ENERGY GROUP LIMITED","Z1:300,Z2:300,Z3:300,Z4:300,Z5:300,Z6:300,Z7:300,Z8:300,Z9:300,Z10:300,Z11:300,Z12:300"
32,26/05/2026 10:00,Upwards,Energy,26/05/2026,13:30,14:00,12:30,13:00,300,Live,0,All Participants,"INFINIS LIMITED,EQUIWATT LIMITED,HILDEBRAND TECHNOLOGY LIMITED,OCTOPUS ENERGY LIMITED,OAKTREE POWER LIMITED,Shuffle Energy Limited,U ENERGY GROUP LIMITED","Z1:300,Z2:300,Z3:300,Z4:300,Z5:300,Z6:300,Z7:300,Z8:300,Z9:300,Z10:300,Z11:300,Z12:300"
32,26/05/2026 10:00,Upwards,Energy,26/05/2026,14:00,14:30,13:00,13:30,300,Live,0,All Participants,"INFINIS LIMITED,EQUIWATT LIMITED,HILDEBRAND TECHNOLOGY LIMITED,OCTOPUS ENERGY LIMITED,OAKTREE POWER LIMITED,Shuffle Energy Limited,U ENERGY GROUP LIMITED","Z1:300,Z2:300,Z3:300,Z4:300,Z5:300,Z6:300,Z7:300,Z8:300,Z9:300,Z10:300,Z11:300,Z12:300"
32,26/05/2026 10:00,Upwards,Energy,26/05/2026,14:30,15:00,13:30,14:00,300,Live,0,All Participants,"INFINIS LIMITED,EQUIWATT LIMITED,HILDEBRAND TECHNOLOGY LIMITED,OCTOPUS ENERGY LIMITED,OAKTREE POWER LIMITED,Shuffle Energy Limited,U ENERGY GROUP LIMITED","Z1:300,Z2:300,Z3:300,Z4:300,Z5:300,Z6:300,Z7:300,Z8:300,Z9:300,Z10:300,Z11:300,Z12:300"
31,24/05/2026 10:00,Upwards,Energy,24/05/2026,11:00,11:30,10:00,10:30,500,Live,0,All Participants,"INFINIS LIMITED,EQUIWATT LIMITED,HILDEBRAND TECHNOLOGY LIMITED,OCTOPUS ENERGY LIMITED,OAKTREE POWER LIMITED,Shuffle Energy Limited,U ENERGY GROUP LIMITED","Z1:500,Z2:500,Z3:500,Z4:500,Z5:500,Z6:500,Z7:500,Z8:500,Z9:500,Z10:500,Z11:500,Z12:500"
31,24/05/2026 10:00,Upwards,Energy,24/05/2026,11:30,12:00,10:30,11:00,500,Live,0,All Participants,"INFINIS LIMITED,EQUIWATT LIMITED,HILDEBRAND TECHNOLOGY LIMITED,OCTOPUS ENERGY LIMITED,OAKTREE POWER LIMITED,Shuffle Energy Limited,U ENERGY GROUP LIMITED","Z1:500,Z2:500,Z3:500,Z4:500,Z5:500,Z6:500,Z7:500,Z8:500,Z9:500,Z10:500,Z11:500,Z12:500"
31,24/05/2026 10:00,Upwards,Energy,24/05/2026,12:00,12:30,11:00,11:30,500,Live,0,All Participants,"INFINIS LIMITED,EQUIWATT LIMITED,HILDEBRAND TECHNOLOGY LIMITED,OCTOPUS ENERGY LIMITED,OAKTREE POWER LIMITED,Shuffle Energy Limited,U ENERGY GROUP LIMITED","Z1:500,Z2:500,Z3:500,Z4:500,Z5:500,Z6:500,Z7:500,Z8:500,Z9:500,Z10:500,Z11:500,Z12:500"
31,24/05/2026 10:00,Upwards,Energy,24/05/2026,12:30,13:00,11:30,12:00,500,Live,0,All Participants,"INFINIS LIMITED,EQUIWATT LIMITED,HILDEBRAND TECHNOLOGY LIMITED,OCTOPUS ENERGY LIMITED,OAKTREE POWER LIMITED,Shuffle Energy Limited,U ENERGY GROUP LIMITED","Z1:500,Z2:500,Z3:500,Z4:500,Z5:500,Z6:500,Z7:500,Z8:500,Z9:500,Z10:500,Z11:500,Z12:500"
31,24/05/2026 10:00,Upwards,Energy,24/05/2026,13:00,13:30,12:00,12:30,500,Live,0,All Participants,"INFINIS LIMITED,EQUIWATT LIMITED,HILDEBRAND TECHNOLOGY LIMITED,OCTOPUS ENERGY LIMITED,OAKTREE POWER LIMITED,Shuffle Energy Limited,U ENERGY GROUP LIMITED","Z1:500,Z2:500,Z3:500,Z4:500,Z5:500,Z6:500,Z7:500,Z8:500,Z9:500,Z10:500,Z11:500,Z12:500"
31,24/05/2026 10:00,Upwards,Energy,24/05/2026,13:30,14:00,12:30,13:00,500,Live,0,All Participants,"INFINIS LIMITED,EQUIWATT LIMITED,HILDEBRAND TECHNOLOGY LIMITED,OCTOPUS ENERGY LIMITED,OAKTREE POWER LIMITED,Shuffle Energy Limited,U ENERGY GROUP LIMITED","Z1:500,Z2:500,Z3:500,Z4:500,Z5:500,Z6:500,Z7:500,Z8:500,Z9:500,Z10:500,Z11:500,Z12:500"
31,24/05/2026 10:00,Upwards,Energy,24/05/2026,14:00,14:30,13:00,13:30,500,Live,0,All Participants,"INFINIS LIMITED,EQUIWATT LIMITED,HILDEBRAND TECHNOLOGY LIMITED,OCTOPUS ENERGY LIMITED,OAKTREE POWER LIMITED,Shuffle Energy Limited,U ENERGY GROUP LIMITED","Z1:500,Z2:500,Z3:500,Z4:500,Z5:500,Z6:500,Z7:500,Z8:500,Z9:500,Z10:500,Z11:500,Z12:500"
31,24/05/2026 10:00,Upwards,Energy,24/05/2026,14:30,15:00,13:30,14:00,500,Live,0,All Participants,"INFINIS LIMITED,EQUIWATT LIMITED,HILDEBRAND TECHNOLOGY LIMITED,OCTOPUS ENERGY LIMITED,OAKTREE POWER LIMITED,Shuffle Energy Limited,U ENERGY GROUP LIMITED","Z1:500,Z2:500,Z3:500,Z4:500,Z5:500,Z6:500,Z7:500,Z8:500,Z9:500,Z10:500,Z11:500,Z12:500"
31,24/05/2026 10:00,Upwards,Energy,24/05/2026,15:00,15:30,14:00,14:30,500,Live,0,All Participants,"INFINIS LIMITED,EQUIWATT LIMITED,HILDEBRAND TECHNOLOGY LIMITED,OCTOPUS ENERGY LIMITED,OAKTREE POWER LIMITED,Shuffle Energy Limited,U ENERGY GROUP LIMITED","Z1:500,Z2:500,Z3:500,Z4:500,Z5:500,Z6:500,Z7:500,Z8:500,Z9:500,Z10:500,Z11:500,Z12:500"
31,24/05/2026 10:00,Upwards,Energy,24/05/2026,15:30,16:00,14:30,15:00,500,Live,0,All Participants,"INFINIS LIMITED,EQUIWATT LIMITED,HILDEBRAND TECHNOLOGY LIMITED,OCTOPUS ENERGY LIMITED,OAKTREE POWER LIMITED,Shuffle Energy Limited,U ENERGY GROUP LIMITED","Z1:500,Z2:500,Z3:500,Z4:500,Z5:500,Z6:500,Z7:500,Z8:500,Z9:500,Z10:500,Z11:500,Z12:500"
30,23/05/2026 10:00,Upwards,Energy,23/05/2026,11:00,11:30,10:00,10:30,500,Live,0,All Participants,"INFINIS LIMITED,EQUIWATT LIMITED,HILDEBRAND TECHNOLOGY LIMITED,OCTOPUS ENERGY LIMITED,OAKTREE POWER LIMITED,Shuffle Energy Limited,U ENERGY GROUP LIMITED","Z1:500,Z2:500,Z3:500,Z4:500,Z5:500,Z6:500,Z7:500,Z8:500,Z9:500,Z10:500,Z11:500,Z12:500"
30,23/05/2026 10:00,Upwards,Energy,23/05/2026,11:30,12:00,10:30,11:00,500,Live,0,All Participants,"INFINIS LIMITED,EQUIWATT LIMITED,HILDEBRAND TECHNOLOGY LIMITED,OCTOPUS ENERGY LIMITED,OAKTREE POWER LIMITED,Shuffle Energy Limited,U ENERGY GROUP LIMITED","Z1:500,Z2:500,Z3:500,Z4:500,Z5:500,Z6:500,Z7:500,Z8:500,Z9:500,Z10:500,Z11:500,Z12:500"
30,23/05/2026 10:00,Upwards,Energy,23/05/2026,12:00,12:30,11:00,11:30,500,Live,0,All Participants,"INFINIS LIMITED,EQUIWATT LIMITED,HILDEBRAND TECHNOLOGY LIMITED,OCTOPUS ENERGY LIMITED,OAKTREE POWER LIMITED,Shuffle Energy Limited,U ENERGY GROUP LIMITED","Z1:500,Z2:500,Z3:500,Z4:500,Z5:500,Z6:500,Z7:500,Z8:500,Z9:500,Z10:500,Z11:500,Z12:500"
30,23/05/2026 10:00,Upwards,Energy,23/05/2026,12:30,13:00,11:30,12:00,500,Live,0,All Participants,"INFINIS LIMITED,EQUIWATT LIMITED,HILDEBRAND TECHNOLOGY LIMITED,OCTOPUS ENERGY LIMITED,OAKTREE POWER LIMITED,Shuffle Energy Limited,U ENERGY GROUP LIMITED","Z1:500,Z2:500,Z3:500,Z4:500,Z5:500,Z6:500,Z7:500,Z8:500,Z9:500,Z10:500,Z11:500,Z12:500"
30,23/05/2026 10:00,Upwards,Energy,23/05/2026,13:00,13:30,12:00,12:30,500,Live,0,All Participants,"INFINIS LIMITED,EQUIWATT LIMITED,HILDEBRAND TECHNOLOGY LIMITED,OCTOPUS ENERGY LIMITED,OAKTREE POWER LIMITED,Shuffle Energy Limited,U ENERGY GROUP LIMITED","Z1:500,Z2:500,Z3:500,Z4:500,Z5:500,Z6:500,Z7:500,Z8:500,Z9:500,Z10:500,Z11:500,Z12:500"
30,23/05/2026 10:00,Upwards,Energy,23/05/2026,13:30,14:00,12:30,13:00,500,Live,0,All Participants,"INFINIS LIMITED,EQUIWATT LIMITED,HILDEBRAND TECHNOLOGY LIMITED,OCTOPUS ENERGY LIMITED,OAKTREE POWER LIMITED,Shuffle Energy Limited,U ENERGY GROUP LIMITED","Z1:500,Z2:500,Z3:500,Z4:500,Z5:500,Z6:500,Z7:500,Z8:500,Z9:500,Z10:500,Z11:500,Z12:500"
30,23/05/2026 10:00,Upwards,Energy,23/05/2026,14:00,14:30,13:00,13:30,500,Live,0,All Participants,"INFINIS LIMITED,EQUIWATT LIMITED,HILDEBRAND TECHNOLOGY LIMITED,OCTOPUS ENERGY LIMITED,OAKTREE POWER LIMITED,Shuffle Energy Limited,U ENERGY GROUP LIMITED","Z1:500,Z2:500,Z3:500,Z4:500,Z5:500,Z6:500,Z7:500,Z8:500,Z9:500,Z10:500,Z11:500,Z12:500"
30,23/05/2026 10:00,Upwards,Energy,23/05/2026,14:30,15:00,13:30,14:00,500,Live,0,All Participants,"INFINIS LIMITED,EQUIWATT LIMITED,HILDEBRAND TECHNOLOGY LIMITED,OCTOPUS ENERGY LIMITED,OAKTREE POWER LIMITED,Shuffle Energy Limited,U ENERGY GROUP LIMITED","Z1:500,Z2:500,Z3:500,Z4:500,Z5:500,Z6:500,Z7:500,Z8:500,Z9:500,Z10:500,Z11:500,Z12:500"
30,23/05/2026 10:00,Upwards,Energy,23/05/2026,15:00,15:30,14:00,14:30,500,Live,0,All Participants,"INFINIS LIMITED,EQUIWATT LIMITED,HILDEBRAND TECHNOLOGY LIMITED,OCTOPUS ENERGY LIMITED,OAKTREE POWER LIMITED,Shuffle Energy Limited,U ENERGY GROUP LIMITED","Z1:500,Z2:500,Z3:500,Z4:500,Z5:500,Z6:500,Z7:500,Z8:500,Z9:500,Z10:500,Z11:500,Z12:500"
30,23/05/2026 10:00,Upwards,Energy,23/05/2026,15:30,16:00,14:30,15:00,500,Live,0,All Participants,"INFINIS LIMITED,EQUIWATT LIMITED,HILDEBRAND TECHNOLOGY LIMITED,OCTOPUS ENERGY LIMITED,OAKTREE POWER LIMITED,Shuffle Energy Limited,U ENERGY GROUP LIMITED","Z1:500,Z2:500,Z3:500,Z4:500,Z5:500,Z6:500,Z7:500,Z8:500,Z9:500,Z10:500,Z11:500,Z12:500"
29,21/05/2026 12:00,Downwards,Energy,21/05/2026,18:00,18:30,17:00,17:30,300,Live,0,All Participants,"INFINIS LIMITED,EQUIWATT LIMITED,HILDEBRAND TECHNOLOGY LIMITED,OCTOPUS ENERGY LIMITED,OAKTREE POWER LIMITED,Shuffle Energy Limited,U ENERGY GROUP LIMITED","Z1:300,Z2:300,Z3:300,Z4:300,Z5:300,Z6:300,Z7:300,Z8:300,Z9:300,Z10:300,Z11:300,Z12:300"
29,21/05/2026 12:00,Downwards,Energy,21/05/2026,18:30,19:00,17:30,18:00,300,Live,0,All Participants,"INFINIS LIMITED,EQUIWATT LIMITED,HILDEBRAND TECHNOLOGY LIMITED,OCTOPUS ENERGY LIMITED,OAKTREE POWER LIMITED,Shuffle Energy Limited,U ENERGY GROUP LIMITED","Z1:300,Z2:300,Z3:300,Z4:300,Z5:300,Z6:300,Z7:300,Z8:300,Z9:300,Z10:300,Z11:300,Z12:300"
29,21/05/2026 12:00,Downwards,Energy,21/05/2026,19:00,19:30,18:00,18:30,300,Live,0,All Participants,"INFINIS LIMITED,EQUIWATT LIMITED,HILDEBRAND TECHNOLOGY LIMITED,OCTOPUS ENERGY LIMITED,OAKTREE POWER LIMITED,Shuffle Energy Limited,U ENERGY GROUP LIMITED","Z1:300,Z2:300,Z3:300,Z4:300,Z5:300,Z6:300,Z7:300,Z8:300,Z9:300,Z10:300,Z11:300,Z12:300"
29,21/05/2026 12:00,Downwards,Energy,21/05/2026,19:30,20:00,18:30,19:00,300,Live,0,All Participants,"INFINIS LIMITED,EQUIWATT LIMITED,HILDEBRAND TECHNOLOGY LIMITED,OCTOPUS ENERGY LIMITED,OAKTREE POWER LIMITED,Shuffle Energy Limited,U ENERGY GROUP LIMITED","Z1:300,Z2:300,Z3:300,Z4:300,Z5:300,Z6:300,Z7:300,Z8:300,Z9:300,Z10:300,Z11:300,Z12:300"
29,21/05/2026 12:00,Downwards,Energy,21/05/2026,20:00,20:30,19:00,19:30,300,Live,0,All Participants,"INFINIS LIMITED,EQUIWATT LIMITED,HILDEBRAND TECHNOLOGY LIMITED,OCTOPUS ENERGY LIMITED,OAKTREE POWER LIMITED,Shuffle Energy Limited,U ENERGY GROUP LIMITED","Z1:300,Z2:300,Z3:300,Z4:300,Z5:300,Z6:300,Z7:300,Z8:300,Z9:300,Z10:300,Z11:300,Z12:300"
29,21/05/2026 12:00,Downwards,Energy,21/05/2026,20:30,21:00,19:30,20:00,300,Live,0,All Participants,"INFINIS LIMITED,EQUIWATT LIMITED,HILDEBRAND TECHNOLOGY LIMITED,OCTOPUS ENERGY LIMITED,OAKTREE POWER LIMITED,Shuffle Energy Limited,U ENERGY GROUP LIMITED","Z1:300,Z2:300,Z3:300,Z4:300,Z5:300,Z6:300,Z7:300,Z8:300,Z9:300,Z10:300,Z11:300,Z12:300"
28,19/05/2026 12:00,Downwards,Energy,19/05/2026,18:00,18:30,17:00,17:30,400,Live,0,All Participants,"INFINIS LIMITED,EQUIWATT LIMITED,HILDEBRAND TECHNOLOGY LIMITED,OCTOPUS ENERGY LIMITED,OAKTREE POWER LIMITED,Shuffle Energy Limited,U ENERGY GROUP LIMITED","Z1:0,Z2:0,Z3:0,Z4:0,Z5:500,Z6:500,Z7:0,Z8:500,Z9:500,Z10:500,Z11:500,Z12:500"
28,19/05/2026 12:00,Downwards,Energy,19/05/2026,18:30,19:00,17:30,18:00,400,Live,0,All Participants,"INFINIS LIMITED,EQUIWATT LIMITED,HILDEBRAND TECHNOLOGY LIMITED,OCTOPUS ENERGY LIMITED,OAKTREE POWER LIMITED,Shuffle Energy Limited,U ENERGY GROUP LIMITED","Z1:0,Z2:0,Z3:0,Z4:0,Z5:500,Z6:500,Z7:0,Z8:500,Z9:500,Z10:500,Z11:500,Z12:500"
28,19/05/2026 12:00,Downwards,Energy,19/05/2026,19:00,19:30,18:00,18:30,500,Live,0,All Participants,"INFINIS LIMITED,EQUIWATT LIMITED,HILDEBRAND TECHNOLOGY LIMITED,OCTOPUS ENERGY LIMITED,OAKTREE POWER LIMITED,Shuffle Energy Limited,U ENERGY GROUP LIMITED","Z1:0,Z2:0,Z3:0,Z4:0,Z5:500,Z6:500,Z7:0,Z8:500,Z9:500,Z10:500,Z11:500,Z12:500"
28,19/05/2026 12:00,Downwards,Energy,19/05/2026,19:30,20:00,18:30,19:00,500,Live,0,All Participants,"INFINIS LIMITED,EQUIWATT LIMITED,HILDEBRAND TECHNOLOGY LIMITED,OCTOPUS ENERGY LIMITED,OAKTREE POWER LIMITED,Shuffle Energy Limited,U ENERGY GROUP LIMITED","Z1:0,Z2:0,Z3:0,Z4:0,Z5:500,Z6:500,Z7:0,Z8:500,Z9:500,Z10:500,Z11:500,Z12:500"
28,19/05/2026 12:00,Downwards,Energy,19/05/2026,20:00,20:30,19:00,19:30,400,Live,0,All Participants,"INFINIS LIMITED,EQUIWATT LIMITED,HILDEBRAND TECHNOLOGY LIMITED,OCTOPUS ENERGY LIMITED,OAKTREE POWER LIMITED,Shuffle Energy Limited,U ENERGY GROUP LIMITED","Z1:0,Z2:0,Z3:0,Z4:0,Z5:500,Z6:500,Z7:0,Z8:500,Z9:500,Z10:500,Z11:500,Z12:500"
28,19/05/2026 12:00,Downwards,Energy,19/05/2026,20:30,21:00,19:30,20:00,400,Live,0,All Participants,"INFINIS LIMITED,EQUIWATT LIMITED,HILDEBRAND TECHNOLOGY LIMITED,OCTOPUS ENERGY LIMITED,OAKTREE POWER LIMITED,Shuffle Energy Limited,U ENERGY GROUP LIMITED","Z1:0,Z2:0,Z3:0,Z4:0,Z5:500,Z6:500,Z7:0,Z8:500,Z9:500,Z10:500,Z11:500,Z12:500"
27,18/05/2026 12:00,Downwards,Energy,18/05/2026,16:00,16:30,15:00,15:30,500,Live,0,All Participants,"INFINIS LIMITED,EQUIWATT LIMITED,HILDEBRAND TECHNOLOGY LIMITED,OCTOPUS ENERGY LIMITED,OAKTREE POWER LIMITED,U ENERGY GROUP LIMITED,Shuffle Energy Limited","Z1:500,Z2:500,Z3:500,Z4:500,Z5:500,Z6:500,Z7:500,Z8:500,Z9:500,Z10:500,Z11:500,Z12:500"
27,18/05/2026 12:00,Downwards,Energy,18/05/2026,16:30,17:00,15:30,16:00,500,Live,0,All Participants,"INFINIS LIMITED,EQUIWATT LIMITED,HILDEBRAND TECHNOLOGY LIMITED,OCTOPUS ENERGY LIMITED,OAKTREE POWER LIMITED,U ENERGY GROUP LIMITED,Shuffle Energy Limited","Z1:500,Z2:500,Z3:500,Z4:500,Z5:500,Z6:500,Z7:500,Z8:500,Z9:500,Z10:500,Z11:500,Z12:500"
27,18/05/2026 12:00,Downwards,Energy,18/05/2026,17:00,17:30,16:00,16:30,500,Live,0,All Participants,"INFINIS LIMITED,EQUIWATT LIMITED,HILDEBRAND TECHNOLOGY LIMITED,OCTOPUS ENERGY LIMITED,OAKTREE POWER LIMITED,U ENERGY GROUP LIMITED,Shuffle Energy Limited","Z1:500,Z2:500,Z3:500,Z4:500,Z5:500,Z6:500,Z7:500,Z8:500,Z9:500,Z10:500,Z11:500,Z12:500"
27,18/05/2026 12:00,Downwards,Energy,18/05/2026,17:30,18:00,16:30,17:00,500,Live,0,All Participants,"INFINIS LIMITED,EQUIWATT LIMITED,HILDEBRAND TECHNOLOGY LIMITED,OCTOPUS ENERGY LIMITED,OAKTREE POWER LIMITED,U ENERGY GROUP LIMITED,Shuffle Energy Limited","Z1:500,Z2:500,Z3:500,Z4:500,Z5:500,Z6:500,Z7:500,Z8:500,Z9:500,Z10:500,Z11:500,Z12:500"
27,18/05/2026 12:00,Downwards,Energy,18/05/2026,18:00,18:30,17:00,17:30,500,Live,0,All Participants,"INFINIS LIMITED,EQUIWATT LIMITED,HILDEBRAND TECHNOLOGY LIMITED,OCTOPUS ENERGY LIMITED,OAKTREE POWER LIMITED,U ENERGY GROUP LIMITED,Shuffle Energy Limited","Z1:500,Z2:500,Z3:500,Z4:500,Z5:500,Z6:500,Z7:500,Z8:500,Z9:500,Z10:500,Z11:500,Z12:500"
27,18/05/2026 12:00,Downwards,Energy,18/05/2026,18:30,19:00,17:30,18:00,500,Live,0,All Participants,"INFINIS LIMITED,EQUIWATT LIMITED,HILDEBRAND TECHNOLOGY LIMITED,OCTOPUS ENERGY LIMITED,OAKTREE POWER LIMITED,U ENERGY GROUP LIMITED,Shuffle Energy Limited","Z1:500,Z2:500,Z3:500,Z4:500,Z5:500,Z6:500,Z7:500,Z8:500,Z9:500,Z10:500,Z11:500,Z12:500"
27,18/05/2026 12:00,Downwards,Energy,18/05/2026,19:00,19:30,18:00,18:30,500,Live,0,All Participants,"INFINIS LIMITED,EQUIWATT LIMITED,HILDEBRAND TECHNOLOGY LIMITED,OCTOPUS ENERGY LIMITED,OAKTREE POWER LIMITED,U ENERGY GROUP LIMITED,Shuffle Energy Limited","Z1:500,Z2:500,Z3:500,Z4:500,Z5:500,Z6:500,Z7:500,Z8:500,Z9:500,Z10:500,Z11:500,Z12:500"
27,18/05/2026 12:00,Downwards,Energy,18/05/2026,19:30,20:00,18:30,19:00,500,Live,0,All Participants,"INFINIS LIMITED,EQUIWATT LIMITED,HILDEBRAND TECHNOLOGY LIMITED,OCTOPUS ENERGY LIMITED,OAKTREE POWER LIMITED,U ENERGY GROUP LIMITED,Shuffle Energy Limited","Z1:500,Z2:500,Z3:500,Z4:500,Z5:500,Z6:500,Z7:500,Z8:500,Z9:500,Z10:500,Z11:500,Z12:500"
27,18/05/2026 12:00,Downwards,Energy,18/05/2026,20:00,20:30,19:00,19:30,500,Live,0,All Participants,"INFINIS LIMITED,EQUIWATT LIMITED,HILDEBRAND TECHNOLOGY LIMITED,OCTOPUS ENERGY LIMITED,OAKTREE POWER LIMITED,U ENERGY GROUP LIMITED,Shuffle Energy Limited","Z1:500,Z2:500,Z3:500,Z4:500,Z5:500,Z6:500,Z7:500,Z8:500,Z9:500,Z10:500,Z11:500,Z12:500"
27,18/05/2026 12:00,Downwards,Energy,18/05/2026,20:30,21:00,19:30,20:00,500,Live,0,All Participants,"INFINIS LIMITED,EQUIWATT LIMITED,HILDEBRAND TECHNOLOGY LIMITED,OCTOPUS ENERGY LIMITED,OAKTREE POWER LIMITED,U ENERGY GROUP LIMITED,Shuffle Energy Limited","Z1:500,Z2:500,Z3:500,Z4:500,Z5:500,Z6:500,Z7:500,Z8:500,Z9:500,Z10:500,Z11:500,Z12:500"
27,18/05/2026 12:00,Downwards,Energy,18/05/2026,21:00,21:30,20:00,20:30,500,Live,0,All Participants,"INFINIS LIMITED,EQUIWATT LIMITED,HILDEBRAND TECHNOLOGY LIMITED,OCTOPUS ENERGY LIMITED,OAKTREE POWER LIMITED,U ENERGY GROUP LIMITED,Shuffle Energy Limited","Z1:500,Z2:500,Z3:500,Z4:500,Z5:500,Z6:500,Z7:500,Z8:500,Z9:500,Z10:500,Z11:500,Z12:500"
27,18/05/2026 12:00,Downwards,Energy,18/05/2026,21:30,22:00,20:30,21:00,500,Live,0,All Participants,"INFINIS LIMITED,EQUIWATT LIMITED,HILDEBRAND TECHNOLOGY LIMITED,OCTOPUS ENERGY LIMITED,OAKTREE POWER LIMITED,U ENERGY GROUP LIMITED,Shuffle Energy Limited","Z1:500,Z2:500,Z3:500,Z4:500,Z5:500,Z6:500,Z7:500,Z8:500,Z9:500,Z10:500,Z11:500,Z12:500"
26,17/05/2026 12:00,Downwards,Energy,17/05/2026,19:00,19:30,18:00,18:30,500,Live,0,All Participants,"INFINIS LIMITED,EQUIWATT LIMITED,OCTOPUS ENERGY LIMITED,OAKTREE POWER LIMITED,Shuffle Energy Limited,U ENERGY GROUP LIMITED","Z1:500,Z2:500,Z3:500,Z4:500,Z5:500,Z6:500,Z7:500,Z8:500,Z9:500,Z10:500,Z11:500,Z12:500"
26,17/05/2026 12:00,Downwards,Energy,17/05/2026,19:30,20:00,18:30,19:00,500,Live,0,All Participants,"INFINIS LIMITED,EQUIWATT LIMITED,OCTOPUS ENERGY LIMITED,OAKTREE POWER LIMITED,Shuffle Energy Limited,U ENERGY GROUP LIMITED","Z1:500,Z2:500,Z3:500,Z4:500,Z5:500,Z6:500,Z7:500,Z8:500,Z9:500,Z10:500,Z11:500,Z12:500"
26,17/05/2026 12:00,Downwards,Energy,17/05/2026,20:00,20:30,19:00,19:30,500,Live,0,All Participants,"INFINIS LIMITED,EQUIWATT LIMITED,OCTOPUS ENERGY LIMITED,OAKTREE POWER LIMITED,Shuffle Energy Limited,U ENERGY GROUP LIMITED","Z1:500,Z2:500,Z3:500,Z4:500,Z5:500,Z6:500,Z7:500,Z8:500,Z9:500,Z10:500,Z11:500,Z12:500"
26,17/05/2026 12:00,Downwards,Energy,17/05/2026,20:30,21:00,19:30,20:00,500,Live,0,All Participants,"INFINIS LIMITED,EQUIWATT LIMITED,OCTOPUS ENERGY LIMITED,OAKTREE POWER LIMITED,Shuffle Energy Limited,U ENERGY GROUP LIMITED","Z1:500,Z2:500,Z3:500,Z4:500,Z5:500,Z6:500,Z7:500,Z8:500,Z9:500,Z10:500,Z11:500,Z12:500"
26,17/05/2026 12:00,Downwards,Energy,17/05/2026,21:00,21:30,20:00,20:30,500,Live,0,All Participants,"INFINIS LIMITED,EQUIWATT LIMITED,OCTOPUS ENERGY LIMITED,OAKTREE POWER LIMITED,Shuffle Energy Limited,U ENERGY GROUP LIMITED","Z1:500,Z2:500,Z3:500,Z4:500,Z5:500,Z6:500,Z7:500,Z8:500,Z9:500,Z10:500,Z11:500,Z12:500"
26,17/05/2026 12:00,Downwards,Energy,17/05/2026,21:30,22:00,20:30,21:00,500,Live,0,All Participants,"INFINIS LIMITED,EQUIWATT LIMITED,OCTOPUS ENERGY LIMITED,OAKTREE POWER LIMITED,Shuffle Energy Limited,U ENERGY GROUP LIMITED","Z1:500,Z2:500,Z3:500,Z4:500,Z5:500,Z6:500,Z7:500,Z8:500,Z9:500,Z10:500,Z11:500,Z12:500"
25,17/05/2026 10:30,Upwards,Energy,17/05/2026,13:00,13:30,12:00,12:30,500,Live,0,All Participants,"INFINIS LIMITED,EQUIWATT LIMITED,OCTOPUS ENERGY LIMITED,OAKTREE POWER LIMITED,Shuffle Energy Limited,U ENERGY GROUP LIMITED","Z1:500,Z2:500,Z3:500,Z4:500,Z5:500,Z6:500,Z7:500,Z8:500,Z9:500,Z10:500,Z11:500,Z12:500"
25,17/05/2026 10:30,Upwards,Energy,17/05/2026,13:30,14:00,12:30,13:00,500,Live,0,All Participants,"INFINIS LIMITED,EQUIWATT LIMITED,OCTOPUS ENERGY LIMITED,OAKTREE POWER LIMITED,Shuffle Energy Limited,U ENERGY GROUP LIMITED","Z1:500,Z2:500,Z3:500,Z4:500,Z5:500,Z6:500,Z7:500,Z8:500,Z9:500,Z10:500,Z11:500,Z12:500"
25,17/05/2026 10:30,Upwards,Energy,17/05/2026,14:00,14:30,13:00,13:30,500,Live,0,All Participants,"INFINIS LIMITED,EQUIWATT LIMITED,OCTOPUS ENERGY LIMITED,OAKTREE POWER LIMITED,Shuffle Energy Limited,U ENERGY GROUP LIMITED","Z1:500,Z2:500,Z3:500,Z4:500,Z5:500,Z6:500,Z7:500,Z8:500,Z9:500,Z10:500,Z11:500,Z12:500"
25,17/05/2026 10:30,Upwards,Energy,17/05/2026,14:30,15:00,13:30,14:00,500,Live,0,All Participants,"INFINIS LIMITED,EQUIWATT LIMITED,OCTOPUS ENERGY LIMITED,OAKTREE POWER LIMITED,Shuffle Energy Limited,U ENERGY GROUP LIMITED","Z1:500,Z2:500,Z3:500,Z4:500,Z5:500,Z6:500,Z7:500,Z8:500,Z9:500,Z10:500,Z11:500,Z12:500"
24,15/05/2026 12:00,Downwards,Energy,15/05/2026,19:00,19:30,18:00,18:30,500,Live,0,All Participants,"INFINIS LIMITED,EQUIWATT LIMITED,OCTOPUS ENERGY LIMITED,OAKTREE POWER LIMITED,Shuffle Energy Limited,U ENERGY GROUP LIMITED","Z1:500,Z2:500,Z3:500,Z4:500,Z5:500,Z6:500,Z7:500,Z8:500,Z9:500,Z10:500,Z11:500,Z12:500"
24,15/05/2026 12:00,Downwards,Energy,15/05/2026,19:30,20:00,18:30,19:00,500,Live,0,All Participants,"INFINIS LIMITED,EQUIWATT LIMITED,OCTOPUS ENERGY LIMITED,OAKTREE POWER LIMITED,Shuffle Energy Limited,U ENERGY GROUP LIMITED","Z1:500,Z2:500,Z3:500,Z4:500,Z5:500,Z6:500,Z7:500,Z8:500,Z9:500,Z10:500,Z11:500,Z12:500"
24,15/05/2026 12:00,Downwards,Energy,15/05/2026,20:00,20:30,19:00,19:30,500,Live,0,All Participants,"INFINIS LIMITED,EQUIWATT LIMITED,OCTOPUS ENERGY LIMITED,OAKTREE POWER LIMITED,Shuffle Energy Limited,U ENERGY GROUP LIMITED","Z1:500,Z2:500,Z3:500,Z4:500,Z5:500,Z6:500,Z7:500,Z8:500,Z9:500,Z10:500,Z11:500,Z12:500"
24,15/05/2026 12:00,Downwards,Energy,15/05/2026,20:30,21:00,19:30,20:00,500,Live,0,All Participants,"INFINIS LIMITED,EQUIWATT LIMITED,OCTOPUS ENERGY LIMITED,OAKTREE POWER LIMITED,Shuffle Energy Limited,U ENERGY GROUP LIMITED","Z1:500,Z2:500,Z3:500,Z4:500,Z5:500,Z6:500,Z7:500,Z8:500,Z9:500,Z10:500,Z11:500,Z12:500"
24,15/05/2026 12:00,Downwards,Energy,15/05/2026,21:00,21:30,20:00,20:30,500,Live,0,All Participants,"INFINIS LIMITED,EQUIWATT LIMITED,OCTOPUS ENERGY LIMITED,OAKTREE POWER LIMITED,Shuffle Energy Limited,U ENERGY GROUP LIMITED","Z1:500,Z2:500,Z3:500,Z4:500,Z5:500,Z6:500,Z7:500,Z8:500,Z9:500,Z10:500,Z11:500,Z12:500"
24,15/05/2026 12:00,Downwards,Energy,15/05/2026,21:30,22:00,20:30,21:00,500,Live,0,All Participants,"INFINIS LIMITED,EQUIWATT LIMITED,OCTOPUS ENERGY LIMITED,OAKTREE POWER LIMITED,Shuffle Energy Limited,U ENERGY GROUP LIMITED","Z1:500,Z2:500,Z3:500,Z4:500,Z5:500,Z6:500,Z7:500,Z8:500,Z9:500,Z10:500,Z11:500,Z12:500"
23,13/05/2026 12:15,Downwards,Energy,13/05/2026,16:00,16:30,15:00,15:30,500,Live,0,All Participants,"INFINIS LIMITED,EQUIWATT LIMITED,OCTOPUS ENERGY LIMITED,OAKTREE POWER LIMITED,Shuffle Energy Limited,U ENERGY GROUP LIMITED","Z1:500,Z2:500,Z3:500,Z4:500,Z5:500,Z6:500,Z7:500,Z8:500,Z9:500,Z10:500,Z11:500,Z12:0"
23,13/05/2026 12:15,Downwards,Energy,13/05/2026,16:30,17:00,15:30,16:00,500,Live,0,All Participants,"INFINIS LIMITED,EQUIWATT LIMITED,OCTOPUS ENERGY LIMITED,OAKTREE POWER LIMITED,Shuffle Energy Limited,U ENERGY GROUP LIMITED","Z1:500,Z2:500,Z3:500,Z4:500,Z5:500,Z6:500,Z7:500,Z8:500,Z9:500,Z10:500,Z11:500,Z12:0"
23,13/05/2026 12:15,Downwards,Energy,13/05/2026,17:00,17:30,16:00,16:30,500,Live,0,All Participants,"INFINIS LIMITED,EQUIWATT LIMITED,OCTOPUS ENERGY LIMITED,OAKTREE POWER LIMITED,Shuffle Energy Limited,U ENERGY GROUP LIMITED","Z1:500,Z2:500,Z3:500,Z4:500,Z5:500,Z6:500,Z7:500,Z8:500,Z9:500,Z10:500,Z11:500,Z12:0"
23,13/05/2026 12:15,Downwards,Energy,13/05/2026,17:30,18:00,16:30,17:00,500,Live,0,All Participants,"INFINIS LIMITED,EQUIWATT LIMITED,OCTOPUS ENERGY LIMITED,OAKTREE POWER LIMITED,Shuffle Energy Limited,U ENERGY GROUP LIMITED","Z1:500,Z2:500,Z3:500,Z4:500,Z5:500,Z6:500,Z7:500,Z8:500,Z9:500,Z10:500,Z11:500,Z12:0"
23,13/05/2026 12:15,Downwards,Energy,13/05/2026,18:00,18:30,17:00,17:30,500,Live,0,All Participants,"INFINIS LIMITED,EQUIWATT LIMITED,OCTOPUS ENERGY LIMITED,OAKTREE POWER LIMITED,Shuffle Energy Limited,U ENERGY GROUP LIMITED","Z1:500,Z2:500,Z3:500,Z4:500,Z5:500,Z6:500,Z7:500,Z8:500,Z9:500,Z10:500,Z11:500,Z12:0"
23,13/05/2026 12:15,Downwards,Energy,13/05/2026,18:30,19:00,17:30,18:00,500,Live,0,All Participants,"INFINIS LIMITED,EQUIWATT LIMITED,OCTOPUS ENERGY LIMITED,OAKTREE POWER LIMITED,Shuffle Energy Limited,U ENERGY GROUP LIMITED","Z1:500,Z2:500,Z3:500,Z4:500,Z5:500,Z6:500,Z7:500,Z8:500,Z9:500,Z10:500,Z11:500,Z12:0"
23,13/05/2026 12:15,Downwards,Energy,13/05/2026,19:00,19:30,18:00,18:30,500,Live,0,All Participants,"INFINIS LIMITED,EQUIWATT LIMITED,OCTOPUS ENERGY LIMITED,OAKTREE POWER LIMITED,Shuffle Energy Limited,U ENERGY GROUP LIMITED","Z1:500,Z2:500,Z3:500,Z4:500,Z5:500,Z6:500,Z7:500,Z8:500,Z9:500,Z10:500,Z11:500,Z12:0"
23,13/05/2026 12:15,Downwards,Energy,13/05/2026,19:30,20:00,18:30,19:00,500,Live,0,All Participants,"INFINIS LIMITED,EQUIWATT LIMITED,OCTOPUS ENERGY LIMITED,OAKTREE POWER LIMITED,Shuffle Energy Limited,U ENERGY GROUP LIMITED","Z1:500,Z2:500,Z3:500,Z4:500,Z5:500,Z6:500,Z7:500,Z8:500,Z9:500,Z10:500,Z11:500,Z12:0"
23,13/05/2026 12:15,Downwards,Energy,13/05/2026,20:00,20:30,19:00,19:30,500,Live,0,All Participants,"INFINIS LIMITED,EQUIWATT LIMITED,OCTOPUS ENERGY LIMITED,OAKTREE POWER LIMITED,Shuffle Energy Limited,U ENERGY GROUP LIMITED","Z1:500,Z2:500,Z3:500,Z4:500,Z5:500,Z6:500,Z7:500,Z8:500,Z9:500,Z10:500,Z11:500,Z12:0"
23,13/05/2026 12:15,Downwards,Energy,13/05/2026,20:30,21:00,19:30,20:00,500,Live,0,All Participants,"INFINIS LIMITED,EQUIWATT LIMITED,OCTOPUS ENERGY LIMITED,OAKTREE POWER LIMITED,Shuffle Energy Limited,U ENERGY GROUP LIMITED","Z1:500,Z2:500,Z3:500,Z4:500,Z5:500,Z6:500,Z7:500,Z8:500,Z9:500,Z10:500,Z11:500,Z12:0"
23,13/05/2026 12:15,Downwards,Energy,13/05/2026,21:00,21:30,20:00,20:30,500,Live,0,All Participants,"INFINIS LIMITED,EQUIWATT LIMITED,OCTOPUS ENERGY LIMITED,OAKTREE POWER LIMITED,Shuffle Energy Limited,U ENERGY GROUP LIMITED","Z1:500,Z2:500,Z3:500,Z4:500,Z5:500,Z6:500,Z7:500,Z8:500,Z9:500,Z10:500,Z11:500,Z12:0"
23,13/05/2026 12:15,Downwards,Energy,13/05/2026,21:30,22:00,20:30,21:00,500,Live,0,All Participants,"INFINIS LIMITED,EQUIWATT LIMITED,OCTOPUS ENERGY LIMITED,OAKTREE POWER LIMITED,Shuffle Energy Limited,U ENERGY GROUP LIMITED","Z1:500,Z2:500,Z3:500,Z4:500,Z5:500,Z6:500,Z7:500,Z8:500,Z9:500,Z10:500,Z11:500,Z12:0"
22,11/05/2026 12:00,Downwards,Energy,11/05/2026,17:00,17:30,16:00,16:30,500,Live,0,All Participants,"INFINIS LIMITED,EQUIWATT LIMITED,OCTOPUS ENERGY LIMITED,OAKTREE POWER LIMITED,Shuffle Energy Limited,U ENERGY GROUP LIMITED","Z1:500,Z2:500,Z3:500,Z4:500,Z5:500,Z6:500,Z7:500,Z8:500,Z9:500,Z10:500,Z11:500,Z12:500"
22,11/05/2026 12:00,Downwards,Energy,11/05/2026,17:30,18:00,16:30,17:00,500,Live,0,All Participants,"INFINIS LIMITED,EQUIWATT LIMITED,OCTOPUS ENERGY LIMITED,OAKTREE POWER LIMITED,Shuffle Energy Limited,U ENERGY GROUP LIMITED","Z1:500,Z2:500,Z3:500,Z4:500,Z5:500,Z6:500,Z7:500,Z8:500,Z9:500,Z10:500,Z11:500,Z12:500"
22,11/05/2026 12:00,Downwards,Energy,11/05/2026,18:00,18:30,17:00,17:30,500,Live,0,All Participants,"INFINIS LIMITED,EQUIWATT LIMITED,OCTOPUS ENERGY LIMITED,OAKTREE POWER LIMITED,Shuffle Energy Limited,U ENERGY GROUP LIMITED","Z1:500,Z2:500,Z3:500,Z4:500,Z5:500,Z6:500,Z7:500,Z8:500,Z9:500,Z10:500,Z11:500,Z12:500"
22,11/05/2026 12:00,Downwards,Energy,11/05/2026,18:30,19:00,17:30,18:00,500,Live,0,All Participants,"INFINIS LIMITED,EQUIWATT LIMITED,OCTOPUS ENERGY LIMITED,OAKTREE POWER LIMITED,Shuffle Energy Limited,U ENERGY GROUP LIMITED","Z1:500,Z2:500,Z3:500,Z4:500,Z5:500,Z6:500,Z7:500,Z8:500,Z9:500,Z10:500,Z11:500,Z12:500"
22,11/05/2026 12:00,Downwards,Energy,11/05/2026,19:00,19:30,18:00,18:30,500,Live,0,All Participants,"INFINIS LIMITED,EQUIWATT LIMITED,OCTOPUS ENERGY LIMITED,OAKTREE POWER LIMITED,Shuffle Energy Limited,U ENERGY GROUP LIMITED","Z1:500,Z2:500,Z3:500,Z4:500,Z5:500,Z6:500,Z7:500,Z8:500,Z9:500,Z10:500,Z11:500,Z12:500"
22,11/05/2026 12:00,Downwards,Energy,11/05/2026,19:30,20:00,18:30,19:00,500,Live,0,All Participants,"INFINIS LIMITED,EQUIWATT LIMITED,OCTOPUS ENERGY LIMITED,OAKTREE POWER LIMITED,Shuffle Energy Limited,U ENERGY GROUP LIMITED","Z1:500,Z2:500,Z3:500,Z4:500,Z5:500,Z6:500,Z7:500,Z8:500,Z9:500,Z10:500,Z11:500,Z12:500"
22,11/05/2026 12:00,Downwards,Energy,11/05/2026,20:00,20:30,19:00,19:30,500,Live,0,All Participants,"INFINIS LIMITED,EQUIWATT LIMITED,OCTOPUS ENERGY LIMITED,OAKTREE POWER LIMITED,Shuffle Energy Limited,U ENERGY GROUP LIMITED","Z1:500,Z2:500,Z3:500,Z4:500,Z5:500,Z6:500,Z7:500,Z8:500,Z9:500,Z10:500,Z11:500,Z12:500"
22,11/05/2026 12:00,Downwards,Energy,11/05/2026,20:30,21:00,19:30,20:00,500,Live,0,All Participants,"INFINIS LIMITED,EQUIWATT LIMITED,OCTOPUS ENERGY LIMITED,OAKTREE POWER LIMITED,Shuffle Energy Limited,U ENERGY GROUP LIMITED","Z1:500,Z2:500,Z3:500,Z4:500,Z5:500,Z6:500,Z7:500,Z8:500,Z9:500,Z10:500,Z11:500,Z12:500"
21,10/05/2026 10:00,Upwards,Energy,10/05/2026,13:00,13:30,12:00,12:30,500,Live,0,All Participants,"INFINIS LIMITED,EQUIWATT LIMITED,OCTOPUS ENERGY LIMITED,OAKTREE POWER LIMITED,Shuffle Energy Limited,U ENERGY GROUP LIMITED","Z1:500,Z2:500,Z3:500,Z4:500,Z5:500,Z6:500,Z7:500,Z8:500,Z9:500,Z10:500,Z11:500,Z12:500"
21,10/05/2026 10:00,Upwards,Energy,10/05/2026,13:30,14:00,12:30,13:00,500,Live,0,All Participants,"INFINIS LIMITED,EQUIWATT LIMITED,OCTOPUS ENERGY LIMITED,OAKTREE POWER LIMITED,Shuffle Energy Limited,U ENERGY GROUP LIMITED","Z1:500,Z2:500,Z3:500,Z4:500,Z5:500,Z6:500,Z7:500,Z8:500,Z9:500,Z10:500,Z11:500,Z12:500"
21,10/05/2026 10:00,Upwards,Energy,10/05/2026,14:00,14:30,13:00,13:30,500,Live,0,All Participants,"INFINIS LIMITED,EQUIWATT LIMITED,OCTOPUS ENERGY LIMITED,OAKTREE POWER LIMITED,Shuffle Energy Limited,U ENERGY GROUP LIMITED","Z1:500,Z2:500,Z3:500,Z4:500,Z5:500,Z6:500,Z7:500,Z8:500,Z9:500,Z10:500,Z11:500,Z12:500"
21,10/05/2026 10:00,Upwards,Energy,10/05/2026,14:30,15:00,13:30,14:00,500,Live,0,All Participants,"INFINIS LIMITED,EQUIWATT LIMITED,OCTOPUS ENERGY LIMITED,OAKTREE POWER LIMITED,Shuffle Energy Limited,U ENERGY GROUP LIMITED","Z1:500,Z2:500,Z3:500,Z4:500,Z5:500,Z6:500,Z7:500,Z8:500,Z9:500,Z10:500,Z11:500,Z12:500"
21,10/05/2026 10:00,Upwards,Energy,10/05/2026,15:00,15:30,14:00,14:30,500,Live,0,All Participants,"INFINIS LIMITED,EQUIWATT LIMITED,OCTOPUS ENERGY LIMITED,OAKTREE POWER LIMITED,Shuffle Energy Limited,U ENERGY GROUP LIMITED","Z1:500,Z2:500,Z3:500,Z4:500,Z5:500,Z6:500,Z7:500,Z8:500,Z9:500,Z10:500,Z11:500,Z12:500"
21,10/05/2026 10:00,Upwards,Energy,10/05/2026,15:30,16:00,14:30,15:00,500,Live,0,All Participants,"INFINIS LIMITED,EQUIWATT LIMITED,OCTOPUS ENERGY LIMITED,OAKTREE POWER LIMITED,Shuffle Energy Limited,U ENERGY GROUP LIMITED","Z1:500,Z2:500,Z3:500,Z4:500,Z5:500,Z6:500,Z7:500,Z8:500,Z9:500,Z10:500,Z11:500,Z12:500"
20,09/05/2026 10:00,Upwards,Energy,09/05/2026,14:00,14:30,13:00,13:30,300,Live,0,All Participants,"INFINIS LIMITED,EQUIWATT LIMITED,OCTOPUS ENERGY LIMITED,OAKTREE POWER LIMITED,Shuffle Energy Limited,U ENERGY GROUP LIMITED","Z1:300,Z2:300,Z3:300,Z4:300,Z5:300,Z6:300,Z7:300,Z8:300,Z9:300,Z10:300,Z11:300,Z12:300"
20,09/05/2026 10:00,Upwards,Energy,09/05/2026,14:30,15:00,13:30,14:00,300,Live,0,All Participants,"INFINIS LIMITED,EQUIWATT LIMITED,OCTOPUS ENERGY LIMITED,OAKTREE POWER LIMITED,Shuffle Energy Limited,U ENERGY GROUP LIMITED","Z1:300,Z2:300,Z3:300,Z4:300,Z5:300,Z6:300,Z7:300,Z8:300,Z9:300,Z10:300,Z11:300,Z12:300"
19,08/05/2026 12:00,Downwards,Energy,08/05/2026,19:00,19:30,18:00,18:30,500,Live,0,All Participants,"INFINIS LIMITED,EQUIWATT LIMITED,OCTOPUS ENERGY LIMITED,OAKTREE POWER LIMITED,Shuffle Energy Limited,U ENERGY GROUP LIMITED","Z1:500,Z2:500,Z3:500,Z4:500,Z5:500,Z6:500,Z7:500,Z8:500,Z9:500,Z10:500,Z11:500,Z12:500"
19,08/05/2026 12:00,Downwards,Energy,08/05/2026,19:30,20:00,18:30,19:00,500,Live,0,All Participants,"INFINIS LIMITED,EQUIWATT LIMITED,OCTOPUS ENERGY LIMITED,OAKTREE POWER LIMITED,Shuffle Energy Limited,U ENERGY GROUP LIMITED","Z1:500,Z2:500,Z3:500,Z4:500,Z5:500,Z6:500,Z7:500,Z8:500,Z9:500,Z10:500,Z11:500,Z12:500"
18,07/05/2026 12:00,Downwards,Energy,07/05/2026,15:00,15:30,14:00,14:30,500,Live,0,All Participants,"INFINIS LIMITED,EQUIWATT LIMITED,OCTOPUS ENERGY LIMITED,OAKTREE POWER LIMITED,Shuffle Energy Limited,U ENERGY GROUP LIMITED","Z1:0,Z2:0,Z3:0,Z4:500,Z5:500,Z6:500,Z7:500,Z8:500,Z9:500,Z10:500,Z11:500,Z12:500"
18,07/05/2026 12:00,Downwards,Energy,07/05/2026,15:30,16:00,14:30,15:00,500,Live,0,All Participants,"INFINIS LIMITED,EQUIWATT LIMITED,OCTOPUS ENERGY LIMITED,OAKTREE POWER LIMITED,Shuffle Energy Limited,U ENERGY GROUP LIMITED","Z1:0,Z2:0,Z3:0,Z4:500,Z5:500,Z6:500,Z7:500,Z8:500,Z9:500,Z10:500,Z11:500,Z12:500"
18,07/05/2026 12:00,Downwards,Energy,07/05/2026,16:00,16:30,15:00,15:30,500,Live,0,All Participants,"INFINIS LIMITED,EQUIWATT LIMITED,OCTOPUS ENERGY LIMITED,OAKTREE POWER LIMITED,Shuffle Energy Limited,U ENERGY GROUP LIMITED","Z1:0,Z2:0,Z3:0,Z4:500,Z5:500,Z6:500,Z7:500,Z8:500,Z9:500,Z10:500,Z11:500,Z12:500"
18,07/05/2026 12:00,Downwards,Energy,07/05/2026,16:30,17:00,15:30,16:00,500,Live,0,All Participants,"INFINIS LIMITED,EQUIWATT LIMITED,OCTOPUS ENERGY LIMITED,OAKTREE POWER LIMITED,Shuffle Energy Limited,U ENERGY GROUP LIMITED","Z1:0,Z2:0,Z3:0,Z4:500,Z5:500,Z6:500,Z7:500,Z8:500,Z9:500,Z10:500,Z11:500,Z12:500"
18,07/05/2026 12:00,Downwards,Energy,07/05/2026,17:00,17:30,16:00,16:30,500,Live,0,All Participants,"INFINIS LIMITED,EQUIWATT LIMITED,OCTOPUS ENERGY LIMITED,OAKTREE POWER LIMITED,Shuffle Energy Limited,U ENERGY GROUP LIMITED","Z1:0,Z2:0,Z3:0,Z4:500,Z5:500,Z6:500,Z7:500,Z8:500,Z9:500,Z10:500,Z11:500,Z12:500"
18,07/05/2026 12:00,Downwards,Energy,07/05/2026,17:30,18:00,16:30,17:00,500,Live,0,All Participants,"INFINIS LIMITED,EQUIWATT LIMITED,OCTOPUS ENERGY LIMITED,OAKTREE POWER LIMITED,Shuffle Energy Limited,U ENERGY GROUP LIMITED","Z1:0,Z2:0,Z3:0,Z4:500,Z5:500,Z6:500,Z7:500,Z8:500,Z9:500,Z10:500,Z11:500,Z12:500"
18,07/05/2026 12:00,Downwards,Energy,07/05/2026,18:00,18:30,17:00,17:30,500,Live,0,All Participants,"INFINIS LIMITED,EQUIWATT LIMITED,OCTOPUS ENERGY LIMITED,OAKTREE POWER LIMITED,Shuffle Energy Limited,U ENERGY GROUP LIMITED","Z1:0,Z2:0,Z3:0,Z4:500,Z5:500,Z6:500,Z7:500,Z8:500,Z9:500,Z10:500,Z11:500,Z12:500"
18,07/05/2026 12:00,Downwards,Energy,07/05/2026,18:30,19:00,17:30,18:00,500,Live,0,All Participants,"INFINIS LIMITED,EQUIWATT LIMITED,OCTOPUS ENERGY LIMITED,OAKTREE POWER LIMITED,Shuffle Energy Limited,U ENERGY GROUP LIMITED","Z1:0,Z2:0,Z3:0,Z4:500,Z5:500,Z6:500,Z7:500,Z8:500,Z9:500,Z10:500,Z11:500,Z12:500"
18,07/05/2026 12:00,Downwards,Energy,07/05/2026,19:00,19:30,18:00,18:30,500,Live,0,All Participants,"INFINIS LIMITED,EQUIWATT LIMITED,OCTOPUS ENERGY LIMITED,OAKTREE POWER LIMITED,Shuffle Energy Limited,U ENERGY GROUP LIMITED","Z1:0,Z2:0,Z3:0,Z4:500,Z5:500,Z6:500,Z7:500,Z8:500,Z9:500,Z10:500,Z11:500,Z12:500"
18,07/05/2026 12:00,Downwards,Energy,07/05/2026,19:30,20:00,18:30,19:00,500,Live,0,All Participants,"INFINIS LIMITED,EQUIWATT LIMITED,OCTOPUS ENERGY LIMITED,OAKTREE POWER LIMITED,Shuffle Energy Limited,U ENERGY GROUP LIMITED","Z1:0,Z2:0,Z3:0,Z4:500,Z5:500,Z6:500,Z7:500,Z8:500,Z9:500,Z10:500,Z11:500,Z12:500"
18,07/05/2026 12:00,Downwards,Energy,07/05/2026,20:00,20:30,19:00,19:30,500,Live,0,All Participants,"INFINIS LIMITED,EQUIWATT LIMITED,OCTOPUS ENERGY LIMITED,OAKTREE POWER LIMITED,Shuffle Energy Limited,U ENERGY GROUP LIMITED","Z1:0,Z2:0,Z3:0,Z4:500,Z5:500,Z6:500,Z7:500,Z8:500,Z9:500,Z10:500,Z11:500,Z12:500"
18,07/05/2026 12:00,Downwards,Energy,07/05/2026,20:30,21:00,19:30,20:00,500,Live,0,All Participants,"INFINIS LIMITED,EQUIWATT LIMITED,OCTOPUS ENERGY LIMITED,OAKTREE POWER LIMITED,Shuffle Energy Limited,U ENERGY GROUP LIMITED","Z1:0,Z2:0,Z3:0,Z4:500,Z5:500,Z6:500,Z7:500,Z8:500,Z9:500,Z10:500,Z11:500,Z12:500"
18,07/05/2026 12:00,Downwards,Energy,07/05/2026,21:00,21:30,20:00,20:30,500,Live,0,All Participants,"INFINIS LIMITED,EQUIWATT LIMITED,OCTOPUS ENERGY LIMITED,OAKTREE POWER LIMITED,Shuffle Energy Limited,U ENERGY GROUP LIMITED","Z1:0,Z2:0,Z3:0,Z4:500,Z5:500,Z6:500,Z7:500,Z8:500,Z9:500,Z10:500,Z11:500,Z12:500"
18,07/05/2026 12:00,Downwards,Energy,07/05/2026,21:30,22:00,20:30,21:00,500,Live,0,All Participants,"INFINIS LIMITED,EQUIWATT LIMITED,OCTOPUS ENERGY LIMITED,OAKTREE POWER LIMITED,Shuffle Energy Limited,U ENERGY GROUP LIMITED","Z1:0,Z2:0,Z3:0,Z4:500,Z5:500,Z6:500,Z7:500,Z8:500,Z9:500,Z10:500,Z11:500,Z12:500"
17,06/05/2026 12:00,Downwards,Energy,06/05/2026,18:00,18:30,17:00,17:30,500,Live,0,All Participants,"INFINIS LIMITED,EQUIWATT LIMITED,OCTOPUS ENERGY LIMITED,OAKTREE POWER LIMITED,Shuffle Energy Limited,U ENERGY GROUP LIMITED","Z1:500,Z2:500,Z3:500,Z4:500,Z5:500,Z6:500,Z7:500,Z8:500,Z9:500,Z10:500,Z11:500,Z12:500"
17,06/05/2026 12:00,Downwards,Energy,06/05/2026,18:30,19:00,17:30,18:00,500,Live,0,All Participants,"INFINIS LIMITED,EQUIWATT LIMITED,OCTOPUS ENERGY LIMITED,OAKTREE POWER LIMITED,Shuffle Energy Limited,U ENERGY GROUP LIMITED","Z1:500,Z2:500,Z3:500,Z4:500,Z5:500,Z6:500,Z7:500,Z8:500,Z9:500,Z10:500,Z11:500,Z12:500"
17,06/05/2026 12:00,Downwards,Energy,06/05/2026,19:00,19:30,18:00,18:30,500,Live,0,All Participants,"INFINIS LIMITED,EQUIWATT LIMITED,OCTOPUS ENERGY LIMITED,OAKTREE POWER LIMITED,Shuffle Energy Limited,U ENERGY GROUP LIMITED","Z1:500,Z2:500,Z3:500,Z4:500,Z5:500,Z6:500,Z7:500,Z8:500,Z9:500,Z10:500,Z11:500,Z12:500"
17,06/05/2026 12:00,Downwards,Energy,06/05/2026,19:30,20:00,18:30,19:00,500,Live,0,All Participants,"INFINIS LIMITED,EQUIWATT LIMITED,OCTOPUS ENERGY LIMITED,OAKTREE POWER LIMITED,Shuffle Energy Limited,U ENERGY GROUP LIMITED","Z1:500,Z2:500,Z3:500,Z4:500,Z5:500,Z6:500,Z7:500,Z8:500,Z9:500,Z10:500,Z11:500,Z12:500"
17,06/05/2026 12:00,Downwards,Energy,06/05/2026,20:00,20:30,19:00,19:30,500,Live,0,All Participants,"INFINIS LIMITED,EQUIWATT LIMITED,OCTOPUS ENERGY LIMITED,OAKTREE POWER LIMITED,Shuffle Energy Limited,U ENERGY GROUP LIMITED","Z1:500,Z2:500,Z3:500,Z4:500,Z5:500,Z6:500,Z7:500,Z8:500,Z9:500,Z10:500,Z11:500,Z12:500"
17,06/05/2026 12:00,Downwards,Energy,06/05/2026,20:30,21:00,19:30,20:00,500,Live,0,All Participants,"INFINIS LIMITED,EQUIWATT LIMITED,OCTOPUS ENERGY LIMITED,OAKTREE POWER LIMITED,Shuffle Energy Limited,U ENERGY GROUP LIMITED","Z1:500,Z2:500,Z3:500,Z4:500,Z5:500,Z6:500,Z7:500,Z8:500,Z9:500,Z10:500,Z11:500,Z12:500"
17,06/05/2026 12:00,Downwards,Energy,06/05/2026,21:00,21:30,20:00,20:30,500,Live,0,All Participants,"INFINIS LIMITED,EQUIWATT LIMITED,OCTOPUS ENERGY LIMITED,OAKTREE POWER LIMITED,Shuffle Energy Limited,U ENERGY GROUP LIMITED","Z1:500,Z2:500,Z3:500,Z4:500,Z5:500,Z6:500,Z7:500,Z8:500,Z9:500,Z10:500,Z11:500,Z12:500"
17,06/05/2026 12:00,Downwards,Energy,06/05/2026,21:30,22:00,20:30,21:00,500,Live,0,All Participants,"INFINIS LIMITED,EQUIWATT LIMITED,OCTOPUS ENERGY LIMITED,OAKTREE POWER LIMITED,Shuffle Energy Limited,U ENERGY GROUP LIMITED","Z1:500,Z2:500,Z3:500,Z4:500,Z5:500,Z6:500,Z7:500,Z8:500,Z9:500,Z10:500,Z11:500,Z12:500"
16,02/05/2026 10:00,Upwards,Energy,02/05/2026,11:00,11:30,10:00,10:30,500,Live,0,All Participants,"INFINIS LIMITED,EQUIWATT LIMITED,OCTOPUS ENERGY LIMITED,OAKTREE POWER LIMITED,U ENERGY GROUP LIMITED","Z1:500,Z2:500,Z3:500,Z4:500,Z5:500,Z6:500,Z7:500,Z8:500,Z9:500,Z10:500,Z11:500,Z12:500"
16,02/05/2026 10:00,Upwards,Energy,02/05/2026,11:30,12:00,10:30,11:00,500,Live,0,All Participants,"INFINIS LIMITED,EQUIWATT LIMITED,OCTOPUS ENERGY LIMITED,OAKTREE POWER LIMITED,U ENERGY GROUP LIMITED","Z1:500,Z2:500,Z3:500,Z4:500,Z5:500,Z6:500,Z7:500,Z8:500,Z9:500,Z10:500,Z11:500,Z12:500"
16,02/05/2026 10:00,Upwards,Energy,02/05/2026,12:00,12:30,11:00,11:30,500,Live,0,All Participants,"INFINIS LIMITED,EQUIWATT LIMITED,OCTOPUS ENERGY LIMITED,OAKTREE POWER LIMITED,U ENERGY GROUP LIMITED","Z1:500,Z2:500,Z3:500,Z4:500,Z5:500,Z6:500,Z7:500,Z8:500,Z9:500,Z10:500,Z11:500,Z12:500"
16,02/05/2026 10:00,Upwards,Energy,02/05/2026,12:30,13:00,11:30,12:00,500,Live,0,All Participants,"INFINIS LIMITED,EQUIWATT LIMITED,OCTOPUS ENERGY LIMITED,OAKTREE POWER LIMITED,U ENERGY GROUP LIMITED","Z1:500,Z2:500,Z3:500,Z4:500,Z5:500,Z6:500,Z7:500,Z8:500,Z9:500,Z10:500,Z11:500,Z12:500"
16,02/05/2026 10:00,Upwards,Energy,02/05/2026,13:00,13:30,12:00,12:30,500,Live,0,All Participants,"INFINIS LIMITED,EQUIWATT LIMITED,OCTOPUS ENERGY LIMITED,OAKTREE POWER LIMITED,U ENERGY GROUP LIMITED","Z1:500,Z2:500,Z3:500,Z4:500,Z5:500,Z6:500,Z7:500,Z8:500,Z9:500,Z10:500,Z11:500,Z12:500"
16,02/05/2026 10:00,Upwards,Energy,02/05/2026,13:30,14:00,12:30,13:00,500,Live,0,All Participants,"INFINIS LIMITED,EQUIWATT LIMITED,OCTOPUS ENERGY LIMITED,OAKTREE POWER LIMITED,U ENERGY GROUP LIMITED","Z1:500,Z2:500,Z3:500,Z4:500,Z5:500,Z6:500,Z7:500,Z8:500,Z9:500,Z10:500,Z11:500,Z12:500"
16,02/05/2026 10:00,Upwards,Energy,02/05/2026,14:00,14:30,13:00,13:30,500,Live,0,All Participants,"INFINIS LIMITED,EQUIWATT LIMITED,OCTOPUS ENERGY LIMITED,OAKTREE POWER LIMITED,U ENERGY GROUP LIMITED","Z1:500,Z2:500,Z3:500,Z4:500,Z5:500,Z6:500,Z7:500,Z8:500,Z9:500,Z10:500,Z11:500,Z12:500"
16,02/05/2026 10:00,Upwards,Energy,02/05/2026,14:30,15:00,13:30,14:00,500,Live,0,All Participants,"INFINIS LIMITED,EQUIWATT LIMITED,OCTOPUS ENERGY LIMITED,OAKTREE POWER LIMITED,U ENERGY GROUP LIMITED","Z1:500,Z2:500,Z3:500,Z4:500,Z5:500,Z6:500,Z7:500,Z8:500,Z9:500,Z10:500,Z11:500,Z12:500"
16,02/05/2026 10:00,Upwards,Energy,02/05/2026,15:00,15:30,14:00,14:30,500,Live,0,All Participants,"INFINIS LIMITED,EQUIWATT LIMITED,OCTOPUS ENERGY LIMITED,OAKTREE POWER LIMITED,U ENERGY GROUP LIMITED","Z1:500,Z2:500,Z3:500,Z4:500,Z5:500,Z6:500,Z7:500,Z8:500,Z9:500,Z10:500,Z11:500,Z12:500"
16,02/05/2026 10:00,Upwards,Energy,02/05/2026,15:30,16:00,14:30,15:00,500,Live,0,All Participants,"INFINIS LIMITED,EQUIWATT LIMITED,OCTOPUS ENERGY LIMITED,OAKTREE POWER LIMITED,U ENERGY GROUP LIMITED","Z1:500,Z2:500,Z3:500,Z4:500,Z5:500,Z6:500,Z7:500,Z8:500,Z9:500,Z10:500,Z11:500,Z12:500"
15,01/05/2026 10:00,Upwards,Energy,01/05/2026,12:00,12:30,11:00,11:30,500,Live,0,All Participants,"INFINIS LIMITED,EQUIWATT LIMITED,OCTOPUS ENERGY LIMITED,OAKTREE POWER LIMITED,U ENERGY GROUP LIMITED","Z1:500,Z2:500,Z3:500,Z4:500,Z5:500,Z6:500,Z7:500,Z8:500,Z9:500,Z10:500,Z11:500,Z12:500"
15,01/05/2026 10:00,Upwards,Energy,01/05/2026,12:30,13:00,11:30,12:00,500,Live,0,All Participants,"INFINIS LIMITED,EQUIWATT LIMITED,OCTOPUS ENERGY LIMITED,OAKTREE POWER LIMITED,U ENERGY GROUP LIMITED","Z1:500,Z2:500,Z3:500,Z4:500,Z5:500,Z6:500,Z7:500,Z8:500,Z9:500,Z10:500,Z11:500,Z12:500"
15,01/05/2026 10:00,Upwards,Energy,01/05/2026,13:00,13:30,12:00,12:30,500,Live,0,All Participants,"INFINIS LIMITED,EQUIWATT LIMITED,OCTOPUS ENERGY LIMITED,OAKTREE POWER LIMITED,U ENERGY GROUP LIMITED","Z1:500,Z2:500,Z3:500,Z4:500,Z5:500,Z6:500,Z7:500,Z8:500,Z9:500,Z10:500,Z11:500,Z12:500"
15,01/05/2026 10:00,Upwards,Energy,01/05/2026,13:30,14:00,12:30,13:00,500,Live,0,All Participants,"INFINIS LIMITED,EQUIWATT LIMITED,OCTOPUS ENERGY LIMITED,OAKTREE POWER LIMITED,U ENERGY GROUP LIMITED","Z1:500,Z2:500,Z3:500,Z4:500,Z5:500,Z6:500,Z7:500,Z8:500,Z9:500,Z10:500,Z11:500,Z12:500"
15,01/05/2026 10:00,Upwards,Energy,01/05/2026,14:00,14:30,13:00,13:30,500,Live,0,All Participants,"INFINIS LIMITED,EQUIWATT LIMITED,OCTOPUS ENERGY LIMITED,OAKTREE POWER LIMITED,U ENERGY GROUP LIMITED","Z1:500,Z2:500,Z3:500,Z4:500,Z5:500,Z6:500,Z7:500,Z8:500,Z9:500,Z10:500,Z11:500,Z12:500"
15,01/05/2026 10:00,Upwards,Energy,01/05/2026,14:30,15:00,13:30,14:00,500,Live,0,All Participants,"INFINIS LIMITED,EQUIWATT LIMITED,OCTOPUS ENERGY LIMITED,OAKTREE POWER LIMITED,U ENERGY GROUP LIMITED","Z1:500,Z2:500,Z3:500,Z4:500,Z5:500,Z6:500,Z7:500,Z8:500,Z9:500,Z10:500,Z11:500,Z12:500"
15,01/05/2026 10:00,Upwards,Energy,01/05/2026,15:00,15:30,14:00,14:30,500,Live,0,All Participants,"INFINIS LIMITED,EQUIWATT LIMITED,OCTOPUS ENERGY LIMITED,OAKTREE POWER LIMITED,U ENERGY GROUP LIMITED","Z1:500,Z2:500,Z3:500,Z4:500,Z5:500,Z6:500,Z7:500,Z8:500,Z9:500,Z10:500,Z11:500,Z12:500"
15,01/05/2026 10:00,Upwards,Energy,01/05/2026,15:30,16:00,14:30,15:00,500,Live,0,All Participants,"INFINIS LIMITED,EQUIWATT LIMITED,OCTOPUS ENERGY LIMITED,OAKTREE POWER LIMITED,U ENERGY GROUP LIMITED","Z1:500,Z2:500,Z3:500,Z4:500,Z5:500,Z6:500,Z7:500,Z8:500,Z9:500,Z10:500,Z11:500,Z12:500"
14,30/04/2026 10:00,Upwards,Energy,30/04/2026,12:00,12:30,11:00,11:30,500,Live,0,All Participants,"INFINIS LIMITED,EQUIWATT LIMITED,OCTOPUS ENERGY LIMITED,OAKTREE POWER LIMITED,U ENERGY GROUP LIMITED","Z1:500,Z2:500,Z3:500,Z4:500,Z5:500,Z6:500,Z7:500,Z8:500,Z9:500,Z10:500,Z11:500,Z12:500"
14,30/04/2026 10:00,Upwards,Energy,30/04/2026,12:30,13:00,11:30,12:00,500,Live,0,All Participants,"INFINIS LIMITED,EQUIWATT LIMITED,OCTOPUS ENERGY LIMITED,OAKTREE POWER LIMITED,U ENERGY GROUP LIMITED","Z1:500,Z2:500,Z3:500,Z4:500,Z5:500,Z6:500,Z7:500,Z8:500,Z9:500,Z10:500,Z11:500,Z12:500"
14,30/04/2026 10:00,Upwards,Energy,30/04/2026,13:00,13:30,12:00,12:30,500,Live,0,All Participants,"INFINIS LIMITED,EQUIWATT LIMITED,OCTOPUS ENERGY LIMITED,OAKTREE POWER LIMITED,U ENERGY GROUP LIMITED","Z1:500,Z2:500,Z3:500,Z4:500,Z5:500,Z6:500,Z7:500,Z8:500,Z9:500,Z10:500,Z11:500,Z12:500"
14,30/04/2026 10:00,Upwards,Energy,30/04/2026,13:30,14:00,12:30,13:00,500,Live,0,All Participants,"INFINIS LIMITED,EQUIWATT LIMITED,OCTOPUS ENERGY LIMITED,OAKTREE POWER LIMITED,U ENERGY GROUP LIMITED","Z1:500,Z2:500,Z3:500,Z4:500,Z5:500,Z6:500,Z7:500,Z8:500,Z9:500,Z10:500,Z11:500,Z12:500"
14,30/04/2026 10:00,Upwards,Energy,30/04/2026,14:00,14:30,13:00,13:30,500,Live,0,All Participants,"INFINIS LIMITED,EQUIWATT LIMITED,OCTOPUS ENERGY LIMITED,OAKTREE POWER LIMITED,U ENERGY GROUP LIMITED","Z1:500,Z2:500,Z3:500,Z4:500,Z5:500,Z6:500,Z7:500,Z8:500,Z9:500,Z10:500,Z11:500,Z12:500"
14,30/04/2026 10:00,Upwards,Energy,30/04/2026,14:30,15:00,13:30,14:00,500,Live,0,All Participants,"INFINIS LIMITED,EQUIWATT LIMITED,OCTOPUS ENERGY LIMITED,OAKTREE POWER LIMITED,U ENERGY GROUP LIMITED","Z1:500,Z2:500,Z3:500,Z4:500,Z5:500,Z6:500,Z7:500,Z8:500,Z9:500,Z10:500,Z11:500,Z12:500"
14,30/04/2026 10:00,Upwards,Energy,30/04/2026,15:00,15:30,14:00,14:30,500,Live,0,All Participants,"INFINIS LIMITED,EQUIWATT LIMITED,OCTOPUS ENERGY LIMITED,OAKTREE POWER LIMITED,U ENERGY GROUP LIMITED","Z1:500,Z2:500,Z3:500,Z4:500,Z5:500,Z6:500,Z7:500,Z8:500,Z9:500,Z10:500,Z11:500,Z12:500"
14,30/04/2026 10:00,Upwards,Energy,30/04/2026,15:30,16:00,14:30,15:00,500,Live,0,All Participants,"INFINIS LIMITED,EQUIWATT LIMITED,OCTOPUS ENERGY LIMITED,OAKTREE POWER LIMITED,U ENERGY GROUP LIMITED","Z1:500,Z2:500,Z3:500,Z4:500,Z5:500,Z6:500,Z7:500,Z8:500,Z9:500,Z10:500,Z11:500,Z12:500"
13,29/04/2026 10:00,Upwards,Energy,29/04/2026,11:00,11:30,10:00,10:30,500,Live,0,All Participants,"INFINIS LIMITED,EQUIWATT LIMITED,OCTOPUS ENERGY LIMITED,OAKTREE POWER LIMITED,U ENERGY GROUP LIMITED","Z1:500,Z2:500,Z3:500,Z4:500,Z5:500,Z6:500,Z7:500,Z8:500,Z9:500,Z10:500,Z11:500,Z12:500"
13,29/04/2026 10:00,Upwards,Energy,29/04/2026,11:30,12:00,10:30,11:00,500,Live,0,All Participants,"INFINIS LIMITED,EQUIWATT LIMITED,OCTOPUS ENERGY LIMITED,OAKTREE POWER LIMITED,U ENERGY GROUP LIMITED","Z1:500,Z2:500,Z3:500,Z4:500,Z5:500,Z6:500,Z7:500,Z8:500,Z9:500,Z10:500,Z11:500,Z12:500"
13,29/04/2026 10:00,Upwards,Energy,29/04/2026,12:00,12:30,11:00,11:30,500,Live,0,All Participants,"INFINIS LIMITED,EQUIWATT LIMITED,OCTOPUS ENERGY LIMITED,OAKTREE POWER LIMITED,U ENERGY GROUP LIMITED","Z1:500,Z2:500,Z3:500,Z4:500,Z5:500,Z6:500,Z7:500,Z8:500,Z9:500,Z10:500,Z11:500,Z12:500"
13,29/04/2026 10:00,Upwards,Energy,29/04/2026,12:30,13:00,11:30,12:00,500,Live,0,All Participants,"INFINIS LIMITED,EQUIWATT LIMITED,OCTOPUS ENERGY LIMITED,OAKTREE POWER LIMITED,U ENERGY GROUP LIMITED","Z1:500,Z2:500,Z3:500,Z4:500,Z5:500,Z6:500,Z7:500,Z8:500,Z9:500,Z10:500,Z11:500,Z12:500"
13,29/04/2026 10:00,Upwards,Energy,29/04/2026,13:00,13:30,12:00,12:30,500,Live,0,All Participants,"INFINIS LIMITED,EQUIWATT LIMITED,OCTOPUS ENERGY LIMITED,OAKTREE POWER LIMITED,U ENERGY GROUP LIMITED","Z1:500,Z2:500,Z3:500,Z4:500,Z5:500,Z6:500,Z7:500,Z8:500,Z9:500,Z10:500,Z11:500,Z12:500"
13,29/04/2026 10:00,Upwards,Energy,29/04/2026,13:30,14:00,12:30,13:00,500,Live,0,All Participants,"INFINIS LIMITED,EQUIWATT LIMITED,OCTOPUS ENERGY LIMITED,OAKTREE POWER LIMITED,U ENERGY GROUP LIMITED","Z1:500,Z2:500,Z3:500,Z4:500,Z5:500,Z6:500,Z7:500,Z8:500,Z9:500,Z10:500,Z11:500,Z12:500"
13,29/04/2026 10:00,Upwards,Energy,29/04/2026,14:00,14:30,13:00,13:30,500,Live,0,All Participants,"INFINIS LIMITED,EQUIWATT LIMITED,OCTOPUS ENERGY LIMITED,OAKTREE POWER LIMITED,U ENERGY GROUP LIMITED","Z1:500,Z2:500,Z3:500,Z4:500,Z5:500,Z6:500,Z7:500,Z8:500,Z9:500,Z10:500,Z11:500,Z12:500"
13,29/04/2026 10:00,Upwards,Energy,29/04/2026,14:30,15:00,13:30,14:00,500,Live,0,All Participants,"INFINIS LIMITED,EQUIWATT LIMITED,OCTOPUS ENERGY LIMITED,OAKTREE POWER LIMITED,U ENERGY GROUP LIMITED","Z1:500,Z2:500,Z3:500,Z4:500,Z5:500,Z6:500,Z7:500,Z8:500,Z9:500,Z10:500,Z11:500,Z12:500"
13,29/04/2026 10:00,Upwards,Energy,29/04/2026,15:00,15:30,14:00,14:30,500,Live,0,All Participants,"INFINIS LIMITED,EQUIWATT LIMITED,OCTOPUS ENERGY LIMITED,OAKTREE POWER LIMITED,U ENERGY GROUP LIMITED","Z1:500,Z2:500,Z3:500,Z4:500,Z5:500,Z6:500,Z7:500,Z8:500,Z9:500,Z10:500,Z11:500,Z12:500"
13,29/04/2026 10:00,Upwards,Energy,29/04/2026,15:30,16:00,14:30,15:00,500,Live,0,All Participants,"INFINIS LIMITED,EQUIWATT LIMITED,OCTOPUS ENERGY LIMITED,OAKTREE POWER LIMITED,U ENERGY GROUP LIMITED","Z1:500,Z2:500,Z3:500,Z4:500,Z5:500,Z6:500,Z7:500,Z8:500,Z9:500,Z10:500,Z11:500,Z12:500"
12,27/04/2026 12:00,Downwards,Energy,27/04/2026,17:00,17:30,16:00,16:30,500,Live,0,All Participants,"INFINIS LIMITED,EQUIWATT LIMITED,OCTOPUS ENERGY LIMITED,OAKTREE POWER LIMITED,U ENERGY GROUP LIMITED","Z1:500,Z2:500,Z3:500,Z4:500,Z5:500,Z6:500,Z7:500,Z8:500,Z9:500,Z10:500,Z11:500,Z12:500"
12,27/04/2026 12:00,Downwards,Energy,27/04/2026,17:30,18:00,16:30,17:00,500,Live,0,All Participants,"INFINIS LIMITED,EQUIWATT LIMITED,OCTOPUS ENERGY LIMITED,OAKTREE POWER LIMITED,U ENERGY GROUP LIMITED","Z1:500,Z2:500,Z3:500,Z4:500,Z5:500,Z6:500,Z7:500,Z8:500,Z9:500,Z10:500,Z11:500,Z12:500"
12,27/04/2026 12:00,Downwards,Energy,27/04/2026,18:00,18:30,17:00,17:30,500,Live,0,All Participants,"INFINIS LIMITED,EQUIWATT LIMITED,OCTOPUS ENERGY LIMITED,OAKTREE POWER LIMITED,U ENERGY GROUP LIMITED","Z1:500,Z2:500,Z3:500,Z4:500,Z5:500,Z6:500,Z7:500,Z8:500,Z9:500,Z10:500,Z11:500,Z12:500"
12,27/04/2026 12:00,Downwards,Energy,27/04/2026,18:30,19:00,17:30,18:00,500,Live,0,All Participants,"INFINIS LIMITED,EQUIWATT LIMITED,OCTOPUS ENERGY LIMITED,OAKTREE POWER LIMITED,U ENERGY GROUP LIMITED","Z1:500,Z2:500,Z3:500,Z4:500,Z5:500,Z6:500,Z7:500,Z8:500,Z9:500,Z10:500,Z11:500,Z12:500"
12,27/04/2026 12:00,Downwards,Energy,27/04/2026,19:00,19:30,18:00,18:30,500,Live,0,All Participants,"INFINIS LIMITED,EQUIWATT LIMITED,OCTOPUS ENERGY LIMITED,OAKTREE POWER LIMITED,U ENERGY GROUP LIMITED","Z1:500,Z2:500,Z3:500,Z4:500,Z5:500,Z6:500,Z7:500,Z8:500,Z9:500,Z10:500,Z11:500,Z12:500"
12,27/04/2026 12:00,Downwards,Energy,27/04/2026,19:30,20:00,18:30,19:00,500,Live,0,All Participants,"INFINIS LIMITED,EQUIWATT LIMITED,OCTOPUS ENERGY LIMITED,OAKTREE POWER LIMITED,U ENERGY GROUP LIMITED","Z1:500,Z2:500,Z3:500,Z4:500,Z5:500,Z6:500,Z7:500,Z8:500,Z9:500,Z10:500,Z11:500,Z12:500"
12,27/04/2026 12:00,Downwards,Energy,27/04/2026,20:00,20:30,19:00,19:30,500,Live,0,All Participants,"INFINIS LIMITED,EQUIWATT LIMITED,OCTOPUS ENERGY LIMITED,OAKTREE POWER LIMITED,U ENERGY GROUP LIMITED","Z1:500,Z2:500,Z3:500,Z4:500,Z5:500,Z6:500,Z7:500,Z8:500,Z9:500,Z10:500,Z11:500,Z12:500"
12,27/04/2026 12:00,Downwards,Energy,27/04/2026,20:30,21:00,19:30,20:00,500,Live,0,All Participants,"INFINIS LIMITED,EQUIWATT LIMITED,OCTOPUS ENERGY LIMITED,OAKTREE POWER LIMITED,U ENERGY GROUP LIMITED","Z1:500,Z2:500,Z3:500,Z4:500,Z5:500,Z6:500,Z7:500,Z8:500,Z9:500,Z10:500,Z11:500,Z12:500"
11,26/04/2026 12:15,Downwards,Energy,26/04/2026,18:00,18:30,17:00,17:30,500,Live,0,All Participants,"INFINIS LIMITED,EQUIWATT LIMITED,OCTOPUS ENERGY LIMITED,OAKTREE POWER LIMITED,U ENERGY GROUP LIMITED","Z1:500,Z2:500,Z3:500,Z4:500,Z5:500,Z6:500,Z7:500,Z8:500,Z9:500,Z10:500,Z11:500,Z12:500"
11,26/04/2026 12:15,Downwards,Energy,26/04/2026,18:30,19:00,17:30,18:00,500,Live,0,All Participants,"INFINIS LIMITED,EQUIWATT LIMITED,OCTOPUS ENERGY LIMITED,OAKTREE POWER LIMITED,U ENERGY GROUP LIMITED","Z1:500,Z2:500,Z3:500,Z4:500,Z5:500,Z6:500,Z7:500,Z8:500,Z9:500,Z10:500,Z11:500,Z12:500"
11,26/04/2026 12:15,Downwards,Energy,26/04/2026,19:00,19:30,18:00,18:30,500,Live,0,All Participants,"INFINIS LIMITED,EQUIWATT LIMITED,OCTOPUS ENERGY LIMITED,OAKTREE POWER LIMITED,U ENERGY GROUP LIMITED","Z1:500,Z2:500,Z3:500,Z4:500,Z5:500,Z6:500,Z7:500,Z8:500,Z9:500,Z10:500,Z11:500,Z12:500"
11,26/04/2026 12:15,Downwards,Energy,26/04/2026,19:30,20:00,18:30,19:00,500,Live,0,All Participants,"INFINIS LIMITED,EQUIWATT LIMITED,OCTOPUS ENERGY LIMITED,OAKTREE POWER LIMITED,U ENERGY GROUP LIMITED","Z1:500,Z2:500,Z3:500,Z4:500,Z5:500,Z6:500,Z7:500,Z8:500,Z9:500,Z10:500,Z11:500,Z12:500"
11,26/04/2026 12:15,Downwards,Energy,26/04/2026,20:00,20:30,19:00,19:30,500,Live,0,All Participants,"INFINIS LIMITED,EQUIWATT LIMITED,OCTOPUS ENERGY LIMITED,OAKTREE POWER LIMITED,U ENERGY GROUP LIMITED","Z1:500,Z2:500,Z3:500,Z4:500,Z5:500,Z6:500,Z7:500,Z8:500,Z9:500,Z10:500,Z11:500,Z12:500"
11,26/04/2026 12:15,Downwards,Energy,26/04/2026,20:30,21:00,19:30,20:00,500,Live,0,All Participants,"INFINIS LIMITED,EQUIWATT LIMITED,OCTOPUS ENERGY LIMITED,OAKTREE POWER LIMITED,U ENERGY GROUP LIMITED","Z1:500,Z2:500,Z3:500,Z4:500,Z5:500,Z6:500,Z7:500,Z8:500,Z9:500,Z10:500,Z11:500,Z12:500"
11,26/04/2026 12:15,Downwards,Energy,26/04/2026,21:00,21:30,20:00,20:30,500,Live,0,All Participants,"INFINIS LIMITED,EQUIWATT LIMITED,OCTOPUS ENERGY LIMITED,OAKTREE POWER LIMITED,U ENERGY GROUP LIMITED","Z1:500,Z2:500,Z3:500,Z4:500,Z5:500,Z6:500,Z7:500,Z8:500,Z9:500,Z10:500,Z11:500,Z12:500"
11,26/04/2026 12:15,Downwards,Energy,26/04/2026,21:30,22:00,20:30,21:00,500,Live,0,All Participants,"INFINIS LIMITED,EQUIWATT LIMITED,OCTOPUS ENERGY LIMITED,OAKTREE POWER LIMITED,U ENERGY GROUP LIMITED","Z1:500,Z2:500,Z3:500,Z4:500,Z5:500,Z6:500,Z7:500,Z8:500,Z9:500,Z10:500,Z11:500,Z12:500"
10,26/04/2026 10:00,Upwards,Energy,26/04/2026,11:00,11:30,10:00,10:30,500,Live,0,All Participants,"INFINIS LIMITED,EQUIWATT LIMITED,OCTOPUS ENERGY LIMITED,OAKTREE POWER LIMITED,U ENERGY GROUP LIMITED","Z1:500,Z2:500,Z3:500,Z4:500,Z5:500,Z6:500,Z7:500,Z8:500,Z9:500,Z10:500,Z11:500,Z12:500"
10,26/04/2026 10:00,Upwards,Energy,26/04/2026,11:30,12:00,10:30,11:00,500,Live,0,All Participants,"INFINIS LIMITED,EQUIWATT LIMITED,OCTOPUS ENERGY LIMITED,OAKTREE POWER LIMITED,U ENERGY GROUP LIMITED","Z1:500,Z2:500,Z3:500,Z4:500,Z5:500,Z6:500,Z7:500,Z8:500,Z9:500,Z10:500,Z11:500,Z12:500"
10,26/04/2026 10:00,Upwards,Energy,26/04/2026,12:00,12:30,11:00,11:30,500,Live,0,All Participants,"INFINIS LIMITED,EQUIWATT LIMITED,OCTOPUS ENERGY LIMITED,OAKTREE POWER LIMITED,U ENERGY GROUP LIMITED","Z1:500,Z2:500,Z3:500,Z4:500,Z5:500,Z6:500,Z7:500,Z8:500,Z9:500,Z10:500,Z11:500,Z12:500"
10,26/04/2026 10:00,Upwards,Energy,26/04/2026,12:30,13:00,11:30,12:00,500,Live,0,All Participants,"INFINIS LIMITED,EQUIWATT LIMITED,OCTOPUS ENERGY LIMITED,OAKTREE POWER LIMITED,U ENERGY GROUP LIMITED","Z1:500,Z2:500,Z3:500,Z4:500,Z5:500,Z6:500,Z7:500,Z8:500,Z9:500,Z10:500,Z11:500,Z12:500"
10,26/04/2026 10:00,Upwards,Energy,26/04/2026,13:00,13:30,12:00,12:30,500,Live,0,All Participants,"INFINIS LIMITED,EQUIWATT LIMITED,OCTOPUS ENERGY LIMITED,OAKTREE POWER LIMITED,U ENERGY GROUP LIMITED","Z1:500,Z2:500,Z3:500,Z4:500,Z5:500,Z6:500,Z7:500,Z8:500,Z9:500,Z10:500,Z11:500,Z12:500"
10,26/04/2026 10:00,Upwards,Energy,26/04/2026,13:30,14:00,12:30,13:00,500,Live,0,All Participants,"INFINIS LIMITED,EQUIWATT LIMITED,OCTOPUS ENERGY LIMITED,OAKTREE POWER LIMITED,U ENERGY GROUP LIMITED","Z1:500,Z2:500,Z3:500,Z4:500,Z5:500,Z6:500,Z7:500,Z8:500,Z9:500,Z10:500,Z11:500,Z12:500"
10,26/04/2026 10:00,Upwards,Energy,26/04/2026,14:00,14:30,13:00,13:30,500,Live,0,All Participants,"INFINIS LIMITED,EQUIWATT LIMITED,OCTOPUS ENERGY LIMITED,OAKTREE POWER LIMITED,U ENERGY GROUP LIMITED","Z1:500,Z2:500,Z3:500,Z4:500,Z5:500,Z6:500,Z7:500,Z8:500,Z9:500,Z10:500,Z11:500,Z12:500"
10,26/04/2026 10:00,Upwards,Energy,26/04/2026,14:30,15:00,13:30,14:00,500,Live,0,All Participants,"INFINIS LIMITED,EQUIWATT LIMITED,OCTOPUS ENERGY LIMITED,OAKTREE POWER LIMITED,U ENERGY GROUP LIMITED","Z1:500,Z2:500,Z3:500,Z4:500,Z5:500,Z6:500,Z7:500,Z8:500,Z9:500,Z10:500,Z11:500,Z12:500"
10,26/04/2026 10:00,Upwards,Energy,26/04/2026,15:00,15:30,14:00,14:30,500,Live,0,All Participants,"INFINIS LIMITED,EQUIWATT LIMITED,OCTOPUS ENERGY LIMITED,OAKTREE POWER LIMITED,U ENERGY GROUP LIMITED","Z1:500,Z2:500,Z3:500,Z4:500,Z5:500,Z6:500,Z7:500,Z8:500,Z9:500,Z10:500,Z11:500,Z12:500"
10,26/04/2026 10:00,Upwards,Energy,26/04/2026,15:30,16:00,14:30,15:00,500,Live,0,All Participants,"INFINIS LIMITED,EQUIWATT LIMITED,OCTOPUS ENERGY LIMITED,OAKTREE POWER LIMITED,U ENERGY GROUP LIMITED","Z1:500,Z2:500,Z3:500,Z4:500,Z5:500,Z6:500,Z7:500,Z8:500,Z9:500,Z10:500,Z11:500,Z12:500"
9,25/04/2026 10:15,Upwards,Energy,25/04/2026,11:00,11:30,10:00,10:30,500,Live,0,All Participants,"INFINIS LIMITED,EQUIWATT LIMITED,OCTOPUS ENERGY LIMITED,OAKTREE POWER LIMITED,U ENERGY GROUP LIMITED","Z1:500,Z2:500,Z3:500,Z4:500,Z5:500,Z6:500,Z7:500,Z8:500,Z9:500,Z10:500,Z11:500,Z12:500"
9,25/04/2026 10:15,Upwards,Energy,25/04/2026,11:30,12:00,10:30,11:00,500,Live,0,All Participants,"INFINIS LIMITED,EQUIWATT LIMITED,OCTOPUS ENERGY LIMITED,OAKTREE POWER LIMITED,U ENERGY GROUP LIMITED","Z1:500,Z2:500,Z3:500,Z4:500,Z5:500,Z6:500,Z7:500,Z8:500,Z9:500,Z10:500,Z11:500,Z12:500"
9,25/04/2026 10:15,Upwards,Energy,25/04/2026,12:00,12:30,11:00,11:30,500,Live,0,All Participants,"INFINIS LIMITED,EQUIWATT LIMITED,OCTOPUS ENERGY LIMITED,OAKTREE POWER LIMITED,U ENERGY GROUP LIMITED","Z1:500,Z2:500,Z3:500,Z4:500,Z5:500,Z6:500,Z7:500,Z8:500,Z9:500,Z10:500,Z11:500,Z12:500"
9,25/04/2026 10:15,Upwards,Energy,25/04/2026,12:30,13:00,11:30,12:00,500,Live,0,All Participants,"INFINIS LIMITED,EQUIWATT LIMITED,OCTOPUS ENERGY LIMITED,OAKTREE POWER LIMITED,U ENERGY GROUP LIMITED","Z1:500,Z2:500,Z3:500,Z4:500,Z5:500,Z6:500,Z7:500,Z8:500,Z9:500,Z10:500,Z11:500,Z12:500"
9,25/04/2026 10:15,Upwards,Energy,25/04/2026,13:00,13:30,12:00,12:30,500,Live,0,All Participants,"INFINIS LIMITED,EQUIWATT LIMITED,OCTOPUS ENERGY LIMITED,OAKTREE POWER LIMITED,U ENERGY GROUP LIMITED","Z1:500,Z2:500,Z3:500,Z4:500,Z5:500,Z6:500,Z7:500,Z8:500,Z9:500,Z10:500,Z11:500,Z12:500"
9,25/04/2026 10:15,Upwards,Energy,25/04/2026,13:30,14:00,12:30,13:00,500,Live,0,All Participants,"INFINIS LIMITED,EQUIWATT LIMITED,OCTOPUS ENERGY LIMITED,OAKTREE POWER LIMITED,U ENERGY GROUP LIMITED","Z1:500,Z2:500,Z3:500,Z4:500,Z5:500,Z6:500,Z7:500,Z8:500,Z9:500,Z10:500,Z11:500,Z12:500"
9,25/04/2026 10:15,Upwards,Energy,25/04/2026,14:00,14:30,13:00,13:30,500,Live,0,All Participants,"INFINIS LIMITED,EQUIWATT LIMITED,OCTOPUS ENERGY LIMITED,OAKTREE POWER LIMITED,U ENERGY GROUP LIMITED","Z1:500,Z2:500,Z3:500,Z4:500,Z5:500,Z6:500,Z7:500,Z8:500,Z9:500,Z10:500,Z11:500,Z12:500"
9,25/04/2026 10:15,Upwards,Energy,25/04/2026,14:30,15:00,13:30,14:00,500,Live,0,All Participants,"INFINIS LIMITED,EQUIWATT LIMITED,OCTOPUS ENERGY LIMITED,OAKTREE POWER LIMITED,U ENERGY GROUP LIMITED","Z1:500,Z2:500,Z3:500,Z4:500,Z5:500,Z6:500,Z7:500,Z8:500,Z9:500,Z10:500,Z11:500,Z12:500"
9,25/04/2026 10:15,Upwards,Energy,25/04/2026,15:00,15:30,14:00,14:30,500,Live,0,All Participants,"INFINIS LIMITED,EQUIWATT LIMITED,OCTOPUS ENERGY LIMITED,OAKTREE POWER LIMITED,U ENERGY GROUP LIMITED","Z1:500,Z2:500,Z3:500,Z4:500,Z5:500,Z6:500,Z7:500,Z8:500,Z9:500,Z10:500,Z11:500,Z12:500"
9,25/04/2026 10:15,Upwards,Energy,25/04/2026,15:30,16:00,14:30,15:00,500,Live,0,All Participants,"INFINIS LIMITED,EQUIWATT LIMITED,OCTOPUS ENERGY LIMITED,OAKTREE POWER LIMITED,U ENERGY GROUP LIMITED","Z1:500,Z2:500,Z3:500,Z4:500,Z5:500,Z6:500,Z7:500,Z8:500,Z9:500,Z10:500,Z11:500,Z12:500"
8,24/04/2026 10:00,Upwards,Energy,24/04/2026,12:00,12:30,11:00,11:30,250,Live,0,All Participants,"INFINIS LIMITED,EQUIWATT LIMITED,OCTOPUS ENERGY LIMITED,OAKTREE POWER LIMITED,U ENERGY GROUP LIMITED","Z1:250,Z2:250,Z3:250,Z4:250,Z5:250,Z6:250,Z7:250,Z8:250,Z9:250,Z10:250,Z11:250,Z12:250"
8,24/04/2026 10:00,Upwards,Energy,24/04/2026,12:30,13:00,11:30,12:00,250,Live,0,All Participants,"INFINIS LIMITED,EQUIWATT LIMITED,OCTOPUS ENERGY LIMITED,OAKTREE POWER LIMITED,U ENERGY GROUP LIMITED","Z1:250,Z2:250,Z3:250,Z4:250,Z5:250,Z6:250,Z7:250,Z8:250,Z9:250,Z10:250,Z11:250,Z12:250"
8,24/04/2026 10:00,Upwards,Energy,24/04/2026,13:00,13:30,12:00,12:30,250,Live,0,All Participants,"INFINIS LIMITED,EQUIWATT LIMITED,OCTOPUS ENERGY LIMITED,OAKTREE POWER LIMITED,U ENERGY GROUP LIMITED","Z1:250,Z2:250,Z3:250,Z4:250,Z5:250,Z6:250,Z7:250,Z8:250,Z9:250,Z10:250,Z11:250,Z12:250"
8,24/04/2026 10:00,Upwards,Energy,24/04/2026,13:30,14:00,12:30,13:00,250,Live,0,All Participants,"INFINIS LIMITED,EQUIWATT LIMITED,OCTOPUS ENERGY LIMITED,OAKTREE POWER LIMITED,U ENERGY GROUP LIMITED","Z1:250,Z2:250,Z3:250,Z4:250,Z5:250,Z6:250,Z7:250,Z8:250,Z9:250,Z10:250,Z11:250,Z12:250"
8,24/04/2026 10:00,Upwards,Energy,24/04/2026,14:00,14:30,13:00,13:30,250,Live,0,All Participants,"INFINIS LIMITED,EQUIWATT LIMITED,OCTOPUS ENERGY LIMITED,OAKTREE POWER LIMITED,U ENERGY GROUP LIMITED","Z1:250,Z2:250,Z3:250,Z4:250,Z5:250,Z6:250,Z7:250,Z8:250,Z9:250,Z10:250,Z11:250,Z12:250"
8,24/04/2026 10:00,Upwards,Energy,24/04/2026,14:30,15:00,13:30,14:00,250,Live,0,All Participants,"INFINIS LIMITED,EQUIWATT LIMITED,OCTOPUS ENERGY LIMITED,OAKTREE POWER LIMITED,U ENERGY GROUP LIMITED","Z1:250,Z2:250,Z3:250,Z4:250,Z5:250,Z6:250,Z7:250,Z8:250,Z9:250,Z10:250,Z11:250,Z12:250"
8,24/04/2026 10:00,Upwards,Energy,24/04/2026,15:00,15:30,14:00,14:30,250,Live,0,All Participants,"INFINIS LIMITED,EQUIWATT LIMITED,OCTOPUS ENERGY LIMITED,OAKTREE POWER LIMITED,U ENERGY GROUP LIMITED","Z1:250,Z2:250,Z3:250,Z4:250,Z5:250,Z6:250,Z7:250,Z8:250,Z9:250,Z10:250,Z11:250,Z12:250"
8,24/04/2026 10:00,Upwards,Energy,24/04/2026,15:30,16:00,14:30,15:00,250,Live,0,All Participants,"INFINIS LIMITED,EQUIWATT LIMITED,OCTOPUS ENERGY LIMITED,OAKTREE POWER LIMITED,U ENERGY GROUP LIMITED","Z1:250,Z2:250,Z3:250,Z4:250,Z5:250,Z6:250,Z7:250,Z8:250,Z9:250,Z10:250,Z11:250,Z12:250"
7,22/04/2026 10:00,Upwards,Energy,22/04/2026,11:00,11:30,10:00,10:30,500,Live,0,All Participants,"INFINIS LIMITED,EQUIWATT LIMITED,OCTOPUS ENERGY LIMITED,OAKTREE POWER LIMITED","Z1:500,Z2:500,Z3:500,Z4:500,Z5:500,Z6:500,Z7:500,Z8:500,Z9:500,Z10:500,Z11:500,Z12:500"
7,22/04/2026 10:00,Upwards,Energy,22/04/2026,11:30,12:00,10:30,11:00,500,Live,0,All Participants,"INFINIS LIMITED,EQUIWATT LIMITED,OCTOPUS ENERGY LIMITED,OAKTREE POWER LIMITED","Z1:500,Z2:500,Z3:500,Z4:500,Z5:500,Z6:500,Z7:500,Z8:500,Z9:500,Z10:500,Z11:500,Z12:500"
7,22/04/2026 10:00,Upwards,Energy,22/04/2026,12:00,12:30,11:00,11:30,500,Live,0,All Participants,"INFINIS LIMITED,EQUIWATT LIMITED,OCTOPUS ENERGY LIMITED,OAKTREE POWER LIMITED","Z1:500,Z2:500,Z3:500,Z4:500,Z5:500,Z6:500,Z7:500,Z8:500,Z9:500,Z10:500,Z11:500,Z12:500"
7,22/04/2026 10:00,Upwards,Energy,22/04/2026,12:30,13:00,11:30,12:00,500,Live,0,All Participants,"INFINIS LIMITED,EQUIWATT LIMITED,OCTOPUS ENERGY LIMITED,OAKTREE POWER LIMITED","Z1:500,Z2:500,Z3:500,Z4:500,Z5:500,Z6:500,Z7:500,Z8:500,Z9:500,Z10:500,Z11:500,Z12:500"
7,22/04/2026 10:00,Upwards,Energy,22/04/2026,13:00,13:30,12:00,12:30,500,Live,0,All Participants,"INFINIS LIMITED,EQUIWATT LIMITED,OCTOPUS ENERGY LIMITED,OAKTREE POWER LIMITED","Z1:500,Z2:500,Z3:500,Z4:500,Z5:500,Z6:500,Z7:500,Z8:500,Z9:500,Z10:500,Z11:500,Z12:500"
7,22/04/2026 10:00,Upwards,Energy,22/04/2026,13:30,14:00,12:30,13:00,500,Live,0,All Participants,"INFINIS LIMITED,EQUIWATT LIMITED,OCTOPUS ENERGY LIMITED,OAKTREE POWER LIMITED","Z1:500,Z2:500,Z3:500,Z4:500,Z5:500,Z6:500,Z7:500,Z8:500,Z9:500,Z10:500,Z11:500,Z12:500"
7,22/04/2026 10:00,Upwards,Energy,22/04/2026,14:00,14:30,13:00,13:30,500,Live,0,All Participants,"INFINIS LIMITED,EQUIWATT LIMITED,OCTOPUS ENERGY LIMITED,OAKTREE POWER LIMITED","Z1:500,Z2:500,Z3:500,Z4:500,Z5:500,Z6:500,Z7:500,Z8:500,Z9:500,Z10:500,Z11:500,Z12:500"
7,22/04/2026 10:00,Upwards,Energy,22/04/2026,14:30,15:00,13:30,14:00,500,Live,0,All Participants,"INFINIS LIMITED,EQUIWATT LIMITED,OCTOPUS ENERGY LIMITED,OAKTREE POWER LIMITED","Z1:500,Z2:500,Z3:500,Z4:500,Z5:500,Z6:500,Z7:500,Z8:500,Z9:500,Z10:500,Z11:500,Z12:500"
7,22/04/2026 10:00,Upwards,Energy,22/04/2026,15:00,15:30,14:00,14:30,500,Live,0,All Participants,"INFINIS LIMITED,EQUIWATT LIMITED,OCTOPUS ENERGY LIMITED,OAKTREE POWER LIMITED","Z1:500,Z2:500,Z3:500,Z4:500,Z5:500,Z6:500,Z7:500,Z8:500,Z9:500,Z10:500,Z11:500,Z12:500"
7,22/04/2026 10:00,Upwards,Energy,22/04/2026,15:30,16:00,14:30,15:00,500,Live,0,All Participants,"INFINIS LIMITED,EQUIWATT LIMITED,OCTOPUS ENERGY LIMITED,OAKTREE POWER LIMITED","Z1:500,Z2:500,Z3:500,Z4:500,Z5:500,Z6:500,Z7:500,Z8:500,Z9:500,Z10:500,Z11:500,Z12:500"
6,19/04/2026 10:15,Upwards,Energy,19/04/2026,11:00,11:30,10:00,10:30,500,Live,0,All Participants,"INFINIS LIMITED,EQUIWATT LIMITED,OCTOPUS ENERGY LIMITED,OAKTREE POWER LIMITED","Z1:500,Z2:500,Z3:500,Z4:500,Z5:500,Z6:500,Z7:500,Z8:500,Z9:500,Z10:500,Z11:500,Z12:500"
6,19/04/2026 10:15,Upwards,Energy,19/04/2026,11:30,12:00,10:30,11:00,500,Live,0,All Participants,"INFINIS LIMITED,EQUIWATT LIMITED,OCTOPUS ENERGY LIMITED,OAKTREE POWER LIMITED","Z1:500,Z2:500,Z3:500,Z4:500,Z5:500,Z6:500,Z7:500,Z8:500,Z9:500,Z10:500,Z11:500,Z12:500"
6,19/04/2026 10:15,Upwards,Energy,19/04/2026,12:00,12:30,11:00,11:30,500,Live,0,All Participants,"INFINIS LIMITED,EQUIWATT LIMITED,OCTOPUS ENERGY LIMITED,OAKTREE POWER LIMITED","Z1:500,Z2:500,Z3:500,Z4:500,Z5:500,Z6:500,Z7:500,Z8:500,Z9:500,Z10:500,Z11:500,Z12:500"
6,19/04/2026 10:15,Upwards,Energy,19/04/2026,12:30,13:00,11:30,12:00,500,Live,0,All Participants,"INFINIS LIMITED,EQUIWATT LIMITED,OCTOPUS ENERGY LIMITED,OAKTREE POWER LIMITED","Z1:500,Z2:500,Z3:500,Z4:500,Z5:500,Z6:500,Z7:500,Z8:500,Z9:500,Z10:500,Z11:500,Z12:500"
6,19/04/2026 10:15,Upwards,Energy,19/04/2026,13:00,13:30,12:00,12:30,500,Live,0,All Participants,"INFINIS LIMITED,EQUIWATT LIMITED,OCTOPUS ENERGY LIMITED,OAKTREE POWER LIMITED","Z1:500,Z2:500,Z3:500,Z4:500,Z5:500,Z6:500,Z7:500,Z8:500,Z9:500,Z10:500,Z11:500,Z12:500"
6,19/04/2026 10:15,Upwards,Energy,19/04/2026,13:30,14:00,12:30,13:00,500,Live,0,All Participants,"INFINIS LIMITED,EQUIWATT LIMITED,OCTOPUS ENERGY LIMITED,OAKTREE POWER LIMITED","Z1:500,Z2:500,Z3:500,Z4:500,Z5:500,Z6:500,Z7:500,Z8:500,Z9:500,Z10:500,Z11:500,Z12:500"
6,19/04/2026 10:15,Upwards,Energy,19/04/2026,14:00,14:30,13:00,13:30,500,Live,0,All Participants,"INFINIS LIMITED,EQUIWATT LIMITED,OCTOPUS ENERGY LIMITED,OAKTREE POWER LIMITED","Z1:500,Z2:500,Z3:500,Z4:500,Z5:500,Z6:500,Z7:500,Z8:500,Z9:500,Z10:500,Z11:500,Z12:500"
6,19/04/2026 10:15,Upwards,Energy,19/04/2026,14:30,15:00,13:30,14:00,500,Live,0,All Participants,"INFINIS LIMITED,EQUIWATT LIMITED,OCTOPUS ENERGY LIMITED,OAKTREE POWER LIMITED","Z1:500,Z2:500,Z3:500,Z4:500,Z5:500,Z6:500,Z7:500,Z8:500,Z9:500,Z10:500,Z11:500,Z12:500"
6,19/04/2026 10:15,Upwards,Energy,19/04/2026,15:00,15:30,14:00,14:30,500,Live,0,All Participants,"INFINIS LIMITED,EQUIWATT LIMITED,OCTOPUS ENERGY LIMITED,OAKTREE POWER LIMITED","Z1:500,Z2:500,Z3:500,Z4:500,Z5:500,Z6:500,Z7:500,Z8:500,Z9:500,Z10:500,Z11:500,Z12:500"
6,19/04/2026 10:15,Upwards,Energy,19/04/2026,15:30,16:00,14:30,15:00,500,Live,0,All Participants,"INFINIS LIMITED,EQUIWATT LIMITED,OCTOPUS ENERGY LIMITED,OAKTREE POWER LIMITED","Z1:500,Z2:500,Z3:500,Z4:500,Z5:500,Z6:500,Z7:500,Z8:500,Z9:500,Z10:500,Z11:500,Z12:500"
5,18/04/2026 12:00,Downwards,Energy,18/04/2026,17:00,17:30,16:00,16:30,500,Live,0,All Participants,"INFINIS LIMITED,EQUIWATT LIMITED,OCTOPUS ENERGY LIMITED,OAKTREE POWER LIMITED","Z1:500,Z2:500,Z3:500,Z4:500,Z5:500,Z6:500,Z7:500,Z8:500,Z9:500,Z10:500,Z11:500,Z12:500"
5,18/04/2026 12:00,Downwards,Energy,18/04/2026,17:30,18:00,16:30,17:00,500,Live,0,All Participants,"INFINIS LIMITED,EQUIWATT LIMITED,OCTOPUS ENERGY LIMITED,OAKTREE POWER LIMITED","Z1:500,Z2:500,Z3:500,Z4:500,Z5:500,Z6:500,Z7:500,Z8:500,Z9:500,Z10:500,Z11:500,Z12:500"
5,18/04/2026 12:00,Downwards,Energy,18/04/2026,18:00,18:30,17:00,17:30,500,Live,0,All Participants,"INFINIS LIMITED,EQUIWATT LIMITED,OCTOPUS ENERGY LIMITED,OAKTREE POWER LIMITED","Z1:500,Z2:500,Z3:500,Z4:500,Z5:500,Z6:500,Z7:500,Z8:500,Z9:500,Z10:500,Z11:500,Z12:500"
5,18/04/2026 12:00,Downwards,Energy,18/04/2026,18:30,19:00,17:30,18:00,500,Live,0,All Participants,"INFINIS LIMITED,EQUIWATT LIMITED,OCTOPUS ENERGY LIMITED,OAKTREE POWER LIMITED","Z1:500,Z2:500,Z3:500,Z4:500,Z5:500,Z6:500,Z7:500,Z8:500,Z9:500,Z10:500,Z11:500,Z12:500"
5,18/04/2026 12:00,Downwards,Energy,18/04/2026,19:00,19:30,18:00,18:30,500,Live,0,All Participants,"INFINIS LIMITED,EQUIWATT LIMITED,OCTOPUS ENERGY LIMITED,OAKTREE POWER LIMITED","Z1:500,Z2:500,Z3:500,Z4:500,Z5:500,Z6:500,Z7:500,Z8:500,Z9:500,Z10:500,Z11:500,Z12:500"
5,18/04/2026 12:00,Downwards,Energy,18/04/2026,19:30,20:00,18:30,19:00,500,Live,0,All Participants,"INFINIS LIMITED,EQUIWATT LIMITED,OCTOPUS ENERGY LIMITED,OAKTREE POWER LIMITED","Z1:500,Z2:500,Z3:500,Z4:500,Z5:500,Z6:500,Z7:500,Z8:500,Z9:500,Z10:500,Z11:500,Z12:500"
5,18/04/2026 12:00,Downwards,Energy,18/04/2026,20:00,20:30,19:00,19:30,500,Live,0,All Participants,"INFINIS LIMITED,EQUIWATT LIMITED,OCTOPUS ENERGY LIMITED,OAKTREE POWER LIMITED","Z1:500,Z2:500,Z3:500,Z4:500,Z5:500,Z6:500,Z7:500,Z8:500,Z9:500,Z10:500,Z11:500,Z12:500"
5,18/04/2026 12:00,Downwards,Energy,18/04/2026,20:30,21:00,19:30,20:00,500,Live,0,All Participants,"INFINIS LIMITED,EQUIWATT LIMITED,OCTOPUS ENERGY LIMITED,OAKTREE POWER LIMITED","Z1:500,Z2:500,Z3:500,Z4:500,Z5:500,Z6:500,Z7:500,Z8:500,Z9:500,Z10:500,Z11:500,Z12:500"
5,18/04/2026 12:00,Downwards,Energy,18/04/2026,21:00,21:30,20:00,20:30,500,Live,0,All Participants,"INFINIS LIMITED,EQUIWATT LIMITED,OCTOPUS ENERGY LIMITED,OAKTREE POWER LIMITED","Z1:500,Z2:500,Z3:500,Z4:500,Z5:500,Z6:500,Z7:500,Z8:500,Z9:500,Z10:500,Z11:500,Z12:500"
5,18/04/2026 12:00,Downwards,Energy,18/04/2026,21:30,22:00,20:30,21:00,500,Live,0,All Participants,"INFINIS LIMITED,EQUIWATT LIMITED,OCTOPUS ENERGY LIMITED,OAKTREE POWER LIMITED","Z1:500,Z2:500,Z3:500,Z4:500,Z5:500,Z6:500,Z7:500,Z8:500,Z9:500,Z10:500,Z11:500,Z12:500"
5,18/04/2026 12:00,Downwards,Energy,18/04/2026,22:00,22:30,21:00,21:30,500,Live,0,All Participants,"INFINIS LIMITED,EQUIWATT LIMITED,OCTOPUS ENERGY LIMITED,OAKTREE POWER LIMITED","Z1:500,Z2:500,Z3:500,Z4:500,Z5:500,Z6:500,Z7:500,Z8:500,Z9:500,Z10:500,Z11:500,Z12:500"
5,18/04/2026 12:00,Downwards,Energy,18/04/2026,22:30,23:00,21:30,22:00,500,Live,0,All Participants,"INFINIS LIMITED,EQUIWATT LIMITED,OCTOPUS ENERGY LIMITED,OAKTREE POWER LIMITED","Z1:500,Z2:500,Z3:500,Z4:500,Z5:500,Z6:500,Z7:500,Z8:500,Z9:500,Z10:500,Z11:500,Z12:500"
4,17/04/2026 12:00,Downwards,Energy,17/04/2026,16:00,16:30,15:00,15:30,500,Live,0,All Participants,"INFINIS LIMITED,EQUIWATT LIMITED,OCTOPUS ENERGY LIMITED,OAKTREE POWER LIMITED","Z1:0,Z2:0,Z3:0,Z4:0,Z5:0,Z6:500,Z7:500,Z8:500,Z9:500,Z10:500,Z11:500,Z12:500"
4,17/04/2026 12:00,Downwards,Energy,17/04/2026,16:30,17:00,15:30,16:00,500,Live,0,All Participants,"INFINIS LIMITED,EQUIWATT LIMITED,OCTOPUS ENERGY LIMITED,OAKTREE POWER LIMITED","Z1:0,Z2:0,Z3:0,Z4:0,Z5:0,Z6:500,Z7:500,Z8:500,Z9:500,Z10:500,Z11:500,Z12:500"
4,17/04/2026 12:00,Downwards,Energy,17/04/2026,17:00,17:30,16:00,16:30,500,Live,0,All Participants,"INFINIS LIMITED,EQUIWATT LIMITED,OCTOPUS ENERGY LIMITED,OAKTREE POWER LIMITED","Z1:0,Z2:0,Z3:0,Z4:0,Z5:0,Z6:500,Z7:500,Z8:500,Z9:500,Z10:500,Z11:500,Z12:500"
4,17/04/2026 12:00,Downwards,Energy,17/04/2026,17:30,18:00,16:30,17:00,500,Live,0,All Participants,"INFINIS LIMITED,EQUIWATT LIMITED,OCTOPUS ENERGY LIMITED,OAKTREE POWER LIMITED","Z1:0,Z2:0,Z3:0,Z4:0,Z5:0,Z6:500,Z7:500,Z8:500,Z9:500,Z10:500,Z11:500,Z12:500"
4,17/04/2026 12:00,Downwards,Energy,17/04/2026,18:00,18:30,17:00,17:30,500,Live,0,All Participants,"INFINIS LIMITED,EQUIWATT LIMITED,OCTOPUS ENERGY LIMITED,OAKTREE POWER LIMITED","Z1:0,Z2:0,Z3:0,Z4:0,Z5:0,Z6:500,Z7:500,Z8:500,Z9:500,Z10:500,Z11:500,Z12:500"
4,17/04/2026 12:00,Downwards,Energy,17/04/2026,18:30,19:00,17:30,18:00,500,Live,0,All Participants,"INFINIS LIMITED,EQUIWATT LIMITED,OCTOPUS ENERGY LIMITED,OAKTREE POWER LIMITED","Z1:0,Z2:0,Z3:0,Z4:0,Z5:0,Z6:500,Z7:500,Z8:500,Z9:500,Z10:500,Z11:500,Z12:500"
4,17/04/2026 12:00,Downwards,Energy,17/04/2026,19:00,19:30,18:00,18:30,500,Live,0,All Participants,"INFINIS LIMITED,EQUIWATT LIMITED,OCTOPUS ENERGY LIMITED,OAKTREE POWER LIMITED","Z1:0,Z2:0,Z3:0,Z4:0,Z5:0,Z6:500,Z7:500,Z8:500,Z9:500,Z10:500,Z11:500,Z12:500"
4,17/04/2026 12:00,Downwards,Energy,17/04/2026,19:30,20:00,18:30,19:00,500,Live,0,All Participants,"INFINIS LIMITED,EQUIWATT LIMITED,OCTOPUS ENERGY LIMITED,OAKTREE POWER LIMITED","Z1:0,Z2:0,Z3:0,Z4:0,Z5:0,Z6:500,Z7:500,Z8:500,Z9:500,Z10:500,Z11:500,Z12:500"
4,17/04/2026 12:00,Downwards,Energy,17/04/2026,20:00,20:30,19:00,19:30,500,Live,0,All Participants,"INFINIS LIMITED,EQUIWATT LIMITED,OCTOPUS ENERGY LIMITED,OAKTREE POWER LIMITED","Z1:0,Z2:0,Z3:0,Z4:0,Z5:0,Z6:500,Z7:500,Z8:500,Z9:500,Z10:500,Z11:500,Z12:500"
4,17/04/2026 12:00,Downwards,Energy,17/04/2026,20:30,21:00,19:30,20:00,500,Live,0,All Participants,"INFINIS LIMITED,EQUIWATT LIMITED,OCTOPUS ENERGY LIMITED,OAKTREE POWER LIMITED","Z1:0,Z2:0,Z3:0,Z4:0,Z5:0,Z6:500,Z7:500,Z8:500,Z9:500,Z10:500,Z11:500,Z12:500"
4,17/04/2026 12:00,Downwards,Energy,17/04/2026,21:00,21:30,20:00,20:30,500,Live,0,All Participants,"INFINIS LIMITED,EQUIWATT LIMITED,OCTOPUS ENERGY LIMITED,OAKTREE POWER LIMITED","Z1:0,Z2:0,Z3:0,Z4:0,Z5:0,Z6:500,Z7:500,Z8:500,Z9:500,Z10:500,Z11:500,Z12:500"
4,17/04/2026 12:00,Downwards,Energy,17/04/2026,21:30,22:00,20:30,21:00,500,Live,0,All Participants,"INFINIS LIMITED,EQUIWATT LIMITED,OCTOPUS ENERGY LIMITED,OAKTREE POWER LIMITED","Z1:0,Z2:0,Z3:0,Z4:0,Z5:0,Z6:500,Z7:500,Z8:500,Z9:500,Z10:500,Z11:500,Z12:500"
4,17/04/2026 12:00,Downwards,Energy,17/04/2026,22:00,22:30,21:00,21:30,500,Live,0,All Participants,"INFINIS LIMITED,EQUIWATT LIMITED,OCTOPUS ENERGY LIMITED,OAKTREE POWER LIMITED","Z1:0,Z2:0,Z3:0,Z4:0,Z5:0,Z6:500,Z7:500,Z8:500,Z9:500,Z10:500,Z11:500,Z12:500"
4,17/04/2026 12:00,Downwards,Energy,17/04/2026,22:30,23:00,21:30,22:00,500,Live,0,All Participants,"INFINIS LIMITED,EQUIWATT LIMITED,OCTOPUS ENERGY LIMITED,OAKTREE POWER LIMITED","Z1:0,Z2:0,Z3:0,Z4:0,Z5:0,Z6:500,Z7:500,Z8:500,Z9:500,Z10:500,Z11:500,Z12:500"
3,16/04/2026 12:15,Downwards,Energy,16/04/2026,17:00,17:30,16:00,16:30,500,Live,0,All Participants,"INFINIS LIMITED,EQUIWATT LIMITED,OCTOPUS ENERGY LIMITED","Z1:500,Z2:500,Z3:500,Z4:500,Z5:0,Z6:500,Z7:500,Z8:500,Z9:500,Z10:500,Z11:500,Z12:500"
3,16/04/2026 12:15,Downwards,Energy,16/04/2026,17:30,18:00,16:30,17:00,500,Live,0,All Participants,"INFINIS LIMITED,EQUIWATT LIMITED,OCTOPUS ENERGY LIMITED","Z1:500,Z2:500,Z3:500,Z4:500,Z5:0,Z6:500,Z7:500,Z8:500,Z9:500,Z10:500,Z11:500,Z12:500"
3,16/04/2026 12:15,Downwards,Energy,16/04/2026,18:00,18:30,17:00,17:30,500,Live,0,All Participants,"INFINIS LIMITED,EQUIWATT LIMITED,OCTOPUS ENERGY LIMITED","Z1:500,Z2:500,Z3:500,Z4:500,Z5:0,Z6:500,Z7:500,Z8:500,Z9:500,Z10:500,Z11:500,Z12:500"
3,16/04/2026 12:15,Downwards,Energy,16/04/2026,18:30,19:00,17:30,18:00,500,Live,0,All Participants,"INFINIS LIMITED,EQUIWATT LIMITED,OCTOPUS ENERGY LIMITED","Z1:500,Z2:500,Z3:500,Z4:500,Z5:0,Z6:500,Z7:500,Z8:500,Z9:500,Z10:500,Z11:500,Z12:500"
3,16/04/2026 12:15,Downwards,Energy,16/04/2026,19:00,19:30,18:00,18:30,500,Live,0,All Participants,"INFINIS LIMITED,EQUIWATT LIMITED,OCTOPUS ENERGY LIMITED","Z1:500,Z2:500,Z3:500,Z4:500,Z5:0,Z6:500,Z7:500,Z8:500,Z9:500,Z10:500,Z11:500,Z12:500"
3,16/04/2026 12:15,Downwards,Energy,16/04/2026,19:30,20:00,18:30,19:00,500,Live,0,All Participants,"INFINIS LIMITED,EQUIWATT LIMITED,OCTOPUS ENERGY LIMITED","Z1:500,Z2:500,Z3:500,Z4:500,Z5:0,Z6:500,Z7:500,Z8:500,Z9:500,Z10:500,Z11:500,Z12:500"
3,16/04/2026 12:15,Downwards,Energy,16/04/2026,20:00,20:30,19:00,19:30,500,Live,0,All Participants,"INFINIS LIMITED,EQUIWATT LIMITED,OCTOPUS ENERGY LIMITED","Z1:500,Z2:500,Z3:500,Z4:500,Z5:0,Z6:500,Z7:500,Z8:500,Z9:500,Z10:500,Z11:500,Z12:500"
3,16/04/2026 12:15,Downwards,Energy,16/04/2026,20:30,21:00,19:30,20:00,500,Live,0,All Participants,"INFINIS LIMITED,EQUIWATT LIMITED,OCTOPUS ENERGY LIMITED","Z1:500,Z2:500,Z3:500,Z4:500,Z5:0,Z6:500,Z7:500,Z8:500,Z9:500,Z10:500,Z11:500,Z12:500"
2,15/04/2026 12:15,Downwards,Energy,15/04/2026,17:00,17:30,16:00,16:30,500,Live,0,All Participants,"INFINIS LIMITED,EQUIWATT LIMITED,OCTOPUS ENERGY LIMITED","Z1:0,Z2:0,Z3:0,Z4:0,Z5:0,Z6:500,Z7:500,Z8:500,Z9:500,Z10:500,Z11:500,Z12:500"
2,15/04/2026 12:15,Downwards,Energy,15/04/2026,17:30,18:00,16:30,17:00,500,Live,0,All Participants,"INFINIS LIMITED,EQUIWATT LIMITED,OCTOPUS ENERGY LIMITED","Z1:0,Z2:0,Z3:0,Z4:0,Z5:0,Z6:500,Z7:500,Z8:500,Z9:500,Z10:500,Z11:500,Z12:500"
2,15/04/2026 12:15,Downwards,Energy,15/04/2026,18:00,18:30,17:00,17:30,500,Live,0,All Participants,"INFINIS LIMITED,EQUIWATT LIMITED,OCTOPUS ENERGY LIMITED","Z1:0,Z2:0,Z3:0,Z4:0,Z5:0,Z6:500,Z7:500,Z8:500,Z9:500,Z10:500,Z11:500,Z12:500"
2,15/04/2026 12:15,Downwards,Energy,15/04/2026,18:30,19:00,17:30,18:00,500,Live,0,All Participants,"INFINIS LIMITED,EQUIWATT LIMITED,OCTOPUS ENERGY LIMITED","Z1:0,Z2:0,Z3:0,Z4:0,Z5:0,Z6:500,Z7:500,Z8:500,Z9:500,Z10:500,Z11:500,Z12:500"
2,15/04/2026 12:15,Downwards,Energy,15/04/2026,19:00,19:30,18:00,18:30,500,Live,0,All Participants,"INFINIS LIMITED,EQUIWATT LIMITED,OCTOPUS ENERGY LIMITED","Z1:0,Z2:0,Z3:0,Z4:0,Z5:0,Z6:500,Z7:500,Z8:500,Z9:500,Z10:500,Z11:500,Z12:500"
2,15/04/2026 12:15,Downwards,Energy,15/04/2026,19:30,20:00,18:30,19:00,500,Live,0,All Participants,"INFINIS LIMITED,EQUIWATT LIMITED,OCTOPUS ENERGY LIMITED","Z1:0,Z2:0,Z3:0,Z4:0,Z5:0,Z6:500,Z7:500,Z8:500,Z9:500,Z10:500,Z11:500,Z12:500"
2,15/04/2026 12:15,Downwards,Energy,15/04/2026,20:00,20:30,19:00,19:30,500,Live,0,All Participants,"INFINIS LIMITED,EQUIWATT LIMITED,OCTOPUS ENERGY LIMITED","Z1:0,Z2:0,Z3:0,Z4:0,Z5:0,Z6:500,Z7:500,Z8:500,Z9:500,Z10:500,Z11:500,Z12:500"
2,15/04/2026 12:15,Downwards,Energy,15/04/2026,20:30,21:00,19:30,20:00,500,Live,0,All Participants,"INFINIS LIMITED,EQUIWATT LIMITED,OCTOPUS ENERGY LIMITED","Z1:0,Z2:0,Z3:0,Z4:0,Z5:0,Z6:500,Z7:500,Z8:500,Z9:500,Z10:500,Z11:500,Z12:500"
2,15/04/2026 12:15,Downwards,Energy,15/04/2026,21:00,21:30,20:00,20:30,500,Live,0,All Participants,"INFINIS LIMITED,EQUIWATT LIMITED,OCTOPUS ENERGY LIMITED","Z1:0,Z2:0,Z3:0,Z4:0,Z5:0,Z6:500,Z7:500,Z8:500,Z9:500,Z10:500,Z11:500,Z12:500"
2,15/04/2026 12:15,Downwards,Energy,15/04/2026,21:30,22:00,20:30,21:00,500,Live,0,All Participants,"INFINIS LIMITED,EQUIWATT LIMITED,OCTOPUS ENERGY LIMITED","Z1:0,Z2:0,Z3:0,Z4:0,Z5:0,Z6:500,Z7:500,Z8:500,Z9:500,Z10:500,Z11:500,Z12:500"
1,14/04/2026 12:00,Downwards,Energy,14/04/2026,17:00,17:30,16:00,16:30,500,Live,0,All Participants,"INFINIS LIMITED,EQUIWATT LIMITED,OCTOPUS ENERGY LIMITED","Z1:0,Z2:0,Z3:0,Z4:500,Z5:0,Z6:500,Z7:500,Z8:500,Z9:500,Z10:500,Z11:500,Z12:500"
1,14/04/2026 12:00,Downwards,Energy,14/04/2026,17:30,18:00,16:30,17:00,500,Live,0,All Participants,"INFINIS LIMITED,EQUIWATT LIMITED,OCTOPUS ENERGY LIMITED","Z1:0,Z2:0,Z3:0,Z4:500,Z5:0,Z6:500,Z7:500,Z8:500,Z9:500,Z10:500,Z11:500,Z12:500"
1,14/04/2026 12:00,Downwards,Energy,14/04/2026,18:00,18:30,17:00,17:30,500,Live,0,All Participants,"INFINIS LIMITED,EQUIWATT LIMITED,OCTOPUS ENERGY LIMITED","Z1:0,Z2:0,Z3:0,Z4:500,Z5:0,Z6:500,Z7:500,Z8:500,Z9:500,Z10:500,Z11:500,Z12:500"
1,14/04/2026 12:00,Downwards,Energy,14/04/2026,18:30,19:00,17:30,18:00,500,Live,0,All Participants,"INFINIS LIMITED,EQUIWATT LIMITED,OCTOPUS ENERGY LIMITED","Z1:0,Z2:0,Z3:0,Z4:500,Z5:0,Z6:500,Z7:500,Z8:500,Z9:500,Z10:500,Z11:500,Z12:500"
1,14/04/2026 12:00,Downwards,Energy,14/04/2026,19:00,19:30,18:00,18:30,500,Live,0,All Participants,"INFINIS LIMITED,EQUIWATT LIMITED,OCTOPUS ENERGY LIMITED","Z1:0,Z2:0,Z3:0,Z4:500,Z5:0,Z6:500,Z7:500,Z8:500,Z9:500,Z10:500,Z11:500,Z12:500"
1,14/04/2026 12:00,Downwards,Energy,14/04/2026,19:30,20:00,18:30,19:00,500,Live,0,All Participants,"INFINIS LIMITED,EQUIWATT LIMITED,OCTOPUS ENERGY LIMITED","Z1:0,Z2:0,Z3:0,Z4:500,Z5:0,Z6:500,Z7:500,Z8:500,Z9:500,Z10:500,Z11:500,Z12:500"
1,14/04/2026 12:00,Downwards,Energy,14/04/2026,20:00,20:30,19:00,19:30,500,Live,0,All Participants,"INFINIS LIMITED,EQUIWATT LIMITED,OCTOPUS ENERGY LIMITED","Z1:0,Z2:0,Z3:0,Z4:500,Z5:0,Z6:500,Z7:500,Z8:500,Z9:500,Z10:500,Z11:500,Z12:500"
1,14/04/2026 12:00,Downwards,Energy,14/04/2026,20:30,21:00,19:30,20:00,500,Live,0,All Participants,"INFINIS LIMITED,EQUIWATT LIMITED,OCTOPUS ENERGY LIMITED","Z1:0,Z2:0,Z3:0,Z4:500,Z5:0,Z6:500,Z7:500,Z8:500,Z9:500,Z10:500,Z11:500,Z12:500"
1,14/04/2026 12:00,Downwards,Energy,14/04/2026,21:00,21:30,20:00,20:30,500,Live,0,All Participants,"INFINIS LIMITED,EQUIWATT LIMITED,OCTOPUS ENERGY LIMITED","Z1:0,Z2:0,Z3:0,Z4:500,Z5:0,Z6:500,Z7:500,Z8:500,Z9:500,Z10:500,Z11:500,Z12:500"
1,14/04/2026 12:00,Downwards,Energy,14/04/2026,21:30,22:00,20:30,21:00,500,Live,0,All Participants,"INFINIS LIMITED,EQUIWATT LIMITED,OCTOPUS ENERGY LIMITED","Z1:0,Z2:0,Z3:0,Z4:500,Z5:0,Z6:500,Z7:500,Z8:500,Z9:500,Z10:500,Z11:500,Z12:500"
