Date,DFS Provider,Unit,DFS Volume,From,To,Price,Status,North Scotland,South and Central Scotland,North East England,North West England,Yorkshire,East Midlands,West Midlands,London,East England,South East England,South West England,Southern England,North Wales_Merseyside_Cheshire,South Wales,Other,Total,D0 North Scotland,D0 South and Central Scotland,D0 North East England,D0 North West England,D0 Yorkshire,D0 East Midlands,D0 West Midlands,D0 London,D0 East England,D0 South East England,D0 South West England,D0 Southern England,D0 North Wales Merseyside and Cheshire,D0 South Wales,D0 Other,D0 Total
28/03/2023,HildebrandTechnologyLimited,HLDBRD-01,7,18:00,18:30,3000,Accepted,0.4,0.4,0.8,1.6,0.4,0.8,0.6,0.3,0.3,0.3,0.3,0.4,0.4,0,0,7,0.4,0.4,0.8,1.6,0.4,0.8,0.6,0.3,0.3,0.3,0.3,0.4,0.4,0,0,7
28/03/2023,HildebrandTechnologyLimited,HLDBRD-01,7,18:30,19:00,3000,Accepted,0.4,0.4,0.8,1.6,0.4,0.8,0.6,0.3,0.3,0.3,0.3,0.4,0.4,0,0,7,0.4,0.4,0.8,1.6,0.4,0.8,0.6,0.3,0.3,0.3,0.3,0.4,0.4,0,0,7
23/03/2023,BritishGasTradingLimited,BG-A-001,45.6059,18:30,19:00,3000,Accepted,0.65151817,2.7689185,2.280291,4.0719547,3.6647727,3.9905095,3.1761456,2.443182,6.352246,4.9677644,2.280291,5.374991,2.3617365,1.221591,0,45.6059,0.651518172,2.768918485,2.280291103,4.071954828,3.664772843,3.990509431,3.176145467,2.443181897,6.352245931,4.967764193,2.280291103,5.374991176,2.361736502,1.221590951,0,45.6059
23/03/2023,BritishGasTradingLimited,BG-A-001,44.8729,19:00,19:30,3000,Accepted,0.65151817,2.7689185,2.280291,3.9905095,3.501882,3.909064,3.0947,2.5246272,6.2708006,4.886364,2.1988456,5.2935457,2.280291,1.221591,0,44.8729,0.651518172,2.768918485,2.280291103,3.990509431,3.501882053,3.909064038,3.09470007,2.524627291,6.270800536,4.886363794,2.198845708,5.293545776,2.280291103,1.221590951,0,44.8729
23/03/2023,ChameleonTechnology,CHAMEL-01,1.1011,18:30,19:00,3000,Accepted,0,0,0.044,0.1188,0,0.0957,0.0902,0.0781,0.1012,0.2101,0.1199,0,0,0,0.2431,1.1011,0,0,0.005,0.024,0,0.018,0.024,0.012,0.022,0.044,0.025,0,0,0,0.058,0.233
23/03/2023,ChameleonTechnology,CHAMEL-01,1.0505,19:00,19:30,3000,Accepted,0,0,0.0407,0.1144,0,0.0913,0.0869,0.077,0.0946,0.1991,0.1144,0,0,0,0.2321,1.0505,0,0,0.004,0.024,0,0.016,0.026,0.012,0.019,0.042,0.023,0,0,0,0.05,0.215
23/03/2023,ConradEnergyTradingLimited,Conrad1,0.10454,18:30,19:00,3000,Accepted,0,0,0,0,0,0,0,0,0,0,0.10454,0,0,0,0,0.10454,0,0,0,0,0,0,0,0,0,0,0.10454,0,0,0,0,0.10454
23/03/2023,ConradEnergyTradingLimited,Conrad1,0.08853,19:00,19:30,3000,Accepted,0,0,0,0,0,0,0,0,0,0,0.08853,0,0,0,0,0.08853,0,0,0,0,0,0,0,0,0,0,0.08853,0,0,0,0,0.08853
23/03/2023,CUBUKLtd,CUB-01,2,18:30,19:00,3000,Accepted,0,0.03480301,0.037267823,0.04762411,0.36473802,0.2825803,0.26912335,0.085535035,0.40226334,0.05015819,0.028639833,0.04646077,0.34967548,0.001130781,0,2,0,0.023703701,0.025429068,0.032678472,0.254658201,0.197147794,0.187727925,0.059216115,0.280925925,0.034452328,0.019389476,0.031864132,0.244114437,0.00013314,0,1.391440714
23/03/2023,CUBUKLtd,CUB-01,2,19:00,19:30,3000,Accepted,0,0.04356312,0.04222158,0.05295236,0.3359884,0.28642508,0.25044388,0.07930364,0.401445,0.05791245,0.0335842,0.05539299,0.35448748,0.00627984,0,2,0,0.02621157,0.025272492,0.032784038,0.230909266,0.196214953,0.171028091,0.051229931,0.276728886,0.036256101,0.019226326,0.034492479,0.243858615,0.000113274,0,1.344326022
23/03/2023,DraxEnergySolutionsLimited,DRAX-02,2,18:30,19:00,3000,Accepted,0,0,0,0,0,0,0,0,2,0,0,0,0,0,0,2,0,0,0,0,0,0,0,0,2,0,0,0,0,0,0,2
23/03/2023,DraxEnergySolutionsLimited,DRAX-02,2,19:00,19:30,3000,Accepted,0,0,0,0,0,0,0,0,2,0,0,0,0,0,0,2,0,0,0,0,0,0,0,0,2,0,0,0,0,0,0,2
23/03/2023,DraxEnergySolutionsLimited,DRAX-03,9,18:30,19:00,3000,Accepted,0,0,0,0,1,3,4,0,0,0,0,0,1,0,0,9,0,0,0,0,1,3,4,0,0,0,0,0,1,0,0,9
23/03/2023,DraxEnergySolutionsLimited,DRAX-03,9,19:00,19:30,3000,Accepted,0,0,0,0,1,3,4,0,0,0,0,0,1,0,0,9,0,0,0,0,1,3,4,0,0,0,0,0,1,0,0,9
23/03/2023,DraxEnergySolutionsLimited,DRAX-05,10,18:30,19:00,3000,Accepted,0,0,0,7,0,0,0,0,0,0,0,0,3,0,0,10,0,0,0,7,0,0,0,0,0,0,0,0,3,0,0,10
23/03/2023,DraxEnergySolutionsLimited,DRAX-05,10,19:00,19:30,3000,Accepted,0,0,0,7,0,0,0,0,0,0,0,0,3,0,0,10,0,0,0,7,0,0,0,0,0,0,0,0,3,0,0,10
23/03/2023,DraxEnergySolutionsLimited,DRAX-06,2,18:30,19:00,3000,Accepted,0,0,0,0,0,0,0,0,0,0,0,2,0,0,0,2,0,0,0,0,0,0,0,0,0,0,0,2,0,0,0,2
23/03/2023,DraxEnergySolutionsLimited,DRAX-06,2,19:00,19:30,3000,Accepted,0,0,0,0,0,0,0,0,0,0,0,2,0,0,0,2,0,0,0,0,0,0,0,0,0,0,0,2,0,0,0,2
23/03/2023,EONNextEnergyLimited,EONNXT-01,29,18:30,19:00,3000,Accepted,0,1,2,3,3,4,3,1,5,2,1,2,1,1,0,29,0,1,2,3,3,4,3,1,5,2,1,2,1,1,0,29
23/03/2023,EONNextEnergyLimited,EONNXT-01,29,19:00,19:30,3000,Accepted,0,1,2,3,3,4,3,1,5,2,1,2,1,1,0,29,0,1,2,3,3,4,3,1,5,2,1,2,1,1,0,29
23/03/2023,EquiwattLimited,EQUIWA-01,1,18:30,19:00,3000,Accepted,0,0,0,0,0,0,0,0,0,0,0,0,0,0,1,1,0,0,0,0,0,0,0,0,0,0,0,0,0,0,1,1
23/03/2023,EquiwattLimited,EQUIWA-01,1,19:00,19:30,3000,Accepted,0,0,0,0,0,0,0,0,0,0,0,0,0,0,1,1,0,0,0,0,0,0,0,0,0,0,0,0,0,0,1,1
23/03/2023,EvDOTEnergyLtd,EVDOT-01,1,18:30,19:00,3000,Accepted,0,0,0,0,0,0,0,0,0,0,0,0,0,0,1,1,0,0,0,0,0,0,0,0,0,0,0,0,0,0,1,1
23/03/2023,EvDOTEnergyLtd,EVDOT-01,1,19:00,19:30,3000,Accepted,0,0,0,0,0,0,0,0,0,0,0,0,0,0,1,1,0,0,0,0,0,0,0,0,0,0,0,0,0,0,1,1
23/03/2023,FlexitricityLimited,FLEXIT-01,4.5,18:30,19:00,3000,Accepted,0,0,0,1,3.1,0,0.4,0,0,0,0,0,0,0,0,4.5,0,0,0,1,3.1,0,0.4,0,0,0,0,0,0,0,0,4.5
23/03/2023,FlexitricityLimited,FLEXIT-01,4.5,19:00,19:30,3000,Accepted,0,0,0,1,3.1,0,0.4,0,0,0,0,0,0,0,0,4.5,0,0,0,1,3.1,0,0.4,0,0,0,0,0,0,0,0,4.5
23/03/2023,GridbeyondLimited,GB_DFS1,1.228,18:30,19:00,3000,Accepted,0.35,0,0.19,0,0,0,0.085,0,0,0.14,0,0.44,0.023,0,0,1.228,0.35,0,0.19,0,0,0,0.085,0,0,0.14,0,0.44,0.023,0,0,1.228
23/03/2023,GridbeyondLimited,GB_DFS1,1.228,19:00,19:30,3000,Accepted,0.35,0,0.19,0,0,0,0.085,0,0,0.14,0,0.44,0.023,0,0,1.228,0.35,0,0.19,0,0,0,0.085,0,0,0.14,0,0.44,0.023,0,0,1.228
23/03/2023,GridbeyondLimited,GB_DFS2,4,18:30,19:00,3000,Accepted,0,0,0,0,0,0,0.1,0,0,0,0,0,1.13,2.77,0,4,0,0,0,0,0,0,0.1,0,0,0,0,0,1.13,2.77,0,4
23/03/2023,GridbeyondLimited,GB_DFS2,4,19:00,19:30,3000,Accepted,0,0,0,0,0,0,0.1,0,0,0,0,0,1.13,2.77,0,4,0,0,0,0,0,0,0.1,0,0,0,0,0,1.13,2.77,0,4
23/03/2023,GridbeyondLimited,GB_DFS3,10.41,18:30,19:00,3000,Accepted,0,0,0,0,4.124,3.228,0.355,0,0,0,0,0,2.703,0,0,10.41,0,0,0,0,4.124,3.228,0.355,0,0,0,0,0,2.703,0,0,10.41
23/03/2023,GridbeyondLimited,GB_DFS3,10.41,19:00,19:30,3000,Accepted,0,0,0,0,4.124,3.228,0.355,0,0,0,0,0,2.703,0,0,10.41,0,0,0,0,4.124,3.228,0.355,0,0,0,0,0,2.703,0,0,10.41
23/03/2023,GridbeyondLimited,GB_DFS4,9.9,18:30,19:00,3000,Accepted,0,0,0,9.9,0,0,0,0,0,0,0,0,0,0,0,9.9,0,0,0,9.9,0,0,0,0,0,0,0,0,0,0,0,9.9
23/03/2023,GridbeyondLimited,GB_DFS4,9.9,19:00,19:30,3000,Accepted,0,0,0,9.9,0,0,0,0,0,0,0,0,0,0,0,9.9,0,0,0,9.9,0,0,0,0,0,0,0,0,0,0,0,9.9
23/03/2023,GridbeyondLimited,GB_DFS5,1,18:30,19:00,3000,Accepted,0,0,1,0,0,0,0,0,0,0,0,0,0,0,0,1,0,0,1,0,0,0,0,0,0,0,0,0,0,0,0,1
23/03/2023,GridbeyondLimited,GB_DFS5,1,19:00,19:30,3000,Accepted,0,0,1,0,0,0,0,0,0,0,0,0,0,0,0,1,0,0,1,0,0,0,0,0,0,0,0,0,0,0,0,1
23/03/2023,GridimpLimited,GRIMP-01,2,18:30,19:00,3000,Accepted,0,0,0,0,0,0,0,0.2,0.2,0,1.6,0,0,0,0,2,0,0,0,0,0,0,0,0.2,0.2,0,1.6,0,0,0,0,2
23/03/2023,GridimpLimited,GRIMP-01,2,19:00,19:30,3000,Accepted,0,0,0,0,0,0,0,0.2,0.2,0,1.6,0,0,0,0,2,0,0,0,0,0,0,0,0.2,0.2,0,1.6,0,0,0,0,2
23/03/2023,HildebrandTechnologyLimited,HLDBRD-01,7,18:30,19:00,3000,Accepted,0.4,0.4,0.8,1.6,0.4,0.8,0.6,0.3,0.3,0.3,0.3,0.4,0.4,0,0,7,0.4,0.4,0.8,1.6,0.4,0.8,0.6,0.3,0.3,0.3,0.3,0.4,0.4,0,0,7
23/03/2023,HildebrandTechnologyLimited,HLDBRD-01,7,19:00,19:30,3000,Accepted,0.4,0.4,0.8,1.6,0.4,0.8,0.6,0.3,0.3,0.3,0.3,0.4,0.4,0,0,7,0.4,0.4,0.8,1.6,0.4,0.8,0.6,0.3,0.3,0.3,0.3,0.4,0.4,0,0,7
23/03/2023,OctopusEnergyLimited,OCTOP-02,98.659,18:30,19:00,3000,Accepted,1.31,4.681,5.709,7.726,7.523,10.508,9.762,3.597,12.603,8.814,6.273,12.238,4.669,3.246,0,98.659,0.768,2.529,3.018,3.621,3.798,5.271,4.8315,1.5705,6.0975,4.0665,3.2205,5.958,2.202,1.614,0,48.5655
23/03/2023,OctopusEnergyLimited,OCTOP-02,95.299,19:00,19:30,3000,Accepted,1.268,4.563,5.537,7.45,7.216,10.081,9.358,3.681,12.15,8.514,6.014,11.803,4.506,3.158,0,95.299,0.7395,2.4585,2.925,3.492,3.639,5.034,4.611,1.6005,5.859,3.927,3.0705,5.718,2.1195,1.566,0,46.7595
23/03/2023,OrangePowerLTD,ORANGP-01,2.343,18:30,19:00,3000,Accepted,0.054,0.133,0.115,0.082,0.129,0.253,0.227,0.023,0.311,0.227,0.208,0.349,0.117,0.115,0,2.343,0,0,0,0,0,0,0,0,0,0,0,0,0,0,,0
23/03/2023,OrangePowerLTD,ORANGP-01,2.343,19:00,19:30,3000,Accepted,0.054,0.133,0.115,0.082,0.129,0.253,0.227,0.023,0.311,0.227,0.208,0.349,0.117,0.115,0,2.343,0,0,0,0,0,0,0,0,0,0,0,0,0,0,,0
23/03/2023,OVOElectricityLtd,OVO-01,5,18:30,19:00,3000,Accepted,0.3,0.32,0.27,0.24,0.26,0.48,0.34,0.15,0.64,0.48,0.21,0.86,0.15,0.3,0,5,0.3,0.32,0.27,0.24,0.26,0.48,0.34,0.15,0.64,0.48,0.21,0.86,0.15,0.3,0,5
23/03/2023,OVOElectricityLtd,OVO-01,5,19:00,19:30,3000,Accepted,0.29,0.32,0.26,0.23,0.26,0.46,0.35,0.16,0.63,0.47,0.22,0.88,0.15,0.32,0,5,0.29,0.32,0.26,0.23,0.26,0.46,0.35,0.16,0.63,0.47,0.22,0.88,0.15,0.32,0,5
23/03/2023,PerseTechnologyLimited,PERSE-01,3.06911,18:30,19:00,3000,Accepted,0.00144,0.06273,0.02343,0.19705,0.12834,0.32958,0.62033,0.57912,0.31387,0.46693,0.05103,0.08739,0.10497,0.1029,0,3.06911,0.00144,0.06273,0.02343,0.19705,0.12834,0.32958,0.62033,0.57912,0.31387,0.46693,0.05103,0.08739,0.10497,0.1029,0,3.06911
23/03/2023,PerseTechnologyLimited,PERSE-01,3.05029,19:00,19:30,3000,Accepted,0.00167,0.03437,0.0242,0.1936,0.13249,0.33079,0.61917,0.56591,0.34928,0.45822,0.05226,0.08698,0.10259,0.09876,0,3.05029,0.00167,0.03437,0.0242,0.1936,0.13249,0.33079,0.61917,0.56591,0.34928,0.45822,0.05226,0.08698,0.10259,0.09876,0,3.05029
23/03/2023,SoloEnergyLimited,SMS-01,2,18:30,19:00,3000,Accepted,0.03,0.06,0.07,0.12,0.12,0.24,0.16,0.08,0.31,0.22,0.1,0.26,0.09,0.04,0.1,2,0.03,0.06,0.07,0.12,0.12,0.24,0.16,0.08,0.31,0.22,0.1,0.26,0.09,0.04,0.1,2
23/03/2023,SoloEnergyLimited,SMS-01,2,19:00,19:30,3000,Accepted,0.03,0.06,0.07,0.12,0.12,0.24,0.16,0.08,0.31,0.22,0.1,0.26,0.09,0.04,0.1,2,0.03,0.06,0.07,0.12,0.12,0.24,0.16,0.08,0.31,0.22,0.1,0.26,0.09,0.04,0.1,2
23/03/2023,SoloEnergyLimited,SMS-02,1,18:30,19:00,3000,Accepted,0.01,0.03,0.04,0.06,0.06,0.12,0.08,0.04,0.15,0.11,0.05,0.13,0.04,0.03,0.05,1,0.01,0.03,0.04,0.06,0.06,0.12,0.08,0.04,0.15,0.11,0.05,0.13,0.04,0.03,0.05,1
23/03/2023,SoloEnergyLimited,SMS-02,1,19:00,19:30,3000,Accepted,0.01,0.03,0.04,0.06,0.06,0.12,0.08,0.04,0.15,0.11,0.05,0.13,0.04,0.03,0.05,1,0.01,0.03,0.04,0.06,0.06,0.12,0.08,0.04,0.15,0.11,0.05,0.13,0.04,0.03,0.05,1
23/03/2023,SoloEnergyLimited,SMS-03,3,18:30,19:00,3000,Accepted,0.05,0.11,0.17,0.18,0.25,0.36,0.25,0.09,0.42,0.29,0.19,0.35,0.12,0.09,0.08,3,0.05,0.11,0.17,0.18,0.25,0.36,0.25,0.09,0.42,0.29,0.19,0.35,0.12,0.09,0.08,3
23/03/2023,SoloEnergyLimited,SMS-03,3,19:00,19:30,3000,Accepted,0.05,0.11,0.16,0.18,0.25,0.36,0.25,0.1,0.42,0.28,0.19,0.35,0.11,0.09,0.1,3,0.05,0.11,0.16,0.18,0.25,0.36,0.25,0.1,0.42,0.28,0.19,0.35,0.11,0.09,0.1,3
23/03/2023,SoloEnergyLimited,SMS-04,3,18:30,19:00,3000,Accepted,0.05,0.14,0.13,0.2,0.23,0.31,0.24,0.08,0.41,0.24,0.18,0.39,0.13,0.09,0.18,3,0.05,0.14,0.13,0.2,0.23,0.31,0.24,0.08,0.41,0.24,0.18,0.39,0.13,0.09,0.18,3
23/03/2023,SoloEnergyLimited,SMS-04,3,19:00,19:30,3000,Accepted,0.05,0.14,0.13,0.2,0.22,0.31,0.24,0.09,0.41,0.24,0.18,0.39,0.13,0.1,0.17,3,0.05,0.14,0.13,0.2,0.22,0.31,0.24,0.09,0.41,0.24,0.18,0.39,0.13,0.1,0.17,3
23/03/2023,Utilita,UTILIT-01,2,18:30,19:00,3000,Accepted,0,0,0,0,0,0,0,0,0,0,0,0,0,0,2,2,0,0,0,0,0,0,0,0,0,0,0,0,0,0,2,2
23/03/2023,Utilita,UTILIT-01,2,19:00,19:30,3000,Accepted,0,0,0,0,0,0,0,0,0,0,0,0,0,0,2,2,0,0,0,0,0,0,0,0,0,0,0,0,0,0,2,2
23/03/2023,VpowerU8lectricLTD,VPOWER-01,1.01,18:30,19:00,3000,Accepted,0.79,0,0,0.01,0,0.04,0.14,0,0,0,0,0.02,0.01,0,0,1.01,0.79,0,0,0.01,0,0.04,0.14,0,0,0,0,0.02,0.01,0,0,1.01
23/03/2023,VpowerU8lectricLTD,VPOWER-01,1.03,19:00,19:30,3000,Accepted,0.77,0,0,0.01,0,0.04,0.14,0,0,0,0,0.02,0.05,0,0,1.03,0.77,0,0,0.01,0,0.04,0.14,0,0,0,0,0.02,0.05,0,0,1.03
23/03/2023,ZenobeEnergyLimited,ZENOB-01,1,18:30,19:00,3000,Accepted,0,0,0,0,0,0,0,1,0,0,0,0,0,0,0,1,0,0,0,0,0,0,0,1,0,0,0,0,0,0,0,1
23/03/2023,ZenobeEnergyLimited,ZENOB-01,1,19:00,19:30,3000,Accepted,0,0,0,0,0,0,0,1,0,0,0,0,0,0,0,1,0,0,0,0,0,0,0,1,0,0,0,0,0,0,0,1
23/03/2023,CUBUKLtd,CUB-02,2,18:30,19:00,3150,Rejected,0,0.03480301,0.037267823,0.04762411,0.36473802,0.2825803,0.26912335,0.085535035,0.40226334,0.05015819,0.028639833,0.04646077,0.34967548,0.001130781,0,2,,,,,,,,,,,,,,,,
23/03/2023,CUBUKLtd,CUB-02,2,19:00,19:30,3150,Rejected,0,0.04356312,0.04222158,0.05295236,0.3359884,0.28642508,0.25044388,0.07930364,0.401445,0.05791245,0.0335842,0.05539299,0.35448748,0.00627984,0,2,,,,,,,,,,,,,,,,
23/03/2023,EngiePowerLimited,ENGIE-01,10.5,18:30,19:00,5000,Rejected,0,0.371,0.591,0.315,0.155,2.821,2.003,0,2.101,0.23,0.254,0.535,1.026,0.098,0,10.5,,,,,,,,,,,,,,,,
23/03/2023,EngiePowerLimited,ENGIE-01,10.5,19:00,19:30,5000,Rejected,0,0.371,0.591,0.315,0.155,2.821,2.003,0,2.101,0.23,0.254,0.535,1.026,0.098,0,10.5,,,,,,,,,,,,,,,,
23/03/2023,EngiePowerLimited,ENGIE-02,2,18:30,19:00,5000,Rejected,0,0,0,0,0,0,0,0,0,0,0,2,0,0,0,2,,,,,,,,,,,,,,,,
23/03/2023,EngiePowerLimited,ENGIE-02,2,19:00,19:30,5000,Rejected,0,0,0,0,0,0,0,0,0,0,0,2,0,0,0,2,,,,,,,,,,,,,,,,
23/03/2023,OctopusEnergyLimited,OCTOP-03,49.327,18:30,19:00,4000,Rejected,0.655,2.34,2.854,3.863,3.762,5.254,4.881,1.798,6.301,4.407,3.136,6.119,2.334,1.623,0,49.327,,,,,,,,,,,,,,,,
23/03/2023,OctopusEnergyLimited,OCTOP-03,47.65,19:00,19:30,4000,Rejected,0.634,2.282,2.769,3.725,3.608,5.041,4.679,1.84,6.075,4.257,3.007,5.901,2.253,1.579,0,47.65,,,,,,,,,,,,,,,,
23/03/2023,OctopusEnergyLimited,OCTOP-05,49.327,18:30,19:00,6000,Rejected,0.655,2.34,2.854,3.863,3.762,5.254,4.881,1.798,6.301,4.407,3.136,6.119,2.334,1.623,0,49.327,,,,,,,,,,,,,,,,
23/03/2023,OctopusEnergyLimited,OCTOP-05,47.65,19:00,19:30,6000,Rejected,0.634,2.282,2.769,3.725,3.608,5.041,4.679,1.84,6.075,4.257,3.007,5.901,2.253,1.579,0,47.65,,,,,,,,,,,,,,,,
21/03/2023,ChameleonTechnology,CHAMEL-01,1.027,18:00,18:30,3000,Accepted,0,0,0.04,0.113,0,0.089,0.085,0.069,0.095,0.195,0.112,0,0,0,0.228,1.027,0,0,0.004,0.0113,0,0.0089,0.0085,0.0069,0.0095,0.0195,0.0112,0,0,0,0.0228,0.1027
21/03/2023,ChameleonTechnology,CHAMEL-01,1,18:30,19:00,3000,Accepted,0,0,0.04,0.108,0,0.087,0.082,0.071,0.092,0.191,0.109,0,0,0,0.221,1,0,0,0.004,0.0108,0,0.0087,0.0082,0.0071,0.0092,0.0191,0.0109,0,0,0,0.0221,0.1
21/03/2023,HildebrandTechnologyLimited,HLDBRD-01,7,18:00,18:30,3000,Accepted,0.4,0.4,0.8,1.6,0.4,0.8,0.6,0.3,0.3,0.3,0.3,0.4,0.4,0,0,7,0.4,0.4,0.8,1.6,0.4,0.8,0.6,0.3,0.3,0.3,0.3,0.4,0.4,0,0,7
21/03/2023,HildebrandTechnologyLimited,HLDBRD-01,7,18:30,19:00,3000,Accepted,0.4,0.4,0.8,1.6,0.4,0.8,0.6,0.3,0.3,0.3,0.3,0.4,0.4,0,0,7,0.4,0.4,0.8,1.6,0.4,0.8,0.6,0.3,0.3,0.3,0.3,0.4,0.4,0,0,7
15/03/2023,BritishGasTradingLimited,BG-A-001,36.501698,18:30,19:00,3000,Accepted,0.52145696,2.216165,1.8250812,3.2590787,2.9331818,3.1938922,2.542098,1.9554545,5.0841603,3.9760597,1.8250812,4.301993,1.8902678,0.97772723,0,36.501698,0.521456937,2.216164972,1.825081272,3.259078846,2.933181764,3.193892226,2.542098068,1.955454511,5.084160117,3.976059626,1.825081272,4.301992722,1.890267893,0.977727257,0,36.50169748
15/03/2023,BritishGasTradingLimited,BG-A-001,35.904877,19:00,19:30,3000,Accepted,0.52130914,2.2155368,1.824564,3.192987,2.802014,3.1278188,2.4762094,2.0200684,5.017551,3.9098005,1.7593958,4.2356052,1.824564,0.97745013,0,35.904877,0.521309145,2.215536867,1.824564007,3.192987013,2.802014157,3.127818872,2.476209443,2.020068439,5.017551022,3.909800592,1.759395864,4.235605306,1.824564007,0.97745015,0,35.90487488
15/03/2023,ChameleonTechnology,CHAMEL-01,1.0872,18:30,19:00,3000,Accepted,0,0,0.0444,0.1212,0,0.0924,0.0912,0.0744,0.0972,0.2076,0.114,0,0,0,0.2448,1.0872,0,0,0.005,0.021,0,0.013,0.015,0.022,0.013,0.025,0.021,0,0,0,0.03,0.165
15/03/2023,ChameleonTechnology,CHAMEL-01,1.0212,19:00,19:30,3000,Accepted,0,0,0.0408,0.114,0,0.0876,0.0876,0.0732,0.0888,0.1944,0.1056,0,0,0,0.2292,1.0212,0,0,0.006,0.019,0,0.012,0.015,0.019,0.01,0.025,0.019,0,0,0,0.027,0.151
15/03/2023,ConradEnergyTradingLimited,Conrad1,0.10288,18:30,19:00,3000,Accepted,0,0,0,0,0,0,0,0,0,0,0.10288,0,0,0,0,0.10288,0,0,0,0,0,0,0,0,0,0,0.10288,0,0,0,0,0.10288
15/03/2023,ConradEnergyTradingLimited,Conrad1,0.08823,19:00,19:30,3000,Accepted,0,0,0,0,0,0,0,0,0,0,0.08823,0,0,0,0,0.08823,0,0,0,0,0,0,0,0,0,0,0.08823,0,0,0,0,0.08823
15/03/2023,CUBUKLtd,CUB-01,1,18:30,19:00,3000,Accepted,0,0.01751505,0.017558167,0.024175402,0.16977213,0.17545684,0.13409138,0.04375575,0.19397266,0.023760226,0.014344256,0.022760093,0.16274296,0.0000951,0,1,0,0.0350301,0.035116332,0.048350801,0.339544268,0.271927992,0.26818275,0.0875115,0.387945325,0.047520452,0.028688511,0.045520188,0.325485916,0.0001902,0,1.921014335
15/03/2023,CUBUKLtd,CUB-01,1,19:00,19:30,3000,Accepted,0,0.018098464,0.01805178,0.02341717,0.17082573,0.1869025,0.12216292,0.03920658,0.18448593,0.025033973,0.01373309,0.023816235,0.17418472,0.0000809,0,1,0,0.03619693,0.03610356,0.04683434,0.341651465,0.290318043,0.244325844,0.07841316,0.368971848,0.050067949,0.02746618,0.047632471,0.34836945,0.00016182,0,1.91651306
15/03/2023,DraxEnergySolutionsLimited,DRAX-02,2,18:30,19:00,3000,Accepted,0,0,0,0,0,0,0,0,2,0,0,0,0,0,0,2,0,0,0,0,0,0,0,0,2,0,0,0,0,0,0,2
15/03/2023,DraxEnergySolutionsLimited,DRAX-02,2,19:00,19:30,3000,Accepted,0,0,0,0,0,0,0,0,2,0,0,0,0,0,0,2,0,0,0,0,0,0,0,0,2,0,0,0,0,0,0,2
15/03/2023,DraxEnergySolutionsLimited,DRAX-03,9,18:30,19:00,3000,Accepted,0,0,0,0,1,3,4,0,0,0,0,0,1,0,0,9,0,0,0,0,1,3,4,0,0,0,0,0,1,0,0,9
15/03/2023,DraxEnergySolutionsLimited,DRAX-03,9,19:00,19:30,3000,Accepted,0,0,0,0,1,3,4,0,0,0,0,0,1,0,0,9,0,0,0,0,1,3,4,0,0,0,0,0,1,0,0,9
15/03/2023,DraxEnergySolutionsLimited,DRAX-05,10,18:30,19:00,3000,Accepted,0,0,0,7,0,0,0,0,0,0,0,0,3,0,0,10,0,0,0,7,0,0,0,0,0,0,0,0,3,0,0,10
15/03/2023,DraxEnergySolutionsLimited,DRAX-05,10,19:00,19:30,3000,Accepted,0,0,0,7,0,0,0,0,0,0,0,0,3,0,0,10,0,0,0,7,0,0,0,0,0,0,0,0,3,0,0,10
15/03/2023,DraxEnergySolutionsLimited,DRAX-06,2,18:30,19:00,3000,Accepted,0,0,0,0,0,0,0,0,0,0,0,2,0,0,0,2,0,0,0,0,0,0,0,0,0,0,0,2,0,0,0,2
15/03/2023,DraxEnergySolutionsLimited,DRAX-06,2,19:00,19:30,3000,Accepted,0,0,0,0,0,0,0,0,0,0,0,2,0,0,0,2,0,0,0,0,0,0,0,0,0,0,0,2,0,0,0,2
15/03/2023,EngiePowerLimited,ENGIE-01,10.5,18:30,19:00,3000,Accepted,0,0.371,0.591,0.315,0.155,2.821,2.003,0,2.101,0.23,0.254,0.535,1.026,0.098,0,10.5,0,0.371,0.591,0.315,0.155,2.821,2.003,0,2.101,0.23,0.254,0.535,1.026,0.098,0,10.5
15/03/2023,EngiePowerLimited,ENGIE-01,10.5,19:00,19:30,3000,Accepted,0,0.371,0.591,0.315,0.155,2.821,2.003,0,2.101,0.23,0.254,0.535,1.026,0.098,0,10.5,0,0.371,0.591,0.315,0.155,2.821,2.003,0,2.101,0.23,0.254,0.535,1.026,0.098,0,10.5
15/03/2023,EngiePowerLimited,ENGIE-02,2,18:30,19:00,3000,Accepted,0,0,0,0,0,0,0,0,0,0,0,2,0,0,0,2,0,0,0,0,0,0,0,0,0,0,0,2,0,0,0,2
15/03/2023,EngiePowerLimited,ENGIE-02,2,19:00,19:30,3000,Accepted,0,0,0,0,0,0,0,0,0,0,0,2,0,0,0,2,0,0,0,0,0,0,0,0,0,0,0,2,0,0,0,2
15/03/2023,EONNextEnergyLimited,EONNXT-01,32,18:30,19:00,3000,Accepted,0,1,2,3,3,4,4,2,6,2,1,2,1,1,0,32,0,1,2,3,3,4,4,2,6,2,1,2,1,1,0,32
15/03/2023,EONNextEnergyLimited,EONNXT-01,31,19:00,19:30,3000,Accepted,0,1,2,3,3,4,3,2,6,2,1,2,1,1,0,31,0,1,2,3,3,4,3,2,6,2,1,2,1,1,0,31
15/03/2023,EquiwattLimited,EQUIWA-01,1,18:30,19:00,3000,Accepted,0,0,0,0,0,0,0,0,0,0,0,0,0,0,1,1,0,0,0,0,0,0,0,0,0,0,0,0,0,0,1,1
15/03/2023,EquiwattLimited,EQUIWA-01,1,19:00,19:30,3000,Accepted,0,0,0,0,0,0,0,0,0,0,0,0,0,0,1,1,0,0,0,0,0,0,0,0,0,0,0,0,0,0,1,1
15/03/2023,EvDOTEnergyLtd,EVDOT-01,1,18:30,19:00,3000,Accepted,0,0,0,0,0,0,0,0,0,0,0,0,0,0,1,1,0,0,0,0,0,0,0,0,0,0,0,0,0,0,1,1
15/03/2023,EvDOTEnergyLtd,EVDOT-01,1,19:00,19:30,3000,Accepted,0,0,0,0,0,0,0,0,0,0,0,0,0,0,1,1,0,0,0,0,0,0,0,0,0,0,0,0,0,0,1,1
15/03/2023,FlexitricityLimited,FLEXIT-01,4.5,18:30,19:00,3000,Accepted,0,0,0,1,3.1,0,0.4,0,0,0,0,0,0,0,0,4.5,0,0,0,1,3.1,0,0.4,0,0,0,0,0,0,0,0,4.5
15/03/2023,FlexitricityLimited,FLEXIT-01,4.5,19:00,19:30,3000,Accepted,0,0,0,1,3.1,0,0.4,0,0,0,0,0,0,0,0,4.5,0,0,0,1,3.1,0,0.4,0,0,0,0,0,0,0,0,4.5
15/03/2023,GridbeyondLimited,GB_DFS1,1.228,18:30,19:00,3000,Accepted,0.35,0,0.19,0,0,0,0.085,0,0,0.14,0,0.44,0.023,0,0,1.228,0.35,0,0.19,0,0,0,0.085,0,0,0.14,0,0.44,0.023,0,0,1.228
15/03/2023,GridbeyondLimited,GB_DFS1,1.228,19:00,19:30,3000,Accepted,0.35,0,0.19,0,0,0,0.085,0,0,0.14,0,0.44,0.023,0,0,1.228,0.35,0,0.19,0,0,0,0.085,0,0,0.14,0,0.44,0.023,0,0,1.228
15/03/2023,GridbeyondLimited,GB_DFS2,4,18:30,19:00,3000,Accepted,0,0,0,0,0,0,0.1,0,0,0,0,0,1.13,2.77,0,4,0,0,0,0,0,0,0.1,0,0,0,0,0,1.13,2.77,0,4
15/03/2023,GridbeyondLimited,GB_DFS2,4,19:00,19:30,3000,Accepted,0,0,0,0,0,0,0.1,0,0,0,0,0,1.13,2.77,0,4,0,0,0,0,0,0,0.1,0,0,0,0,0,1.13,2.77,0,4
15/03/2023,GridbeyondLimited,GB_DFS3,10.41,18:30,19:00,3000,Accepted,0,0,0,0,4.124,3.228,0.355,0,0,0,0,0,2.703,0,0,10.41,0,0,0,0,4.124,3.228,0.355,0,0,0,0,0,2.703,0,0,10.41
15/03/2023,GridbeyondLimited,GB_DFS3,10.41,19:00,19:30,3000,Accepted,0,0,0,0,4.124,3.228,0.355,0,0,0,0,0,2.703,0,0,10.41,0,0,0,0,4.124,3.228,0.355,0,0,0,0,0,2.703,0,0,10.41
15/03/2023,GridbeyondLimited,GB_DFS4,9.9,18:30,19:00,3000,Accepted,0,0,0,9.9,0,0,0,0,0,0,0,0,0,0,0,9.9,0,0,0,9.9,0,0,0,0,0,0,0,0,0,0,0,9.9
15/03/2023,GridbeyondLimited,GB_DFS4,9.9,19:00,19:30,3000,Accepted,0,0,0,9.9,0,0,0,0,0,0,0,0,0,0,0,9.9,0,0,0,9.9,0,0,0,0,0,0,0,0,0,0,0,9.9
15/03/2023,GridbeyondLimited,GB_DFS5,1,18:30,19:00,3000,Accepted,0,0,1,0,0,0,0,0,0,0,0,0,0,0,0,1,0,0,1,0,0,0,0,0,0,0,0,0,0,0,0,1
15/03/2023,GridbeyondLimited,GB_DFS5,1,19:00,19:30,3000,Accepted,0,0,1,0,0,0,0,0,0,0,0,0,0,0,0,1,0,0,1,0,0,0,0,0,0,0,0,0,0,0,0,1
15/03/2023,GridimpLimited,GRIMP-01,2,18:30,19:00,3000,Accepted,0,0,0,0,0,0,0,0.2,0.2,0,1.6,0,0,0,0,2,0,0,0,0,0,0,0,0.2,0.2,0,1.6,0,0,0,0,2
15/03/2023,GridimpLimited,GRIMP-01,2,19:00,19:30,3000,Accepted,0,0,0,0,0,0,0,0.2,0.2,0,1.6,0,0,0,0,2,0,0,0,0,0,0,0,0.2,0.2,0,1.6,0,0,0,0,2
15/03/2023,HildebrandTechnologyLimited,HLDBRD-01,7,18:30,19:00,3000,Accepted,0.4,0.4,0.8,1.6,0.4,0.8,0.6,0.3,0.3,0.3,0.3,0.4,0.4,0,0,7,0.4,0.4,0.8,1.6,0.4,0.8,0.6,0.3,0.3,0.3,0.3,0.4,0.4,0,0,7
15/03/2023,HildebrandTechnologyLimited,HLDBRD-01,7,19:00,19:30,3000,Accepted,0.4,0.4,0.8,1.6,0.4,0.8,0.6,0.3,0.3,0.3,0.3,0.4,0.4,0,0,7,0.4,0.4,0.8,1.6,0.4,0.8,0.6,0.3,0.3,0.3,0.3,0.4,0.4,0,0,7
15/03/2023,OctopusEnergyLimited,OCTOP-02,100,18:30,19:00,3000,Accepted,1.297,4.674,5.852,7.82,7.712,10.858,10.062,3.762,13.124,9.21,6.477,11.076,4.764,3.312,0,100,1.038,3.739,4.682,6.256,6.17,8.686,8.05,3.01,10.499,7.368,5.182,8.861,3.811,2.65,0,80
15/03/2023,OctopusEnergyLimited,OCTOP-02,97.956,19:00,19:30,3000,Accepted,1.257,4.551,5.662,7.518,7.353,10.391,9.616,3.84,12.594,8.883,6.199,12.3,4.579,3.213,0,97.956,1.006,3.641,4.53,6.014,5.882,8.313,7.693,3.072,10.075,7.106,4.959,9.84,3.663,2.57,0,78.365
15/03/2023,OrangePowerLTD,ORANGP-01,2.343,18:30,19:00,3000,Accepted,0.054,0.133,0.115,0.082,0.129,0.253,0.227,0.023,0.311,0.227,0.208,0.349,0.117,0.115,0,2.343,0,0,0,0,0,0,0,0,0,0,0,0,0,0,,0
15/03/2023,OrangePowerLTD,ORANGP-01,2.343,19:00,19:30,3000,Accepted,0.054,0.133,0.115,0.082,0.129,0.253,0.227,0.023,0.311,0.227,0.208,0.349,0.117,0.115,0,2.343,0,0,0,0,0,0,0,0,0,0,0,0,0,0,,0
15/03/2023,OVOElectricityLtd,OVO-01,5,18:30,19:00,3000,Accepted,0.3,0.31,0.26,0.23,0.25,0.46,0.35,0.14,0.63,0.47,0.23,0.9,0.16,0.31,0,5,0.3,0.31,0.26,0.23,0.25,0.46,0.35,0.14,0.63,0.47,0.23,0.9,0.16,0.31,0,5
15/03/2023,OVOElectricityLtd,OVO-01,5,19:00,19:30,3000,Accepted,0.3,0.33,0.25,0.22,0.26,0.46,0.33,0.15,0.63,0.48,0.22,0.89,0.16,0.32,0,5,0.3,0.33,0.25,0.22,0.26,0.46,0.33,0.15,0.63,0.48,0.22,0.89,0.16,0.32,0,5
15/03/2023,PerseTechnologyLimited,PERSE-01,3.10307,18:30,19:00,3000,Accepted,0.00162,0.06189,0.0231,0.1912,0.13608,0.37707,0.6096,0.58176,0.2947,0.46768,0.05186,0.08666,0.10474,0.11511,0,3.10307,0.00162,0.06189,0.0231,0.1912,0.13608,0.37707,0.6096,0.58176,0.2947,0.46768,0.05186,0.08666,0.10474,0.11511,0,3.10307
15/03/2023,PerseTechnologyLimited,PERSE-01,3.08681,19:00,19:30,3000,Accepted,0.0018,0.03275,0.02341,0.18861,0.14024,0.38135,0.61224,0.56727,0.32773,0.46118,0.05206,0.08584,0.10405,0.10828,0,3.08681,0.0018,0.03275,0.02341,0.18861,0.14024,0.38135,0.61224,0.56727,0.32773,0.46118,0.05206,0.08584,0.10405,0.10828,0,3.08681
15/03/2023,SoloEnergyLimited,SMS-01,1,18:30,19:00,3000,Accepted,0.01,0.03,0.04,0.06,0.06,0.12,0.08,0.04,0.15,0.11,0.05,0.13,0.04,0.03,0.05,1,0.01,0.03,0.04,0.06,0.06,0.12,0.08,0.04,0.15,0.11,0.05,0.13,0.04,0.03,0.05,1
15/03/2023,SoloEnergyLimited,SMS-01,1,19:00,19:30,3000,Accepted,0.02,0.03,0.04,0.05,0.06,0.12,0.08,0.04,0.15,0.11,0.05,0.13,0.04,0.03,0.05,1,0.02,0.03,0.04,0.05,0.06,0.12,0.08,0.04,0.15,0.11,0.05,0.13,0.04,0.03,0.05,1
15/03/2023,SoloEnergyLimited,SMS-02,1,18:30,19:00,3000,Accepted,0.01,0.03,0.04,0.06,0.06,0.12,0.08,0.04,0.15,0.11,0.05,0.13,0.04,0.03,0.05,1,0.01,0.03,0.04,0.06,0.06,0.12,0.08,0.04,0.15,0.11,0.05,0.13,0.04,0.03,0.05,1
15/03/2023,SoloEnergyLimited,SMS-02,1,19:00,19:30,3000,Accepted,0.02,0.03,0.04,0.05,0.06,0.12,0.08,0.04,0.15,0.11,0.05,0.13,0.04,0.03,0.05,1,0.02,0.03,0.04,0.05,0.06,0.12,0.08,0.04,0.15,0.11,0.05,0.13,0.04,0.03,0.05,1
15/03/2023,SoloEnergyLimited,SMS-03,3,18:30,19:00,3000,Accepted,0.05,0.11,0.17,0.18,0.25,0.36,0.25,0.1,0.42,0.29,0.19,0.35,0.12,0.09,0.07,3,0.05,0.11,0.17,0.18,0.25,0.36,0.25,0.1,0.42,0.29,0.19,0.35,0.12,0.09,0.07,3
15/03/2023,SoloEnergyLimited,SMS-03,3,19:00,19:30,3000,Accepted,0.05,0.11,0.17,0.18,0.25,0.35,0.25,0.1,0.41,0.29,0.19,0.35,0.13,0.09,0.08,3,0.05,0.11,0.17,0.18,0.25,0.35,0.25,0.1,0.41,0.29,0.19,0.35,0.13,0.09,0.08,3
15/03/2023,SoloEnergyLimited,SMS-04,3,18:30,19:00,3000,Accepted,0.05,0.14,0.13,0.19,0.23,0.32,0.24,0.08,0.41,0.24,0.18,0.39,0.15,0.09,0.16,3,0.05,0.14,0.13,0.19,0.23,0.32,0.24,0.08,0.41,0.24,0.18,0.39,0.15,0.09,0.16,3
15/03/2023,SoloEnergyLimited,SMS-04,2,19:00,19:30,3000,Accepted,0.04,0.09,0.09,0.13,0.15,0.21,0.16,0.06,0.27,0.16,0.12,0.26,0.09,0.06,0.11,2,0.04,0.09,0.09,0.13,0.15,0.21,0.16,0.06,0.27,0.16,0.12,0.26,0.09,0.06,0.11,2
15/03/2023,Utilita,UTILIT-01,2,18:30,19:00,3000,Accepted,0,0,0,0,0,0,0,0,0,0,0,0,0,0,2,2,0,0,0,0,0,0,0,0,0,0,0,0,0,0,2,2
15/03/2023,Utilita,UTILIT-01,2,19:00,19:30,3000,Accepted,0,0,0,0,0,0,0,0,0,0,0,0,0,0,2,2,0,0,0,0,0,0,0,0,0,0,0,0,0,0,2,2
15/03/2023,VpowerU8lectricLTD,VPOWER-01,1.01,18:30,19:00,3000,Accepted,0.79,0,0,0.01,0,0.04,0.14,0,0,0,0,0.02,0.01,0,0,1.01,0.79,0,0,0.01,0,0.04,0.14,0,0,0,0,0.02,0.01,0,0,1.01
15/03/2023,VpowerU8lectricLTD,VPOWER-01,1.03,19:00,19:30,3000,Accepted,0.77,0,0,0.01,0,0.04,0.14,0,0,0,0,0.02,0.05,0,0,1.03,0.77,0,0,0.01,0,0.04,0.14,0,0,0,0,0.02,0.05,0,0,1.03
15/03/2023,ZenobeEnergyLimited,ZENOB-01,1,18:30,19:00,3000,Accepted,0,0,0,0,0,0,0,1,0,0,0,0,0,0,0,1,0,0,0,0,0,0,0,1,0,0,0,0,0,0,0,1
15/03/2023,ZenobeEnergyLimited,ZENOB-01,1,19:00,19:30,3000,Accepted,0,0,0,0,0,0,0,1,0,0,0,0,0,0,0,1,0,0,0,0,0,0,0,1,0,0,0,0,0,0,0,1
15/03/2023,CUBUKLtd,CUB-02,1,18:30,19:00,3150,Rejected,0,0.01868188,0.018545395,0.02265894,0.17187934,0.19834815,0.11023447,0.03465741,0.17499919,0.026307723,0.013121925,0.024872378,0.18562649,0.0000667,0,1,,,,,,,,,,,,,,,,
15/03/2023,CUBUKLtd,CUB-02,1,19:00,19:30,3150,Rejected,0,0.019265294,0.019039009,0.02190071,0.17293292,0.20979382,0.098306015,0.03010824,0.16551244,0.02758147,0.012510759,0.02592852,0.19706826,0.0000525,0,1,,,,,,,,,,,,,,,,
15/03/2023,OctopusEnergyLimited,OCTOP-03,50.864,18:30,19:00,4000,Rejected,0.649,2.337,2.926,3.91,3.856,5.429,5.031,1.881,6.562,4.605,3.239,6.401,2.382,1.656,0,50.864,,,,,,,,,,,,,,,,
15/03/2023,OctopusEnergyLimited,OCTOP-03,48.979,19:00,19:30,4000,Rejected,0.629,2.276,2.831,3.759,3.676,5.195,4.808,1.92,6.297,4.442,3.1,6.15,2.29,1.606,0,48.979,,,,,,,,,,,,,,,,
15/03/2023,OctopusEnergyLimited,OCTOP-05,50.864,18:30,19:00,6000,Rejected,0.649,2.337,2.926,3.91,3.856,5.429,5.031,1.881,6.562,4.605,3.239,6.401,2.382,1.656,0,50.864,,,,,,,,,,,,,,,,
15/03/2023,OctopusEnergyLimited,OCTOP-05,48.979,19:00,19:30,6000,Rejected,0.629,2.276,2.831,3.759,3.676,5.195,4.808,1.92,6.297,4.442,3.1,6.15,2.29,1.606,0,48.979,,,,,,,,,,,,,,,,
14/03/2023,ChameleonTechnology,CHAMEL-01,1.1256,18:00,18:30,3000,Accepted,0,0,0.0456,0.1296,0,0.096,0.0948,0.072,0.102,0.2136,0.1176,0,0,0,0.2544,1.1256,0,0,0.012,0.02,0,0.014,0.022,0.014,0.025,0.036,0.019,0,0,0,0.03,0.192
14/03/2023,ChameleonTechnology,CHAMEL-01,1.0872,18:30,19:00,3000,Accepted,0,0,0.0444,0.1212,0,0.0924,0.0912,0.0744,0.0972,0.2076,0.114,0,0,0,0.2448,1.0872,0,0,0.012,0.02,0,0.012,0.021,0.017,0.024,0.037,0.018,0,0,0,0.029,0.188
14/03/2023,GridimpLimited,GRIMP-01,2,18:00,18:30,3000,Accepted,0,0,0,0,0,0,0,0.2,0.2,0,1.6,0,0,0,0,2,0,0,0,0,0,0,0,0.2,0.2,0,1.6,0,0,0,0,2
14/03/2023,GridimpLimited,GRIMP-01,2,18:30,19:00,3000,Accepted,0,0,0,0,0,0,0,0.2,0.2,0,1.6,0,0,0,0,2,0,0,0,0,0,0,0,0.2,0.2,0,1.6,0,0,0,0,2
14/03/2023,SoloEnergyLimited,SMS-01,1,18:00,18:30,3000,Accepted,0.01,0.03,0.03,0.06,0.06,0.12,0.08,0.04,0.16,0.11,0.05,0.13,0.04,0.03,0.05,1,0.01,0.03,0.03,0.06,0.06,0.12,0.08,0.04,0.16,0.11,0.05,0.13,0.04,0.03,0.05,1
14/03/2023,SoloEnergyLimited,SMS-01,1,18:30,19:00,3000,Accepted,0.01,0.03,0.03,0.06,0.06,0.12,0.08,0.04,0.16,0.11,0.05,0.13,0.04,0.03,0.05,1,0.01,0.03,0.03,0.06,0.06,0.12,0.08,0.04,0.16,0.11,0.05,0.13,0.04,0.03,0.05,1
14/03/2023,SoloEnergyLimited,SMS-02,1,18:00,18:30,3000,Accepted,0.01,0.03,0.03,0.06,0.06,0.12,0.08,0.04,0.16,0.11,0.05,0.13,0.04,0.03,0.05,1,0.01,0.03,0.03,0.06,0.06,0.12,0.08,0.04,0.16,0.11,0.05,0.13,0.04,0.03,0.05,1
14/03/2023,SoloEnergyLimited,SMS-02,1,18:30,19:00,3000,Accepted,0.01,0.03,0.03,0.06,0.06,0.12,0.08,0.04,0.16,0.11,0.05,0.13,0.04,0.03,0.05,1,0.01,0.03,0.03,0.06,0.06,0.12,0.08,0.04,0.16,0.11,0.05,0.13,0.04,0.03,0.05,1
14/03/2023,SoloEnergyLimited,SMS-03,3,18:00,18:30,3000,Accepted,0.05,0.11,0.17,0.18,0.25,0.36,0.25,0.09,0.42,0.29,0.19,0.34,0.11,0.09,0.1,3,0.05,0.11,0.17,0.18,0.25,0.36,0.25,0.09,0.42,0.29,0.19,0.34,0.11,0.09,0.1,3
14/03/2023,SoloEnergyLimited,SMS-03,3,18:30,19:00,3000,Accepted,0.05,0.11,0.17,0.18,0.25,0.36,0.25,0.09,0.42,0.29,0.19,0.35,0.12,0.09,0.08,3,0.05,0.11,0.17,0.18,0.25,0.36,0.25,0.09,0.42,0.29,0.19,0.35,0.12,0.09,0.08,3
14/03/2023,SoloEnergyLimited,SMS-04,3,18:00,18:30,3000,Accepted,0.06,0.14,0.13,0.19,0.23,0.32,0.24,0.08,0.41,0.24,0.18,0.39,0.13,0.09,0.17,3,0.06,0.14,0.13,0.19,0.23,0.32,0.24,0.08,0.41,0.24,0.18,0.39,0.13,0.09,0.17,3
14/03/2023,SoloEnergyLimited,SMS-04,3,18:30,19:00,3000,Accepted,0.05,0.14,0.13,0.19,0.23,0.32,0.24,0.08,0.41,0.24,0.18,0.39,0.13,0.09,0.18,3,0.05,0.14,0.13,0.19,0.23,0.32,0.24,0.08,0.41,0.24,0.18,0.39,0.13,0.09,0.18,3
14/03/2023,Utilita,UTILIT-01,3,18:00,18:30,3000,Accepted,0,0,0,0,0,0,0,0,0,0,0,0,0,0,3,3,0,0,0,0,0,0,0,0,0,0,0,0,0,0,2,2
14/03/2023,Utilita,UTILIT-01,2,18:30,19:00,3000,Accepted,0,0,0,0,0,0,0,0,0,0,0,0,0,0,2,2,0,0,0,0,0,0,0,0,0,0,0,0,0,0,2,2
21/02/2023,BritishGasTradingLimited,BG-A-001,14.862304,17:30,18:00,3000,Accepted,0.21776462,0.9527108,0.76216865,1.3065727,1.1976979,1.3065727,1.0343782,0.76216865,2.041519,1.5515597,0.7349462,1.7965468,0.7893911,0.40830678,0,14.862304,0.217764616,0.952710794,0.762168635,1.306572655,1.197697866,1.306572655,1.034378165,0.762168635,2.041518832,1.551559727,0.734946178,1.7965468,0.789391092,0.408306775,0,14.86230343
21/02/2023,BritishGasTradingLimited,BG-A-001,15.188972,18:00,18:30,3000,Accepted,0.21776462,0.9527108,0.76216865,1.3337951,1.2249203,1.3337951,1.0616006,0.7893911,2.123186,1.6332271,0.7349462,1.8237692,0.7893911,0.40830678,0,15.188972,0.217764616,0.952710794,0.762168635,1.333795111,1.224920323,1.333795111,1.061600622,0.789391092,2.123186203,1.633227098,0.734946178,1.823769257,0.789391092,0.408306775,0,15.1889729
21/02/2023,ConradEnergyTradingLimited,Conrad1,2.3,17:30,18:00,3000,Accepted,0,0,0,0,0,0,0,0,0,0,2.3,0,0,0,0,2.3,0,0,0,0,0,0,0,0,0,0,2.3,0,0,0,0,2.3
21/02/2023,ConradEnergyTradingLimited,Conrad1,2.3,18:00,18:30,3000,Accepted,0,0,0,0,0,0,0,0,0,0,2.3,0,0,0,0,2.3,0,0,0,0,0,0,0,0,0,0,2.3,0,0,0,0,2.3
21/02/2023,CUBUKLtd,CUB-01,1,17:30,18:00,3000,Accepted,0,0.040445022,0.043429937,0.02290278,0.18640558,0.25338098,0.03857433,0.09445125,0.10548655,0.02213442,0.025632992,0.0508008,0.11635535,0,0,1,0,0.080890048,0.086859872,0.045805558,0.372811164,0.50676198,0.07714866,0.1889025,0.210973094,0.04426884,0.051265984,0.1016016,0.232710702,0,0,2.000000002
21/02/2023,CUBUKLtd,CUB-01,1,18:00,18:30,3000,Accepted,0,0.037035152,0.04262412,0.02335623,0.1962135,0.23913942,0.03390615,0.08703892,0.11281188,0.025590528,0.02657818,0.04241401,0.13329192,0,0,1,0,0.074070304,0.08524824,0.04671246,0.392427008,0.478278846,0.0678123,0.174077836,0.225623752,0.051181056,0.053156362,0.084828016,0.266583822,0,0,2.000000002
21/02/2023,DraxEnergySolutionsLimited,DRAX-02,2,17:30,18:00,3000,Accepted,0,0,0,0,0,0,0,0,2,0,0,0,0,0,0,2,0,0,0,0,0,0,0,0,2,0,0,0,0,0,0,2
21/02/2023,DraxEnergySolutionsLimited,DRAX-02,2,18:00,18:30,3000,Accepted,0,0,0,0,0,0,0,0,2,0,0,0,0,0,0,2,0,0,0,0,0,0,0,0,2,0,0,0,0,0,0,2
21/02/2023,DraxEnergySolutionsLimited,DRAX-03,9.12,17:30,18:00,3000,Accepted,0,0,0,0,0.36,3.47,4.51,0,0,0,0,0,0.76,0.02,0,9.12,0,0,0,0,0.36,3.47,4.51,0,0,0,0,0,0.76,0.02,0,9.12
21/02/2023,DraxEnergySolutionsLimited,DRAX-03,9.12,18:00,18:30,3000,Accepted,0,0,0,0,0.36,3.47,4.51,0,0,0,0,0,0.76,0.02,0,9.12,0,0,0,0,0.36,3.47,4.51,0,0,0,0,0,0.76,0.02,0,9.12
21/02/2023,DraxEnergySolutionsLimited,DRAX-05,10.4,17:30,18:00,3000,Accepted,0,0,0,6.84,0,0,0,0,0,0,0,0,3.56,0,0,10.4,0,0,0,6.84,0,0,0,0,0,0,0,0,3.56,0,0,10.4
21/02/2023,DraxEnergySolutionsLimited,DRAX-05,10.4,18:00,18:30,3000,Accepted,0,0,0,6.84,0,0,0,0,0,0,0,0,3.56,0,0,10.4,0,0,0,6.84,0,0,0,0,0,0,0,0,3.56,0,0,10.4
21/02/2023,DraxEnergySolutionsLimited,DRAX-06,1.66,17:30,18:00,3000,Accepted,0,0,0,0,0,0,0,0,0,0,0,1.66,0,0,0,1.66,0,0,0,0,0,0,0,0,0,0,0,1.66,0,0,0,1.66
21/02/2023,DraxEnergySolutionsLimited,DRAX-06,1.66,18:00,18:30,3000,Accepted,0,0,0,0,0,0,0,0,0,0,0,1.66,0,0,0,1.66,0,0,0,0,0,0,0,0,0,0,0,1.66,0,0,0,1.66
21/02/2023,EDFEnergyCustomersLimited,EDF-01,6,17:30,18:00,3000,Accepted,0.1,0.4,0.4,0.4,0.4,0.4,0.4,0.3,0.4,0.6,0.7,1,0.3,0.2,0,6,0.1,0.4,0.4,0.4,0.4,0.4,0.4,0.3,0.4,0.6,0.7,1,0.3,0.2,0,6
21/02/2023,EDFEnergyCustomersLimited,EDF-01,6,18:00,18:30,3000,Accepted,0.1,0.4,0.4,0.4,0.4,0.4,0.4,0.3,0.4,0.6,0.7,1,0.3,0.2,0,6,0.1,0.4,0.4,0.4,0.4,0.4,0.4,0.3,0.4,0.6,0.7,1,0.3,0.2,0,6
21/02/2023,EngiePowerLimited,ENGIE-01,10.5,17:30,18:00,3000,Accepted,0,0.371,0.591,0.315,0.155,2.821,2.003,0,2.101,0.23,0.254,0.535,1.026,0.098,0,10.5,0,0.371,0.591,0.315,0.155,2.821,2.003,0,2.101,0.23,0.254,0.535,1.026,0.098,0,10.5
21/02/2023,EngiePowerLimited,ENGIE-01,10.5,18:00,18:30,3000,Accepted,0,0.371,0.591,0.315,0.155,2.821,2.003,0,2.101,0.23,0.254,0.535,1.026,0.098,0,10.5,0,0.371,0.591,0.315,0.155,2.821,2.003,0,2.101,0.23,0.254,0.535,1.026,0.098,0,10.5
21/02/2023,EngiePowerLimited,ENGIE-02,2,17:30,18:00,3000,Accepted,0,0,0,0,0,0,0,0,0,0,0,2,0,0,0,2,0,0,0,0,0,0,0,0,0,0,0,2,0,0,0,2
21/02/2023,EngiePowerLimited,ENGIE-02,2,18:00,18:30,3000,Accepted,0,0,0,0,0,0,0,0,0,0,0,2,0,0,0,2,0,0,0,0,0,0,0,0,0,0,0,2,0,0,0,2
21/02/2023,EONNextEnergyLimited,EONNXT-01,26,17:30,18:00,3000,Accepted,0,1,1,3,2,4,3,1,5,1,1,2,1,1,0,26,0,1,1,3,2,4,3,1,5,1,1,2,1,1,0,26
21/02/2023,EONNextEnergyLimited,EONNXT-01,27,18:00,18:30,3000,Accepted,0,1,2,3,2,4,3,1,5,1,1,2,1,1,0,27,0,1,2,3,2,4,3,1,5,1,1,2,1,1,0,27
21/02/2023,EquiwattLimited,EQUIWA-01,1,17:30,18:00,3000,Accepted,0,0,0,0,0,0,0,0,0,0,0,0,0,0,1,1,0,0,0,0,0,0,0,0,0,0,0,0,0,0,1,1
21/02/2023,EquiwattLimited,EQUIWA-01,1,18:00,18:30,3000,Accepted,0,0,0,0,0,0,0,0,0,0,0,0,0,0,1,1,0,0,0,0,0,0,0,0,0,0,0,0,0,0,1,1
21/02/2023,EvDOTEnergyLtd,EVDOT-01,1,17:30,18:00,3000,Accepted,0,0,0,0,0,0,0,0,0,0,0,0,0,0,1,1,0,0,0,0,0,0,0,0,0,0,0,0,0,0,1,1
21/02/2023,EvDOTEnergyLtd,EVDOT-01,1,18:00,18:30,3000,Accepted,0,0,0,0,0,0,0,0,0,0,0,0,0,0,1,1,0,0,0,0,0,0,0,0,0,0,0,0,0,0,1,1
21/02/2023,FlexitricityLimited,FLEXIT-01,4.5,17:30,18:00,3000,Accepted,0,0,0,1,3.1,0,0.4,0,0,0,0,0,0,0,0,4.5,0,0,0,1,3.1,0,0.4,0,0,0,0,0,0,0,0,4.5
21/02/2023,FlexitricityLimited,FLEXIT-01,4.5,18:00,18:30,3000,Accepted,0,0,0,1,3.1,0,0.4,0,0,0,0,0,0,0,0,4.5,0,0,0,1,3.1,0,0.4,0,0,0,0,0,0,0,0,4.5
21/02/2023,GridbeyondLimited,GB_DFS1,1.228,17:30,18:00,3000,Accepted,0.35,0,0.19,0,0,0,0.085,0,0,0.14,0,0.44,0.023,0,0,1.228,0.35,0,0.19,0,0,0,0.085,0,0,0.14,0,0.44,0.023,0,0,1.228
21/02/2023,GridbeyondLimited,GB_DFS1,1.228,18:00,18:30,3000,Accepted,0.35,0,0.19,0,0,0,0.085,0,0,0.14,0,0.44,0.023,0,0,1.228,0.35,0,0.19,0,0,0,0.085,0,0,0.14,0,0.44,0.023,0,0,1.228
21/02/2023,GridbeyondLimited,GB_DFS2,4,17:30,18:00,3000,Accepted,0,0,0,0,0,0,0.1,0,0,0,0,0,1.13,2.77,0,4,0,0,0,0,0,0,0.1,0,0,0,0,0,1.13,2.77,0,4
21/02/2023,GridbeyondLimited,GB_DFS2,4,18:00,18:30,3000,Accepted,0,0,0,0,0,0,0.1,0,0,0,0,0,1.13,2.77,0,4,0,0,0,0,0,0,0.1,0,0,0,0,0,1.13,2.77,0,4
21/02/2023,GridbeyondLimited,GB_DFS3,10.41,17:30,18:00,3000,Accepted,0,0,0,0,4.124,3.228,0.355,0,0,0,0,0,2.703,0,0,10.41,0,0,0,0,4.124,3.228,0.355,0,0,0,0,0,2.703,0,0,10.41
21/02/2023,GridbeyondLimited,GB_DFS3,10.41,18:00,18:30,3000,Accepted,0,0,0,0,4.124,3.228,0.355,0,0,0,0,0,2.703,0,0,10.41,0,0,0,0,4.124,3.228,0.355,0,0,0,0,0,2.703,0,0,10.41
21/02/2023,GridbeyondLimited,GB_DFS4,9.9,17:30,18:00,3000,Accepted,0,0,0,9.9,0,0,0,0,0,0,0,0,0,0,0,9.9,0,0,0,9.9,0,0,0,0,0,0,0,0,0,0,0,9.9
21/02/2023,GridbeyondLimited,GB_DFS4,9.9,18:00,18:30,3000,Accepted,0,0,0,9.9,0,0,0,0,0,0,0,0,0,0,0,9.9,0,0,0,9.9,0,0,0,0,0,0,0,0,0,0,0,9.9
21/02/2023,GridbeyondLimited,GB_DFS5,1,17:30,18:00,3000,Accepted,0,0,1,0,0,0,0,0,0,0,0,0,0,0,0,1,0,0,1,0,0,0,0,0,0,0,0,0,0,0,0,1
21/02/2023,GridbeyondLimited,GB_DFS5,1,18:00,18:30,3000,Accepted,0,0,1,0,0,0,0,0,0,0,0,0,0,0,0,1,0,0,1,0,0,0,0,0,0,0,0,0,0,0,0,1
21/02/2023,GridimpLimited,GRIMP-01,2,17:30,18:00,3000,Accepted,0,0,0,0,0,0,0,0.2,0.2,0,1.6,0,0,0,0,2,0,0,0,0,0,0,0,0.2,0.2,0,1.6,0,0,0,0,2
21/02/2023,GridimpLimited,GRIMP-01,2,18:00,18:30,3000,Accepted,0,0,0,0,0,0,0,0.2,0.2,0,1.6,0,0,0,0,2,0,0,0,0,0,0,0,0.2,0.2,0,1.6,0,0,0,0,2
21/02/2023,HildebrandTechnologyLimited,HLDBRD-01,7,17:30,18:00,3000,Accepted,0.4,0.4,0.8,1.6,0.4,0.8,0.6,0.3,0.3,0.3,0.3,0.4,0.4,0,0,7,0.4,0.4,0.8,1.6,0.4,0.8,0.6,0.3,0.3,0.3,0.3,0.4,0.4,0,0,7
21/02/2023,HildebrandTechnologyLimited,HLDBRD-01,7,18:00,18:30,3000,Accepted,0.4,0.4,0.8,1.6,0.4,0.8,0.6,0.3,0.3,0.3,0.3,0.4,0.4,0,0,7,0.4,0.4,0.8,1.6,0.4,0.8,0.6,0.3,0.3,0.3,0.3,0.4,0.4,0,0,7
21/02/2023,OctopusEnergyLimited,OCTOP-02,95.147,17:30,18:00,3000,Accepted,1.239,4.586,5.735,7.597,7.385,10.449,9.527,3.03,11.995,8.294,6.015,11.712,4.545,3.038,0,95.147,1.239,4.586,5.735,7.597,7.385,10.449,9.527,3.03,11.995,8.294,6.015,11.712,4.545,3.038,0,95.147
21/02/2023,OctopusEnergyLimited,OCTOP-02,98.844,18:00,18:30,3000,Accepted,1.237,4.644,5.833,7.788,7.49,10.745,9.905,3.324,12.497,8.758,6.331,12.378,4.706,3.208,0,98.844,1.237,4.644,5.833,7.788,7.49,10.745,9.905,3.324,12.497,8.758,6.331,12.378,4.706,3.208,0,98.844
21/02/2023,OrangePowerLTD,ORANGP-01,2.343,17:30,18:00,3000,Accepted,0.054,0.133,0.115,0.082,0.129,0.253,0.227,0.023,0.311,0.227,0.208,0.349,0.117,0.115,0,2.343,0,0,0,0,0,0,0,0,0,0,0,0,0,0,0,0
21/02/2023,OrangePowerLTD,ORANGP-01,2.343,18:00,18:30,3000,Accepted,0.054,0.133,0.115,0.082,0.129,0.253,0.227,0.023,0.311,0.227,0.208,0.349,0.117,0.115,0,2.343,0,0,0,0,0,0,0,0,0,0,0,0,0,0,0,0
21/02/2023,OVOElectricityLtd,OVO-01,4,17:30,18:00,3000,Accepted,0.27,0.28,0.25,0.22,0.21,0.38,0.3,0.1,0.51,0.35,0.18,0.58,0.13,0.24,0,4,0.27,0.28,0.25,0.22,0.21,0.38,0.3,0.1,0.51,0.35,0.18,0.58,0.13,0.24,0,4
21/02/2023,OVOElectricityLtd,OVO-01,5,18:00,18:30,3000,Accepted,0.32,0.33,0.29,0.25,0.23,0.49,0.38,0.13,0.63,0.46,0.24,0.78,0.15,0.32,0,5,0.32,0.33,0.29,0.25,0.23,0.49,0.38,0.13,0.63,0.46,0.24,0.78,0.15,0.32,0,5
21/02/2023,PerseTechnologyLimited,PERSE-01,2.96991,17:30,18:00,3000,Accepted,0,0.09398,0.02415,0.20621,0.12817,0.23278,0.57607,0.58782,0.30683,0.45329,0.05138,0.09108,0.09936,0.11879,0,2.96991,0,0.09398,0.02415,0.20621,0.12817,0.23278,0.57607,0.58782,0.30683,0.45329,0.05138,0.09108,0.09936,0.11879,0,2.96991
21/02/2023,PerseTechnologyLimited,PERSE-01,2.9961,18:00,18:30,3000,Accepted,0,0.09168,0.02476,0.20262,0.12661,0.26963,0.57782,0.57891,0.29923,0.45848,0.05183,0.09292,0.1005,0.12111,0,2.9961,0,0.09168,0.02476,0.20262,0.12661,0.26963,0.57782,0.57891,0.29923,0.45848,0.05183,0.09292,0.1005,0.12111,0,2.9961
21/02/2023,SoloEnergyLimited,SMS-01,5,17:30,18:00,3000,Accepted,0.0878613,0.20973343,0.21823613,0.3117659,0.35994792,0.5725156,0.3996272,0.14171179,0.72839856,0.4619804,0.2947605,0.6632111,0.22957309,0.1502145,0.17046258,5,0.087861303,0.209733433,0.21823614,0.311765914,0.359947919,0.572515587,0.399627217,0.141711779,0.728398544,0.461980399,0.2947605,0.663211126,0.229573082,0.150214486,0.170462572,5
21/02/2023,SoloEnergyLimited,SMS-01,5,18:00,18:30,3000,Accepted,0.09069554,0.21823613,0.22957309,0.32877132,0.3741191,0.6008579,0.4223011,0.15588295,0.77091205,0.49599123,0.30893168,0.69722193,0.24374425,0.15588295,-0.093121335,5,0.090695539,0.21823614,0.229573082,0.328771327,0.374119097,0.600857943,0.422301101,0.155882957,0.770912078,0.495991226,0.308931678,0.697221953,0.24374426,0.155882957,-0.093121337,5
21/02/2023,SoloEnergyLimited,SMS-02,1,17:30,18:00,3000,Accepted,0.06666667,0.06666667,0.06666667,0.06666667,0.06666667,0.06666667,0.06666667,0.06666667,0.06666667,0.06666667,0.06666667,0.06666667,0.06666667,0.06666667,0.06666667,1,0.066666667,0.066666667,0.066666667,0.066666667,0.066666667,0.066666667,0.066666667,0.066666667,0.066666667,0.066666667,0.066666667,0.066666667,0.066666667,0.066666667,0.066666667,1
21/02/2023,SoloEnergyLimited,SMS-02,1,18:00,18:30,3000,Accepted,0.06666667,0.06666667,0.06666667,0.06666667,0.06666667,0.06666667,0.06666667,0.06666667,0.06666667,0.06666667,0.06666667,0.06666667,0.06666667,0.06666667,0.06666667,1,0.066666667,0.066666667,0.066666667,0.066666667,0.066666667,0.066666667,0.066666667,0.066666667,0.066666667,0.066666667,0.066666667,0.066666667,0.066666667,0.066666667,0.066666667,1
21/02/2023,SoloEnergyLimited,SMS-03,3,17:30,18:00,3000,Accepted,0.04920233,0.11745072,0.12221224,0.17458892,0.20157084,0.32060874,0.22379124,0.07935859,0.4079032,0.258709,0.16506588,0.37139824,0.12856093,0.08412011,0.29545903,3,0.04920233,0.117450722,0.122212238,0.174588912,0.201570834,0.320608729,0.223791241,0.079358596,0.407903185,0.258709024,0.16506588,0.37139823,0.128560926,0.084120112,0.295459041,3
21/02/2023,SoloEnergyLimited,SMS-03,3,18:00,18:30,3000,Accepted,0.0507895,0.12221224,0.12856093,0.18411194,0.20950669,0.33648044,0.23648861,0.08729446,0.43171075,0.27775508,0.17300174,0.39044428,0.13649678,0.08729446,0.14785205,3,0.050789502,0.122212238,0.128560926,0.184111943,0.209506694,0.336480448,0.236488617,0.087294456,0.431710763,0.277755087,0.17300174,0.390444293,0.136496786,0.087294456,0.147852052,3
21/02/2023,Utilita,UTILIT-01,3,17:30,18:00,3000,Accepted,0,0,0,0,0,0,0,0,0,0,0,0,0,0,3,3,0,0,0,0,0,0,0,0,0,0,0,0,0,0,2,2
21/02/2023,Utilita,UTILIT-01,3,18:00,18:30,3000,Accepted,0,0,0,0,0,0,0,0,0,0,0,0,0,0,3,3,0,0,0,0,0,0,0,0,0,0,0,0,0,0,2,2
21/02/2023,VpowerU8lectricLTD,VPOWER-01,1.01,17:30,18:00,3000,Accepted,0.79,0,0,0.01,0,0.04,0.14,0,0,0,0,0.02,0.01,0,0,1.01,0.79,0,0,0.01,0,0.04,0.14,0,0,0,0,0.02,0.01,0,0,1.01
21/02/2023,VpowerU8lectricLTD,VPOWER-01,1.03,18:00,18:30,3000,Accepted,0.77,0,0,0.01,0,0.04,0.14,0,0,0,0,0.02,0.05,0,0,1.03,0.77,0,0,0.01,0,0.04,0.14,0,0,0,0,0.02,0.05,0,0,1.03
21/02/2023,ZenobeEnergyLimited,ZENOB-01,1,17:30,18:00,3000,Accepted,0,0,0,0,0,0,0,1,0,0,0,0,0,0,0,1,0,0,0,0,0,0,0,1,0,0,0,0,0,0,0,1
21/02/2023,ZenobeEnergyLimited,ZENOB-01,1,18:00,18:30,3000,Accepted,0,0,0,0,0,0,0,1,0,0,0,0,0,0,0,1,0,0,0,0,0,0,0,1,0,0,0,0,0,0,0,1
21/02/2023,CUBUKLtd,CUB-02,1,17:30,18:00,3150,Rejected,0,0.040445022,0.043429937,0.02290278,0.18640558,0.25338098,0.03857433,0.09445125,0.10548655,0.02213442,0.025632992,0.0508008,0.11635535,0,0,1,,,,,,,,,,,,,,,,
21/02/2023,CUBUKLtd,CUB-02,1,18:00,18:30,3150,Rejected,0,0.037035152,0.04262412,0.02335623,0.1962135,0.23913942,0.03390615,0.08703892,0.11281188,0.025590528,0.02657818,0.04241401,0.13329192,0,0,1,,,,,,,,,,,,,,,,
21/02/2023,CUBUKLtd,CUB-03,1,17:30,18:00,3199,Rejected,0,0.040445022,0.043429937,0.02290278,0.18640558,0.25338098,0.03857433,0.09445125,0.10548655,0.02213442,0.025632992,0.0508008,0.11635535,0,0,1,,,,,,,,,,,,,,,,
21/02/2023,CUBUKLtd,CUB-03,1,18:00,18:30,3199,Rejected,0,0.037035152,0.04262412,0.02335623,0.1962135,0.23913942,0.03390615,0.08703892,0.11281188,0.025590528,0.02657818,0.04241401,0.13329192,0,0,1,,,,,,,,,,,,,,,,
21/02/2023,OctopusEnergyLimited,OCTOP-03,47.576,17:30,18:00,4000,Rejected,0.62,2.293,2.868,3.799,3.692,5.225,4.764,1.515,5.998,4.147,3.008,5.856,2.272,1.519,0,47.576,,,,,,,,,,,,,,,,
21/02/2023,OctopusEnergyLimited,OCTOP-03,49.422,18:00,18:30,4000,Rejected,0.619,2.322,2.916,3.894,3.745,5.372,4.952,1.662,6.249,4.379,3.166,6.189,2.353,1.604,0,49.422,,,,,,,,,,,,,,,,
21/02/2023,OctopusEnergyLimited,OCTOP-05,47.576,17:30,18:00,6000,Rejected,0.62,2.293,2.868,3.799,3.692,5.225,4.764,1.515,5.998,4.147,3.008,5.856,2.272,1.519,0,47.576,,,,,,,,,,,,,,,,
21/02/2023,OctopusEnergyLimited,OCTOP-05,49.422,18:00,18:30,6000,Rejected,0.619,2.322,2.916,3.894,3.745,5.372,4.952,1.662,6.249,4.379,3.166,6.189,2.353,1.604,0,49.422,,,,,,,,,,,,,,,,
16/02/2023,BritishGasTradingLimited,BG-A-001,16.44,17:00,17:30,3000,Accepted,0.25,1.05,0.87,1.45,1.36,1.45,1.14,0.8,2.29,1.7,0.8,1.95,0.87,0.46,0,16.44,0.25,1.05,0.87,1.45,1.36,1.45,1.14,0.8,2.29,1.7,0.8,1.95,0.87,0.46,0,16.44
16/02/2023,BritishGasTradingLimited,BG-A-001,16.87,17:30,18:00,3000,Accepted,0.25,1.08,0.87,1.48,1.36,1.48,1.17,0.87,2.32,1.76,0.83,2.04,0.9,0.46,0,16.87,0.25,1.08,0.87,1.48,1.36,1.48,1.17,0.87,2.32,1.76,0.83,2.04,0.9,0.46,0,16.87
16/02/2023,EquiwattLimited,EQUIWA-01,1,17:00,17:30,3000,Accepted,0,0,0,0,0,0,0,0,0,0,0,0,0,0,1,1,0,0,0,0,0,0,0,0,0,0,0,0,0,0,0.22,0.22
16/02/2023,EquiwattLimited,EQUIWA-01,1,17:30,18:00,3000,Accepted,0,0,0,0,0,0,0,0,0,0,0,0,0,0,1,1,0,0,0,0,0,0,0,0,0,0,0,0,0,0,0.22,0.22
16/02/2023,GridimpLimited,GRIMP-01,2,17:00,17:30,3000,Accepted,0,0,0,0,0,0,0,0.2,0.2,0,1.6,0,0,0,0,2,0,0,0,0,0,0,0,0.2,0.2,0,1.6,0,0,0,0,2
16/02/2023,GridimpLimited,GRIMP-01,2,17:30,18:00,3000,Accepted,0,0,0,0,0,0,0,0.2,0.2,0,1.6,0,0,0,0,2,0,0,0,0,0,0,0,0.2,0.2,0,1.6,0,0,0,0,2
16/02/2023,SoloEnergyLimited,SMS-01,6,17:00,17:30,3000,Accepted,0.10203248,0.2380758,0.2635839,0.3684506,0.43363804,0.6603769,0.46481463,0.16155143,0.85593915,0.5356705,0.33727404,0.7879175,0.2550812,0.17005414,0.36553967,6,0.102032481,0.238075789,0.263583909,0.368450625,0.433638044,0.66037689,0.464814635,0.161551428,0.855939145,0.535670525,0.337274034,0.787917491,0.255081202,0.170054135,0.365539668,6
16/02/2023,SoloEnergyLimited,SMS-01,6,17:30,18:00,3000,Accepted,0.10486671,0.24941273,0.27208662,0.3826218,0.444975,0.69438773,0.4874885,0.17288837,0.89561844,0.5611786,0.34861097,0.83043104,0.27208662,0.17855684,0.104789995,6,0.104866716,0.249412731,0.272086616,0.382621803,0.444974986,0.694387717,0.48748852,0.17288837,0.895618443,0.561178645,0.348610976,0.830431025,0.272086616,0.178556842,0.104789994,6
16/02/2023,SoloEnergyLimited,SMS-02,1,17:00,17:30,3000,Accepted,0.06666667,0.06666667,0.06666667,0.06666667,0.06666667,0.06666667,0.06666667,0.06666667,0.06666667,0.06666667,0.06666667,0.06666667,0.06666667,0.06666667,0.06666667,1,0.066666667,0.066666667,0.066666667,0.066666667,0.066666667,0.066666667,0.066666667,0.066666667,0.066666667,0.066666667,0.066666667,0.066666667,0.066666667,0.066666667,0.066666667,1
16/02/2023,SoloEnergyLimited,SMS-02,1,17:30,18:00,3000,Accepted,0.06666667,0.06666667,0.06666667,0.06666667,0.06666667,0.06666667,0.06666667,0.06666667,0.06666667,0.06666667,0.06666667,0.06666667,0.06666667,0.06666667,0.06666667,1,0.066666667,0.066666667,0.066666667,0.066666667,0.066666667,0.066666667,0.066666667,0.066666667,0.066666667,0.066666667,0.066666667,0.066666667,0.066666667,0.066666667,0.066666667,1
16/02/2023,SoloEnergyLimited,SMS-03,5,17:00,17:30,3000,Accepted,0.085707285,0.19998366,0.22141048,0.30949852,0.36425596,0.5547166,0.3904443,0.1357032,0.7189889,0.44996324,0.28331017,0.6618507,0.21426821,0.14284547,0.26705334,5,0.085707284,0.199983663,0.221410484,0.309498525,0.364255956,0.554716587,0.390444294,0.1357032,0.718988882,0.449963241,0.283310189,0.661850693,0.21426821,0.142845473,0.267053323,5
16/02/2023,SoloEnergyLimited,SMS-03,5,17:30,18:00,3000,Accepted,0.08808804,0.20950669,0.22855276,0.3214023,0.373779,0.5832857,0.40949035,0.14522623,0.7523195,0.47139007,0.2928332,0.69756204,0.22855276,0.14998774,0.048023596,5,0.088088042,0.209506694,0.228552758,0.321402315,0.373778988,0.583285683,0.409490357,0.145226231,0.752319492,0.471390062,0.292833221,0.697562061,0.228552758,0.149987747,0.048023596,5
16/02/2023,Utilita,UTILIT-01,3,17:00,17:30,3000,Accepted,0,0,0,0,0,0,0,0,0,0,0,0,0,0,3,3,0,0,0,0,0,0,0,0,0,0,0,0,0,0,3,3
16/02/2023,Utilita,UTILIT-01,3,17:30,18:00,3000,Accepted,0,0,0,0,0,0,0,0,0,0,0,0,0,0,3,3,0,0,0,0,0,0,0,0,0,0,0,0,0,0,3,3
13/02/2023,BritishGasTradingLimited,BG-A-001,14.463204,17:30,18:00,3000,Accepted,0.21191697,0.92712754,0.741702,1.2714871,1.1655359,1.2714871,1.0066019,0.741702,1.9866977,1.5098956,0.7152106,1.7483039,0.7681935,0.39734247,0,14.463204,0.25,1.08,0.87,1.48,1.36,1.48,1.17,0.87,2.32,1.76,0.83,2.04,0.9,0.46,0,16.87
13/02/2023,BritishGasTradingLimited,BG-A-001,14.781102,18:00,18:30,3000,Accepted,0.21191697,0.92712754,0.741702,1.2979785,1.1920274,1.2979785,1.0330933,0.7681935,2.0661721,1.5893699,0.7152106,1.7747954,0.7681935,0.39734247,0,14.781102,0.25,1.08,0.87,1.51,1.39,1.51,1.21,0.9,2.41,1.85,0.83,2.07,0.9,0.46,0,17.24
13/02/2023,CUBUKLtd,CUB-01,1,17:30,18:00,3000,Accepted,0,0.040445022,0.043429937,0.02290278,0.18640558,0.25338098,0.03857433,0.09445125,0.10548655,0.02213442,0.025632992,0.0508008,0.11635535,0,0,1,0,0.040445022,0.043429937,0.02290278,0.18640558,0.25338098,0.03857433,0.09445125,0.10548655,0.02213442,0.025632992,0.0508008,0.11635535,0,0,1
13/02/2023,CUBUKLtd,CUB-01,1,18:00,18:30,3000,Accepted,0,0.037035152,0.04262412,0.02335623,0.1962135,0.23913942,0.03390615,0.08703892,0.11281188,0.025590528,0.02657818,0.04241401,0.13329192,0,0,1,0,0.037035152,0.04262412,0.02335623,0.1962135,0.23913942,0.03390615,0.08703892,0.11281188,0.025590528,0.02657818,0.04241401,0.13329192,0,0,1
13/02/2023,DraxEnergySolutionsLimited,DRAX-02,2,17:30,18:00,3000,Accepted,0,0,0,0,0,0,0,0,2,0,0,0,0,0,0,2,0,0,0,0,0,0,0,0,2,0,0,0,0,0,0,2
13/02/2023,DraxEnergySolutionsLimited,DRAX-02,2,18:00,18:30,3000,Accepted,0,0,0,0,0,0,0,0,2,0,0,0,0,0,0,2,0,0,0,0,0,0,0,0,2,0,0,0,0,0,0,2
13/02/2023,DraxEnergySolutionsLimited,DRAX-03,8,17:30,18:00,3000,Accepted,0,0,0,0,0,3,4,0,0,0,0,0,1,0,0,8,0,0,0,0,0,3,4,0,0,0,0,0,1,0,0,8
13/02/2023,DraxEnergySolutionsLimited,DRAX-03,8,18:00,18:30,3000,Accepted,0,0,0,0,0,3,4,0,0,0,0,0,1,0,0,8,0,0,0,0,0,3,4,0,0,0,0,0,1,0,0,8
13/02/2023,DraxEnergySolutionsLimited,DRAX-05,11,17:30,18:00,3000,Accepted,0,0,0,7,0,0,0,0,0,0,0,0,4,0,0,11,0,0,0,7,0,0,0,0,0,0,0,0,4,0,0,11
13/02/2023,DraxEnergySolutionsLimited,DRAX-05,11,18:00,18:30,3000,Accepted,0,0,0,7,0,0,0,0,0,0,0,0,4,0,0,11,0,0,0,7,0,0,0,0,0,0,0,0,4,0,0,11
13/02/2023,DraxEnergySolutionsLimited,DRAX-06,2,17:30,18:00,3000,Accepted,0,0,0,0,0,0,0,0,0,0,0,2,0,0,0,2,0,0,0,0,0,0,0,0,0,0,0,2,0,0,0,2
13/02/2023,DraxEnergySolutionsLimited,DRAX-06,2,18:00,18:30,3000,Accepted,0,0,0,0,0,0,0,0,0,0,0,2,0,0,0,2,0,0,0,0,0,0,0,0,0,0,0,2,0,0,0,2
13/02/2023,EngiePowerLimited,ENGIE-01,10.5,17:30,18:00,3000,Accepted,0,0.371,0.591,0.315,0.155,2.821,2.003,0,2.101,0.23,0.254,0.535,1.026,0.098,0,10.5,0,0.371,0.591,0.315,0.155,2.821,2.003,0,2.101,0.23,0.254,0.535,1.026,0.098,0,10.5
13/02/2023,EngiePowerLimited,ENGIE-01,10.5,18:00,18:30,3000,Accepted,0,0.371,0.591,0.315,0.155,2.821,2.003,0,2.101,0.23,0.254,0.535,1.026,0.098,0,10.5,0,0.371,0.591,0.315,0.155,2.821,2.003,0,2.101,0.23,0.254,0.535,1.026,0.098,0,10.5
13/02/2023,EngiePowerLimited,ENGIE-02,2,17:30,18:00,3000,Accepted,0,0,0,0,0,0,0,0,0,0,0,2,0,0,0,2,0,0,0,0,0,0,0,0,0,0,0,2,0,0,0,2
13/02/2023,EngiePowerLimited,ENGIE-02,2,18:00,18:30,3000,Accepted,0,0,0,0,0,0,0,0,0,0,0,2,0,0,0,2,0,0,0,0,0,0,0,0,0,0,0,2,0,0,0,2
13/02/2023,EONNextEnergyLimited,EONNXT-01,24,17:30,18:00,3000,Accepted,0,1,1,2,2,3,3,1,5,1,1,2,1,1,0,24,0,1,1,2,2,3,3,1,5,1,1,2,1,1,0,24
13/02/2023,EONNextEnergyLimited,EONNXT-01,25,18:00,18:30,3000,Accepted,0,1,1,3,2,3,3,1,5,1,1,2,1,1,0,25,0,1,1,3,2,3,3,1,5,1,1,2,1,1,0,25
13/02/2023,EquiwattLimited,EQUIWA-01,1,17:30,18:00,3000,Accepted,0,0,0,0,0,0,0,0,0,0,0,0,0,0,1,1,0,0,0,0,0,0,0,0,0,0,0,0,0,0,1,1
13/02/2023,EquiwattLimited,EQUIWA-01,1,18:00,18:30,3000,Accepted,0,0,0,0,0,0,0,0,0,0,0,0,0,0,1,1,0,0,0,0,0,0,0,0,0,0,0,0,0,0,1,1
13/02/2023,EvDOTEnergyLtd,EVDOT-01,1,17:30,18:00,3000,Accepted,0,0,0,0,0,0,0,0,0,0,0,0,0,0,1,1,0,0,0,0,0,0,0,0,0,0,0,0,0,0,1,1
13/02/2023,EvDOTEnergyLtd,EVDOT-01,1,18:00,18:30,3000,Accepted,0,0,0,0,0,0,0,0,0,0,0,0,0,0,1,1,0,0,0,0,0,0,0,0,0,0,0,0,0,0,1,1
13/02/2023,FlexitricityLimited,FLEXIT-01,4.5,17:30,18:00,3000,Accepted,0,0,0,1,3.1,0,0.4,0,0,0,0,0,0,0,0,4.5,0,0,0,1,3.1,0,0.4,0,0,0,0,0,0,0,0,4.5
13/02/2023,FlexitricityLimited,FLEXIT-01,4.5,18:00,18:30,3000,Accepted,0,0,0,1,3.1,0,0.4,0,0,0,0,0,0,0,0,4.5,0,0,0,1,3.1,0,0.4,0,0,0,0,0,0,0,0,4.5
13/02/2023,GridbeyondLimited,GB_DFS1,1.228,17:30,18:00,3000,Accepted,0.35,0,0.19,0,0,0,0.085,0,0,0.14,0,0.44,0.023,0,0,1.228,0.35,0,0.19,0,0,0,0.085,0,0,0.14,0,0.44,0.023,0,0,1.228
13/02/2023,GridbeyondLimited,GB_DFS1,1.228,18:00,18:30,3000,Accepted,0.35,0,0.19,0,0,0,0.085,0,0,0.14,0,0.44,0.023,0,0,1.228,0.35,0,0.19,0,0,0,0.085,0,0,0.14,0,0.44,0.023,0,0,1.228
13/02/2023,GridbeyondLimited,GB_DFS2,4,17:30,18:00,3000,Accepted,0,0,0,0,0,0,0.1,0,0,0,0,0,1.13,2.77,0,4,0,0,0,0,0,0,0.1,0,0,0,0,0,1.13,2.77,0,4
13/02/2023,GridbeyondLimited,GB_DFS2,4,18:00,18:30,3000,Accepted,0,0,0,0,0,0,0.1,0,0,0,0,0,1.13,2.77,0,4,0,0,0,0,0,0,0.1,0,0,0,0,0,1.13,2.77,0,4
13/02/2023,GridbeyondLimited,GB_DFS3,10.41,17:30,18:00,3000,Accepted,0,0,0,0,4.124,3.228,0.355,0,0,0,0,0,2.703,0,0,10.41,0,0,0,0,4.124,3.228,0.355,0,0,0,0,0,2.703,0,0,10.41
13/02/2023,GridbeyondLimited,GB_DFS3,10.41,18:00,18:30,3000,Accepted,0,0,0,0,4.124,3.228,0.355,0,0,0,0,0,2.703,0,0,10.41,0,0,0,0,4.124,3.228,0.355,0,0,0,0,0,2.703,0,0,10.41
13/02/2023,GridbeyondLimited,GB_DFS4,9.9,17:30,18:00,3000,Accepted,0,0,0,9.9,0,0,0,0,0,0,0,0,0,0,0,9.9,0,0,0,9.9,0,0,0,0,0,0,0,0,0,0,0,9.9
13/02/2023,GridbeyondLimited,GB_DFS4,9.9,18:00,18:30,3000,Accepted,0,0,0,9.9,0,0,0,0,0,0,0,0,0,0,0,9.9,0,0,0,9.9,0,0,0,0,0,0,0,0,0,0,0,9.9
13/02/2023,GridimpLimited,GRIMP-01,2,17:30,18:00,3000,Accepted,0,0,0,0,0,0,0,0.2,0.2,0,1.6,0,0,0,0,2,0,0,0,0,0,0,0,0.2,0.2,0,1.6,0,0,0,0,2
13/02/2023,GridimpLimited,GRIMP-01,2,18:00,18:30,3000,Accepted,0,0,0,0,0,0,0,0.2,0.2,0,1.6,0,0,0,0,2,0,0,0,0,0,0,0,0.2,0.2,0,1.6,0,0,0,0,2
13/02/2023,HildebrandTechnologyLimited,HLDBRD-01,2,17:30,18:00,3000,Accepted,0.1,0.1,0.2,0.4,0.1,0.2,0.3,0.1,0.1,0.1,0.1,0.1,0.1,0,0,2,0.1,0.1,0.2,0.4,0.1,0.2,0.3,0.1,0.1,0.1,0.1,0.1,0.1,0,0,2
13/02/2023,HildebrandTechnologyLimited,HLDBRD-01,2,18:00,18:30,3000,Accepted,0.1,0.1,0.2,0.4,0.1,0.2,0.3,0.1,0.1,0.1,0.1,0.1,0.1,0,0,2,0.1,0.1,0.2,0.4,0.1,0.2,0.3,0.1,0.1,0.1,0.1,0.1,0.1,0,0,2
13/02/2023,OctopusEnergyLimited,OCTOP-02,95.281,17:30,18:00,3000,Accepted,1.281,4.618,5.684,7.62,7.395,10.333,9.487,3.052,11.968,8.307,6.19,11.745,4.549,3.052,0,95.281,1.281,4.618,5.684,7.62,7.395,10.333,9.487,3.052,11.968,8.307,6.19,11.745,4.549,3.052,0,95.281
13/02/2023,OctopusEnergyLimited,OCTOP-02,97.851,18:00,18:30,3000,Accepted,1.266,4.651,5.745,7.711,7.435,10.499,9.723,3.309,12.345,8.667,6.426,12.282,4.622,3.17,0,97.851,1.266,4.651,5.745,7.711,7.435,10.499,9.723,3.309,12.345,8.667,6.426,12.282,4.622,3.17,0,97.851
13/02/2023,OrangePowerLTD,ORANGP-01,2.343,17:30,18:00,3000,Accepted,0.054,0.133,0.115,0.082,0.129,0.253,0.227,0.023,0.311,0.227,0.208,0.349,0.117,0.115,0,2.343,0,0,0,0,0,0,0,0,0,0,0,0,0,0,,
13/02/2023,OrangePowerLTD,ORANGP-01,2.343,18:00,18:30,3000,Accepted,0.054,0.133,0.115,0.082,0.129,0.253,0.227,0.023,0.311,0.227,0.208,0.349,0.117,0.115,0,2.343,0,0,0,0,0,0,0,0,0,0,0,0,0,0,,
13/02/2023,OVOElectricityLtd,OVO-01,5,17:30,18:00,3000,Accepted,0.31,0.34,0.26,0.24,0.26,0.5,0.37,0.13,0.63,0.44,0.23,0.85,0.15,0.29,0,5,0.31,0.34,0.26,0.24,0.26,0.5,0.37,0.13,0.63,0.44,0.23,0.85,0.15,0.29,0,5
13/02/2023,OVOElectricityLtd,OVO-01,6,18:00,18:30,3000,Accepted,0.36,0.38,0.31,0.29,0.29,0.56,0.45,0.17,0.8,0.56,0.27,1.04,0.17,0.35,0,6,0.36,0.38,0.31,0.29,0.29,0.56,0.45,0.17,0.8,0.56,0.27,1.04,0.17,0.35,0,6
13/02/2023,PerseTechnologyLimited,PERSE-01,3.00298,17:30,18:00,3000,Accepted,0,0.09462,0.01744,0.20932,0.12996,0.23153,0.56397,0.60562,0.32598,0.46249,0.05137,0.08944,0.10043,0.12081,0,3.00298,0,0.09462,0.01744,0.20932,0.12996,0.23153,0.56397,0.60562,0.32598,0.46249,0.05137,0.08944,0.10043,0.12081,0,3.00298
13/02/2023,PerseTechnologyLimited,PERSE-01,2.99802,18:00,18:30,3000,Accepted,0,0.0922,0.01753,0.20379,0.13069,0.24592,0.57025,0.59325,0.31072,0.46587,0.05226,0.09123,0.10133,0.12298,0,2.99802,0,0.0922,0.01753,0.20379,0.13069,0.24592,0.57025,0.59325,0.31072,0.46587,0.05226,0.09123,0.10133,0.12298,0,2.99802
13/02/2023,SoloEnergyLimited,SMS-01,5,17:30,18:00,3000,Accepted,0.0878613,0.20973343,0.21823613,0.3117659,0.35994792,0.5725156,0.3996272,0.14171179,0.72839856,0.4619804,0.2947605,0.6632111,0.22957309,0.1502145,0.17046258,5,0.087861303,0.209733433,0.21823614,0.311765914,0.359947919,0.572515587,0.399627217,0.141711779,0.728398544,0.461980399,0.2947605,0.663211126,0.229573082,0.150214486,0.170462572,5
13/02/2023,SoloEnergyLimited,SMS-01,5,18:00,18:30,3000,Accepted,0.09069554,0.21823613,0.22957309,0.32877132,0.3741191,0.6008579,0.4223011,0.15588295,0.77091205,0.49599123,0.30893168,0.69722193,0.24374425,0.15588295,-0.093121335,5,0.090695539,0.21823614,0.229573082,0.328771327,0.374119097,0.600857943,0.422301101,0.155882957,0.770912078,0.495991226,0.308931678,0.697221953,0.24374426,0.155882957,-0.093121337,5
13/02/2023,SoloEnergyLimited,SMS-02,1,17:30,18:00,3000,Accepted,0.06666667,0.06666667,0.06666667,0.06666667,0.06666667,0.06666667,0.06666667,0.06666667,0.06666667,0.06666667,0.06666667,0.06666667,0.06666667,0.06666667,0.06666667,1,0.066666667,0.066666667,0.066666667,0.066666667,0.066666667,0.066666667,0.066666667,0.066666667,0.066666667,0.066666667,0.066666667,0.066666667,0.066666667,0.066666667,0.066666667,1
13/02/2023,SoloEnergyLimited,SMS-02,1,18:00,18:30,3000,Accepted,0.06666667,0.06666667,0.06666667,0.06666667,0.06666667,0.06666667,0.06666667,0.06666667,0.06666667,0.06666667,0.06666667,0.06666667,0.06666667,0.06666667,0.06666667,1,0.066666667,0.066666667,0.066666667,0.066666667,0.066666667,0.066666667,0.066666667,0.066666667,0.066666667,0.066666667,0.066666667,0.066666667,0.066666667,0.066666667,0.066666667,1
13/02/2023,SoloEnergyLimited,SMS-03,3,17:30,18:00,3000,Accepted,0.04920233,0.11745072,0.12221224,0.17458892,0.20157084,0.32060874,0.22379124,0.07935859,0.4079032,0.258709,0.16506588,0.37139824,0.12856093,0.08412011,0.29545903,3,0.04920233,0.117450722,0.122212238,0.174588912,0.201570834,0.320608729,0.223791241,0.079358596,0.407903185,0.258709024,0.16506588,0.37139823,0.128560926,0.084120112,0.295459041,3
13/02/2023,SoloEnergyLimited,SMS-03,3,18:00,18:30,3000,Accepted,0.0507895,0.12221224,0.12856093,0.18411194,0.20950669,0.33648044,0.23648861,0.08729446,0.43171075,0.27775508,0.17300174,0.39044428,0.13649678,0.08729446,0.14785205,3,0.050789502,0.122212238,0.128560926,0.184111943,0.209506694,0.336480448,0.236488617,0.087294456,0.431710763,0.277755087,0.17300174,0.390444293,0.136496786,0.087294456,0.147852052,3
13/02/2023,VpowerU8lectricLTD,VPOWER-01,1.01,17:30,18:00,3000,Accepted,0.79,0,0,0.01,0,0.04,0.14,0,0,0,0,0.02,0.01,0,0,1.01,0.79,0,0,0.01,0,0.04,0.14,0,0,0,0,0.02,0.01,0,0,1.01
13/02/2023,VpowerU8lectricLTD,VPOWER-01,1.05,18:00,18:30,3000,Accepted,0.79,0,0,0.01,0,0.04,0.14,0,0,0,0,0.02,0.05,0,0,1.05,0.79,0,0,0.01,0,0.04,0.14,0,0,0,0,0.02,0.05,0,0,1.05
13/02/2023,ZenobeEnergyLimited,ZENOB-01,1,17:30,18:00,3000,Accepted,0,0,0,0,0,0,0,1,0,0,0,0,0,0,0,1,0,0,0,0,0,0,0,1,0,0,0,0,0,0,0,1
13/02/2023,ZenobeEnergyLimited,ZENOB-01,1,18:00,18:30,3000,Accepted,0,0,0,0,0,0,0,1,0,0,0,0,0,0,0,1,0,0,0,0,0,0,0,1,0,0,0,0,0,0,0,1
13/02/2023,CUBUKLtd,CUB-02,1,17:30,18:00,3150,Rejected,0,0.040445022,0.043429937,0.02290278,0.18640558,0.25338098,0.03857433,0.09445125,0.10548655,0.02213442,0.025632992,0.0508008,0.11635535,0,0,1,,,,,,,,,,,,,,,,
13/02/2023,CUBUKLtd,CUB-02,1,18:00,18:30,3150,Rejected,0,0.037035152,0.04262412,0.02335623,0.1962135,0.23913942,0.03390615,0.08703892,0.11281188,0.025590528,0.02657818,0.04241401,0.13329192,0,0,1,,,,,,,,,,,,,,,,
13/02/2023,CUBUKLtd,CUB-03,1,17:30,18:00,3199,Rejected,0,0.040445022,0.043429937,0.02290278,0.18640558,0.25338098,0.03857433,0.09445125,0.10548655,0.02213442,0.025632992,0.0508008,0.11635535,0,0,1,,,,,,,,,,,,,,,,
13/02/2023,CUBUKLtd,CUB-03,1,18:00,18:30,3199,Rejected,0,0.037035152,0.04262412,0.02335623,0.1962135,0.23913942,0.03390615,0.08703892,0.11281188,0.025590528,0.02657818,0.04241401,0.13329192,0,0,1,,,,,,,,,,,,,,,,
13/02/2023,OctopusEnergyLimited,OCTOP-03,47.639,17:30,18:00,4000,Rejected,0.641,2.309,2.842,3.81,3.697,5.166,4.743,1.526,5.984,4.154,3.095,5.872,2.274,1.526,0,47.639,,,,,,,,,,,,,,,,
13/02/2023,OctopusEnergyLimited,OCTOP-03,48.926,18:00,18:30,4000,Rejected,0.633,2.325,2.872,3.856,3.718,5.249,4.862,1.654,6.173,4.334,3.213,6.141,2.311,1.585,0,48.926,,,,,,,,,,,,,,,,
13/02/2023,OctopusEnergyLimited,OCTOP-05,47.639,17:30,18:00,6000,Rejected,0.641,2.309,2.842,3.81,3.697,5.166,4.743,1.526,5.984,4.154,3.095,5.872,2.274,1.526,0,47.639,,,,,,,,,,,,,,,,
13/02/2023,OctopusEnergyLimited,OCTOP-05,48.926,18:00,18:30,6000,Rejected,0.633,2.325,2.872,3.856,3.718,5.249,4.862,1.654,6.173,4.334,3.213,6.141,2.311,1.585,0,48.926,,,,,,,,,,,,,,,,
31/01/2023,EDFEnergyCustomersLimited,EDF-01,6,17:30,18:00,3000,Accepted,0.1,0.4,0.4,0.4,0.4,0.4,0.4,0.3,0.4,0.6,0.7,1,0.3,0.2,0,6,0.1,0.4,0.4,0.4,0.4,0.4,0.4,0.3,0.4,0.6,0.7,1,0.3,0.2,0,6
31/01/2023,EDFEnergyCustomersLimited,EDF-01,6,18:00,18:30,3000,Accepted,0.1,0.4,0.4,0.4,0.4,0.4,0.4,0.3,0.4,0.6,0.7,1,0.3,0.2,0,6,0.1,0.4,0.4,0.4,0.4,0.4,0.4,0.3,0.4,0.6,0.7,1,0.3,0.2,0,6
31/01/2023,EquiwattLimited,EQUIWA-01,1,17:30,18:00,3000,Accepted,0,0,0,0,0,0,0,0,0,0,0,0,0,0,1,1,0,0,0,0,0,0,0,0,0,0,0,0,0,0,1,1
31/01/2023,EquiwattLimited,EQUIWA-01,1,18:00,18:30,3000,Accepted,0,0,0,0,0,0,0,0,0,0,0,0,0,0,1,1,0,0,0,0,0,0,0,0,0,0,0,0,0,0,1,1
31/01/2023,EvDOTEnergyLtd,EVDOT-01,1,17:30,18:00,3000,Accepted,0,0,0,0,0,0,0,0,0,0,0,0,0,0,1,1,0,0,0,0,0,0,0,0,0,0,0,0,0,0,1,1
31/01/2023,EvDOTEnergyLtd,EVDOT-01,1,18:00,18:30,3000,Accepted,0,0,0,0,0,0,0,0,0,0,0,0,0,0,1,1,0,0,0,0,0,0,0,0,0,0,0,0,0,0,1,1
31/01/2023,OrangePowerLTD,ORANGP-01,2.343,17:30,18:00,3000,Accepted,0.054,0.133,0.115,0.082,0.129,0.253,0.227,0.023,0.311,0.227,0.208,0.349,0.117,0.115,0,2.343,0.054,0.133,0.115,0.082,0.129,0.253,0.227,0.023,0.311,0.227,0.208,0.349,0.117,0.115,0,2.343
31/01/2023,OrangePowerLTD,ORANGP-01,2.343,18:00,18:30,3000,Accepted,0.054,0.133,0.115,0.082,0.129,0.253,0.227,0.023,0.311,0.227,0.208,0.349,0.117,0.115,0,2.343,0.054,0.133,0.115,0.082,0.129,0.253,0.227,0.023,0.311,0.227,0.208,0.349,0.117,0.115,0,2.343
31/01/2023,OVOElectricityLtd,OVO-01,9,17:30,18:00,3000,Accepted,0.47,0.48,0.42,0.42,0.4,0.88,0.64,0.26,1.25,0.76,0.41,1.78,0.27,0.56,0,9,0.47,0.48,0.42,0.42,0.4,0.88,0.64,0.26,1.25,0.76,0.41,1.78,0.27,0.56,0,9
31/01/2023,OVOElectricityLtd,OVO-01,10,18:00,18:30,3000,Accepted,0.5,0.53,0.46,0.47,0.43,0.97,0.71,0.3,1.38,0.88,0.45,2,0.29,0.63,0,10,0.5,0.53,0.46,0.47,0.43,0.97,0.71,0.3,1.38,0.88,0.45,2,0.29,0.63,0,10
30/01/2023,BritishGasTradingLimited,BG-A-001,25,09:00,09:30,3000,Accepted,0.31564766,1.6414098,1.325762,2.2096035,2.0201938,2.146467,1.7045462,1.2626256,3.472229,2.651524,1.2626256,2.967172,1.325762,0.69443184,0,25,0.31564766,1.6414098,1.325762,2.2096035,2.0201938,2.146467,1.7045462,1.2626256,3.472229,2.651524,1.2626256,2.967172,1.325762,0.69443184,0,25
30/01/2023,BritishGasTradingLimited,BG-A-001,25,09:30,10:00,3000,Accepted,0.322988,1.6149757,1.2919878,2.1963828,2.0026042,2.131778,1.7441852,1.2919878,3.4883704,2.6485803,1.227383,2.9716039,1.3565924,0.71058077,0,25,0.322988,1.6149757,1.2919878,2.1963828,2.0026042,2.131778,1.7441852,1.2919878,3.4883704,2.6485803,1.227383,2.9716039,1.3565924,0.71058077,0,25
30/01/2023,CUBUKLtd,CUB-01,1,09:00,09:30,3000,Accepted,0,0.022177733,0.022128008,0.010631575,0.19587933,0.32972705,0.099598,0.018280117,0.15798816,0.020624133,0.009006958,0.02340195,0.090557,0,0,1,0,0.022177733,0.022128008,0.010631575,0.19587933,0.32972705,0.099598,0.018280117,0.15798816,0.020624133,0.009006958,0.02340195,0.090557,0,0,1
30/01/2023,CUBUKLtd,CUB-01,1,09:30,10:00,3000,Accepted,0,0.020287033,0.022038676,0.010821483,0.19792646,0.3348949,0.09532907,0.018837659,0.15650469,0.019137058,0.009020783,0.023860293,0.09134188,0,0,1,0,0.020287033,0.022038676,0.010821483,0.19792646,0.3348949,0.09532907,0.018837659,0.15650469,0.019137058,0.009020783,0.023860293,0.09134188,0,0,1
30/01/2023,DraxEnergySolutionsLimited,DRAX-02,2,09:00,09:30,3000,Accepted,0,0,0,0,0,0,0,0,2,0,0,0,0,0,0,2,0,0,0,0,0,0,0,0,2,0,0,0,0,0,0,2
30/01/2023,DraxEnergySolutionsLimited,DRAX-02,2,09:30,10:00,3000,Accepted,0,0,0,0,0,0,0,0,2,0,0,0,0,0,0,2,0,0,0,0,0,0,0,0,2,0,0,0,0,0,0,2
30/01/2023,DraxEnergySolutionsLimited,DRAX-03,10,09:00,09:30,3000,Accepted,0,0,0,0,1,3,4,0,0,0,0,0,1,1,0,10,0,0,0,0,1,3,4,0,0,0,0,0,1,1,0,10
30/01/2023,DraxEnergySolutionsLimited,DRAX-03,10,09:30,10:00,3000,Accepted,0,0,0,0,1,3,4,0,0,0,0,0,1,1,0,10,0,0,0,0,1,3,4,0,0,0,0,0,1,1,0,10
30/01/2023,DraxEnergySolutionsLimited,DRAX-05,10,09:00,09:30,3000,Accepted,0,0,0,7,0,0,0,0,0,0,0,0,3,0,0,10,0,0,0,7,0,0,0,0,0,0,0,0,3,0,0,10
30/01/2023,DraxEnergySolutionsLimited,DRAX-05,10,09:30,10:00,3000,Accepted,0,0,0,7,0,0,0,0,0,0,0,0,3,0,0,10,0,0,0,7,0,0,0,0,0,0,0,0,3,0,0,10
30/01/2023,DraxEnergySolutionsLimited,DRAX-06,2,09:00,09:30,3000,Accepted,0,0,0,0,0,0,0,0,0,0,0,2,0,0,0,2,0,0,0,0,0,0,0,0,0,0,0,2,0,0,0,2
30/01/2023,DraxEnergySolutionsLimited,DRAX-06,2,09:30,10:00,3000,Accepted,0,0,0,0,0,0,0,0,0,0,0,2,0,0,0,2,0,0,0,0,0,0,0,0,0,0,0,2,0,0,0,2
30/01/2023,EngiePowerLimited,ENGIE-01,10.5,09:00,09:30,3000,Accepted,0,0.371,0.591,0.315,0.155,2.821,2.003,0,2.101,0.23,0.254,0.535,1.026,0.098,0,10.5,0,0.371,0.591,0.315,0.155,2.821,2.003,0,2.101,0.23,0.254,0.535,1.026,0.098,0,10.5
30/01/2023,EngiePowerLimited,ENGIE-01,10.5,09:30,10:00,3000,Accepted,0,0.371,0.591,0.315,0.155,2.821,2.003,0,2.101,0.23,0.254,0.535,1.026,0.098,0,10.5,0,0.371,0.591,0.315,0.155,2.821,2.003,0,2.101,0.23,0.254,0.535,1.026,0.098,0,10.5
30/01/2023,EngiePowerLimited,ENGIE-02,2,09:00,09:30,3000,Accepted,0,0,0,0,0,0,0,0,0,0,0,2,0,0,0,2,0,0,0,0,0,0,0,0,0,0,0,2,0,0,0,2
30/01/2023,EngiePowerLimited,ENGIE-02,2,09:30,10:00,3000,Accepted,0,0,0,0,0,0,0,0,0,0,0,2,0,0,0,2,0,0,0,0,0,0,0,0,0,0,0,2,0,0,0,2
30/01/2023,EONNextEnergyLimited,EONNXT-01,23,09:00,09:30,3000,Accepted,0,1,1,2,2,3,3,1,4,1,1,2,1,1,0,23,0,1,1,2,2,3,3,1,4,1,1,2,1,1,0,23
30/01/2023,EONNextEnergyLimited,EONNXT-01,23,09:30,10:00,3000,Accepted,0,1,1,2,2,3,3,1,4,1,1,2,1,1,0,23,0,1,1,2,2,3,3,1,4,1,1,2,1,1,0,23
30/01/2023,EquiwattLimited,EQUIWA-01,1,09:00,09:30,3000,Accepted,0,0,0,0,0,0,0,0,0,0,0,0,0,0,1,1,0,0,0,0,0,0,0,0,0,0,0,0,0,0,1,1
30/01/2023,EquiwattLimited,EQUIWA-01,1,09:30,10:00,3000,Accepted,0,0,0,0,0,0,0,0,0,0,0,0,0,0,1,1,0,0,0,0,0,0,0,0,0,0,0,0,0,0,1,1
30/01/2023,EvDOTEnergyLtd,EVDOT-01,1,09:00,09:30,3000,Accepted,0,0,0,0,0,0,0,0,0,0,0,0,0,0,1,1,0,0,0,0,0,0,0,0,0,0,0,0,0,0,1,1
30/01/2023,EvDOTEnergyLtd,EVDOT-01,1,09:30,10:00,3000,Accepted,0,0,0,0,0,0,0,0,0,0,0,0,0,0,1,1,0,0,0,0,0,0,0,0,0,0,0,0,0,0,1,1
30/01/2023,GridbeyondLimited,GB_DFS1,1.228,09:00,09:30,3000,Accepted,0.35,0,0.19,0,0,0,0.085,0,0,0.14,0,0.44,0.023,0,0,1.228,0.35,0,0.19,0,0,0,0.085,0,0,0.14,0,0.44,0.023,0,0,1.228
30/01/2023,GridbeyondLimited,GB_DFS1,1.228,09:30,10:00,3000,Accepted,0.35,0,0.19,0,0,0,0.085,0,0,0.14,0,0.44,0.023,0,0,1.228,0.35,0,0.19,0,0,0,0.085,0,0,0.14,0,0.44,0.023,0,0,1.228
30/01/2023,GridbeyondLimited,GB_DFS2,4,09:00,09:30,3000,Accepted,0,0,0,0,0,0,0.1,0,0,0,0,0,1.13,2.77,0,4,0,0,0,0,0,0,0.1,0,0,0,0,0,1.13,2.77,0,4
30/01/2023,GridbeyondLimited,GB_DFS2,4,09:30,10:00,3000,Accepted,0,0,0,0,0,0,0.1,0,0,0,0,0,1.13,2.77,0,4,0,0,0,0,0,0,0.1,0,0,0,0,0,1.13,2.77,0,4
30/01/2023,GridbeyondLimited,GB_DFS3,10.41,09:00,09:30,3000,Accepted,0,0,0,0,4.124,3.228,0.355,0,0,0,0,0,2.703,0,0,10.41,0,0,0,0,4.124,3.228,0.355,0,0,0,0,0,2.703,0,0,10.41
30/01/2023,GridbeyondLimited,GB_DFS3,10.41,09:30,10:00,3000,Accepted,0,0,0,0,4.124,3.228,0.355,0,0,0,0,0,2.703,0,0,10.41,0,0,0,0,4.124,3.228,0.355,0,0,0,0,0,2.703,0,0,10.41
30/01/2023,GridbeyondLimited,GB_DFS4,9.9,09:00,09:30,3000,Accepted,0,0,0,9.9,0,0,0,0,0,0,0,0,0,0,0,9.9,0,0,0,9.9,0,0,0,0,0,0,0,0,0,0,0,9.9
30/01/2023,GridbeyondLimited,GB_DFS4,9.9,09:30,10:00,3000,Accepted,0,0,0,9.9,0,0,0,0,0,0,0,0,0,0,0,9.9,0,0,0,9.9,0,0,0,0,0,0,0,0,0,0,0,9.9
30/01/2023,GridimpLimited,GRIMP-01,2,09:00,09:30,3000,Accepted,0,0,0,0,0,0,0,0.2,0.2,0,1.6,0,0,0,0,2,0,0,0,0,0,0,0,0.2,0.2,0,1.6,0,0,0,0,2
30/01/2023,GridimpLimited,GRIMP-01,2,09:30,10:00,3000,Accepted,0,0,0,0,0,0,0,0.2,0.2,0,1.6,0,0,0,0,2,0,0,0,0,0,0,0,0.2,0.2,0,1.6,0,0,0,0,2
30/01/2023,OctopusEnergyLimited,OCTOP-02,60.155,09:00,09:30,3000,Accepted,0.858,2.923,3.517,4.519,4.48,6.311,5.744,2.289,7.719,5.431,3.913,7.737,2.77,1.944,0,60.155,0.858,2.923,3.517,4.519,4.48,6.311,5.744,2.289,7.719,5.431,3.913,7.737,2.77,1.944,0,60.155
30/01/2023,OctopusEnergyLimited,OCTOP-02,58.604,09:30,10:00,3000,Accepted,0.826,2.851,3.437,4.482,4.366,6.131,5.609,2.24,7.506,5.279,3.772,7.487,2.714,1.904,0,58.604,0.826,2.851,3.437,4.482,4.366,6.131,5.609,2.24,7.506,5.279,3.772,7.487,2.714,1.904,0,58.604
30/01/2023,OrangePowerLTD,ORANGP-01,2.343,09:00,09:30,3000,Accepted,0.054,0.133,0.115,0.082,0.129,0.253,0.227,0.023,0.311,0.227,0.208,0.349,0.117,0.115,0,2.343,0.054,0.133,0.115,0.082,0.129,0.253,0.227,0.023,0.311,0.227,0.208,0.349,0.117,0.115,0,2.343
30/01/2023,OrangePowerLTD,ORANGP-01,2.343,09:30,10:00,3000,Accepted,0.054,0.133,0.115,0.082,0.129,0.253,0.227,0.023,0.311,0.227,0.208,0.349,0.117,0.115,0,2.343,0.054,0.133,0.115,0.082,0.129,0.253,0.227,0.023,0.311,0.227,0.208,0.349,0.117,0.115,0,2.343
30/01/2023,PerseTechnologyLimited,PERSE-01,4.80969,09:00,09:30,3000,Accepted,0.01529,0.12735,0.18803,0.51877,0.37858,0.94676,0.53055,0.59442,0.4229,0.29996,0.35254,0.33823,0.0958,0.00051,0,4.80969,0.01529,0.12735,0.18803,0.51877,0.37858,0.94676,0.53055,0.59442,0.4229,0.29996,0.35254,0.33823,0.0958,0.00051,0,4.80969
30/01/2023,PerseTechnologyLimited,PERSE-01,4.82334,09:30,10:00,3000,Accepted,0.01472,0.11969,0.18438,0.53112,0.38564,0.93454,0.51626,0.60178,0.4487,0.30401,0.35188,0.33807,0.09114,0.00141,0,4.82334,0.01472,0.11969,0.18438,0.53112,0.38564,0.93454,0.51626,0.60178,0.4487,0.30401,0.35188,0.33807,0.09114,0.00141,0,4.82334
30/01/2023,SoloEnergyLimited,SMS-01,4,09:00,09:30,3000,Accepted,0.063,0.144,0.159,0.213,0.261,0.414,0.282,0.105,0.516,0.327,0.204,0.474,0.153,0.102,0.583,4,0.063,0.144,0.159,0.213,0.261,0.414,0.282,0.105,0.516,0.327,0.204,0.474,0.153,0.102,0.583,4
30/01/2023,SoloEnergyLimited,SMS-01,4,09:30,10:00,3000,Accepted,0.063,0.141,0.156,0.219,0.261,0.417,0.285,0.102,0.507,0.33,0.198,0.474,0.153,0.105,0.589,4,0.063,0.141,0.156,0.219,0.261,0.417,0.285,0.102,0.507,0.33,0.198,0.474,0.153,0.105,0.589,4
30/01/2023,VpowerU8lectricLTD,VPOWER-01,1.01,09:00,09:30,3000,Accepted,0.79,0,0,0.01,0,0.04,0.14,0,0,0,0,0.02,0.01,0,0,1.01,0.79,0,0,0.01,0,0.04,0.14,0,0,0,0,0.02,0.01,0,0,1.01
30/01/2023,VpowerU8lectricLTD,VPOWER-01,1.05,09:30,10:00,3000,Accepted,0.79,0,0,0.01,0,0.04,0.14,0,0,0,0,0.02,0.05,0,0,1.05,0.79,0,0,0.01,0,0.04,0.14,0,0,0,0,0.02,0.05,0,0,1.05
30/01/2023,ZenobeEnergyLimited,ZENOB-01,1,09:00,09:30,3000,Accepted,0,0,0,0,0,0,0,1,0,0,0,0,0,0,0,1,0,0,0,0,0,0,0,1,0,0,0,0,0,0,0,1
30/01/2023,ZenobeEnergyLimited,ZENOB-01,1,09:30,10:00,3000,Accepted,0,0,0,0,0,0,0,1,0,0,0,0,0,0,0,1,0,0,0,0,0,0,0,1,0,0,0,0,0,0,0,1
30/01/2023,CUBUKLtd,CUB-02,1,09:00,09:30,3500,Rejected,0,0.022177733,0.022128008,0.010631575,0.19587933,0.32972705,0.099598,0.018280117,0.15798816,0.020624133,0.009006958,0.02340195,0.090557,0,0,1,,,,,,,,,,,,,,,,
30/01/2023,CUBUKLtd,CUB-02,1,09:30,10:00,3500,Rejected,0,0.020287033,0.022038676,0.010821483,0.19792646,0.3348949,0.09532907,0.018837659,0.15650469,0.019137058,0.009020783,0.023860293,0.09134188,0,0,1,,,,,,,,,,,,,,,,
30/01/2023,CUBUKLtd,CUB-03,1,09:00,09:30,4000,Rejected,0,0.022177733,0.022128008,0.010631575,0.19587933,0.32972705,0.099598,0.018280117,0.15798816,0.020624133,0.009006958,0.02340195,0.090557,0,0,1,,,,,,,,,,,,,,,,
30/01/2023,CUBUKLtd,CUB-03,1,09:30,10:00,4000,Rejected,0,0.020287033,0.022038676,0.010821483,0.19792646,0.3348949,0.09532907,0.018837659,0.15650469,0.019137058,0.009020783,0.023860293,0.09134188,0,0,1,,,,,,,,,,,,,,,,
30/01/2023,FlexitricityLimited,FLEXIT-01,0,09:00,09:30,3000,Rejected,0,0,0,0,0,0,0,0,0,0,0,0,0,0,0,0,,,,,,,,,,,,,,,,
30/01/2023,FlexitricityLimited,FLEXIT-01,0,09:30,10:00,3000,Rejected,0,0,0,0,0,0,0,0,0,0,0,0,0,0,0,0,,,,,,,,,,,,,,,,
30/01/2023,OctopusEnergyLimited,OCTOP-03,30.077,09:00,09:30,4000,Rejected,0.429,1.461,1.758,2.26,2.24,3.156,2.872,1.144,3.859,2.716,1.956,3.869,1.385,0.972,0,30.077,,,,,,,,,,,,,,,,
30/01/2023,OctopusEnergyLimited,OCTOP-03,29.301,09:30,10:00,4000,Rejected,0.413,1.425,1.718,2.241,2.183,3.066,2.804,1.12,3.753,2.64,1.886,3.743,1.357,0.952,0,29.301,,,,,,,,,,,,,,,,
30/01/2023,OctopusEnergyLimited,OCTOP-05,30.077,09:00,09:30,6000,Rejected,0.429,1.461,1.758,2.26,2.24,3.156,2.872,1.144,3.859,2.716,1.956,3.869,1.385,0.972,0,30.077,,,,,,,,,,,,,,,,
30/01/2023,OctopusEnergyLimited,OCTOP-05,29.301,09:30,10:00,6000,Rejected,0.413,1.425,1.718,2.241,2.183,3.066,2.804,1.12,3.753,2.64,1.886,3.743,1.357,0.952,0,29.301,,,,,,,,,,,,,,,,
19/01/2023,BritishGasTradingLimited,BG-A-001,8,09:00,09:30,3000,Accepted,0.10100725,0.5252511,0.42424387,0.7070731,0.646462,0.68686944,0.5454548,0.4040402,1.1111133,0.84848773,0.4040402,0.94949496,0.42424387,0.22221819,0,8,0.10100725,0.5252511,0.42424387,0.7070731,0.646462,0.68686944,0.5454548,0.4040402,1.1111133,0.84848773,0.4040402,0.94949496,0.42424387,0.22221819,0,8
19/01/2023,BritishGasTradingLimited,BG-A-001,8,09:30,10:00,3000,Accepted,0.10100725,0.5252511,0.42424387,0.7070731,0.646462,0.68686944,0.5454548,0.4040402,1.1111133,0.84848773,0.4040402,0.94949496,0.42424387,0.22221819,0,8,0.10100725,0.5252511,0.42424387,0.7070731,0.646462,0.68686944,0.5454548,0.4040402,1.1111133,0.84848773,0.4040402,0.94949496,0.42424387,0.22221819,0,8
19/01/2023,ConradEnergyTradingLimited,Conrad1,2.3,09:00,09:30,3000,Accepted,0,0,0,0,0,0,0,0,0,0,2.3,0,0,0,0,2.3,0,0,0,0,0,0,0,0,0,0,2.3,0,0,0,0,2.3
19/01/2023,ConradEnergyTradingLimited,Conrad1,2.3,09:30,10:00,3000,Accepted,0,0,0,0,0,0,0,0,0,0,2.3,0,0,0,0,2.3,0,0,0,0,0,0,0,0,0,0,2.3,0,0,0,0,2.3
19/01/2023,CUBUKLtd,CUB-01,2,09:00,09:30,3000,Accepted,0,0.02608965,0.031759795,0.015581322,0.13365468,1.0524014,0.024436818,0.03954463,0.15395959,0.024436818,0.020503638,0.28225005,0.1953816,0,0,2,0,0.02608965,0.031759795,0.015581322,0.13365468,1.0524014,0.024436818,0.03954463,0.15395959,0.024436818,0.020503638,0.28225005,0.1953816,0,0,2
19/01/2023,CUBUKLtd,CUB-01,2,09:30,10:00,3000,Accepted,0,0.024053652,0.02398491,0.01392417,0.18147568,1.0482714,0.015240816,0.03861279,0.17778067,0.015240816,0.020263284,0.24785179,0.19329998,0,0,2,0,0.024053652,0.02398491,0.01392417,0.18147568,1.0482714,0.015240816,0.03861279,0.17778067,0.015240816,0.020263284,0.24785179,0.19329998,0,0,2
19/01/2023,DraxEnergySolutionsLimited,DRAX-02,2,09:00,09:30,3000,Accepted,0,0,0,0,0,0,0,0,2,0,0,0,0,0,0,2,0,0,0,0,0,0,0,0,2,0,0,0,0,0,0,2
19/01/2023,DraxEnergySolutionsLimited,DRAX-02,2,09:30,10:00,3000,Accepted,0,0,0,0,0,0,0,0,2,0,0,0,0,0,0,2,0,0,0,0,0,0,0,0,2,0,0,0,0,0,0,2
19/01/2023,DraxEnergySolutionsLimited,DRAX-03,9,09:00,09:30,3000,Accepted,0,0,0,0,1,3,4,0,0,0,0,0,1,0,0,9,0,0,0,0,1,3,4,0,0,0,0,0,1,0,0,9
19/01/2023,DraxEnergySolutionsLimited,DRAX-03,9,09:30,10:00,3000,Accepted,0,0,0,0,1,3,4,0,0,0,0,0,1,0,0,9,0,0,0,0,1,3,4,0,0,0,0,0,1,0,0,9
19/01/2023,DraxEnergySolutionsLimited,DRAX-05,10,09:00,09:30,3000,Accepted,0,0,0,7,0,0,0,0,0,0,0,0,3,0,0,10,0,0,0,7,0,0,0,0,0,0,0,0,3,0,0,10
19/01/2023,DraxEnergySolutionsLimited,DRAX-05,10,09:30,10:00,3000,Accepted,0,0,0,7,0,0,0,0,0,0,0,0,3,0,0,10,0,0,0,7,0,0,0,0,0,0,0,0,3,0,0,10
19/01/2023,DraxEnergySolutionsLimited,DRAX-06,2,09:00,09:30,3000,Accepted,0,0,0,0,0,0,0,0,0,0,0,2,0,0,0,2,0,0,0,0,0,0,0,0,0,0,0,2,0,0,0,2
19/01/2023,DraxEnergySolutionsLimited,DRAX-06,2,09:30,10:00,3000,Accepted,0,0,0,0,0,0,0,0,0,0,0,2,0,0,0,2,0,0,0,0,0,0,0,0,0,0,0,2,0,0,0,2
19/01/2023,EDFEnergyCustomersLimited,EDF-01,7,09:00,09:30,3000,Accepted,0.1,0.4,0.5,0.5,0.5,0.4,0.5,0.4,0.6,0.8,0.7,1,0.3,0.3,0,7,0.1,0.4,0.5,0.5,0.5,0.4,0.5,0.4,0.6,0.8,0.7,1,0.3,0.3,0,7
19/01/2023,EDFEnergyCustomersLimited,EDF-01,8,09:30,10:00,3000,Accepted,0.1,0.4,0.6,0.5,0.7,0.5,0.6,0.5,0.7,1,0.7,1,0.4,0.3,0,8,0.1,0.4,0.6,0.5,0.7,0.5,0.6,0.5,0.7,1,0.7,1,0.4,0.3,0,8
19/01/2023,EngiePowerLimited,ENGIE-01,9,09:00,09:30,3000,Accepted,0,0.371,0.091,0.315,0.155,2.821,1.003,0,2.101,0.23,0.254,0.535,1.026,0.098,0,9,0,0.371,0.091,0.315,0.155,2.821,1.003,0,2.101,0.23,0.254,0.535,1.026,0.098,0,9
19/01/2023,EngiePowerLimited,ENGIE-01,9,09:30,10:00,3000,Accepted,0,0.371,0.091,0.315,0.155,2.821,1.003,0,2.101,0.23,0.254,0.535,1.026,0.098,0,9,0,0.371,0.091,0.315,0.155,2.821,1.003,0,2.101,0.23,0.254,0.535,1.026,0.098,0,9
19/01/2023,EngiePowerLimited,ENGIE-02,2,09:00,09:30,3000,Accepted,0,0,0,0,0,0,0,0,0,0,0,2,0,0,0,2,0,0,0,0,0,0,0,0,0,0,0,2,0,0,0,2
19/01/2023,EngiePowerLimited,ENGIE-02,2,09:30,10:00,3000,Accepted,0,0,0,0,0,0,0,0,0,0,0,2,0,0,0,2,0,0,0,0,0,0,0,0,0,0,0,2,0,0,0,2
19/01/2023,EONNextEnergyLimited,EONNXT-01,12,09:00,09:30,3000,Accepted,0,0,1,1,1,2,1,1,2,1,1,1,0,0,0,12,0,0,1,1,1,2,1,1,2,1,1,1,0,0,0,12
19/01/2023,EONNextEnergyLimited,EONNXT-01,11,09:30,10:00,3000,Accepted,0,0,1,1,1,2,1,1,2,1,0,1,0,0,0,11,0,0,1,1,1,2,1,1,2,1,0,1,0,0,0,11
19/01/2023,EquiwattLimited,EQUIWA-01,1,09:00,09:30,3000,Accepted,0,0,0,0,0,0,0,0,0,0,0,0,0,0,1,1,0,0,0,0,0,0,0,0,0,0,0,0,0,0,1,1
19/01/2023,EquiwattLimited,EQUIWA-01,1,09:30,10:00,3000,Accepted,0,0,0,0,0,0,0,0,0,0,0,0,0,0,1,1,0,0,0,0,0,0,0,0,0,0,0,0,0,0,1,1
19/01/2023,EvDOTEnergyLtd,EVDOT-01,1,09:00,09:30,3000,Accepted,0,0,0,0,0,0,0,0,0,0,0,0,0,0,1,1,0,0,0,0,0,0,0,0,0,0,0,0,0,0,1,1
19/01/2023,EvDOTEnergyLtd,EVDOT-01,1,09:30,10:00,3000,Accepted,0,0,0,0,0,0,0,0,0,0,0,0,0,0,1,1,0,0,0,0,0,0,0,0,0,0,0,0,0,0,1,1
19/01/2023,GridbeyondLimited,GB_DFS1,1.228,09:00,09:30,3000,Accepted,0.35,0,0.19,0,0,0,0.085,0,0,0.14,0,0.44,0.023,0,0,1.228,0.35,0,0.19,0,0,0,0.085,0,0,0.14,0,0.44,0.023,0,0,1.228
19/01/2023,GridbeyondLimited,GB_DFS1,1.228,09:30,10:00,3000,Accepted,0.35,0,0.19,0,0,0,0.085,0,0,0.14,0,0.44,0.023,0,0,1.228,0.35,0,0.19,0,0,0,0.085,0,0,0.14,0,0.44,0.023,0,0,1.228
19/01/2023,GridbeyondLimited,GB_DFS2,8.25,09:00,09:30,3000,Accepted,0,0,0,0,0,0,0.2,0,0,0,0,0,2.3,5.75,0,8.25,0,0,0,0,0,0,0.2,0,0,0,0,0,2.3,5.75,0,8.25
19/01/2023,GridbeyondLimited,GB_DFS2,8.25,09:30,10:00,3000,Accepted,0,0,0,0,0,0,0.2,0,0,0,0,0,2.3,5.75,0,8.25,0,0,0,0,0,0,0.2,0,0,0,0,0,2.3,5.75,0,8.25
19/01/2023,GridbeyondLimited,GB_DFS3,10.41,09:00,09:30,3000,Accepted,0,0,0,0,4.124,3.228,0.355,0,0,0,0,0,2.703,0,0,10.41,0,0,0,0,4.124,3.228,0.355,0,0,0,0,0,2.703,0,0,10.41
19/01/2023,GridbeyondLimited,GB_DFS3,10.41,09:30,10:00,3000,Accepted,0,0,0,0,4.124,3.228,0.355,0,0,0,0,0,2.703,0,0,10.41,0,0,0,0,4.124,3.228,0.355,0,0,0,0,0,2.703,0,0,10.41
19/01/2023,GridbeyondLimited,GB_DFS4,9.9,09:00,09:30,3000,Accepted,0,0,0,9.9,0,0,0,0,0,0,0,0,0,0,0,9.9,0,0,0,9.9,0,0,0,0,0,0,0,0,0,0,0,9.9
19/01/2023,GridbeyondLimited,GB_DFS4,9.9,09:30,10:00,3000,Accepted,0,0,0,9.9,0,0,0,0,0,0,0,0,0,0,0,9.9,0,0,0,9.9,0,0,0,0,0,0,0,0,0,0,0,9.9
19/01/2023,GridimpLimited,GRIMP-01,1.17039,09:00,09:30,3000,Accepted,0,0,0.02026,0.00357,0.05234,0,0.07077,0.00011,0,0.12878,0.00671,0.74166,0.0302,0.11599,0,1.17039,0,0,0.02026,0.00357,0.05234,0,0.07077,0.00011,0,0.12878,0.00671,0.74166,0.0302,0.11599,0,1.17039
19/01/2023,GridimpLimited,GRIMP-01,1.22288,09:30,10:00,3000,Accepted,0,0,0.02154,0.00387,0.05634,0,0.06939,0.00027,0,0.1742,0.0067,0.74307,0.02853,0.11897,0,1.22288,0,0,0.02154,0.00387,0.05634,0,0.06939,0.00027,0,0.1742,0.0067,0.74307,0.02853,0.11897,0,1.22288
19/01/2023,OctopusEnergyLimited,OCTOP-02,93.901,09:00,09:30,3000,Accepted,1.397,4.734,5.652,7.22,7.21,9.964,8.977,3.463,11.839,8.274,5.98,11.734,4.401,3.056,0,93.901,1.397,4.734,5.652,7.22,7.21,9.964,8.977,3.463,11.839,8.274,5.98,11.734,4.401,3.056,0,93.901
19/01/2023,OctopusEnergyLimited,OCTOP-02,92.052,09:30,10:00,3000,Accepted,1.358,4.654,5.593,7.159,7.088,9.755,8.815,3.407,11.58,8.103,5.762,11.43,4.311,3.037,0,92.052,1.358,4.654,5.593,7.159,7.088,9.755,8.815,3.407,11.58,8.103,5.762,11.43,4.311,3.037,0,92.052
19/01/2023,OrangePowerLTD,ORANGP-01,2.343,09:00,09:30,3000,Accepted,0.054,0.133,0.115,0.082,0.129,0.253,0.227,0.023,0.311,0.227,0.208,0.349,0.117,0.115,0,2.343,0.054,0.133,0.115,0.082,0.129,0.253,0.227,0.023,0.311,0.227,0.208,0.349,0.117,0.115,0,2.343
19/01/2023,OrangePowerLTD,ORANGP-01,2.343,09:30,10:00,3000,Accepted,0.054,0.133,0.115,0.082,0.129,0.253,0.227,0.023,0.311,0.227,0.208,0.349,0.117,0.115,0,2.343,0.054,0.133,0.115,0.082,0.129,0.253,0.227,0.023,0.311,0.227,0.208,0.349,0.117,0.115,0,2.343
19/01/2023,OVOElectricityLtd,OVO-01,6,09:00,09:30,3000,Accepted,0.29,0.29,0.28,0.27,0.25,0.58,0.41,0.2,0.85,0.52,0.28,1.23,0.18,0.37,0,6,0.29,0.29,0.28,0.27,0.25,0.58,0.41,0.2,0.85,0.52,0.28,1.23,0.18,0.37,0,6
19/01/2023,OVOElectricityLtd,OVO-01,6,09:30,10:00,3000,Accepted,0.28,0.3,0.28,0.27,0.25,0.58,0.4,0.2,0.85,0.53,0.27,1.24,0.18,0.37,0,6,0.28,0.3,0.28,0.27,0.25,0.58,0.4,0.2,0.85,0.53,0.27,1.24,0.18,0.37,0,6
19/01/2023,PerseTechnologyLimited,PERSE-01,3.89709,09:00,09:30,3000,Accepted,0.01285,0.05422,0.13684,0.44248,0.27773,0.78781,0.42376,0.5346,0.31132,0.27995,0.28289,0.29407,0.058,0.00057,0,3.89709,0.01285,0.05422,0.13684,0.44248,0.27773,0.78781,0.42376,0.5346,0.31132,0.27995,0.28289,0.29407,0.058,0.00057,0,3.89709
19/01/2023,PerseTechnologyLimited,PERSE-01,3.92974,09:30,10:00,3000,Accepted,0.01265,0.05242,0.13393,0.44872,0.27933,0.78229,0.41568,0.53896,0.32858,0.28115,0.28967,0.30491,0.0599,0.00155,0,3.92974,0.01265,0.05242,0.13393,0.44872,0.27933,0.78229,0.41568,0.53896,0.32858,0.28115,0.28967,0.30491,0.0599,0.00155,0,3.92974
19/01/2023,SoloEnergyLimited,SMS-01,2,09:00,09:30,3000,Accepted,0.048,0.111,0.111,0.144,0.174,0.261,0.189,0.072,0.333,0.201,0.138,0.312,0.105,0.072,-0.271,2,0.048,0.111,0.111,0.144,0.174,0.261,0.189,0.072,0.333,0.201,0.138,0.312,0.105,0.072,-0.271,2
19/01/2023,SoloEnergyLimited,SMS-01,2,09:30,10:00,3000,Accepted,0.048,0.114,0.111,0.147,0.174,0.261,0.189,0.072,0.33,0.204,0.138,0.309,0.105,0.075,-0.277,2,0.048,0.114,0.111,0.147,0.174,0.261,0.189,0.072,0.33,0.204,0.138,0.309,0.105,0.075,-0.277,2
19/01/2023,VpowerU8lectricLTD,VPOWER-01,1.02,09:00,09:30,3000,Accepted,0.79,0,0,0.01,0,0.04,0.14,0,0,0,0,0.02,0.03,0,0,1.02,0.79,0,0,0.01,0,0.04,0.14,0,0,0,0,0.02,0.03,0,0,1.02
19/01/2023,VpowerU8lectricLTD,VPOWER-01,1.02,09:30,10:00,3000,Accepted,0.79,0,0,0.01,0,0.04,0.14,0,0,0,0,0.02,0.03,0,0,1.02,0.79,0,0,0.01,0,0.04,0.14,0,0,0,0,0.02,0.03,0,0,1.02
19/01/2023,ZenobeEnergyLimited,ZENOB-01,1,09:00,09:30,3000,Accepted,0,0,0,0,0,0,0,1,0,0,0,0,0,0,0,1,0,0,0,0,0,0,0,1,0,0,0,0,0,0,0,1
19/01/2023,ZenobeEnergyLimited,ZENOB-01,1,09:30,10:00,3000,Accepted,0,0,0,0,0,0,0,1,0,0,0,0,0,0,0,1,0,0,0,0,0,0,0,1,0,0,0,0,0,0,0,1
19/01/2023,CUBUKLtd,CUB-02,2,09:00,09:30,3250,Rejected,0,0.02608965,0.031759795,0.015581322,0.13365468,1.0524014,0.024436818,0.03954463,0.15395959,0.024436818,0.020503638,0.28225005,0.1953816,0,0,2,,,,,,,,,,,,,,,,
19/01/2023,CUBUKLtd,CUB-02,2,09:30,10:00,3250,Rejected,0,0.024053652,0.02398491,0.01392417,0.18147568,1.0482714,0.015240816,0.03861279,0.17778067,0.015240816,0.020263284,0.24785179,0.19329998,0,0,2,,,,,,,,,,,,,,,,
19/01/2023,CUBUKLtd,CUB-03,2,09:00,09:30,3500,Rejected,0,0.02608965,0.031759795,0.015581322,0.13365468,1.0524014,0.024436818,0.03954463,0.15395959,0.024436818,0.020503638,0.28225005,0.1953816,0,0,2,,,,,,,,,,,,,,,,
19/01/2023,CUBUKLtd,CUB-03,2,09:30,10:00,3500,Rejected,0,0.024053652,0.02398491,0.01392417,0.18147568,1.0482714,0.015240816,0.03861279,0.17778067,0.015240816,0.020263284,0.24785179,0.19329998,0,0,2,,,,,,,,,,,,,,,,
19/01/2023,DraxEnergySolutionsLimited,DRAX-04,0,09:00,09:30,3000,Rejected,0,0,0,0,0,0,0,0,0,0,0,0,0,0,0,0,,,,,,,,,,,,,,,,
19/01/2023,DraxEnergySolutionsLimited,DRAX-04,0,09:30,10:00,3000,Rejected,0,0,0,0,0,0,0,0,0,0,0,0,0,0,0,0,,,,,,,,,,,,,,,,
19/01/2023,OctopusEnergyLimited,OCTOP-03,23.473,09:00,09:30,4000,Rejected,0.349,1.183,1.413,1.805,1.802,2.491,2.244,0.866,2.96,2.068,1.495,2.933,1.1,0.764,0,23.473,,,,,,,,,,,,,,,,
19/01/2023,OctopusEnergyLimited,OCTOP-03,23.015,09:30,10:00,4000,Rejected,0.34,1.164,1.398,1.79,1.772,2.439,2.204,0.852,2.895,2.026,1.44,2.858,1.078,0.759,0,23.015,,,,,,,,,,,,,,,,
19/01/2023,OctopusEnergyLimited,OCTOP-05,23.473,09:00,09:30,6000,Rejected,0.349,1.183,1.413,1.805,1.802,2.491,2.244,0.866,2.96,2.068,1.495,2.933,1.1,0.764,0,23.473,,,,,,,,,,,,,,,,
19/01/2023,OctopusEnergyLimited,OCTOP-05,23.015,09:30,10:00,6000,Rejected,0.34,1.164,1.398,1.79,1.772,2.439,2.204,0.852,2.895,2.026,1.44,2.858,1.078,0.759,0,23.015,,,,,,,,,,,,,,,,
19/01/2023,OrangePowerLTD,ORANGP-02,2.343,09:00,09:30,5000,Rejected,0.054,0.133,0.115,0.082,0.129,0.253,0.227,0.023,0.311,0.227,0.208,0.349,0.117,0.115,0,2.343,,,,,,,,,,,,,,,,
19/01/2023,OrangePowerLTD,ORANGP-02,2.343,09:30,10:00,5000,Rejected,0.054,0.133,0.115,0.082,0.129,0.253,0.227,0.023,0.311,0.227,0.208,0.349,0.117,0.115,0,2.343,,,,,,,,,,,,,,,,
17/01/2023,BritishGasTradingLimited,BG-A-001,10,17:30,18:00,3000,Accepted,0.14652145,0.641025,0.51282,0.87911856,0.8058629,0.87911856,0.69597435,0.51282,1.3736221,1.0439564,0.49450356,1.2087944,0.53113645,0.27472645,0,10,0.14652145,0.641025,0.51282,0.87911856,0.8058629,0.87911856,0.69597435,0.51282,1.3736221,1.0439564,0.49450356,1.2087944,0.53113645,0.27472645,0,10
17/01/2023,BritishGasTradingLimited,BG-A-001,10,18:00,18:30,3000,Accepted,0.14652145,0.641025,0.51282,0.87911856,0.8058629,0.87911856,0.69597435,0.51282,1.3736221,1.0439564,0.49450356,1.2087944,0.53113645,0.27472645,0,10,0.14652145,0.641025,0.51282,0.87911856,0.8058629,0.87911856,0.69597435,0.51282,1.3736221,1.0439564,0.49450356,1.2087944,0.53113645,0.27472645,0,10
17/01/2023,EDFEnergyCustomersLimited,EDF-01,7,17:30,18:00,3000,Accepted,0.1,0.4,0.5,0.5,0.5,0.4,0.5,0.4,0.6,0.8,0.7,1,0.3,0.3,0,7,0.1,0.4,0.5,0.5,0.5,0.4,0.5,0.4,0.6,0.8,0.7,1,0.3,0.3,0,7
17/01/2023,EDFEnergyCustomersLimited,EDF-01,8,18:00,18:30,3000,Accepted,0.1,0.4,0.6,0.5,0.7,0.5,0.6,0.5,0.7,1,0.7,1,0.4,0.3,0,8,0.1,0.4,0.6,0.5,0.7,0.5,0.6,0.5,0.7,1,0.7,1,0.4,0.3,0,8
17/01/2023,GridbeyondLimited,GB_DFS1,1.228,17:30,18:00,3000,Accepted,0.35,0,0.19,0,0,0,0.085,0,0,0.14,0,0.44,0.023,0,0,1.228,0.35,0,0.19,0,0,0,0.085,0,0,0.14,0,0.44,0.023,0,0,1.228
17/01/2023,GridbeyondLimited,GB_DFS1,1.228,18:00,18:30,3000,Accepted,0.35,0,0.19,0,0,0,0.085,0,0,0.14,0,0.44,0.023,0,0,1.228,0.35,0,0.19,0,0,0,0.085,0,0,0.14,0,0.44,0.023,0,0,1.228
17/01/2023,GridbeyondLimited,GB_DFS2,8.25,17:30,18:00,3000,Accepted,0,0,0,0,0,0,0.2,0,0,0,0,0,2.3,5.75,0,8.25,0,0,0,0,0,0,0.2,0,0,0,0,0,2.3,5.75,0,8.25
17/01/2023,GridbeyondLimited,GB_DFS2,8.25,18:00,18:30,3000,Accepted,0,0,0,0,0,0,0.2,0,0,0,0,0,2.3,5.75,0,8.25,0,0,0,0,0,0,0.2,0,0,0,0,0,2.3,5.75,0,8.25
17/01/2023,GridbeyondLimited,GB_DFS3,10.41,17:30,18:00,3000,Accepted,0,0,0,0,4.124,3.228,0.355,0,0,0,0,0,2.703,0,0,10.41,0,0,0,0,4.124,3.228,0.355,0,0,0,0,0,2.703,0,0,10.41
17/01/2023,GridbeyondLimited,GB_DFS3,10.41,18:00,18:30,3000,Accepted,0,0,0,0,4.124,3.228,0.355,0,0,0,0,0,2.703,0,0,10.41,0,0,0,0,4.124,3.228,0.355,0,0,0,0,0,2.703,0,0,10.41
17/01/2023,GridbeyondLimited,GB_DFS4,9.9,17:30,18:00,3000,Accepted,0,0,0,9.9,0,0,0,0,0,0,0,0,0,0,0,9.9,0,0,0,9.9,0,0,0,0,0,0,0,0,0,0,0,9.9
17/01/2023,GridbeyondLimited,GB_DFS4,9.9,18:00,18:30,3000,Accepted,0,0,0,9.9,0,0,0,0,0,0,0,0,0,0,0,9.9,0,0,0,9.9,0,0,0,0,0,0,0,0,0,0,0,9.9
17/01/2023,OVOElectricityLtd,OVO-01,8,17:30,18:00,3000,Accepted,0.4,0.41,0.38,0.39,0.36,0.78,0.57,0.24,1.12,0.68,0.36,1.58,0.23,0.5,0,8,0.4,0.41,0.38,0.39,0.36,0.78,0.57,0.24,1.12,0.68,0.36,1.58,0.23,0.5,0,8
17/01/2023,OVOElectricityLtd,OVO-01,8,18:00,18:30,3000,Accepted,0.38,0.42,0.37,0.38,0.34,0.77,0.56,0.26,1.13,0.69,0.36,1.61,0.23,0.5,0,8,0.38,0.42,0.37,0.38,0.34,0.77,0.56,0.26,1.13,0.69,0.36,1.61,0.23,0.5,0,8
17/01/2023,VpowerU8lectricLTD,VPOWER-01,1.105,17:30,18:00,3000,Accepted,0.855,0,0,0.007,0.002,0.041,0.151,0,0.001,0.001,0,0.018,0.028,0,0.001,1.105,0.855,0,0,0.007,0.002,0.041,0.151,0,0.001,0.001,0,0.018,0.028,0,0.001,1.105
17/01/2023,VpowerU8lectricLTD,VPOWER-01,1.105,18:00,18:30,3000,Accepted,0.855,0,0,0.007,0.002,0.041,0.151,0,0.001,0.001,0,0.018,0.028,0,0.001,1.105,0.855,0,0,0.007,0.002,0.041,0.151,0,0.001,0.001,0,0.018,0.028,0,0.001,1.105
23/12/2022,ConradEnergyTradingLimited,Conrad1,2.3,17:30,18:00,3000,Accepted,0,0,0,0,0,0,0,0,0,0,2.3,0,0,0,0,2.3,0,0,0,0,0,0,0,0,0,0,2.3,0,0,0,0,2.3
23/12/2022,ConradEnergyTradingLimited,Conrad1,2.3,18:00,18:30,3000,Accepted,0,0,0,0,0,0,0,0,0,0,2.3,0,0,0,0,2.3,0,0,0,0,0,0,0,0,0,0,2.3,0,0,0,0,2.3
23/12/2022,EDFEnergyCustomersLimited,EDF-01,12,17:30,18:00,3000,Accepted,0.2,0.8,0.9,0.8,1,0.8,0.9,0.8,1,1.5,1.2,1,0.6,0.5,0,12,0.2,0.8,0.9,0.8,1,0.8,0.9,0.8,1,1.5,1.2,1,0.6,0.5,0,12
23/12/2022,EDFEnergyCustomersLimited,EDF-01,12,18:00,18:30,3000,Accepted,0.2,0.8,0.9,0.8,1,0.8,0.9,0.8,1,1.5,1.2,1,0.6,0.5,0,12,0.2,0.8,0.9,0.8,1,0.8,0.9,0.8,1,1.5,1.2,1,0.6,0.5,0,12
23/12/2022,EquiwattLimited,EQUIWA-01,1,17:30,18:00,3000,Accepted,0,0,0,0,0,0,0,0,0,0,0,0,0,0,1,1,0,0,0,0,0,0,0,0,0,0,0,0,0,0,1,1
23/12/2022,EquiwattLimited,EQUIWA-01,1,18:00,18:30,3000,Accepted,0,0,0,0,0,0,0,0,0,0,0,0,0,0,1,1,0,0,0,0,0,0,0,0,0,0,0,0,0,0,1,1
23/12/2022,GridimpLimited,GRIMP-01,4,17:30,18:00,3000,Accepted,0,0,0.18764147,0.021276595,0,0,0.4094613,0.001131734,0,0,0.06880941,1.9754413,0.060547758,1.2756903,0,4,0,0,0.1407311,0.015957447,0,0,0.307095971,0.0008488,0,0,0.051607062,1.481581032,0.045410819,0.956767768,0,3
23/12/2022,GridimpLimited,GRIMP-01,4,18:00,18:30,3000,Accepted,0,0,0.18764147,0.021276595,0,0,0.4094613,0.001131734,0,0,0.06880941,1.9754413,0.060547758,1.2756903,0,4,0,0,0.1407311,0.015957447,0,0,0.307095971,0.0008488,0,0,0.051607062,1.481581032,0.045410819,0.956767768,0,3
23/12/2022,OrangePowerLTD,ORANGP-01,2.343,17:30,18:00,3000,Accepted,0.054,0.133,0.115,0.082,0.129,0.253,0.227,0.023,0.311,0.227,0.208,0.349,0.117,0.115,0,2.343,,,,,,,,,,,,,,,,
23/12/2022,OrangePowerLTD,ORANGP-01,2.343,18:00,18:30,3000,Accepted,0.054,0.133,0.115,0.082,0.129,0.253,0.227,0.023,0.311,0.227,0.208,0.349,0.117,0.115,0,2.343,,,,,,,,,,,,,,,,
23/12/2022,OrangePowerLTD,ORANGP-02,2.343,17:30,18:00,5000,Rejected,0.054,0.133,0.115,0.082,0.129,0.253,0.227,0.023,0.311,0.227,0.208,0.349,0.117,0.115,0,2.343,,,,,,,,,,,,,,,,
23/12/2022,OrangePowerLTD,ORANGP-02,2.343,18:00,18:30,5000,Rejected,0.054,0.133,0.115,0.082,0.129,0.253,0.227,0.023,0.311,0.227,0.208,0.349,0.117,0.115,0,2.343,,,,,,,,,,,,,,,,
21/12/2022,ConradEnergyTradingLimited,Conrad1,2.3,17:30,18:00,3000,Accepted,0,0,0,0,0,0,0,0,0,0,2.3,0,0,0,0,2.3,0,0,0,0,0,0,0,0,0,0,2.3,0,0,0,0,2.3
21/12/2022,ConradEnergyTradingLimited,Conrad1,2.3,18:00,18:30,3000,Accepted,0,0,0,0,0,0,0,0,0,0,2.3,0,0,0,0,2.3,0,0,0,0,0,0,0,0,0,0,2.3,0,0,0,0,2.3
21/12/2022,CUBUKLtd,CUB-01,1,17:30,18:00,3000,Accepted,0,0.02608965,0.031759795,0.015581322,0.13365468,0.05240142,0.024436818,0.03954463,0.15395959,0.024436818,0.020503638,0.28225005,0.1953816,0,0,1,0,0.024673156,0.030035449,0.01473536,0.210681132,0.135384926,0.023110061,0.037397623,0.187742115,0.023110061,0.019390428,0.053726458,0.09114923,0,0,0.851136
21/12/2022,CUBUKLtd,CUB-01,1,18:00,18:30,3000,Accepted,0,0.024053652,0.02398491,0.01392417,0.18147568,0.04827143,0.015240816,0.03861279,0.17778067,0.015240816,0.020263284,0.24785179,0.19329998,0,0,1,0,0.023476792,0.023409699,0.013590237,0.166658951,0.026831146,0.014875308,0.037686769,0.188400555,0.014875308,0.019777325,0.256791215,0.092042695,0,0,0.878416
21/12/2022,EDFEnergyCustomersLimited,EDF-01,14,17:30,18:00,3000,Accepted,0.3,0.9,1.1,0.9,1.1,0.9,1,0.9,1.1,1.8,1.5,1.2,0.7,0.6,0,14,0.2,0.5,0.5,0.5,0.5,0.5,0.5,0.5,0.6,0.8,0.7,0.6,0.3,0.3,0,7
21/12/2022,EDFEnergyCustomersLimited,EDF-01,14,18:00,18:30,3000,Accepted,0.3,0.9,1.1,0.9,1.1,0.9,1,0.9,1.1,1.8,1.5,1.2,0.7,0.6,0,14,0.2,0.5,0.5,0.5,0.5,0.5,0.5,0.5,0.6,0.8,0.7,0.6,0.3,0.3,0,7
21/12/2022,EngiePowerLimited,ENGIE-01,8,17:30,18:00,3000,Accepted,0,0.371,0.003,0.315,0.155,2.821,1.003,0,1.189,0.23,0.254,0.535,1.026,0.098,0,8,0,0.371,0.003,0.315,0.155,2.821,1.003,0,1.189,0.23,0.254,0.535,1.026,0.098,0,8
21/12/2022,EngiePowerLimited,ENGIE-01,8,18:00,18:30,3000,Accepted,0,0.371,0.003,0.315,0.155,2.821,1.003,0,1.189,0.23,0.254,0.535,1.026,0.098,0,8,0,0.371,0.003,0.315,0.155,2.821,1.003,0,1.189,0.23,0.254,0.535,1.026,0.098,0,8
21/12/2022,EngiePowerLimited,ENGIE-02,2,17:30,18:00,3000,Accepted,0,0,0,0,0,0,0,0,0,0,0,2,0,0,0,2,0,0,0,0,0,0,0,0,0,0,0,2,0,0,0,2
21/12/2022,EngiePowerLimited,ENGIE-02,2,18:00,18:30,3000,Accepted,0,0,0,0,0,0,0,0,0,0,0,2,0,0,0,2,0,0,0,0,0,0,0,0,0,0,0,2,0,0,0,2
21/12/2022,EquiwattLimited,EQUIWA-01,1,17:30,18:00,3000,Accepted,0,0,0,0,0,0,0,0,0,0,0,0,0,0,1,1,0,0,0,0,0,0,0,0,0,0,0,0,0,0,1,1
21/12/2022,EquiwattLimited,EQUIWA-01,1,18:00,18:30,3000,Accepted,0,0,0,0,0,0,0,0,0,0,0,0,0,0,1,1,0,0,0,0,0,0,0,0,0,0,0,0,0,0,1,1
21/12/2022,GridimpLimited,GRIMP-01,4,17:30,18:00,3000,Accepted,0,0,0.18764147,0.021276595,0,0,0.4094613,0.001131734,0,0,0.06880941,1.9754413,0.060547758,1.2756903,0,4,0,0,0.1407311,0.015957447,0,0,0.307095971,0.0008488,0,0,0.051607062,1.481581032,0.045410819,0.956767768,0,3
21/12/2022,GridimpLimited,GRIMP-01,4,18:00,18:30,3000,Accepted,0,0,0.18764147,0.021276595,0,0,0.4094613,0.001131734,0,0,0.06880941,1.9754413,0.060547758,1.2756903,0,4,0,0,0.1407311,0.015957447,0,0,0.307095971,0.0008488,0,0,0.051607062,1.481581032,0.045410819,0.956767768,0,3
21/12/2022,OrangePowerLTD,ORANGP-01,2.343,17:30,18:00,3000,Accepted,0.054,0.133,0.115,0.082,0.129,0.253,0.227,0.023,0.311,0.227,0.208,0.349,0.117,0.115,0,2.343,0,0,0,0,0,0,0,0,0,0,0,0,0,0,0,0
21/12/2022,OrangePowerLTD,ORANGP-01,2.343,18:00,18:30,3000,Accepted,0.054,0.133,0.115,0.082,0.129,0.253,0.227,0.023,0.311,0.227,0.208,0.349,0.117,0.115,0,2.343,0,0,0,0,0,0,0,0,0,0,0,0,0,0,0,0
21/12/2022,PerseTechnologyLimited,PERSE-01,3.436,17:30,18:00,3000,Accepted,0.00979,0.08204,0.11249,0.42531,0.22571,0.57359,0.3589,0.61098,0.24597,0.267,0.17358,0.26781,0.0808,0.00203,0,3.436,0.00979,0.08204,0.11249,0.42531,0.22571,0.57359,0.3589,0.61098,0.24597,0.267,0.17358,0.26781,0.0808,0.00203,0,3.436
21/12/2022,PerseTechnologyLimited,PERSE-01,3.20097,18:00,18:30,3000,Accepted,0.00936,0.0781,0.10187,0.41533,0.19624,0.48627,0.34712,0.58648,0.22823,0.26708,0.16255,0.25145,0.06891,0.00198,0,3.20097,0.00936,0.0781,0.10187,0.41533,0.19624,0.48627,0.34712,0.58648,0.22823,0.26708,0.16255,0.25145,0.06891,0.00198,0,3.20097
21/12/2022,ZenobeEnergyLimited,ZENOB-01,1,17:30,18:00,3000,Accepted,0,0,0,0,0,0,0,1,0,0,0,0,0,0,0,1,0,0,0,0,0,0,0,1,0,0,0,0,0,0,0,1
21/12/2022,ZenobeEnergyLimited,ZENOB-01,1,18:00,18:30,3000,Accepted,0,0,0,0,0,0,0,1,0,0,0,0,0,0,0,1,0,0,0,0,0,0,0,1,0,0,0,0,0,0,0,1
21/12/2022,CUBUKLtd,CUB-02,1,17:30,18:00,3250,Rejected,0,0.02608965,0.031759795,0.015581322,0.13365468,0.05240142,0.024436818,0.03954463,0.15395959,0.024436818,0.020503638,0.28225005,0.1953816,0,0,1,,,,,,,,,,,,,,,,
21/12/2022,CUBUKLtd,CUB-02,1,18:00,18:30,3250,Rejected,0,0.024053652,0.02398491,0.01392417,0.18147568,0.04827143,0.015240816,0.03861279,0.17778067,0.015240816,0.020263284,0.24785179,0.19329998,0,0,1,,,,,,,,,,,,,,,,
21/12/2022,CUBUKLtd,CUB-03,1,17:30,18:00,3500,Rejected,0,0.02608965,0.031759795,0.015581322,0.13365468,0.05240142,0.024436818,0.03954463,0.15395959,0.024436818,0.020503638,0.28225005,0.1953816,0,0,1,,,,,,,,,,,,,,,,
21/12/2022,CUBUKLtd,CUB-03,1,18:00,18:30,3500,Rejected,0,0.024053652,0.02398491,0.01392417,0.18147568,0.04827143,0.015240816,0.03861279,0.17778067,0.015240816,0.020263284,0.24785179,0.19329998,0,0,1,,,,,,,,,,,,,,,,
21/12/2022,OrangePowerLTD,ORANGP-02,2.343,17:30,18:00,5000,Rejected,0.054,0.133,0.115,0.082,0.129,0.253,0.227,0.023,0.311,0.227,0.208,0.349,0.117,0.115,0,2.343,,,,,,,,,,,,,,,,
21/12/2022,OrangePowerLTD,ORANGP-02,2.343,18:00,18:30,5000,Rejected,0.054,0.133,0.115,0.082,0.129,0.253,0.227,0.023,0.311,0.227,0.208,0.349,0.117,0.115,0,2.343,,,,,,,,,,,,,,,,
12/12/2022,BritishGasTradingLimited,BG-A-001,4,17:00,17:30,3000,Accepted,0.060150377,0.2556391,0.21052632,0.35338345,0.33082706,0.35338345,0.2781955,0.19548872,0.556391,0.41353384,0.19548872,0.47368422,0.21052632,0.11278196,0,4,0.045112782,0.191729324,0.157894737,0.265037594,0.248120301,0.265037594,0.208646617,0.146616542,0.417293233,0.310150376,0.146616542,0.355263158,0.157894737,0.084586466,0,3.000000002
12/12/2022,BritishGasTradingLimited,BG-A-001,4,17:30,18:00,3000,Accepted,0.060150377,0.2556391,0.21052632,0.35338345,0.33082706,0.35338345,0.2781955,0.19548872,0.556391,0.41353384,0.19548872,0.47368422,0.21052632,0.11278196,0,4,0.045112782,0.191729324,0.157894737,0.265037594,0.248120301,0.265037594,0.208646617,0.146616542,0.417293233,0.310150376,0.146616542,0.355263158,0.157894737,0.084586466,0,3.000000002
12/12/2022,BritishGasTradingLimited,BG-A-001,5,18:00,18:30,3000,Accepted,0.07518797,0.31954888,0.2631579,0.44172934,0.41353384,0.44172934,0.34774438,0.24436091,0.69548875,0.5169173,0.24436091,0.59210527,0.2631579,0.14097744,0,5,0.060150376,0.255639098,0.210526316,0.353383459,0.330827068,0.353383459,0.278195489,0.195488722,0.556390977,0.413533835,0.195488722,0.473684211,0.210526316,0.112781955,0,4.000000003
12/12/2022,BritishGasTradingLimited,BG-A-001,5,18:30,19:00,3000,Accepted,0.07518797,0.31954888,0.2631579,0.44172934,0.41353384,0.44172934,0.34774438,0.24436091,0.69548875,0.5169173,0.24436091,0.59210527,0.2631579,0.14097744,0,5,0.06015038,0.2556391,0.21052632,0.35338346,0.33082707,0.35338346,0.27819549,0.19548872,0.55639098,0.41353384,0.19548872,0.47368421,0.21052632,0.11278196,0,4.000000003
12/12/2022,ConradEnergyTradingLimited,Conrad1,3,17:00,17:30,3000,Accepted,0,0,0,0,0,0,0,0,0,0,3,0,0,0,0,3,0,0,0,0,0,0,0,0,0,0,2,0,0,0,0,2
12/12/2022,ConradEnergyTradingLimited,Conrad1,3,17:30,18:00,3000,Accepted,0,0,0,0,0,0,0,0,0,0,3,0,0,0,0,3,0,0,0,0,0,0,0,0,0,0,2,0,0,0,0,2
12/12/2022,ConradEnergyTradingLimited,Conrad1,3,18:00,18:30,3000,Accepted,0,0,0,0,0,0,0,0,0,0,3,0,0,0,0,3,0,0,0,0,0,0,0,0,0,0,2,0,0,0,0,2
12/12/2022,ConradEnergyTradingLimited,Conrad1,3,18:30,19:00,3000,Accepted,0,0,0,0,0,0,0,0,0,0,3,0,0,0,0,3,0,0,0,0,0,0,0,0,0,0,2,0,0,0,0,2
12/12/2022,CUBUKLtd,CUB-01,1,17:00,17:30,3000,Accepted,0,0.03067644,0.03979622,0.01884,0.2161184,0.06788792,0.04200514,0.0452026,0.23268119,0.04200514,0.02239682,0.13338591,0.10900423,0,0,1,0,0.020062392,0.026026728,0.01232136,0.141341434,0.0443987,0.027471362,0.0295625,0.152173492,0.027471362,0.01464752,0.087234384,0.071288768,0,0,0.654
12/12/2022,CUBUKLtd,CUB-01,1,17:30,18:00,3000,Accepted,0,0.0289885,0.03528866,0.01731258,0.24752934,0.1590638,0.02715202,0.04393848,0.22057828,0.02715202,0.02278182,0.06312323,0.10709126,0,0,1,0,0.018088824,0.022020124,0.01080305,0.154458308,0.099255811,0.01694286,0.027417612,0.137640847,0.01694286,0.014215856,0.039388899,0.066824949,0,0,0.624
12/12/2022,CUBUKLtd,CUB-01,1,18:00,18:30,3000,Accepted,0,0.02672628,0.0266499,0.0154713,0.18972668,0.03054492,0.01693424,0.0429031,0.2144776,0.01693424,0.02251476,0.2923344,0.10478258,0,0,1,0,0.017211724,0.017162536,0.009963517,0.122183982,0.019670928,0.010905651,0.027629596,0.138123574,0.010905651,0.014499505,0.188263354,0.067479982,0,0,0.644
12/12/2022,CUBUKLtd,CUB-01,1,18:30,19:00,3000,Accepted,0,0.02474102,0.02455636,0.0143723,0.1794239,0.06879294,0.01943028,0.04007162,0.20883419,0.01943028,0.0226877,0.27153987,0.10611954,0,0,1,0,0.013780748,0.013677893,0.008005371,0.099939112,0.038317668,0.010822666,0.022319892,0.116320638,0.010822666,0.012637049,0.151247713,0.059108584,0,0,0.557
12/12/2022,DraxEnergySolutionsLimited,DRAX-02,2,17:00,17:30,3000,Accepted,0,0,0,0,0,0,0,0,2,0,0,0,0,0,0,2,0,0,0,0,0,0,0,0,2,0,0,0,0,0,0,2
12/12/2022,DraxEnergySolutionsLimited,DRAX-02,2,17:30,18:00,3000,Accepted,0,0,0,0,0,0,0,0,2,0,0,0,0,0,0,2,0,0,0,0,0,0,0,0,2,0,0,0,0,0,0,2
12/12/2022,DraxEnergySolutionsLimited,DRAX-02,2,18:00,18:30,3000,Accepted,0,0,0,0,0,0,0,0,2,0,0,0,0,0,0,2,0,0,0,0,0,0,0,0,2,0,0,0,0,0,0,2
12/12/2022,DraxEnergySolutionsLimited,DRAX-02,2,18:30,19:00,3000,Accepted,0,0,0,0,0,0,0,0,2,0,0,0,0,0,0,2,0,0,0,0,0,0,0,0,2,0,0,0,0,0,0,2
12/12/2022,DraxEnergySolutionsLimited,DRAX-03,9.28,17:00,17:30,3000,Accepted,0,0,0,0,0.56,3.59,4.28,0,0,0,0,0,0.83,0.02,0,9.2802,0,0,0,0,0.56,3.59,4.28,0,0,0,0,0,0.83,0.02,0,9.2802
12/12/2022,DraxEnergySolutionsLimited,DRAX-03,9.28,17:30,18:00,3000,Accepted,0,0,0,0,0.56,3.59,4.28,0,0,0,0,0,0.83,0.02,0,9.2802,0,0,0,0,0.56,3.59,4.28,0,0,0,0,0,0.83,0.02,0,9.2802
12/12/2022,DraxEnergySolutionsLimited,DRAX-03,9.28,18:00,18:30,3000,Accepted,0,0,0,0,0.56,3.59,4.28,0,0,0,0,0,0.83,0.02,0,9.2802,0,0,0,0,0.56,3.59,4.28,0,0,0,0,0,0.83,0.02,0,9.2802
12/12/2022,DraxEnergySolutionsLimited,DRAX-03,9.28,18:30,19:00,3000,Accepted,0,0,0,0,0.56,3.59,4.28,0,0,0,0,0,0.83,0.02,0,9.2802,0,0,0,0,0.56,3.59,4.28,0,0,0,0,0,0.83,0.02,0,9.2802
12/12/2022,DraxEnergySolutionsLimited,DRAX-05,12.85,17:00,17:30,3000,Accepted,0,0,0,9.32,0,0,0,0,0,0,0,0,3.53,0,0,12.85196,0,0,0,9.32,0,0,0,0,0,0,0,0,3.53,0,0,12.85196
12/12/2022,DraxEnergySolutionsLimited,DRAX-05,12.85,17:30,18:00,3000,Accepted,0,0,0,9.32,0,0,0,0,0,0,0,0,3.53,0,0,12.85196,0,0,0,9.32,0,0,0,0,0,0,0,0,3.53,0,0,12.85196
12/12/2022,DraxEnergySolutionsLimited,DRAX-05,12.85,18:00,18:30,3000,Accepted,0,0,0,9.32,0,0,0,0,0,0,0,0,3.53,0,0,12.85196,0,0,0,9.32,0,0,0,0,0,0,0,0,3.53,0,0,12.85196
12/12/2022,DraxEnergySolutionsLimited,DRAX-05,12.85,18:30,19:00,3000,Accepted,0,0,0,9.32,0,0,0,0,0,0,0,0,3.53,0,0,12.85196,0,0,0,9.32,0,0,0,0,0,0,0,0,3.53,0,0,12.85196
12/12/2022,DraxEnergySolutionsLimited,DRAX-06,2.04,17:00,17:30,3000,Accepted,0,0,0,0,0,0,0,0,0,0,0,2.04,0,0,0,2.04374,0,0,0,0,0,0,0,0,0,0,0,2.04,0,0,0,2.04374
12/12/2022,DraxEnergySolutionsLimited,DRAX-06,2.04,17:30,18:00,3000,Accepted,0,0,0,0,0,0,0,0,0,0,0,2.04,0,0,0,2.04374,0,0,0,0,0,0,0,0,0,0,0,2.04,0,0,0,2.04374
12/12/2022,DraxEnergySolutionsLimited,DRAX-06,2.04,18:00,18:30,3000,Accepted,0,0,0,0,0,0,0,0,0,0,0,2.04,0,0,0,2.04374,0,0,0,0,0,0,0,0,0,0,0,2.04,0,0,0,2.04374
12/12/2022,DraxEnergySolutionsLimited,DRAX-06,2.04,18:30,19:00,3000,Accepted,0,0,0,0,0,0,0,0,0,0,0,2.04,0,0,0,2.04374,0,0,0,0,0,0,0,0,0,0,0,2.04,0,0,0,2.04374
12/12/2022,EngiePowerLimited,ENGIE-01,8,17:00,17:30,3000,Accepted,0,0.371,0.003,0.315,0.155,2.821,1.003,0,1.189,0.23,0.254,0.535,1.026,0.098,0,8,0,0.371,0.003,0.315,0.155,2.821,1.003,0,1.189,0.23,0.254,0.535,1.026,0.098,0,8
12/12/2022,EngiePowerLimited,ENGIE-01,8,17:30,18:00,3000,Accepted,0,0.371,0.003,0.315,0.155,2.821,1.003,0,1.189,0.23,0.254,0.535,1.026,0.098,0,8,0,0.371,0.003,0.315,0.155,2.821,1.003,0,1.189,0.23,0.254,0.535,1.026,0.098,0,8
12/12/2022,EngiePowerLimited,ENGIE-01,8,18:00,18:30,3000,Accepted,0,0.371,0.003,0.315,0.155,2.821,1.003,0,1.189,0.23,0.254,0.535,1.026,0.098,0,8,0,0.371,0.003,0.315,0.155,2.821,1.003,0,1.189,0.23,0.254,0.535,1.026,0.098,0,8
12/12/2022,EngiePowerLimited,ENGIE-01,8,18:30,19:00,3000,Accepted,0,0.371,0.003,0.315,0.155,2.821,1.003,0,1.189,0.23,0.254,0.535,1.026,0.098,0,8,0,0.371,0.003,0.315,0.155,2.821,1.003,0,1.189,0.23,0.254,0.535,1.026,0.098,0,8
12/12/2022,EngiePowerLimited,ENGIE-02,2,17:00,17:30,3000,Accepted,0,0,0,0,0,0,0,0,0,0,0,2,0,0,0,2,0,0,0,0,0,0,0,0,0,0,0,2,0,0,0,2
12/12/2022,EngiePowerLimited,ENGIE-02,2,17:30,18:00,3000,Accepted,0,0,0,0,0,0,0,0,0,0,0,2,0,0,0,2,0,0,0,0,0,0,0,0,0,0,0,2,0,0,0,2
12/12/2022,EngiePowerLimited,ENGIE-02,2,18:00,18:30,3000,Accepted,0,0,0,0,0,0,0,0,0,0,0,2,0,0,0,2,0,0,0,0,0,0,0,0,0,0,0,2,0,0,0,2
12/12/2022,EngiePowerLimited,ENGIE-02,2,18:30,19:00,3000,Accepted,0,0,0,0,0,0,0,0,0,0,0,2,0,0,0,2,0,0,0,0,0,0,0,0,0,0,0,2,0,0,0,2
12/12/2022,EONNextEnergyLimited,EONNXT-01,18,17:00,17:30,3000,Accepted,0,1,1,2,2,2,2,1,3,1,1,1,1,0,0,18,0,1,1,2,2,2,2,1,3,1,1,1,1,0,0,18
12/12/2022,EONNextEnergyLimited,EONNXT-01,18,17:30,18:00,3000,Accepted,0,1,1,2,2,2,2,1,3,1,1,1,1,0,0,18,0,1,1,2,2,2,2,1,3,1,1,1,1,0,0,18
12/12/2022,EONNextEnergyLimited,EONNXT-01,17,18:00,18:30,3000,Accepted,0,1,1,2,1,2,2,1,3,1,1,1,1,0,0,17,0,1,1,2,1,2,2,1,3,1,1,1,1,0,0,17
12/12/2022,EONNextEnergyLimited,EONNXT-01,17,18:30,19:00,3000,Accepted,0,1,1,2,1,2,2,1,3,1,1,1,1,0,0,17,0,1,1,2,1,2,2,1,3,1,1,1,1,0,0,17
12/12/2022,EvDOTEnergyLtd,EVDOT-01,1,17:00,17:30,3000,Accepted,0,0,0,0,0,0,0,0,0,0,0,0,0,0,1,1,0,0,0,0,0,0,0,0,0,0,0,0,0,0,1,1
12/12/2022,EvDOTEnergyLtd,EVDOT-01,1,17:30,18:00,3000,Accepted,0,0,0,0,0,0,0,0,0,0,0,0,0,0,1,1,0,0,0,0,0,0,0,0,0,0,0,0,0,0,1,1
12/12/2022,EvDOTEnergyLtd,EVDOT-01,1,18:00,18:30,3000,Accepted,0,0,0,0,0,0,0,0,0,0,0,0,0,0,1,1,0,0,0,0,0,0,0,0,0,0,0,0,0,0,1,1
12/12/2022,EvDOTEnergyLtd,EVDOT-01,1,18:30,19:00,3000,Accepted,0,0,0,0,0,0,0,0,0,0,0,0,0,0,1,1,0,0,0,0,0,0,0,0,0,0,0,0,0,0,1,1
12/12/2022,FlexitricityLimited,FLEXIT-01,4,17:00,17:30,3000,Accepted,0,0,0,1,2.6,0,0.4,0,0,0,0,0,0,0,0,4,0,0,0,1,2.6,0,0.4,0,0,0,0,0,0,0,0,4
12/12/2022,FlexitricityLimited,FLEXIT-01,4,17:30,18:00,3000,Accepted,0,0,0,1,2.6,0,0.4,0,0,0,0,0,0,0,0,4,0,0,0,1,2.6,0,0.4,0,0,0,0,0,0,0,0,4
12/12/2022,FlexitricityLimited,FLEXIT-01,4,18:00,18:30,3000,Accepted,0,0,0,1,2.6,0,0.4,0,0,0,0,0,0,0,0,4,0,0,0,1,2.6,0,0.4,0,0,0,0,0,0,0,0,4
12/12/2022,FlexitricityLimited,FLEXIT-01,4,18:30,19:00,3000,Accepted,0,0,0,1,2.6,0,0.4,0,0,0,0,0,0,0,0,4,0,0,0,1,2.6,0,0.4,0,0,0,0,0,0,0,0,4
12/12/2022,GridbeyondLimited,GB_DFS1,1.228,17:00,17:30,3000,Accepted,0.35,0,0.19,0,0,0,0.085,0,0,0.14,0,0.44,0.023,0,0,1.228,0.35,0,0.19,0,0,0,0.085,0,0,0.14,0,0.44,0.023,0,0,1.228
12/12/2022,GridbeyondLimited,GB_DFS1,1.228,17:30,18:00,3000,Accepted,0.35,0,0.19,0,0,0,0.085,0,0,0.14,0,0.44,0.023,0,0,1.228,0.35,0,0.19,0,0,0,0.085,0,0,0.14,0,0.44,0.023,0,0,1.228
12/12/2022,GridbeyondLimited,GB_DFS1,1.228,18:00,18:30,3000,Accepted,0.35,0,0.19,0,0,0,0.085,0,0,0.14,0,0.44,0.023,0,0,1.228,0.35,0,0.19,0,0,0,0.085,0,0,0.14,0,0.44,0.023,0,0,1.228
12/12/2022,GridbeyondLimited,GB_DFS1,1.228,18:30,19:00,3000,Accepted,0.35,0,0.19,0,0,0,0.085,0,0,0.14,0,0.44,0.023,0,0,1.228,0.35,0,0.19,0,0,0,0.085,0,0,0.14,0,0.44,0.023,0,0,1.228
12/12/2022,GridbeyondLimited,GB_DFS2,8.25,17:00,17:30,3000,Accepted,0,0,0,0,0,0,0.2,0,0,0,0,0,2.3,5.75,0,8.25,0,0,0,0,0,0,0.2,0,0,0,0,0,2.3,5.75,0,8.25
12/12/2022,GridbeyondLimited,GB_DFS2,8.25,17:30,18:00,3000,Accepted,0,0,0,0,0,0,0.2,0,0,0,0,0,2.3,5.75,0,8.25,0,0,0,0,0,0,0.2,0,0,0,0,0,2.3,5.75,0,8.25
12/12/2022,GridbeyondLimited,GB_DFS2,8.25,18:00,18:30,3000,Accepted,0,0,0,0,0,0,0.2,0,0,0,0,0,2.3,5.75,0,8.25,0,0,0,0,0,0,0.2,0,0,0,0,0,2.3,5.75,0,8.25
12/12/2022,GridbeyondLimited,GB_DFS2,8.25,18:30,19:00,3000,Accepted,0,0,0,0,0,0,0.2,0,0,0,0,0,2.3,5.75,0,8.25,0,0,0,0,0,0,0.2,0,0,0,0,0,2.3,5.75,0,8.25
12/12/2022,OctopusEnergyLimited,OCTOP-02,66.656,17:00,17:30,3000,Accepted,0.931,3.308,4.13,5.317,5.408,7.289,6.596,2.024,8.314,5.642,4.347,7.998,3.197,2.155,0,66.656,0.931,3.308,4.13,5.317,5.408,7.289,6.596,2.024,8.314,5.642,4.347,7.998,3.197,2.155,0,66.656
12/12/2022,OctopusEnergyLimited,OCTOP-02,69.842,17:30,18:00,3000,Accepted,0.963,3.436,4.261,5.558,5.571,7.574,6.915,2.147,8.726,6.001,4.593,8.491,3.342,2.264,0,69.842,0.963,3.436,4.261,5.558,5.571,7.574,6.915,2.147,8.726,6.001,4.593,8.491,3.342,2.264,0,69.842
12/12/2022,OctopusEnergyLimited,OCTOP-02,70.834,18:00,18:30,3000,Accepted,0.937,3.458,4.283,5.564,5.557,7.618,7,2.301,8.888,6.196,4.646,8.696,3.379,2.311,0,70.834,0.937,3.458,4.283,5.564,5.557,7.618,7,2.301,8.888,6.196,4.646,8.696,3.379,2.311,0,70.834
12/12/2022,OctopusEnergyLimited,OCTOP-02,68.812,18:30,19:00,3000,Accepted,0.89,3.311,4.168,5.388,5.338,7.356,6.746,2.372,8.657,6.072,4.473,8.513,3.274,2.254,0,68.812,0.89,3.311,4.168,5.388,5.338,7.356,6.746,2.372,8.657,6.072,4.473,8.513,3.274,2.254,0,68.812
12/12/2022,PerseTechnologyLimited,PERSE-01,3.5881,17:00,17:30,3000,Accepted,0.00984,0.08194,0.10191,0.43736,0.25649,0.66991,0.36288,0.59116,0.27945,0.26584,0.17953,0.27594,0.07404,0.00181,0,3.5881,0.00984,0.08194,0.10191,0.43736,0.25649,0.66991,0.36288,0.59116,0.27945,0.26584,0.17953,0.27594,0.07404,0.00181,0,3.5881
12/12/2022,PerseTechnologyLimited,PERSE-01,3.38574,17:30,18:00,3000,Accepted,0.00963,0.07587,0.09872,0.41777,0.22971,0.59484,0.33566,0.58339,0.27513,0.26047,0.16575,0.2594,0.07762,0.00178,0,3.38574,0.00963,0.07587,0.09872,0.41777,0.22971,0.59484,0.33566,0.58339,0.27513,0.26047,0.16575,0.2594,0.07762,0.00178,0,3.38574
12/12/2022,PerseTechnologyLimited,PERSE-01,3.14539,18:00,18:30,3000,Accepted,0.00923,0.07197,0.09535,0.40758,0.19621,0.49933,0.32196,0.5566,0.26272,0.25935,0.15608,0.24046,0.06685,0.0017,0,3.14539,0.00923,0.07197,0.09535,0.40758,0.19621,0.49933,0.32196,0.5566,0.26272,0.25935,0.15608,0.24046,0.06685,0.0017,0,3.14539
12/12/2022,PerseTechnologyLimited,PERSE-01,3.11999,18:30,19:00,3000,Accepted,0.00914,0.06878,0.09142,0.40994,0.19057,0.4982,0.33311,0.54914,0.24457,0.25533,0.1544,0.23549,0.07826,0.00164,0,3.11999,0.00914,0.06878,0.09142,0.40994,0.19057,0.4982,0.33311,0.54914,0.24457,0.25533,0.1544,0.23549,0.07826,0.00164,0,3.11999
12/12/2022,SoloEnergyLimited,SMS-01,3.375,17:30,18:00,3000,Accepted,0.05625,0.1575,0.14625,0.2175,0.255,0.36,0.2775,0.08625,0.44625,0.28125,0.2025,0.4275,0.16125,0.10125,0.19875,3.375,0.05625,0.1575,0.14625,0.2175,0.255,0.36,0.2775,0.08625,0.44625,0.28125,0.2025,0.4275,0.16125,0.10125,0.19875,3.375
12/12/2022,SoloEnergyLimited,SMS-01,3,18:00,18:30,3000,Accepted,0.04875,0.13875,0.1275,0.1875,0.22125,0.31875,0.25125,0.07875,0.40125,0.25125,0.17625,0.38625,0.1425,0.09375,0.17625,3,0.04875,0.13875,0.1275,0.1875,0.22125,0.31875,0.25125,0.07875,0.40125,0.25125,0.17625,0.38625,0.1425,0.09375,0.17625,3
12/12/2022,VpowerU8lectricLTD,VPOWER-01,1.106,17:00,17:30,3000,Accepted,0.855,0,0,0.007,0.002,0.041,0.151,0,0.001,0.001,0,0.018,0.028,0,0.001,1.106,0.18964,0,0,0,0.00119,0.00398,0.02796,0.00017,0,0,0,0,0.025,0,0,0.24794
12/12/2022,VpowerU8lectricLTD,VPOWER-01,1.106,17:30,18:00,3000,Accepted,0.855,0,0,0.007,0.002,0.041,0.151,0,0.001,0.001,0,0.018,0.028,0,0.001,1.106,0.17098,0,0,0,0.00073,0.00394,0.02936,0.00016,0,0,0,0,0.02354,0,0,0.22871
12/12/2022,VpowerU8lectricLTD,VPOWER-01,1.106,18:00,18:30,3000,Accepted,0.855,0,0,0.007,0.002,0.041,0.151,0,0.001,0.001,0,0.018,0.028,0,0.001,1.106,0.16399,0,0,0,0.00071,0.00396,0.03114,0.00015,0,0,0,0,0.02332,0,0,0.22327
12/12/2022,VpowerU8lectricLTD,VPOWER-01,1.106,18:30,19:00,3000,Accepted,0.855,0,0,0.007,0.002,0.041,0.151,0,0.001,0.001,0,0.018,0.028,0,0.001,1.106,0.15164,0,0,0,0.0007,0.00389,0.02624,0.00017,0,0,0,0,0.0226,0,0,0.20524
12/12/2022,ZenobeEnergyLimited,ZENOB-01,1,17:00,17:30,3000,Accepted,0,0,0,0,0,0,0,1,0,0,0,0,0,0,0,1,0,0,0,0,0,0,0,1,0,0,0,0,0,0,0,1
12/12/2022,ZenobeEnergyLimited,ZENOB-01,1,17:30,18:00,3000,Accepted,0,0,0,0,0,0,0,1,0,0,0,0,0,0,0,1,0,0,0,0,0,0,0,1,0,0,0,0,0,0,0,1
12/12/2022,ZenobeEnergyLimited,ZENOB-01,1,18:30,19:00,3000,Accepted,0,0,0,0,0,0,0,1,0,0,0,0,0,0,0,1,0,0,0,0,0,0,0,1,0,0,0,0,0,0,0,1
12/12/2022,CUBUKLtd,CUB-02,1,17:00,17:30,3250,Rejected,0,0.03067644,0.03979622,0.01884,0.2161184,0.06788792,0.04200514,0.0452026,0.23268119,0.04200514,0.02239682,0.13338591,0.10900423,0,0,1,,,,,,,,,,,,,,,,
12/12/2022,CUBUKLtd,CUB-02,1,17:30,18:00,3250,Rejected,0,0.0289885,0.03528866,0.01731258,0.24752934,0.1590638,0.02715202,0.04393848,0.22057828,0.02715202,0.02278182,0.06312323,0.10709126,0,0,1,,,,,,,,,,,,,,,,
12/12/2022,CUBUKLtd,CUB-02,1,18:00,18:30,3250,Rejected,0,0.02672628,0.0266499,0.0154713,0.18972668,0.03054492,0.01693424,0.0429031,0.2144776,0.01693424,0.02251476,0.2923344,0.10478258,0,0,1,,,,,,,,,,,,,,,,
12/12/2022,CUBUKLtd,CUB-02,1,18:30,19:00,3250,Rejected,0,0.02474102,0.02455636,0.0143723,0.1794239,0.06879294,0.01943028,0.04007162,0.20883419,0.01943028,0.0226877,0.27153987,0.10611954,0,0,1,,,,,,,,,,,,,,,,
12/12/2022,CUBUKLtd,CUB-03,1,17:00,17:30,3500,Rejected,0,0.03067644,0.03979622,0.01884,0.2161184,0.06788792,0.04200514,0.0452026,0.23268119,0.04200514,0.02239682,0.13338591,0.10900423,0,0,1,,,,,,,,,,,,,,,,
12/12/2022,CUBUKLtd,CUB-03,1,17:30,18:00,3500,Rejected,0,0.0289885,0.03528866,0.01731258,0.24752934,0.1590638,0.02715202,0.04393848,0.22057828,0.02715202,0.02278182,0.06312323,0.10709126,0,0,1,,,,,,,,,,,,,,,,
12/12/2022,CUBUKLtd,CUB-03,1,18:00,18:30,3500,Rejected,0,0.02672628,0.0266499,0.0154713,0.18972668,0.03054492,0.01693424,0.0429031,0.2144776,0.01693424,0.02251476,0.2923344,0.10478258,0,0,1,,,,,,,,,,,,,,,,
12/12/2022,CUBUKLtd,CUB-03,1,18:30,19:00,3500,Rejected,0,0.02474102,0.02455636,0.0143723,0.1794239,0.06879294,0.01943028,0.04007162,0.20883419,0.01943028,0.0226877,0.27153987,0.10611954,0,0,1,,,,,,,,,,,,,,,,
12/12/2022,DraxEnergySolutionsLimited,DRAX-04,0,17:00,17:30,3000,Rejected,0,0,0,0,0,0,0,0,0,0,0,0,0,0,0,0,0,0,0,0,0,0,0,0,0,0,0,0,0,0,0,0
12/12/2022,DraxEnergySolutionsLimited,DRAX-04,0,17:30,18:00,3000,Rejected,0,0,0,0,0,0,0,0,0,0,0,0,0,0,0,0,0,0,0,0,0,0,0,0,0,0,0,0,0,0,0,0
12/12/2022,DraxEnergySolutionsLimited,DRAX-04,0,18:00,18:30,3000,Rejected,0,0,0,0,0,0,0,0,0,0,0,0,0,0,0,0,0,0,0,0,0,0,0,0,0,0,0,0,0,0,0,0
12/12/2022,DraxEnergySolutionsLimited,DRAX-04,0,18:30,19:00,3000,Rejected,0,0,0,0,0,0,0,0,0,0,0,0,0,0,0,0,0,0,0,0,0,0,0,0,0,0,0,0,0,0,0,0
12/12/2022,OctopusEnergyLimited,OCTOP-03,66.654,17:00,17:30,4500,Rejected,0.93,3.308,4.13,5.316,5.408,7.29,6.596,2.024,8.314,5.642,4.346,7.998,3.198,2.154,0,66.654,,,,,,,,,,,,,,,,
12/12/2022,OctopusEnergyLimited,OCTOP-03,69.836,17:30,18:00,4500,Rejected,0.962,3.436,4.26,5.558,5.57,7.574,6.914,2.146,8.726,6,4.592,8.492,3.342,2.264,0,69.836,,,,,,,,,,,,,,,,
12/12/2022,OctopusEnergyLimited,OCTOP-03,70.834,18:00,18:30,4500,Rejected,0.938,3.458,4.282,5.564,5.558,7.618,7,2.302,8.888,6.196,4.646,8.696,3.378,2.31,0,70.834,,,,,,,,,,,,,,,,
12/12/2022,OctopusEnergyLimited,OCTOP-03,68.81,18:30,19:00,4500,Rejected,0.89,3.31,4.168,5.388,5.338,7.356,6.746,2.372,8.656,6.072,4.472,8.514,3.274,2.254,0,68.81,,,,,,,,,,,,,,,,
12/12/2022,OctopusEnergyLimited,OCTOP-04,33.327,17:00,17:30,6000,Rejected,0.465,1.654,2.065,2.658,2.704,3.645,3.298,1.012,4.157,2.821,2.173,3.999,1.599,1.077,0,33.327,,,,,,,,,,,,,,,,
12/12/2022,OctopusEnergyLimited,OCTOP-04,34.918,17:30,18:00,6000,Rejected,0.481,1.718,2.13,2.779,2.785,3.787,3.457,1.073,4.363,3,2.296,4.246,1.671,1.132,0,34.918,,,,,,,,,,,,,,,,
12/12/2022,OctopusEnergyLimited,OCTOP-04,35.417,18:00,18:30,6000,Rejected,0.469,1.729,2.141,2.782,2.779,3.809,3.5,1.151,4.444,3.098,2.323,4.348,1.689,1.155,0,35.417,,,,,,,,,,,,,,,,
12/12/2022,OctopusEnergyLimited,OCTOP-04,34.405,18:30,19:00,6000,Rejected,0.445,1.655,2.084,2.694,2.669,3.678,3.373,1.186,4.328,3.036,2.236,4.257,1.637,1.127,0,34.405,,,,,,,,,,,,,,,,
01/12/2022,CUBUKLtd,CUB-01,1,17:00,17:30,3000,Accepted,0,0.0224881,0.04543048,0.01204036,0.30774882,0.0549347,0.0484726,0.04379296,0.14857386,0.0379182,0.02194368,0.03981668,0.21683957,0,0,1,0,0,0.030097216,0.007464902,0.048638969,0.013106582,0.021552598,0,0.055202044,0.017790256,0,0.013086654,0.001980568,0,0,0.208919788
01/12/2022,CUBUKLtd,CUB-01,1,17:30,18:00,3000,Accepted,0,0.0219527,0.04267686,0.01018038,0.36045703,0.0451097,0.03923524,0.04251184,0.1309737,0.03056094,0.02257814,0.03722816,0.21653531,0,0,1,0,0,0.03634176,0.00844616,0.05167062,0.01409654,0.02476192,0,0.05765294,0.0239278,0,0.01469468,0.00180432,0,0,0.23339674
01/12/2022,DraxEnergySolutionsLimited,DRAX-02,4,17:00,17:30,3000,Accepted,0,0,0,0,0,0,0,0,4,0,0,0,0,0,0,4,0,0,0,0,0.42,3.71,7.24,0,0,0,0,0,0.84,0.02,0,12.23
01/12/2022,DraxEnergySolutionsLimited,DRAX-02,4,17:30,18:00,3000,Accepted,0,0,0,0,0,0,0,0,4,0,0,0,0,0,0,4,0,0,0,0,0,0,0,0,4,0,0,0,0,0,0,4
01/12/2022,DraxEnergySolutionsLimited,DRAX-03,12.23,17:00,17:30,3000,Accepted,0,0,0,0,0.42,3.71,7.24,0,0,0,0,0,0.84,0.02,0,12.23,0,0,0,9.23,0,0,0,0,0,0,0,0,3.62,0,0,12.85
01/12/2022,DraxEnergySolutionsLimited,DRAX-03,12.23,17:30,18:00,3000,Accepted,0,0,0,0,0.42,3.71,7.24,0,0,0,0,0,0.84,0.02,0,12.23,0,0,0,0,0,0,0,0,0,0,0,2.33,0,0,0,2.33
01/12/2022,DraxEnergySolutionsLimited,DRAX-05,12.85,17:00,17:30,3000,Accepted,0,0,0,9.23,0,0,0,0,0,0,0,0,3.62,0,0,12.85,0,0,0,0,0.42,3.71,7.24,0,0,0,0,0,0.84,0.02,0,12.23
01/12/2022,DraxEnergySolutionsLimited,DRAX-05,12.85,17:30,18:00,3000,Accepted,0,0,0,9.23,0,0,0,0,0,0,0,0,3.62,0,0,12.85,0,0,0,0,0,0,0,0,4,0,0,0,0,0,0,4
01/12/2022,DraxEnergySolutionsLimited,DRAX-06,2.33,17:00,17:30,3000,Accepted,0,0,0,0,0,0,0,0,0,0,0,2.33,0,0,0,2.33,0,0,0,9.23,0,0,0,0,0,0,0,0,3.62,0,0,12.85
01/12/2022,DraxEnergySolutionsLimited,DRAX-06,2.33,17:30,18:00,3000,Accepted,0,0,0,0,0,0,0,0,0,0,0,2.33,0,0,0,2.33,0,0,0,0,0,0,0,0,0,0,0,2.33,0,0,0,2.33
01/12/2022,EngiePowerLimited,ENGIE-01,8,17:00,17:30,3000,Accepted,0,0.371,0.003,0.315,0.155,2.821,1.003,0,1.189,0.23,0.254,0.535,1.026,0.098,0,8,0,0.371,0.003,0.315,0.155,2.821,1.003,0,1.189,0.23,0.254,0.535,1.026,0.098,0,8
01/12/2022,EngiePowerLimited,ENGIE-01,8,17:30,18:00,3000,Accepted,0,0.371,0.003,0.315,0.155,2.821,1.003,0,1.189,0.23,0.254,0.535,1.026,0.098,0,8,0,0.371,0.003,0.315,0.155,2.821,1.003,0,1.189,0.23,0.254,0.535,1.026,0.098,0,8
01/12/2022,EngiePowerLimited,ENGIE-02,2,17:00,17:30,3000,Accepted,0,0,0,0,0,0,0,0,0,0,0,2,0,0,0,2,0,0,0,0,0,0,0,0,0,0,0,2,0,0,0,2
01/12/2022,EngiePowerLimited,ENGIE-02,2,17:30,18:00,3000,Accepted,0,0,0,0,0,0,0,0,0,0,0,2,0,0,0,2,0,0,0,0,0,0,0,0,0,0,0,2,0,0,0,2
01/12/2022,EONNextEnergyLimited,EONNXT-01,17,17:00,17:30,3000,Accepted,0,1,1,2,1,2,2,1,3,1,1,1,1,0,0,17,0,0,1,1,1,2,1,1,2,1,1,1,1,0,0,13
01/12/2022,EONNextEnergyLimited,EONNXT-01,17,17:30,18:00,3000,Accepted,0,1,1,2,1,2,2,1,3,1,1,1,1,0,0,17,0,0,1,1,1,2,1,1,2,1,1,1,1,0,0,13
01/12/2022,EvDOTEnergyLtd,EVDOT-01,1,17:00,17:30,3000,Accepted,0,0,0,0,0,0,0,0,0,0,0,0,0,0,1,1,0,0,0,0,0,0,0,0,0,0,0,0,0,0,1,1
01/12/2022,EvDOTEnergyLtd,EVDOT-01,1,17:30,18:00,3000,Accepted,0,0,0,0,0,0,0,0,0,0,0,0,0,0,1,1,0,0,0,0,0,0,0,0,0,0,0,0,0,0,1,1
01/12/2022,FlexitricityLimited,FLEXIT-01,4,17:00,17:30,3000,Accepted,0,0,0,1,2.6,0,0.4,0,0,0,0,0,0,0,0,4,0,0,0,1,2.6,0,0.4,0,0,0,0,0,0,0,0,4
01/12/2022,FlexitricityLimited,FLEXIT-01,4,17:30,18:00,3000,Accepted,0,0,0,1,2.6,0,0.4,0,0,0,0,0,0,0,0,4,0,0,0,1,2.6,0,0.4,0,0,0,0,0,0,0,0,4
01/12/2022,GridbeyondLimited,GB_DFS1,8.228,17:00,17:30,3000,Accepted,0.35,0,0.19,0,0,0,0.285,0,0,0.14,0,0.44,1.423,5.4,0,8.228,0.35,0,0.19,0,0,0,0.285,0,0,0.14,0,0.44,1.423,5.4,0,8.228
01/12/2022,GridbeyondLimited,GB_DFS1,8.228,17:30,18:00,3000,Accepted,0.35,0,0.19,0,0,0,0.285,0,0,0.14,0,0.44,1.423,5.4,0,8.228,0.35,0,0.19,0,0,0,0.285,0,0,0.14,0,0.44,1.423,5.4,0,8.228
01/12/2022,OaktreePowerLimited,OAKTRE07,15,17:00,17:30,3000,Accepted,0,0,0,0,0,0,0,0,0,0,0,15,0,0,0,15,0,0,0,0,0,0,0,0,0,0,0,15,0,0,,15
01/12/2022,OaktreePowerLimited,OAKTRE07,15,17:30,18:00,3000,Accepted,0,0,0,0,0,0,0,0,0,0,0,15,0,0,0,15,0,0,0,0,0,0,0,0,0,0,0,15,0,0,,15
01/12/2022,OctopusEnergyLimited,OCTOP-02,63.59,17:00,17:30,3000,Accepted,0.894,3.204,3.895,5.053,5.114,6.927,6.287,1.943,7.962,5.435,4.131,7.616,3.069,2.06,0,63.59,0.5275,1.7925,2.1625,2.6825,2.8875,3.80125,3.36,0.915,4.2475,2.7275,2.19875,3.9875,1.58375,1.085,0,33.95875
01/12/2022,OctopusEnergyLimited,OCTOP-02,64.254,17:30,18:00,3000,Accepted,0.877,3.195,3.889,5.05,5.075,6.92,6.338,2.078,8.103,5.584,4.167,7.806,3.081,2.091,0,64.254,0.5475,1.87625,2.26375,2.8275,2.9875,3.9825,3.56375,0.985,4.47625,2.93,2.34375,4.26625,1.66875,1.1525,0,35.87125
01/12/2022,OrangePowerLTD,ORANGP-01,2.343,17:00,17:30,3000,Accepted,0.054,0.133,0.115,0.082,0.129,0.253,0.227,0.023,0.311,0.227,0.208,0.349,0.117,0.115,0,2.343,,,,,,,,,,,,,,,,
01/12/2022,OrangePowerLTD,ORANGP-01,2.343,17:30,18:00,3000,Accepted,0.054,0.133,0.115,0.082,0.129,0.253,0.227,0.023,0.311,0.227,0.208,0.349,0.117,0.115,0,2.343,,,,,,,,,,,,,,,,
01/12/2022,PerseTechnologyLimited,PERSE-01,3.99683,17:00,17:30,3000,Accepted,0.00999,0.05157,0.08947,0.45475,0.28655,0.81301,0.35305,0.56687,0.32202,0.25945,0.18807,0.4328,0.1602,0.00903,0,3.99683,0.00999,0.05157,0.08947,0.45475,0.28655,0.81301,0.35305,0.56687,0.32202,0.25945,0.18807,0.4328,0.1602,0.00903,0,3.99683
01/12/2022,PerseTechnologyLimited,PERSE-01,3.80009,17:30,18:00,3000,Accepted,0.00977,0.04834,0.08121,0.43635,0.27187,0.75236,0.325,0.5572,0.33565,0.25867,0.17578,0.40733,0.13043,0.01013,0,3.80009,0.00977,0.04834,0.08121,0.43635,0.27187,0.75236,0.325,0.5572,0.33565,0.25867,0.17578,0.40733,0.13043,0.01013,0,3.80009
01/12/2022,SoloEnergyLimited,SMS-01,6.9,17:00,17:30,3000,Accepted,0.105,0.279,0.297,0.429,0.474,0.768,0.546,0.195,1.014,0.657,0.372,0.885,0.309,0.189,0.381,6.9,0.084,0.2232,0.2376,0.3432,0.3792,0.6144,0.4368,0.156,0.8112,0.5256,0.2976,0.708,0.2472,0.1512,0.3048,5.52
01/12/2022,SoloEnergyLimited,SMS-01,7.2,17:30,18:00,3000,Accepted,0.108,0.288,0.306,0.447,0.489,0.801,0.57,0.207,1.065,0.69,0.384,0.924,0.315,0.204,0.402,7.2,0.0864,0.2304,0.2448,0.3576,0.3912,0.6408,0.456,0.1656,0.852,0.552,0.3072,0.7392,0.252,0.1632,0.3216,5.76
01/12/2022,VpowerU8lectricLTD,VPOWER-01,2.3934,17:00,17:30,3000,Accepted,1.8749,0.001,0,0.015,0.0045,0.09,0.3305,0.001,0.004,0.001,0,0.006,0.0625,0,0.003,2.3934,1.1724,0,0,0,0.0045,0,0.002,0,0.002,0,0,0.004,0.045,0,0.003,1.2329
01/12/2022,VpowerU8lectricLTD,VPOWER-01,2.3934,17:30,18:00,3000,Accepted,1.8749,0.001,0,0.015,0.0045,0.09,0.3305,0.001,0.004,0.001,0,0.006,0.0625,0,0.003,2.3934,1.1724,0,0,0,0.0045,0,0.002,0,0.002,0,0,0.004,0.045,0,0.003,1.2329
01/12/2022,ZenobeEnergyLimited,ZENOB-01,1,17:00,17:30,3000,Accepted,0,0,0,0,0,0,0,1,0,0,0,0,0,0,0,1,0,0,0,0,0,0,0,1,0,0,0,0,0,0,0,1
01/12/2022,ZenobeEnergyLimited,ZENOB-01,1,17:30,18:00,3000,Accepted,0,0,0,0,0,0,0,1,0,0,0,0,0,0,0,1,0,0,0,0,0,0,0,1,0,0,0,0,0,0,0,1
01/12/2022,CUBUKLtd,CUB-02,1,17:00,17:30,3150,Rejected,0,0.0224881,0.04543048,0.01204036,0.30774882,0.0549347,0.0484726,0.04379296,0.14857386,0.0379182,0.02194368,0.03981668,0.21683957,0,0,1,,,,,,,,,,,,,,,,
01/12/2022,CUBUKLtd,CUB-02,1,17:30,18:00,3150,Rejected,0,0.0219527,0.04267686,0.01018038,0.36045703,0.0451097,0.03923524,0.04251184,0.1309737,0.03056094,0.02257814,0.03722816,0.21653531,0,0,1,,,,,,,,,,,,,,,,
01/12/2022,CUBUKLtd,CUB-03,1,17:00,17:30,3250,Rejected,0,0.0224881,0.04543048,0.01204036,0.30774882,0.0549347,0.0484726,0.04379296,0.14857386,0.0379182,0.02194368,0.03981668,0.21683957,0,0,1,,,,,,,,,,,,,,,,
01/12/2022,CUBUKLtd,CUB-03,1,17:30,18:00,3250,Rejected,0,0.0219527,0.04267686,0.01018038,0.36045703,0.0451097,0.03923524,0.04251184,0.1309737,0.03056094,0.02257814,0.03722816,0.21653531,0,0,1,,,,,,,,,,,,,,,,
01/12/2022,DraxEnergySolutionsLimited,DRAX-04,0,17:00,17:30,3000,Rejected,0,0,0,0,0,0,0,0,0,0,0,0,0,0,0,0,,,,,,,,,,,,,,,,
01/12/2022,DraxEnergySolutionsLimited,DRAX-04,0,17:30,18:00,3000,Rejected,0,0,0,0,0,0,0,0,0,0,0,0,0,0,0,0,,,,,,,,,,,,,,,,
01/12/2022,OctopusEnergyLimited,OCTOP-03,31.796,17:00,17:30,4000,Rejected,0.447,1.602,1.948,2.526,2.557,3.464,3.144,0.972,3.981,2.718,2.065,3.808,1.534,1.03,0,31.796,,,,,,,,,,,,,,,,
01/12/2022,OctopusEnergyLimited,OCTOP-03,32.128,17:30,18:00,4000,Rejected,0.438,1.598,1.944,2.525,2.538,3.46,3.169,1.039,4.052,2.792,2.084,3.903,1.541,1.045,0,32.128,,,,,,,,,,,,,,,,
01/12/2022,OctopusEnergyLimited,OCTOP-04,31.796,17:00,17:30,6000,Rejected,0.447,1.602,1.948,2.526,2.557,3.464,3.144,0.972,3.981,2.718,2.065,3.808,1.534,1.03,0,31.796,,,,,,,,,,,,,,,,
01/12/2022,OctopusEnergyLimited,OCTOP-04,32.128,17:30,18:00,6000,Rejected,0.438,1.598,1.944,2.525,2.538,3.46,3.169,1.039,4.052,2.792,2.084,3.903,1.541,1.045,0,32.128,,,,,,,,,,,,,,,,
01/12/2022,OrangePowerLTD,ORANGP-02,2.343,17:00,17:30,4000,Rejected,0.054,0.133,0.115,0.082,0.129,0.253,0.227,0.023,0.311,0.227,0.208,0.349,0.117,0.115,0,2.343,,,,,,,,,,,,,,,,
01/12/2022,OrangePowerLTD,ORANGP-02,2.343,17:30,18:00,4000,Rejected,0.054,0.133,0.115,0.082,0.129,0.253,0.227,0.023,0.311,0.227,0.208,0.349,0.117,0.115,0,2.343,,,,,,,,,,,,,,,,
30/11/2022,CUBUKLtd,CUB-01,1,17:30,18:00,3000,Accepted,0,0.0219527,0.04267686,0.01018038,0.36045703,0.0451097,0.03923524,0.04251184,0.1309737,0.03056094,0.02257814,0.03722816,0.21653531,0,0,1,0,0,0.03634176,0.00844616,0.05167062,0.01409654,0.02476192,0,0.05765294,0.0239278,0,0.01469468,0.00180432,0,0,0.23339674
30/11/2022,CUBUKLtd,CUB-01,1,18:00,18:30,3000,Accepted,0,0.021731,0.03423396,0.00917864,0.41124618,0.04183944,0.02931694,0.04228102,0.11861332,0.01960516,0.02321304,0.03196744,0.21677385,0,0,1,0,0,0.0283936,0.00704236,0.04588582,0.0123647,0.02033264,0,0.0520774,0.01678326,0,0.0123459,0.00186846,0,0,0.19709414
30/11/2022,DraxEnergySolutionsLimited,DRAX-02,2,17:30,18:00,3000,Accepted,0,0,0,0,0,0,0,0,2,0,0,0,0,0,0,2,0,0,0,0,0,0,0,0,2,0,0,0,0,0,0,2
30/11/2022,DraxEnergySolutionsLimited,DRAX-02,2,18:00,18:30,3000,Accepted,0,0,0,0,0,0,0,0,2,0,0,0,0,0,0,2,0,0,0,0,0,0,0,0,2,0,0,0,0,0,0,2
30/11/2022,DraxEnergySolutionsLimited,DRAX-03,12.23,17:30,18:00,3000,Accepted,0,0,0,0,0.42,3.71,7.24,0,0,0,0,0,0.84,0.02,0,12.23,0,0,0,0,0.42,3.71,7.24,0,0,0,0,0,0.84,0.02,0,12.23
30/11/2022,DraxEnergySolutionsLimited,DRAX-03,12.23,18:00,18:30,3000,Accepted,0,0,0,0,0.42,3.71,7.24,0,0,0,0,0,0.84,0.02,0,12.23,0,0,0,0,0.42,3.71,7.24,0,0,0,0,0,0.84,0.02,0,12.23
30/11/2022,DraxEnergySolutionsLimited,DRAX-05,12.85,17:30,18:00,3000,Accepted,0,0,0,9.23,0,0,0,0,0,0,0,0,3.62,0,0,12.85,0,0,0,9.23,0,0,0,0,0,0,0,0,3.62,0,0,12.85
30/11/2022,DraxEnergySolutionsLimited,DRAX-05,12.85,18:00,18:30,3000,Accepted,0,0,0,9.23,0,0,0,0,0,0,0,0,3.62,0,0,12.85,0,0,0,9.23,0,0,0,0,0,0,0,0,3.62,0,0,12.85
30/11/2022,DraxEnergySolutionsLimited,DRAX-06,2.33,17:30,18:00,3000,Accepted,0,0,0,0,0,0,0,0,0,0,0,2.33,0,0,0,2.33,0,0,0,0,0,0,0,0,0,0,0,2.33,0,0,0,2.33
30/11/2022,DraxEnergySolutionsLimited,DRAX-06,2.33,18:00,18:30,3000,Accepted,0,0,0,0,0,0,0,0,0,0,0,2.33,0,0,0,2.33,0,0,0,0,0,0,0,0,0,0,0,2.33,0,0,0,2.33
30/11/2022,EngiePowerLimited,ENGIE-01,8,17:30,18:00,3000,Accepted,0.011,0.292,0.05,0.192,0.366,1.894,1.078,0,1.295,0.085,0.261,1.169,1.042,0.267,0,8,0,0.371,0.003,0.315,0.155,2.821,1.003,0,1.189,0.23,0.254,0.535,1.026,0.098,0,8
30/11/2022,EngiePowerLimited,ENGIE-01,8,18:00,18:30,3000,Accepted,0.011,0.292,0.05,0.192,0.366,1.894,1.078,0,1.295,0.085,0.261,1.169,1.042,0.267,0,8,0,0.371,0.003,0.315,0.155,2.821,1.003,0,1.189,0.23,0.254,0.535,1.026,0.098,0,8
30/11/2022,EngiePowerLimited,ENGIE-02,2,17:30,18:00,3000,Accepted,0,0,0,0,0,0,0,0,0,0,0,2,0,0,0,2,0,0,0,0,0,0,0,0,0,0,0,2,0,0,0,2
30/11/2022,EngiePowerLimited,ENGIE-02,2,18:00,18:30,3000,Accepted,0,0,0,0,0,0,0,0,0,0,0,2,0,0,0,2,0,0,0,0,0,0,0,0,0,0,0,2,0,0,0,2
30/11/2022,EONNextEnergyLimited,EONNXT-01,16,17:30,18:00,3000,Accepted,0,0,1,2,1,2,2,1,3,1,1,1,1,0,0,16,0,0,1,2,1,2,2,1,3,1,1,1,1,0,0,16
30/11/2022,EONNextEnergyLimited,EONNXT-01,16,18:00,18:30,3000,Accepted,0,0,1,2,1,2,2,1,3,1,1,1,1,0,0,16,0,0,1,2,1,2,2,1,3,1,1,1,1,0,0,16
30/11/2022,EvDOTEnergyLtd,EVDOT-01,1,17:30,18:00,3000,Accepted,0,0,0,0,0,0,0,0,0,0,0,0,0,0,1,1,0,0,0,0,0,0,0,0,0,0,0,0,0,0,1,1
30/11/2022,EvDOTEnergyLtd,EVDOT-01,1,18:00,18:30,3000,Accepted,0,0,0,0,0,0,0,0,0,0,0,0,0,0,1,1,0,0,0,0,0,0,0,0,0,0,0,0,0,0,1,1
30/11/2022,FlexitricityLimited,FLEXIT-01,4,17:30,18:00,3000,Accepted,0,0,0,1,2.6,0,0.4,0,0,0,0,0,0,0,0,4,0,0,0,1,2.6,0,0.4,0,0,0,0,0,0,0,0,4
30/11/2022,FlexitricityLimited,FLEXIT-01,4,18:00,18:30,3000,Accepted,0,0,0,1,2.6,0,0.4,0,0,0,0,0,0,0,0,4,0,0,0,1,2.6,0,0.4,0,0,0,0,0,0,0,0,4
30/11/2022,GridbeyondLimited,GB_DFS1,8.228,17:30,18:00,3000,Accepted,0.35,0,0.19,0,0,0,0.285,0,0,0.14,0,0.44,1.423,5.4,0,8.228,0.35,0,0.19,0,0,0,0.285,0,0,0.14,0,0.44,1.423,5.4,0,8.228
30/11/2022,GridbeyondLimited,GB_DFS1,8.228,18:00,18:30,3000,Accepted,0.35,0,0.19,0,0,0,0.285,0,0,0.14,0,0.44,1.423,5.4,0,8.228,0.35,0,0.19,0,0,0,0.285,0,0,0.14,0,0.44,1.423,5.4,0,8.228
30/11/2022,OaktreePowerLimited,OAKTRE07,15,17:30,18:00,3000,Accepted,0,0,0,0,0,0,0,0,0,0,0,15,0,0,0,15,0,0,0,0,0,0,0,0,0,0,0,15,0,0,,15
30/11/2022,OaktreePowerLimited,OAKTRE07,15,18:00,18:30,3000,Accepted,0,0,0,0,0,0,0,0,0,0,0,15,0,0,0,15,0,0,0,0,0,0,0,0,0,0,0,15,0,0,,15
30/11/2022,OctopusEnergyLimited,OCTOP-02,63.59,17:30,18:00,3000,Accepted,0.894,3.204,3.895,5.053,5.114,6.927,6.287,1.943,7.962,5.435,4.131,7.616,3.069,2.06,0,63.59,0.551,1.847,2.153,2.579,2.685,3.691,3.257,0.995,4.151,2.765,2.279,4.063,1.505,1.093,0,33.614
30/11/2022,OctopusEnergyLimited,OCTOP-02,64.254,18:00,18:30,3000,Accepted,0.877,3.195,3.889,5.05,5.075,6.92,6.338,2.078,8.103,5.584,4.167,7.806,3.081,2.091,0,64.254,0.529,1.802,2.096,2.486,2.594,3.574,3.19,1.015,4.1,2.751,2.23,4.022,1.468,1.092,0,32.949
30/11/2022,OrangePowerLTD,ORANGP-01,2.343,17:30,18:00,3000,Accepted,0.054,0.133,0.115,0.082,0.129,0.253,0.227,0.023,0.311,0.227,0.208,0.349,0.117,0.115,0,2.343,0,0,0,0,0,0,0,0,0,0,0,0,0,0,0,0
30/11/2022,OrangePowerLTD,ORANGP-01,2.343,18:00,18:30,3000,Accepted,0.054,0.133,0.115,0.082,0.129,0.253,0.227,0.023,0.311,0.227,0.208,0.349,0.117,0.115,0,2.343,0,0,0,0,0,0,0,0,0,0,0,0,0,0,0,0
30/11/2022,PerseTechnologyLimited,PERSE-01,3.7045,17:30,18:00,3000,Accepted,0.00995,0.06391,0.08383,0.46395,0.26246,0.62768,0.33455,0.55511,0.32564,0.26186,0.18345,0.38238,0.13722,0.01251,0,3.7045,0.00995,0.06391,0.08383,0.46395,0.26246,0.62768,0.33455,0.55511,0.32564,0.26186,0.18345,0.38238,0.13722,0.01251,0,3.7045
30/11/2022,PerseTechnologyLimited,PERSE-01,3.47557,18:00,18:30,3000,Accepted,0.00991,0.05254,0.08138,0.46331,0.22085,0.57409,0.30972,0.54084,0.2964,0.26422,0.16638,0.35931,0.12464,0.01198,0,3.47557,0.00991,0.05254,0.08138,0.46331,0.22085,0.57409,0.30972,0.54084,0.2964,0.26422,0.16638,0.35931,0.12464,0.01198,0,3.47557
30/11/2022,VpowerU8lectricLTD,VPOWER-01,2.3924,17:30,18:00,3000,Accepted,1.8749,0.001,0,0.015,0.0045,0.09,0.3305,0.001,0.004,0.001,0,0.005,0.0625,0,0.003,2.3924,1.228,0.001,0,0.003,0.0045,0,0.182,0,0.002,0,0,0.005,0,0,0.002,1.4275
30/11/2022,VpowerU8lectricLTD,VPOWER-01,2.3924,18:00,18:30,3000,Accepted,1.8749,0.001,0,0.015,0.0045,0.09,0.3305,0.001,0.004,0.001,0,0.005,0.0625,0,0.003,2.3924,1.228,0.001,0,0.003,0.0045,0,0.182,0,0.002,0,0,0.005,0,0,0.002,1.4275
30/11/2022,ZenobeEnergyLimited,ZENOB-01,1,17:30,18:00,3000,Accepted,0,0,0,0,0,0,0,1,0,0,0,0,0,0,0,1,0,0,0,0,0,0,0,1,0,0,0,0,0,0,0,1
30/11/2022,ZenobeEnergyLimited,ZENOB-01,1,18:00,18:30,3000,Accepted,0,0,0,0,0,0,0,1,0,0,0,0,0,0,0,1,0,0,0,0,0,0,0,1,0,0,0,0,0,0,0,1
30/11/2022,CUBUKLtd,CUB-02,1,17:30,18:00,3250,Rejected,0,0.0219527,0.04267686,0.01018038,0.36045703,0.0451097,0.03923524,0.04251184,0.1309737,0.03056094,0.02257814,0.03722816,0.21653531,0,0,1,,,,,,,,,,,,,,,,
30/11/2022,CUBUKLtd,CUB-02,1,18:00,18:30,3250,Rejected,0,0.021731,0.03423396,0.00917864,0.41124618,0.04183944,0.02931694,0.04228102,0.11861332,0.01960516,0.02321304,0.03196744,0.21677385,0,0,1,,,,,,,,,,,,,,,,
30/11/2022,CUBUKLtd,CUB-03,1,17:30,18:00,3500,Rejected,0,0.0219527,0.04267686,0.01018038,0.36045703,0.0451097,0.03923524,0.04251184,0.1309737,0.03056094,0.02257814,0.03722816,0.21653531,0,0,1,,,,,,,,,,,,,,,,
30/11/2022,CUBUKLtd,CUB-03,1,18:00,18:30,3500,Rejected,0,0.021731,0.03423396,0.00917864,0.41124618,0.04183944,0.02931694,0.04228102,0.11861332,0.01960516,0.02321304,0.03196744,0.21677385,0,0,1,,,,,,,,,,,,,,,,
30/11/2022,DraxEnergySolutionsLimited,DRAX-04,0,17:30,18:00,3000,Rejected,0,0,0,0,0,0,0,0,0,0,0,0,0,0,0,0,,,,,,,,,,,,,,,,
30/11/2022,DraxEnergySolutionsLimited,DRAX-04,0,18:00,18:30,3000,Rejected,0,0,0,0,0,0,0,0,0,0,0,0,0,0,0,0,,,,,,,,,,,,,,,,
30/11/2022,OctopusEnergyLimited,OCTOP-03,31.796,17:30,18:00,4000,Rejected,0.447,1.602,1.948,2.526,2.557,3.464,3.144,0.972,3.981,2.718,2.065,3.808,1.534,1.03,0,31.796,,,,,,,,,,,,,,,,
30/11/2022,OctopusEnergyLimited,OCTOP-03,32.128,18:00,18:30,4000,Rejected,0.438,1.598,1.944,2.525,2.538,3.46,3.169,1.039,4.052,2.792,2.084,3.903,1.541,1.045,0,32.128,,,,,,,,,,,,,,,,
30/11/2022,OctopusEnergyLimited,OCTOP-04,31.796,17:30,18:00,6000,Rejected,0.447,1.602,1.948,2.526,2.557,3.464,3.144,0.972,3.981,2.718,2.065,3.808,1.534,1.03,0,31.796,,,,,,,,,,,,,,,,
30/11/2022,OctopusEnergyLimited,OCTOP-04,32.128,18:00,18:30,6000,Rejected,0.438,1.598,1.944,2.525,2.538,3.46,3.169,1.039,4.052,2.792,2.084,3.903,1.541,1.045,0,32.128,,,,,,,,,,,,,,,,
30/11/2022,OrangePowerLTD,ORANGP-02,2.343,17:30,18:00,4000,Rejected,0.054,0.133,0.115,0.082,0.129,0.253,0.227,0.023,0.311,0.227,0.208,0.349,0.117,0.115,0,2.343,,,,,,,,,,,,,,,,
30/11/2022,OrangePowerLTD,ORANGP-02,2.343,18:00,18:30,4000,Rejected,0.054,0.133,0.115,0.082,0.129,0.253,0.227,0.023,0.311,0.227,0.208,0.349,0.117,0.115,0,2.343,,,,,,,,,,,,,,,,
22/11/2022,CUBUKLtd,CUB-01,0.44914177,17:30,18:00,3000,Accepted,0,0.02090158,0.01924652,0.00660112,0.12836896,0.03299052,0.02990236,0.07751612,0.06150192,0,0.05300536,0.01683368,0.00227364,0,0,0.44914177,0,0,0.01356368,0.00820694,0.03531292,0.00796324,0.0167803,0.04022652,0.02902082,0.02246398,0.00003668,0.01312272,0.00108776,0,0,0.18778556
22/11/2022,CUBUKLtd,CUB-01,0.41806713,18:00,18:30,3000,Accepted,0,0.01954126,0.01908252,0.0059081,0.11927812,0.03106584,0.02677156,0.07605436,0.0546779,0,0.04747112,0.0163435,0.00187284,0,0,0.41806713,0,0,0.01350576,0.00660112,0.03044358,0.00660182,0.0144618,0.03961872,0.02508868,0.01587698,0.00003666,0.01033322,0.00109964,0,0,0.16366798
22/11/2022,DraxEnergySolutionsLimited,DRAX-02,3,17:30,18:00,3000,Accepted,0,0,0,0,0,0,0,0,3,0,0,0,0,0,0,3,0,0,0,0,0,0,0,0,3,0,0,0,0,0,0,3
22/11/2022,DraxEnergySolutionsLimited,DRAX-02,3,18:00,18:30,3000,Accepted,0,0,0,0,0,0,0,0,3,0,0,0,0,0,0,3,0,0,0,0,0,0,0,0,3,0,0,0,0,0,0,3
22/11/2022,DraxEnergySolutionsLimited,DRAX-03,12.54,17:30,18:00,3000,Accepted,0,0,0,0,0.47,3.81,7.4,0,0,0,0,0,0.84,0.02,0,12.54,0,0,0,0,0.47,3.81,7.4,0,0,0,0,0,0.84,0.02,0,12.54
22/11/2022,DraxEnergySolutionsLimited,DRAX-03,12.54,18:00,18:30,3000,Accepted,0,0,0,0,0.47,3.81,7.4,0,0,0,0,0,0.84,0.02,0,12.54,0,0,0,0,0.47,3.81,7.4,0,0,0,0,0,0.84,0.02,0,12.54
22/11/2022,DraxEnergySolutionsLimited,DRAX-05,13.19,17:30,18:00,3000,Accepted,0,0,0,9.57,0,0,0,0,0,0,0,0,3.62,0,0,13.19,0,0,0,9.57,0,0,0,0,0,0,0,0,3.62,0,0,13.19
22/11/2022,DraxEnergySolutionsLimited,DRAX-05,13.19,18:00,18:30,3000,Accepted,0,0,0,9.57,0,0,0,0,0,0,0,0,3.62,0,0,13.19,0,0,0,9.57,0,0,0,0,0,0,0,0,3.62,0,0,13.19
22/11/2022,DraxEnergySolutionsLimited,DRAX-06,1,17:30,18:00,3000,Accepted,0,0,0,0,0,0,0,0,0,0,0,1,0,0,0,1,0,0,0,0,0,0,0,0,0,0,0,1,0,0,0,1
22/11/2022,DraxEnergySolutionsLimited,DRAX-06,1,18:00,18:30,3000,Accepted,0,0,0,0,0,0,0,0,0,0,0,1,0,0,0,1,0,0,0,0,0,0,0,0,0,0,0,1,0,0,0,1
22/11/2022,EngiePowerLimited,ENGIE-01,5,17:30,18:00,3000,Accepted,0.007,0.182,0.032,0.12,0.229,1.184,0.673,0,0.809,0.053,0.163,0.73,0.651,0.167,0,5,0.007,0.182,0.032,0.12,0.229,1.184,0.673,0,0.809,0.053,0.163,0.73,0.651,0.167,0,5
22/11/2022,EngiePowerLimited,ENGIE-01,5,18:00,18:30,3000,Accepted,0.007,0.182,0.032,0.12,0.229,1.184,0.673,0,0.809,0.053,0.163,0.73,0.651,0.167,0,5,0.007,0.182,0.032,0.12,0.229,1.184,0.673,0,0.809,0.053,0.163,0.73,0.651,0.167,0,5
22/11/2022,EngiePowerLimited,ENGIE-02,2,17:30,18:00,3000,Accepted,0,0,0,0,0,0,0,0,0,0,0,2,0,0,0,2,0,0,0,0,0,0,0,0,0,0,0,2,0,0,0,2
22/11/2022,EngiePowerLimited,ENGIE-02,2,18:00,18:30,3000,Accepted,0,0,0,0,0,0,0,0,0,0,0,2,0,0,0,2,0,0,0,0,0,0,0,0,0,0,0,2,0,0,0,2
22/11/2022,EONNextEnergyLimited,EONNXT-01,6.29,17:30,18:00,3000,Accepted,0.07,0.24,0.36,0.62,0.57,0.87,0.67,0.3,1.17,0.34,0.25,0.44,0.25,0.14,0,6.29,0.09,0.29,0.45,0.79,0.72,1.09,0.84,0.38,1.48,0.43,0.31,0.55,0.31,0.18,0,7.91
22/11/2022,EONNextEnergyLimited,EONNXT-01,6.16,18:00,18:30,3000,Accepted,0.07,0.23,0.35,0.6,0.56,0.85,0.65,0.3,1.16,0.34,0.24,0.43,0.24,0.14,0,6.16,0.09,0.29,0.44,0.76,0.7,1.08,0.83,0.38,1.47,0.43,0.31,0.55,0.3,0.18,0,7.81
22/11/2022,EvDOTEnergyLtd,EVDOT-01,1,17:30,18:00,3000,Accepted,0,0,0,0,0,0,0,0,0,0,0,0,0,0,1,1,0,0,0,0,0,0,0,0,0,0,0,0,0,0,1,1
22/11/2022,EvDOTEnergyLtd,EVDOT-01,1,18:00,18:30,3000,Accepted,0,0,0,0,0,0,0,0,0,0,0,0,0,0,1,1,0,0,0,0,0,0,0,0,0,0,0,0,0,0,1,1
22/11/2022,FlexitricityLimited,FLEXIT-01,4,17:30,18:00,3000,Accepted,0,0,0,1,2.6,0,0.4,0,0,0,0,0,0,0,0,4,0,0,0,1,2.6,0,0.4,0,0,0,0,0,0,0,0,4
22/11/2022,FlexitricityLimited,FLEXIT-01,4,18:00,18:30,3000,Accepted,0,0,0,1,2.6,0,0.4,0,0,0,0,0,0,0,0,4,0,0,0,1,2.6,0,0.4,0,0,0,0,0,0,0,0,4
22/11/2022,GridbeyondLimited,GB_DFS1,7,17:30,18:00,3000,Accepted,0,0,0,0,0,0,0.2,0,0,0,0,0,1.4,5.4,0,7,0,0,0,0,0,0,0.2,0,0,0,0,0,1.4,5.4,0,7
22/11/2022,GridbeyondLimited,GB_DFS1,7,18:00,18:30,3000,Accepted,0,0,0,0,0,0,0.2,0,0,0,0,0,1.4,5.4,0,7,0,0,0,0,0,0,0.2,0,0,0,0,0,1.4,5.4,0,7
22/11/2022,OaktreePowerLimited,OAKTRE07,15,17:30,18:00,3000,Accepted,0,0,0,0,0,0,0,0,0,0,0,15,0,0,0,15,0,0,0,0,0,0,0,0,0,0,0,15,0,0,0,15
22/11/2022,OaktreePowerLimited,OAKTRE07,15,18:00,18:30,3000,Accepted,0,0,0,0,0,0,0,0,0,0,0,15,0,0,0,15,0,0,0,0,0,0,0,0,0,0,0,15,0,0,0,15
22/11/2022,OctopusEnergyLimited,OCTOP-02,59.678,17:30,18:00,3000,Accepted,0.831,3.02,3.64,4.762,4.813,6.497,5.927,1.805,7.476,5.062,3.869,7.14,2.894,1.942,0,59.678,0.503,1.742,2.154,2.739,2.837,3.757,3.455,0.951,4.265,2.877,2.264,4.144,1.659,1.096,0,34.443
22/11/2022,OctopusEnergyLimited,OCTOP-02,60.234,18:00,18:30,3000,Accepted,0.81,2.996,3.618,4.759,4.765,6.489,5.969,1.934,7.598,5.208,3.897,7.316,2.907,1.968,0,60.234,0.492,1.729,2.139,2.734,2.801,3.742,3.474,1.012,4.325,2.955,2.274,4.223,1.665,1.111,0,34.676
22/11/2022,OrangePowerLTD,ORANGP-01,2.343,17:30,18:00,3000,Accepted,0.054,0.133,0.115,0.082,0.129,0.253,0.227,0.023,0.311,0.227,0.208,0.349,0.117,0.115,0,2.343,0,0,0,0,0,0,0,0,0,0,0,0,0,0,0,0
22/11/2022,OrangePowerLTD,ORANGP-01,2.343,18:00,18:30,3000,Accepted,0.054,0.133,0.115,0.082,0.129,0.253,0.227,0.023,0.311,0.227,0.208,0.349,0.117,0.115,0,2.343,0,0,0,0,0,0,0,0,0,0,0,0,0,0,0,0
22/11/2022,PerseTechnologyLimited,PERSE-01,3.68248,17:30,18:00,3000,Accepted,0.01001,0.07698,0.08049,0.44712,0.31093,0.60498,0.33531,0.57004,0.28572,0.25495,0.17403,0.37959,0.14085,0.01148,0,3.68248,0.01001,0.07698,0.08049,0.44712,0.31093,0.60498,0.33531,0.57004,0.28572,0.25495,0.17403,0.37959,0.14085,0.01148,0,3.68248
22/11/2022,PerseTechnologyLimited,PERSE-01,3.43932,18:00,18:30,3000,Accepted,0.00925,0.076,0.0751,0.44685,0.26739,0.54538,0.30936,0.53549,0.26655,0.25803,0.15223,0.36766,0.11868,0.01135,0,3.43932,0.00925,0.076,0.0751,0.44685,0.26739,0.54538,0.30936,0.53549,0.26655,0.25803,0.15223,0.36766,0.11868,0.01135,0,3.43932
22/11/2022,VpowerU8lectricLTD,VPOWER-01,2.472,17:30,18:00,3000,Accepted,1.755,0.091,0,0.0135,0,0.09,0.3305,0.001,0.004,0.001,0,0.004,0.18,0,0.002,2.472,1.665,0.001,0,0,0,0.09,0.3305,0.001,0.004,0.001,0,0.004,0.045,0,0.003,2.1445
22/11/2022,VpowerU8lectricLTD,VPOWER-01,2.472,18:00,18:30,3000,Accepted,1.755,0.091,0,0.0135,0,0.09,0.3305,0.001,0.004,0.001,0,0.004,0.18,0,0.002,2.472,1.665,0.001,0,0,0,0.09,0.3305,0.001,0.004,0.001,0,0.004,0.045,0,0.003,2.1445
22/11/2022,ZenobeEnergyLimited,ZENOB-01,1,17:30,18:00,3000,Accepted,0,0,0,0,0,0,0,1,0,0,0,0,0,0,0,1,0,0,0,0,0,0,0,1,0,0,0,0,0,0,0,1
22/11/2022,ZenobeEnergyLimited,ZENOB-01,1,18:00,18:30,3000,Accepted,0,0,0,0,0,0,0,1,0,0,0,0,0,0,0,1,0,0,0,0,0,0,0,1,0,0,0,0,0,0,0,1
22/11/2022,CUBUKLtd,CUB-02,0.44914177,17:30,18:00,4000,Rejected,0,0.02090158,0.01924652,0.00660112,0.12836896,0.03299052,0.02990236,0.07751612,0.06150192,0,0.05300536,0.01683368,0.00227364,0,0,0.44914177,,,,,,,,,,,,,,,,
22/11/2022,CUBUKLtd,CUB-02,0.41806713,18:00,18:30,4000,Rejected,0,0.01954126,0.01908252,0.0059081,0.11927812,0.03106584,0.02677156,0.07605436,0.0546779,0,0.04747112,0.0163435,0.00187284,0,0,0.41806713,,,,,,,,,,,,,,,,
22/11/2022,CUBUKLtd,CUB-03,0.44914177,17:30,18:00,5000,Rejected,0,0.02090158,0.01924652,0.00660112,0.12836896,0.03299052,0.02990236,0.07751612,0.06150192,0,0.05300536,0.01683368,0.00227364,0,0,0.44914177,,,,,,,,,,,,,,,,
22/11/2022,CUBUKLtd,CUB-03,0.41806713,18:00,18:30,5000,Rejected,0,0.01954126,0.01908252,0.0059081,0.11927812,0.03106584,0.02677156,0.07605436,0.0546779,0,0.04747112,0.0163435,0.00187284,0,0,0.41806713,,,,,,,,,,,,,,,,
22/11/2022,DraxEnergySolutionsLimited,DRAX-04,0,17:30,18:00,3000,Rejected,0,0,0,0,0,0,0,0,0,0,0,0,0,0,0,0,,,,,,,,,,,,,,,,
22/11/2022,DraxEnergySolutionsLimited,DRAX-04,0,18:00,18:30,3000,Rejected,0,0,0,0,0,0,0,0,0,0,0,0,0,0,0,0,,,,,,,,,,,,,,,,
22/11/2022,OctopusEnergyLimited,OCTOP-03,29.839,17:30,18:00,4000,Rejected,0.415,1.51,1.82,2.381,2.406,3.249,2.964,0.902,3.738,2.531,1.935,3.57,1.447,0.971,0,29.839,,,,,,,,,,,,,,,,
22/11/2022,OctopusEnergyLimited,OCTOP-03,30.117,18:00,18:30,4000,Rejected,0.405,1.498,1.809,2.38,2.383,3.244,2.984,0.967,3.799,2.604,1.949,3.658,1.453,0.984,0,30.117,,,,,,,,,,,,,,,,
22/11/2022,OctopusEnergyLimited,OCTOP-04,29.839,17:30,18:00,6000,Rejected,0.415,1.51,1.82,2.381,2.406,3.249,2.964,0.902,3.738,2.531,1.935,3.57,1.447,0.971,0,29.839,,,,,,,,,,,,,,,,
22/11/2022,OctopusEnergyLimited,OCTOP-04,30.117,18:00,18:30,6000,Rejected,0.405,1.498,1.809,2.38,2.383,3.244,2.984,0.967,3.799,2.604,1.949,3.658,1.453,0.984,0,30.117,,,,,,,,,,,,,,,,
22/11/2022,OrangePowerLTD,ORANGP-02,2.343,17:30,18:00,4000,Rejected,0.054,0.133,0.115,0.082,0.129,0.253,0.227,0.023,0.311,0.227,0.208,0.349,0.117,0.115,0,2.343,,,,,,,,,,,,,,,,
22/11/2022,OrangePowerLTD,ORANGP-02,2.343,18:00,18:30,4000,Rejected,0.054,0.133,0.115,0.082,0.129,0.253,0.227,0.023,0.311,0.227,0.208,0.349,0.117,0.115,0,2.343,,,,,,,,,,,,,,,,
15/11/2022,DraxEnergySolutionsLimited,DRAX-02,2,17:00,17:30,3000,Accepted,0,0,0,0,0,0,0,0,2,0,0,0,0,0,0,2,0,0,0,0,0,0,0,0,2,0,0,0,0,0,0,2
15/11/2022,DraxEnergySolutionsLimited,DRAX-02,2,17:30,18:00,3000,Accepted,0,0,0,0,0,0,0,0,2,0,0,0,0,0,0,2,0,0,0,0,0,0,0,0,2,0,0,0,0,0,0,2
15/11/2022,DraxEnergySolutionsLimited,DRAX-03,12.72,17:00,17:30,3000,Accepted,0,0,0,0,0.4,4.02,7.43,0,0,0,0,0,0.85,0.02,0,12.72,0,0,0,0,0.4,4.02,7.43,0,0,0,0,0,0.85,0.02,0,12.72
15/11/2022,DraxEnergySolutionsLimited,DRAX-03,12.72,17:30,18:00,3000,Accepted,0,0,0,0,0.4,4.02,7.43,0,0,0,0,0,0.85,0.02,0,12.72,0,0,0,0,0.4,4.02,7.43,0,0,0,0,0,0.85,0.02,0,12.72
15/11/2022,DraxEnergySolutionsLimited,DRAX-06,2.39,17:00,17:30,3000,Accepted,0,0,0,0,0,0,0,0,0,0,0,2.39,0,0,0,2.39,0,0,0,0,0,0,0,0,0,0,0,2.39,0,0,0,2.39
15/11/2022,DraxEnergySolutionsLimited,DRAX-06,2.39,17:30,18:00,3000,Accepted,0,0,0,0,0,0,0,0,0,0,0,2.39,0,0,0,2.39,0,0,0,0,0,0,0,0,0,0,0,2.39,0,0,0,2.39
15/11/2022,EONNextEnergyLimited,EONNXT-01,1.8416084,17:00,17:30,3000,Accepted,0.022590797,0.07100267,0.10601729,0.18686247,0.17041405,0.25484496,0.19482045,0.08765074,0.34045932,0.096768714,0.07034793,0.12601933,0.0709637,0.042845946,0,1.8416084,0.058358054,0.183418081,0.282962773,0.499475635,0.455143445,0.674040903,0.518184656,0.231528324,0.90055048,0.25721247,0.18682169,0.335044347,0.188670133,0.113987639,0,4.88539863
15/11/2022,EONNextEnergyLimited,EONNXT-01,1.8665696,17:30,18:00,3000,Accepted,0.022628956,0.07065407,0.1069677,0.1877056,0.17099373,0.25799555,0.19752286,0.089080654,0.34806454,0.0991619,0.07184289,0.12841487,0.072093025,0.04344333,0,1.8665696,0.058314855,0.182179489,0.284613029,0.500068076,0.455434711,0.681038135,0.525002494,0.23495535,0.919023958,0.262905618,0.190295045,0.340545153,0.1915813,0.115478654,0,4.941435867
15/11/2022,FlexitricityLimited,FLEXIT-01,2.65,17:00,17:30,3000,Accepted,0,0,0,1,1.25,0,0.4,0,0,0,0,0,0,0,0,2.65,0,0,0,1,1.25,0,0.4,0,0,0,0,0,0,0,0,2.65
15/11/2022,FlexitricityLimited,FLEXIT-01,2.65,17:30,18:00,3000,Accepted,0,0,0,1,1.25,0,0.4,0,0,0,0,0,0,0,0,2.65,0,0,0,1,1.25,0,0.4,0,0,0,0,0,0,0,0,2.65
15/11/2022,OctopusEnergyLimited,OCTOP-02,52.71,17:00,17:30,3000,Accepted,0.75,2.73,3.25,4.28,4.31,5.73,5.23,1.56,6.58,4.41,3.39,6.26,2.54,1.69,0,52.71,0.361,1.321,1.472,1.775,1.884,2.483,2.209,0.661,2.754,1.782,1.43,2.555,1.017,0.74,0,22.444
15/11/2022,OctopusEnergyLimited,OCTOP-02,55.86,17:30,18:00,3000,Accepted,0.77,2.86,3.39,4.5,4.48,6.05,5.56,1.68,6.96,4.74,3.64,6.73,2.7,1.8,0,55.86,0.374,1.387,1.537,1.875,1.964,2.63,2.352,0.713,2.924,1.913,1.547,2.762,1.085,0.792,0,23.855
15/11/2022,DraxEnergySolutionsLimited,DRAX-04,0,17:00,17:30,3000,Rejected,0,0,0,0,0,0,0,0,0,0,0,0,0,0,0,0,,,,,,,,,,,,,,,,
15/11/2022,DraxEnergySolutionsLimited,DRAX-04,0,17:30,18:00,3000,Rejected,0,0,0,0,0,0,0,0,0,0,0,0,0,0,0,0,,,,,,,,,,,,,,,,
15/11/2022,DraxEnergySolutionsLimited,DRAX-05,0,17:00,17:30,3000,Rejected,0,0,0,0,0,0,0,0,0,0,0,0,0,0,0,0,,,,,,,,,,,,,,,,
15/11/2022,DraxEnergySolutionsLimited,DRAX-05,0,17:30,18:00,3000,Rejected,0,0,0,0,0,0,0,0,0,0,0,0,0,0,0,0,,,,,,,,,,,,,,,,
15/11/2022,OctopusEnergyLimited,OCTOP-03,26.36,17:00,17:30,4000,Rejected,0.37,1.37,1.63,2.14,2.16,2.86,2.62,0.78,3.29,2.21,1.69,3.13,1.27,0.84,0,26.36,,,,,,,,,,,,,,,,
15/11/2022,OctopusEnergyLimited,OCTOP-03,27.93,17:30,18:00,4000,Rejected,0.39,1.43,1.69,2.25,2.24,3.02,2.78,0.84,3.48,2.37,1.82,3.37,1.35,0.9,0,27.93,,,,,,,,,,,,,,,,
15/11/2022,OctopusEnergyLimited,OCTOP-04,26.36,17:00,17:30,6000,Rejected,0.37,1.37,1.63,2.14,2.16,2.86,2.62,0.78,3.29,2.21,1.69,3.13,1.27,0.84,0,26.36,,,,,,,,,,,,,,,,
15/11/2022,OctopusEnergyLimited,OCTOP-04,27.93,17:30,18:00,6000,Rejected,0.39,1.43,1.69,2.25,2.24,3.02,2.78,0.84,3.48,2.37,1.82,3.37,1.35,0.9,0,27.93,,,,,,,,,,,,,,,,
