Delivery Date,Registered DFS Participant,DFS Unit ID,DFS Volume MW,From,To,Service Requirement Type,Despatch Time,Utilisation Price GBP per MWh,Status,North Scotland,South and Central Scotland,North East England,North West England,Yorkshire,East Midlands,West Midlands,London,East England,South East England,South West England,Southern England,"North Wales, Merseyside and Cheshire",South Wales,Other,Total
21/03/2024,AXLE ENERGY LIMITED,Axle-01,10,17:30,18:00,Test,within-day 2,698,Accepted,0,0,0,0,0,0,0,0,0,0,0,0,0,0,10,10
21/03/2024,CONRAD ENERGY (TRADING) LIMITED,CONRAD-02,3,17:30,18:00,Test,within-day 2,497,Accepted,0,0,0,0,0,0,0,0,0,0,3,0,0,0,0,3
21/03/2024,CONRAD ENERGY (TRADING) LIMITED,CONRAD-02,3,18:30,19:00,Test,within-day 2,497,Accepted,0,0,0,0,0,0,0,0,0,0,3,0,0,0,0,3
21/03/2024,CUB (UK) LTD,CUB-01,2,18:30,19:00,Test,within-day 2,748,Accepted,0,0.12,0.057,0.03,0.375,0.5,0.192,0.1125,0.39675,0,0.012,0.0675,0.13725,0,0,2
21/03/2024,DRAX ENERGY SOLUTIONS LIMITED,DRAX-02,4,17:30,18:00,Test,within-day 2,725,Accepted,0,0,0,0,0,0,0,0.8,0.8,0.8,0,1.6,0,0,0,4
21/03/2024,DRAX ENERGY SOLUTIONS LIMITED,DRAX-02,4,18:30,19:00,Test,within-day 2,725,Accepted,0,0,0,0,0,0,0,0.8,0.8,0.8,0,1.6,0,0,0,4
21/03/2024,DRAX ENERGY SOLUTIONS LIMITED,DRAX-03,3,17:30,18:00,Test,within-day 2,700,Accepted,0,0,0,0,1,1,1,0,0,0,0,0,0,0,0,3
21/03/2024,DRAX ENERGY SOLUTIONS LIMITED,DRAX-04,1,17:30,18:00,Test,within-day 2,725,Accepted,0,0,0,0,0,0,0,0,1,0,0,0,0,0,0,1
21/03/2024,DRAX ENERGY SOLUTIONS LIMITED,DRAX-04,1,18:30,19:00,Test,within-day 2,725,Accepted,0,0,0,0,0,0,0,0,1,0,0,0,0,0,0,1
21/03/2024,DRAX ENERGY SOLUTIONS LIMITED,DRAX-05,6,17:30,18:00,Test,within-day 2,675,Accepted,0,0,0,3,0,0,0,0,0,0,0,0,3,0,0,6
21/03/2024,DRAX ENERGY SOLUTIONS LIMITED,DRAX-05,6,18:30,19:00,Test,within-day 2,675,Accepted,0,0,0,3,0,0,0,0,0,0,0,0,3,0,0,6
21/03/2024,DRAX ENERGY SOLUTIONS LIMITED,DRAX-06,1,17:30,18:00,Test,within-day 2,425,Accepted,0,0,0,0,0,0,0,0,0,0,0,1,0,0,0,1
21/03/2024,DRAX ENERGY SOLUTIONS LIMITED,DRAX-06,1,18:30,19:00,Test,within-day 2,425,Accepted,0,0,0,0,0,0,0,0,0,0,0,1,0,0,0,1
21/03/2024,EDF ENERGY CUSTOMERS LIMITED,EDF-01,18,18:30,19:00,Test,within-day 2,750,Accepted,0.3,1.2,1.2,1.2,1.2,1.2,1.2,0.9,1.2,1.8,2.1,3,0.9,0.6,0,18
21/03/2024,EDF ENERGY CUSTOMERS LIMITED,EDF-02,10,17:30,18:00,Test,within-day 2,735,Accepted,0.2,0.6,0.6,0.6,0.7,0.7,0.7,0.5,0.7,1,1.2,1.7,0.5,0.3,0,10
21/03/2024,ENGIE POWER LIMITED,ENGIE-01,3,17:30,18:00,Test,within-day 2,700,Accepted,0,0,0,0,0,0,0,0,3,0,0,0,0,0,0,3
21/03/2024,ENGIE POWER LIMITED,ENGIE-01,3,18:30,19:00,Test,within-day 2,700,Accepted,0,0,0,0,0,0,0,0,3,0,0,0,0,0,0,3
21/03/2024,ENGIE POWER LIMITED,ENGIE-02,1,17:30,18:00,Test,within-day 2,700,Accepted,0,0,0,1,0,0,0,0,0,0,0,0,0,0,0,1
21/03/2024,ENGIE POWER LIMITED,ENGIE-02,1,18:30,19:00,Test,within-day 2,700,Accepted,0,0,0,1,0,0,0,0,0,0,0,0,0,0,0,1
21/03/2024,ENGIE POWER LIMITED,ENGIE-03,2,17:30,18:00,Test,within-day 2,700,Accepted,0,0,0,0,2,0,0,0,0,0,0,0,0,0,0,2
21/03/2024,ENGIE POWER LIMITED,ENGIE-03,2,18:30,19:00,Test,within-day 2,700,Accepted,0,0,0,0,2,0,0,0,0,0,0,0,0,0,0,2
21/03/2024,EQUIWATT LIMITED,EQUIWA-02,1,17:30,18:00,Test,within-day 2,695,Accepted,0,0,0,0,0,0,0,0,0,0,0,0,0,0,1,1
21/03/2024,EQUIWATT LIMITED,EQUIWA-03,1,18:30,19:00,Test,within-day 2,695,Accepted,0,0,0,0,0,0,0,0,0,0,0,0,0,0,1,1
21/03/2024,EQUIWATT LIMITED,EQUIWA-04,1,18:30,19:00,Test,within-day 2,695,Accepted,0,0,0,0,0,0,0,0,0,0,0,0,0,0,1,1
21/03/2024,EQUIWATT LIMITED,EQUIWA-05,1,18:30,19:00,Test,within-day 2,745,Accepted,0,0,0,0,0,0,0,0,0,0,0,0,0,0,1,1
21/03/2024,GRIDBEYOND LIMITED,GRIDBE-05,1,17:30,18:00,Test,within-day 2,500,Accepted,0,0,1,0,0,0,0,0,0,0,0,0,0,0,0,1
21/03/2024,GRIDBEYOND LIMITED,GRIDBE-05,1,18:30,19:00,Test,within-day 2,500,Accepted,0,0,1,0,0,0,0,0,0,0,0,0,0,0,0,1
21/03/2024,GRIDBEYOND LIMITED,GRIDBE-06,3,17:30,18:00,Test,within-day 2,500,Accepted,0,0,1,0,1,0,1,0,0,0,0,0,0,0,0,3
21/03/2024,GRIDBEYOND LIMITED,GRIDBE-06,3,18:30,19:00,Test,within-day 2,500,Accepted,0,0,1,0,1,0,1,0,0,0,0,0,0,0,0,3
21/03/2024,GRIDBEYOND LIMITED,GRIDBE-08,1,17:30,18:00,Test,within-day 2,500,Accepted,0.3,0,0,0,0,0,0,0.7,0,0,0,0,0,0,0,1
21/03/2024,GRIDBEYOND LIMITED,GRIDBE-08,1,18:30,19:00,Test,within-day 2,500,Accepted,0.3,0,0,0,0,0,0,0.7,0,0,0,0,0,0,0,1
21/03/2024,INFINIS LIMITED,INFINS-01,6,17:30,18:00,Test,within-day 2,695,Accepted,2.08,0.848,0,0.492,0.867,0,0.3,0,0.21,0,0.156,0.38,0,0.667,0,6
21/03/2024,INFINIS LIMITED,INFINS-01,6,18:30,19:00,Test,within-day 2,695,Accepted,2.08,0.848,0,0.492,0.867,0,0.3,0,0.21,0,0.156,0.38,0,0.667,0,6
21/03/2024,INFINIS LIMITED,INFINS-02,6,17:30,18:00,Test,within-day 2,700,Accepted,1.909,0.577,0,0.546,0.709,0,0,0.011,0.044,0.097,1.85,0.136,0,0.121,0,6
21/03/2024,INFINIS LIMITED,INFINS-02,6,18:30,19:00,Test,within-day 2,700,Accepted,1.909,0.577,0,0.546,0.709,0,0,0.011,0.044,0.097,1.85,0.136,0,0.121,0,6
21/03/2024,INFINIS LIMITED,INFINS-03,6,17:30,18:00,Test,within-day 2,725,Accepted,0.921,0.821,0,0.265,1.362,0,0,0,0.443,0.22,1.359,0.109,0.501,0,0,6
21/03/2024,INFINIS LIMITED,INFINS-03,6,18:30,19:00,Test,within-day 2,725,Accepted,0.921,0.821,0,0.265,1.362,0,0,0,0.443,0.22,1.359,0.109,0.501,0,0,6
21/03/2024,INFINIS LIMITED,INFINS-04,4,18:30,19:00,Test,within-day 2,745,Accepted,0.966,2.131,0,0.708,0,0.051,0.108,0,0,0,0.028,0,0,0.009,0,4
21/03/2024,LEVELISE LIMITED,LEV-01,1,17:30,18:00,Test,within-day 2,560,Accepted,0,0,0,0,0,0,0,0,0,0,0,0,0,0,1,1
21/03/2024,LEVELISE LIMITED,LEV-01,1,18:30,19:00,Test,within-day 2,560,Accepted,0,0,0,0,0,0,0,0,0,0,0,0,0,0,1,1
21/03/2024,PERSE TECHNOLOGY LIMITED,PERSE-01,2,17:30,18:00,Test,within-day 2,699,Accepted,0.02,0.29,0.19,0.12,0.24,0.27,0.12,0.05,0.11,0.15,0.05,0.15,0.09,0.16,0,2
21/03/2024,PERSE TECHNOLOGY LIMITED,PERSE-01,2,18:30,19:00,Test,within-day 2,699,Accepted,0.02,0.29,0.19,0.12,0.24,0.29,0.09,0.05,0.1,0.15,0.05,0.15,0.09,0.17,0,2
21/03/2024,PERSE TECHNOLOGY LIMITED,PERSE-02,2,18:30,19:00,Test,within-day 2,749,Accepted,0.02,0.29,0.19,0.12,0.24,0.29,0.09,0.05,0.1,0.15,0.05,0.15,0.09,0.17,0,2
21/03/2024,SOLO ENERGY LIMITED,SMS-01,1,18:30,19:00,Test,within-day 2,749,Accepted,0.01,0.05,0.04,0.04,0.06,0.12,0.12,0.03,0.12,0.1,0.06,0.12,0.05,0.04,0.04,1
21/03/2024,SOLO ENERGY LIMITED,SMS-03,1,17:30,18:00,Test,within-day 2,500,Accepted,0.01,0.05,0.04,0.05,0.06,0.12,0.12,0.03,0.11,0.09,0.06,0.12,0.05,0.04,0.05,1
21/03/2024,SOLO ENERGY LIMITED,SMS-03,1,18:30,19:00,Test,within-day 2,500,Accepted,0.01,0.05,0.04,0.04,0.06,0.12,0.12,0.03,0.12,0.1,0.06,0.12,0.05,0.04,0.04,1
21/03/2024,SOLO ENERGY LIMITED,SMS-04,1,17:30,18:00,Test,within-day 2,600,Accepted,0.01,0.05,0.04,0.05,0.06,0.12,0.12,0.03,0.11,0.09,0.06,0.12,0.05,0.04,0.05,1
21/03/2024,SOLO ENERGY LIMITED,SMS-04,1,18:30,19:00,Test,within-day 2,600,Accepted,0.01,0.05,0.04,0.04,0.06,0.12,0.12,0.03,0.12,0.1,0.06,0.12,0.05,0.04,0.04,1
21/03/2024,SOLO ENERGY LIMITED,SMS-05,1,17:30,18:00,Test,within-day 2,550,Accepted,0.01,0.08,0.05,0.07,0.08,0.12,0.09,0.04,0.15,0.09,0.03,0.11,0.05,0.02,0.01,1
21/03/2024,SOLO ENERGY LIMITED,SMS-05,1,18:30,19:00,Test,within-day 2,550,Accepted,0,0.08,0.05,0.07,0.08,0.11,0.09,0.05,0.15,0.09,0.03,0.12,0.05,0.02,0.01,1
21/03/2024,URBAN RESERVE (ASSETCO 2) LIMITED,URAC-01,4,17:30,18:00,Test,within-day 2,500,Accepted,0,0,0,0,0,0,0,0,0,0,0,0,4,0,0,4
21/03/2024,URBAN RESERVE (ASSETCO 2) LIMITED,URAC-01,4,18:30,19:00,Test,within-day 2,700,Accepted,0,0,0,0,0,0,0,0,0,0,0,0,4,0,0,4
21/03/2024,UTILITA ENERGY LIMITED,UTILIT-01,1,17:30,18:00,Test,within-day 2,500,Accepted,0,0,0,0,0,0,0,0,0,0,0,0,0,0,1,1
21/03/2024,UTILITA ENERGY LIMITED,UTILIT-02,1,17:30,18:00,Test,within-day 2,500,Accepted,0,0,0,0,0,0,0,0,0,0,0,0,0,0,1,1
21/03/2024,AXLE ENERGY LIMITED,Axle-01,10,18:30,19:00,Test,within-day 2,898,Rejected,0,0,0,0,0,0,0,0,0,0,0,0,0,0,10,10
21/03/2024,CUB (UK) LTD,CUB-01,2,17:30,18:00,Test,within-day 2,748,Rejected,0,0.12,0.057,0.03,0.375,0.5,0.192,0.1125,0.39675,0,0.012,0.0675,0.13725,0,0,2
21/03/2024,DRAX ENERGY SOLUTIONS LIMITED,DRAX-03,3,18:30,19:00,Test,within-day 2,1000,Rejected,0,0,0,0,1,1,1,0,0,0,0,0,0,0,0,3
21/03/2024,E.ON NEXT ENERGY LIMITED,EONNXT-01,5,18:30,19:00,Test,within-day 2,1000,Rejected,0,0,0,1,0,1,1,0,1,0,0,1,0,0,0,5
21/03/2024,E.ON NEXT ENERGY LIMITED,EONNXT-02,5,18:30,19:00,Test,within-day 2,1000,Rejected,0,0,0,1,0,1,1,0,1,0,0,1,0,0,0,5
21/03/2024,E.ON NEXT ENERGY LIMITED,EONNXT-03,5,18:30,19:00,Test,within-day 2,1250,Rejected,0,0,0,1,0,1,1,0,1,0,0,1,0,0,0,5
21/03/2024,EDF ENERGY CUSTOMERS LIMITED,EDF-02,10,18:30,19:00,Test,within-day 2,1000,Rejected,0.2,0.6,0.6,0.6,0.7,0.7,0.7,0.5,0.7,1,1.2,1.7,0.5,0.3,0,10
21/03/2024,EQUIWATT LIMITED,EQUIWA-01,1,17:30,18:00,Test,within-day 2,745,Rejected,0,0,0,0,0,0,0,0,0,0,0,0,0,0,1,1
21/03/2024,EQUIWATT LIMITED,EQUIWA-01,1,18:30,19:00,Test,within-day 2,1700,Rejected,0,0,0,0,0,0,0,0,0,0,0,0,0,0,1,1
21/03/2024,EQUIWATT LIMITED,EQUIWA-02,1,18:30,19:00,Test,within-day 2,1700,Rejected,0,0,0,0,0,0,0,0,0,0,0,0,0,0,1,1
21/03/2024,EQUIWATT LIMITED,EQUIWA-03,1,17:30,18:00,Test,within-day 2,1700,Rejected,0,0,0,0,0,0,0,0,0,0,0,0,0,0,1,1
21/03/2024,EQUIWATT LIMITED,EQUIWA-04,1,17:30,18:00,Test,within-day 2,1700,Rejected,0,0,0,0,0,0,0,0,0,0,0,0,0,0,1,1
21/03/2024,EQUIWATT LIMITED,EQUIWA-05,1,17:30,18:00,Test,within-day 2,1700,Rejected,0,0,0,0,0,0,0,0,0,0,0,0,0,0,1,1
21/03/2024,FLEXITRICITY LIMITED,FLEXIT-01,2,17:30,18:00,Test,within-day 2,1000,Rejected,0,0,0,0,1,0,0,0,0,0.5,0,0.5,0,0,0,2
21/03/2024,FLEXITRICITY LIMITED,FLEXIT-01,2,18:30,19:00,Test,within-day 2,1000,Rejected,0,0,0,0,1,0,0,0,0,0.5,0,0.5,0,0,0,2
21/03/2024,GRIDIMP LTD,GRIMP-01,3,17:30,18:00,Test,within-day 2,998,Rejected,0,0,0,0,0,0,0,0,0,0,0,0,0,0,3,3
21/03/2024,GRIDIMP LTD,GRIMP-01,3,18:30,19:00,Test,within-day 2,998,Rejected,0,0,0,0,0,0,0,0,0,0,0,0,0,0,3,3
21/03/2024,INFINIS LIMITED,INFINS-04,4,17:30,18:00,Test,within-day 2,745,Rejected,0.966,2.131,0,0.708,0,0.051,0.108,0,0,0,0.028,0,0,0.009,0,4
21/03/2024,OAKTREE POWER LIMITED,OAKTRE-01,5,17:30,18:00,Test,within-day 2,1999,Rejected,0,0,0,0,0.2,1,0.1,0.1,1,0.2,0.2,2,0.2,0,0,5
21/03/2024,OAKTREE POWER LIMITED,OAKTRE-01,5,18:30,19:00,Test,within-day 2,1999,Rejected,0,0,0,0,0.2,1,0.1,0.1,1,0.2,0.2,2,0.2,0,0,5
21/03/2024,OAKTREE POWER LIMITED,OAKTRE-02,5,17:30,18:00,Test,within-day 2,1499,Rejected,0,0,0,0,0.2,1,0.1,0.1,1,0.2,0.2,2,0.2,0,0,5
21/03/2024,OAKTREE POWER LIMITED,OAKTRE-02,5,18:30,19:00,Test,within-day 2,2499,Rejected,0,0,0,0,0.2,1,0.1,0.1,1,0.2,0.2,2,0.2,0,0,5
21/03/2024,OAKTREE POWER LIMITED,OAKTRE-06,2,17:30,18:00,Test,within-day 2,2345,Rejected,0,0,0,0,0.3,0.1,0,0,0.6,0.4,0.3,0,0.3,0,0,2
21/03/2024,OAKTREE POWER LIMITED,OAKTRE-06,2,18:30,19:00,Test,within-day 2,2134,Rejected,0,0,0,0,0.3,0.1,0,0,0.6,0.4,0.3,0,0.3,0,0,2
21/03/2024,OAKTREE POWER LIMITED,OAKTRE-09,1,17:30,18:00,Test,within-day 2,833,Rejected,0,0,0,0,0,0.4,0.3,0.3,0,0,0,0,0,0,0,1
21/03/2024,OAKTREE POWER LIMITED,OAKTRE-09,1,18:30,19:00,Test,within-day 2,999,Rejected,0,0,0,0,0,0.4,0.3,0.3,0,0,0,0,0,0,0,1
21/03/2024,OCTOPUS ENERGY LIMITED,OCTOP-01,92,17:30,18:00,Test,within-day 2,1750,Rejected,1,4,5,8,8,11,8,3,12,8,6,11,4,3,0,92
21/03/2024,OCTOPUS ENERGY LIMITED,OCTOP-01,92,18:30,19:00,Test,within-day 2,1750,Rejected,1,4,5,7,7,11,8,4,12,9,6,11,4,3,0,92
21/03/2024,OCTOPUS ENERGY LIMITED,OCTOP-02,41,17:30,18:00,Test,within-day 2,1750,Rejected,0,2,2,3,4,5,4,1,6,4,2,5,2,1,0,41
21/03/2024,OCTOPUS ENERGY LIMITED,OCTOP-02,51,18:30,19:00,Test,within-day 2,1750,Rejected,0,2,3,4,4,6,5,2,7,5,3,7,2,1,0,51
21/03/2024,PERSE TECHNOLOGY LIMITED,PERSE-02,2,17:30,18:00,Test,within-day 2,749,Rejected,0.02,0.29,0.19,0.12,0.24,0.27,0.12,0.05,0.11,0.15,0.05,0.15,0.09,0.16,0,2
21/03/2024,PERSE TECHNOLOGY LIMITED,PERSE-03,2,17:30,18:00,Test,within-day 2,799,Rejected,0.02,0.29,0.19,0.12,0.24,0.27,0.12,0.05,0.11,0.15,0.05,0.15,0.09,0.16,0,2
21/03/2024,PERSE TECHNOLOGY LIMITED,PERSE-03,2,18:30,19:00,Test,within-day 2,799,Rejected,0.02,0.29,0.19,0.12,0.24,0.29,0.09,0.05,0.1,0.15,0.05,0.15,0.09,0.17,0,2
21/03/2024,SOLO ENERGY LIMITED,SMS-01,1,17:30,18:00,Test,within-day 2,749,Rejected,0.01,0.05,0.04,0.05,0.06,0.12,0.12,0.03,0.11,0.09,0.06,0.12,0.05,0.04,0.05,1
21/03/2024,SOLO ENERGY LIMITED,SMS-02,1,17:30,18:00,Test,within-day 2,1000,Rejected,0.01,0.05,0.04,0.05,0.06,0.12,0.12,0.03,0.11,0.09,0.06,0.12,0.05,0.04,0.05,1
21/03/2024,SOLO ENERGY LIMITED,SMS-02,1,18:30,19:00,Test,within-day 2,1000,Rejected,0.01,0.05,0.04,0.04,0.06,0.12,0.12,0.03,0.12,0.1,0.06,0.12,0.05,0.04,0.04,1
21/03/2024,SSE DIGITAL SERVICES LIMITED,SSE-01,1,17:30,18:00,Test,within-day 2,1000,Rejected,0,0,0,0.35,0,0,0.05,0.6,0,0,0,0,0,0,0,1
21/03/2024,SSE DIGITAL SERVICES LIMITED,SSE-01,1,18:30,19:00,Test,within-day 2,1000,Rejected,0,0,0,0.35,0,0,0.05,0.6,0,0,0,0,0,0,0,1
14/03/2024,AXLE ENERGY LIMITED,Axle-01,10,18:00,18:30,Test,within-day 2,495,Accepted,0,0,0,0,0,0,0,0,0,0,0,0,0,0,10,10
14/03/2024,DRAX ENERGY SOLUTIONS LIMITED,DRAX-02,4,18:00,18:30,Test,within-day 2,545,Accepted,0,0,0,0,0,0,0,0.8,0.8,0.8,0,1.6,0,0,0,4
14/03/2024,DRAX ENERGY SOLUTIONS LIMITED,DRAX-03,3,18:00,18:30,Test,within-day 2,700,Accepted,0,0,0,0,0.6,0.6,0.6,0,0,0,0,0,0.6,0.6,0,3
14/03/2024,DRAX ENERGY SOLUTIONS LIMITED,DRAX-05,6,18:00,18:30,Test,within-day 2,600,Accepted,0,0,0,3,0,0,0,0,0,0,0,0,3,0,0,6
14/03/2024,EDF ENERGY CUSTOMERS LIMITED,EDF-02,10,18:00,18:30,Test,within-day 2,735,Accepted,0.2,0.6,0.6,0.6,0.7,0.7,0.7,0.5,0.7,1,1.2,1.7,0.5,0.3,0,10
14/03/2024,ENGIE POWER LIMITED,ENGIE-01,3,18:00,18:30,Test,within-day 2,700,Accepted,0,0,0,0,0,0,0,0,3,0,0,0,0,0,0,3
14/03/2024,ENGIE POWER LIMITED,ENGIE-02,1,18:00,18:30,Test,within-day 2,700,Accepted,0,0,0,1,0,0,0,0,0,0,0,0,0,0,0,1
14/03/2024,ENGIE POWER LIMITED,ENGIE-03,2,18:00,18:30,Test,within-day 2,700,Accepted,0,0,0,0,2,0,0,0,0,0,0,0,0,0,0,2
14/03/2024,EQUIWATT LIMITED,EQUIWA-01,1,18:00,18:30,Test,within-day 2,690,Accepted,0,0,0,0,0,0,0,0,0,0,0,0,0,0,1,1
14/03/2024,EQUIWATT LIMITED,EQUIWA-02,1,18:00,18:30,Test,within-day 2,640,Accepted,0,0,0,0,0,0,0,0,0,0,0,0,0,0,1,1
14/03/2024,EQUIWATT LIMITED,EQUIWA-03,1,18:00,18:30,Test,within-day 2,490,Accepted,0,0,0,0,0,0,0,0,0,0,0,0,0,0,1,1
14/03/2024,EQUIWATT LIMITED,EQUIWA-04,1,18:00,18:30,Test,within-day 2,490,Accepted,0,0,0,0,0,0,0,0,0,0,0,0,0,0,1,1
14/03/2024,EQUIWATT LIMITED,EQUIWA-05,1,18:00,18:30,Test,within-day 2,540,Accepted,0,0,0,0,0,0,0,0,0,0,0,0,0,0,1,1
14/03/2024,HILDEBRAND TECHNOLOGY LIMITED,HLDBRD-01,1,18:00,18:30,Test,within-day 2,150,Accepted,0,0,0.1,0.1,0.1,0.1,0.1,0.1,0.1,0.1,0.1,0.1,0,0,0,1
14/03/2024,LEVELISE LIMITED,LEV-01,1,18:00,18:30,Test,within-day 2,670,Accepted,0,0,0,0,0,0,0,0,0,0,0,0,0,0,1,1
14/03/2024,OAKTREE POWER LIMITED,OAKTRE-06,2,18:00,18:30,Test,within-day 2,733,Accepted,0,0,0,0,0.3,0.1,0,0,0.6,0.4,0.3,0,0.3,0,0,2
14/03/2024,OAKTREE POWER LIMITED,OAKTRE-09,1,18:00,18:30,Test,within-day 2,599,Accepted,0,0,0,0,0,0.4,0.3,0.3,0,0,0,0,0,0,0,1
14/03/2024,SOLO ENERGY LIMITED,SMS-03,1,18:00,18:30,Test,within-day 2,500,Accepted,0.01,0.05,0.04,0.05,0.06,0.13,0.12,0.03,0.11,0.1,0.06,0.12,0.05,0.04,0.03,1
14/03/2024,SOLO ENERGY LIMITED,SMS-04,1,18:00,18:30,Test,within-day 2,500,Accepted,0.01,0.05,0.04,0.05,0.06,0.13,0.12,0.03,0.11,0.1,0.06,0.12,0.05,0.04,0.03,1
14/03/2024,URBAN RESERVE (ASSETCO 2) LIMITED,URAC-01,4,18:00,18:30,Test,within-day 2,650,Accepted,0,0,0,0,0,0,0,0,0,0,0,0,4,0,0,4
14/03/2024,UTILITA ENERGY LIMITED,UTILIT-02,1,18:00,18:30,Test,within-day 2,400,Accepted,0,0,0,0,0,0,0,0,0,0,0,0,0,0,1,1
14/03/2024,CUB (UK) LTD,CUB-01,2,18:00,18:30,Test,within-day 2,997,Rejected,0,0.12,0.057,0.03,0.375,0.5,0.192,0.1125,0.39675,0,0.012,0.0675,0.13725,0,0,2
14/03/2024,DRAX ENERGY SOLUTIONS LIMITED,DRAX-04,1,18:00,18:30,Test,within-day 2,800,Rejected,0,0,0,0,0,0,0,0,1,0,0,0,0,0,0,1
14/03/2024,E.ON NEXT ENERGY LIMITED,EONNXT-01,5,18:00,18:30,Test,within-day 2,1000,Rejected,0,0,0,1,0,1,1,0,1,0,0,1,0,0,0,5
14/03/2024,E.ON NEXT ENERGY LIMITED,EONNXT-02,5,18:00,18:30,Test,within-day 2,1000,Rejected,0,0,0,1,0,1,1,0,1,0,0,1,0,0,0,5
14/03/2024,E.ON NEXT ENERGY LIMITED,EONNXT-03,5,18:00,18:30,Test,within-day 2,1250,Rejected,0,0,0,1,0,1,1,0,1,0,0,1,0,0,0,5
14/03/2024,EDF ENERGY CUSTOMERS LIMITED,EDF-01,18,18:00,18:30,Test,within-day 2,750,Rejected,0.3,1.2,1.2,1.2,1.2,1.2,1.2,0.9,1.2,1.8,2.1,3,0.9,0.6,0,18
14/03/2024,FLEXITRICITY LIMITED,FLEXIT-01,2,18:00,18:30,Test,within-day 2,1000,Rejected,0,0,0,0,1,0,0,0,0,0.5,0,0.5,0,0,0,2
14/03/2024,GRIDBEYOND LIMITED,GRIDBE-05,1,18:00,18:30,Test,within-day 2,800,Rejected,0,0,1,0,0,0,0,0,0,0,0,0,0,0,0,1
14/03/2024,GRIDBEYOND LIMITED,GRIDBE-06,3,18:00,18:30,Test,within-day 2,800,Rejected,0,0,1,0,1,0,1,0,0,0,0,0,0,0,0,3
14/03/2024,GRIDBEYOND LIMITED,GRIDBE-08,1,18:00,18:30,Test,within-day 2,800,Rejected,0.3,0,0,0,0,0,0,0.7,0,0,0,0,0,0,0,1
14/03/2024,GRIDIMP LTD,GRIMP-01,3,18:00,18:30,Test,within-day 2,998,Rejected,0,0,0,0,0,0,0,0,0,0,0,0,0,0,3,3
14/03/2024,OAKTREE POWER LIMITED,OAKTRE-01,5,18:00,18:30,Test,within-day 2,2000,Rejected,0,0,0,0,0.2,1,0.1,0.1,1,0.2,0.2,2,0.2,0,0,5
14/03/2024,OAKTREE POWER LIMITED,OAKTRE-02,5,18:00,18:30,Test,within-day 2,1700,Rejected,0,0,0,0,0.2,1,0.1,0.1,1,0.2,0.2,2,0.2,0,0,5
14/03/2024,OCTOPUS ENERGY LIMITED,OCTOP-01,93,18:00,18:30,Test,within-day 2,1750,Rejected,1,4,5,7,7,11,9,3,13,9,6,11,4,3,0,93
14/03/2024,OCTOPUS ENERGY LIMITED,OCTOP-02,57,18:00,18:30,Test,within-day 2,1750,Rejected,1,3,3,4,5,7,5,2,8,5,3,7,3,1,0,57
14/03/2024,OVO ELECTRICITY LTD,OVO-01,7,18:00,18:30,Test,within-day 2,1250,Rejected,0,0,0,0,0,0,0,0,0,0,0,0,0,0,7,7
14/03/2024,PERSE TECHNOLOGY LIMITED,PERSE-01,2,18:00,18:30,Test,within-day 2,799,Rejected,0.03,0.28,0.19,0.11,0.23,0.27,0.1,0.05,0.11,0.15,0.05,0.15,0.1,0.18,0,2
14/03/2024,PERSE TECHNOLOGY LIMITED,PERSE-02,2,18:00,18:30,Test,within-day 2,899,Rejected,0.03,0.28,0.19,0.11,0.23,0.27,0.1,0.05,0.11,0.15,0.05,0.15,0.1,0.18,0,2
14/03/2024,PERSE TECHNOLOGY LIMITED,PERSE-03,1,18:00,18:30,Test,within-day 2,999,Rejected,0.01,0.15,0.09,0.08,0.11,0.13,0.05,0.03,0.05,0.07,0.02,0.07,0.05,0.09,0,1
14/03/2024,SOLO ENERGY LIMITED,SMS-01,1,18:00,18:30,Test,within-day 2,900,Rejected,0.01,0.04,0.04,0.06,0.07,0.1,0.09,0.03,0.13,0.08,0.06,0.12,0.04,0.03,0.1,1
14/03/2024,SOLO ENERGY LIMITED,SMS-02,1,18:00,18:30,Test,within-day 2,1000,Rejected,0.01,0.03,0.04,0.06,0.06,0.12,0.08,0.03,0.16,0.11,0.05,0.13,0.04,0.03,0.05,1
14/03/2024,SOLO ENERGY LIMITED,SMS-05,1,18:00,18:30,Test,within-day 2,899,Rejected,0.01,0.05,0.04,0.05,0.06,0.13,0.12,0.03,0.11,0.1,0.06,0.12,0.05,0.04,0.03,1
14/03/2024,SSE DIGITAL SERVICES LIMITED,SSE-01,1,18:00,18:30,Test,within-day 2,1000,Rejected,0,0,0,0.35,0,0,0.05,0.6,0,0,0,0,0,0,0,1
14/03/2024,UTILITA ENERGY LIMITED,UTILIT-01,1,18:00,18:30,Test,within-day 2,800,Rejected,0,0,0,0,0,0,0,0,0,0,0,0,0,0,1,1
02/03/2024,DRAX ENERGY SOLUTIONS LIMITED,DRAX-03,3,18:00,18:30,Test,within-day 1,950,Accepted,0,0,0,0,0.6,0.6,0.6,0,0,0,0,0,0.6,0.6,0,3
02/03/2024,DRAX ENERGY SOLUTIONS LIMITED,DRAX-05,6,18:00,18:30,Test,within-day 1,900,Accepted,0,0,0,3,0,0,0,0,0,0,0,0,3,0,0,6
02/03/2024,DRAX ENERGY SOLUTIONS LIMITED,DRAX-06,1,18:00,18:30,Test,within-day 1,989,Accepted,0,0,0,0,0,0,0,0,0,0,0,1,0,0,0,1
02/03/2024,GRIDBEYOND LIMITED,GRIDBE-05,1,18:00,18:30,Test,within-day 1,1000,Accepted,0,0,1,0,0,0,0,0,0,0,0,0,0,0,0,1
02/03/2024,GRIDBEYOND LIMITED,GRIDBE-07,1,18:00,18:30,Test,within-day 1,1000,Accepted,1,0,0,0,0,0,0,0,0,0,0,0,0,0,0,1
02/03/2024,GRIDIMP LTD,GRIMP-01,4,18:00,18:30,Test,within-day 1,998,Accepted,0,0,0,0,0,0,0,0,0,0,0,0,0,0,4,4
02/03/2024,HILDEBRAND TECHNOLOGY LIMITED,HLDBRD-01,2,18:00,18:30,Test,within-day 1,750,Accepted,0.1,0.1,0.2,0.4,0.1,0.2,0.3,0.1,0.1,0.1,0.1,0.1,0.1,0,0,2
02/03/2024,INFINIS LIMITED,INFINS-01,6,18:00,18:30,Test,within-day 1,950,Accepted,2.08,0.848,0,0.492,0.867,0,0.3,0,0.21,0,0.156,0.38,0,0.667,0,6
02/03/2024,INFINIS LIMITED,INFINS-02,6,18:00,18:30,Test,within-day 1,950,Accepted,1.909,0.577,0,0.546,0.709,0,0,0.011,0.044,0.097,1.85,0.136,0,0.121,0,6
02/03/2024,INFINIS LIMITED,INFINS-03,6,18:00,18:30,Test,within-day 1,950,Accepted,0.921,0.821,0,0.265,1.362,0,0,0,0.443,0.22,1.359,0.109,0.501,0,0,6
02/03/2024,INFINIS LIMITED,INFINS-04,4,18:00,18:30,Test,within-day 1,950,Accepted,0.966,2.131,0,0.708,0,0.051,0.108,0,0,0,0.028,0,0,0.009,0,4
02/03/2024,LEVELISE LIMITED,LEV-01,1,18:00,18:30,Test,within-day 1,670,Accepted,0,0,0,0,0,0,0,0,0,0,0,0,0,0,1,1
02/03/2024,OAKTREE POWER LIMITED,OAKTRE-01,5,18:00,18:30,Test,within-day 1,777,Accepted,0,0,0,0,0.2,1,0.1,0.1,1,0.2,0.2,2,0.2,0,0,5
02/03/2024,OAKTREE POWER LIMITED,OAKTRE-06,2,18:00,18:30,Test,within-day 1,555,Accepted,0,0,0,0,0.3,0.1,0,0,0.6,0.4,0.3,0,0.3,0,0,2
02/03/2024,OAKTREE POWER LIMITED,OAKTRE-09,1,18:00,18:30,Test,within-day 1,499,Accepted,0,0,0,0,0,0.4,0.3,0.3,0,0,0,0,0,0,0,1
02/03/2024,OCTOPUS ENERGY LIMITED,OCTOP-01,40,18:00,18:30,Test,within-day 1,500,Accepted,0,2,2,3,3,5,4,1,5,4,3,5,2,1,0,40
02/03/2024,PERSE TECHNOLOGY LIMITED,PERSE-01,2,18:00,18:30,Test,within-day 1,799,Accepted,0.03,0.28,0.19,0.11,0.23,0.27,0.1,0.05,0.11,0.15,0.05,0.15,0.1,0.18,0,2
02/03/2024,PERSE TECHNOLOGY LIMITED,PERSE-02,2,18:00,18:30,Test,within-day 1,899,Accepted,0.03,0.28,0.19,0.11,0.23,0.27,0.1,0.05,0.11,0.15,0.05,0.15,0.1,0.18,0,2
02/03/2024,PERSE TECHNOLOGY LIMITED,PERSE-03,1,18:00,18:30,Test,within-day 1,999,Accepted,0.01,0.15,0.09,0.08,0.11,0.13,0.05,0.03,0.05,0.07,0.02,0.07,0.05,0.09,0,1
02/03/2024,SOLO ENERGY LIMITED,SMS-01,1,18:00,18:30,Test,within-day 1,900,Accepted,0.02,0.04,0.04,0.06,0.08,0.1,0.08,0.03,0.14,0.08,0.06,0.12,0.05,0.03,0.07,1
02/03/2024,SOLO ENERGY LIMITED,SMS-04,1,18:00,18:30,Test,within-day 1,1000,Accepted,0.01,0.03,0.04,0.06,0.06,0.12,0.08,0.03,0.15,0.1,0.06,0.14,0.04,0.03,0.05,1
02/03/2024,URBAN RESERVE (ASSETCO 2) LIMITED,URAC-01,4,18:00,18:30,Test,within-day 1,500,Accepted,0,0,0,0,0,0,0,0,0,0,0,0,4,0,0,4
02/03/2024,AXLE ENERGY LIMITED,Axle-01,10,18:00,18:30,Test,within-day 1,2498,Rejected,0,0,0,0,0,0,0,0,0,0,0,0,0,0,10,10
02/03/2024,E.ON NEXT ENERGY LIMITED,EONNXT-01,6,18:00,18:30,Test,within-day 1,1000,Rejected,0,0,0,1,1,1,1,0,2,0,0,0,0,0,0,6
02/03/2024,E.ON NEXT ENERGY LIMITED,EONNXT-02,6,18:00,18:30,Test,within-day 1,1000,Rejected,0,0,0,1,1,1,1,0,2,0,0,0,0,0,0,6
02/03/2024,E.ON NEXT ENERGY LIMITED,EONNXT-03,6,18:00,18:30,Test,within-day 1,1250,Rejected,0,0,0,1,1,1,1,0,2,0,0,0,0,0,0,6
02/03/2024,EDF ENERGY CUSTOMERS LIMITED,EDF-01,36,18:00,18:30,Test,within-day 1,3000,Rejected,0.6,2.4,2.4,2.4,2.4,2.4,2.4,1.8,2.4,3.6,4.2,6,1.8,1.2,0,36
02/03/2024,EDF ENERGY CUSTOMERS LIMITED,EDF-02,10,18:00,18:30,Test,within-day 1,3000,Rejected,0.2,0.6,0.6,0.6,0.7,0.7,0.7,0.5,0.7,1,1.2,1.7,0.5,0.3,0,10
02/03/2024,EQUIWATT LIMITED,EQUIWA-01,1,18:00,18:30,Test,within-day 1,1150,Rejected,0,0,0,0,0,0,0,0,0,0,0,0,0,0,1,1
02/03/2024,EQUIWATT LIMITED,EQUIWA-02,1,18:00,18:30,Test,within-day 1,1120,Rejected,0,0,0,0,0,0,0,0,0,0,0,0,0,0,1,1
02/03/2024,EQUIWATT LIMITED,EQUIWA-03,1,18:00,18:30,Test,within-day 1,1080,Rejected,0,0,0,0,0,0,0,0,0,0,0,0,0,0,1,1
02/03/2024,EQUIWATT LIMITED,EQUIWA-04,1,18:00,18:30,Test,within-day 1,1080,Rejected,0,0,0,0,0,0,0,0,0,0,0,0,0,0,1,1
02/03/2024,EQUIWATT LIMITED,EQUIWA-05,1,18:00,18:30,Test,within-day 1,1120,Rejected,0,0,0,0,0,0,0,0,0,0,0,0,0,0,1,1
02/03/2024,FLEXITRICITY LIMITED,FLEXIT-01,2,18:00,18:30,Test,within-day 1,2000,Rejected,0,0,0,0,1,0,0,0,0,0.5,0,0.5,0,0,0,2
02/03/2024,GRIDBEYOND LIMITED,GRIDBE-06,3,18:00,18:30,Test,within-day 1,1000,Rejected,0,0,1,0,1,0,1,0,0,0,0,0,0,0,0,3
02/03/2024,GRIDBEYOND LIMITED,GRIDBE-08,1,18:00,18:30,Test,within-day 1,1000,Rejected,0.3,0,0,0,0,0,0,0.7,0,0,0,0,0,0,0,1
02/03/2024,OAKTREE POWER LIMITED,OAKTRE-02,5,18:00,18:30,Test,within-day 1,1999,Rejected,0,0,0,0,0.2,1,0.1,0.1,1,0.2,0.2,2,0.2,0,0,5
02/03/2024,OCTOPUS ENERGY LIMITED,OCTOP-02,40,18:00,18:30,Test,within-day 1,1000,Rejected,0,2,2,3,3,5,4,1,5,4,3,5,2,1,0,40
02/03/2024,OVO ELECTRICITY LTD,OVO-01,7,18:00,18:30,Test,within-day 1,1250,Rejected,0,0,0,0,0,0,0,0,0,0,0,0,0,0,7,7
02/03/2024,SOLO ENERGY LIMITED,SMS-02,1,18:00,18:30,Test,within-day 1,1000,Rejected,0.01,0.03,0.04,0.06,0.06,0.12,0.08,0.03,0.15,0.1,0.06,0.14,0.04,0.03,0.05,1
02/03/2024,SOLO ENERGY LIMITED,SMS-03,1,18:00,18:30,Test,within-day 1,1000,Rejected,0.01,0.03,0.04,0.06,0.06,0.12,0.08,0.03,0.15,0.1,0.06,0.14,0.04,0.03,0.05,1
02/03/2024,SOLO ENERGY LIMITED,SMS-05,1,18:00,18:30,Test,within-day 1,1700,Rejected,0.01,0.03,0.04,0.06,0.06,0.12,0.08,0.03,0.15,0.1,0.06,0.14,0.04,0.03,0.05,1
02/03/2024,UTILITA ENERGY LIMITED,UTILIT-01,1,18:00,18:30,Test,within-day 1,3000,Rejected,0,0,0,0,0,0,0,0,0,0,0,0,0,0,1,1
02/03/2024,UTILITA ENERGY LIMITED,UTILIT-02,1,18:00,18:30,Test,within-day 1,3000,Rejected,0,0,0,0,0,0,0,0,0,0,0,0,0,0,1,1
01/03/2024,CUB (UK) LTD,CUB-01,5,18:00,18:30,Test,within-day 2,497,Accepted,0,0.62,0.057,0.03,1.375,1.5,0.192,0.1125,0.89675,0,0.012,0.0675,0.13725,0,0,5
01/03/2024,EDF ENERGY CUSTOMERS LIMITED,EDF-01,18,18:00,18:30,Test,within-day 2,750,Accepted,0.3,1.2,1.2,1.2,1.2,1.2,1.2,0.9,1.2,1.8,2.1,3,0.9,0.6,0,18
01/03/2024,ENGIE POWER LIMITED,ENGIE-01,3,18:00,18:30,Test,within-day 2,500,Accepted,0,0,0,0,0,0,0,0,3,0,0,0,0,0,0,3
01/03/2024,ENGIE POWER LIMITED,ENGIE-02,1,18:00,18:30,Test,within-day 2,500,Accepted,0,0,0,1,0,0,0,0,0,0,0,0,0,0,0,1
01/03/2024,ENGIE POWER LIMITED,ENGIE-03,2,18:00,18:30,Test,within-day 2,500,Accepted,0,0,0,0,2,0,0,0,0,0,0,0,0,0,0,2
01/03/2024,INFINIS LIMITED,INFINS-01,6,18:00,18:30,Test,within-day 2,495,Accepted,2.08,0.848,0,0.492,0.867,0,0.3,0,0.21,0,0.156,0.38,0,0.667,0,6
01/03/2024,INFINIS LIMITED,INFINS-02,6,18:00,18:30,Test,within-day 2,475,Accepted,1.909,0.577,0,0.546,0.709,0,0,0.011,0.044,0.097,1.85,0.136,0,0.121,0,6
01/03/2024,INFINIS LIMITED,INFINS-03,6,18:00,18:30,Test,within-day 2,450,Accepted,0.921,0.821,0,0.265,1.362,0,0,0,0.443,0.22,1.359,0.109,0.501,0,0,6
01/03/2024,INFINIS LIMITED,INFINS-04,4,18:00,18:30,Test,within-day 2,480,Accepted,0.966,2.131,0,0.708,0,0.051,0.108,0,0,0,0.028,0,0,0.009,0,4
01/03/2024,LEVELISE LIMITED,LEV-01,1,18:00,18:30,Test,within-day 2,400,Accepted,0,0,0,0,0,0,0,0,0,0,0,0,0,0,1,1
01/03/2024,OAKTREE POWER LIMITED,OAKTRE-09,1,18:00,18:30,Test,within-day 2,500,Accepted,0,0,0,0,0,0.4,0.3,0.3,0,0,0,0,0,0,0,1
01/03/2024,PERSE TECHNOLOGY LIMITED,PERSE-01,3,18:00,18:30,Test,within-day 2,499,Accepted,0.03,0.45,0.29,0.17,0.34,0.4,0.15,0.08,0.16,0.23,0.07,0.23,0.14,0.27,0,3
01/03/2024,AXLE ENERGY LIMITED,Axle-01,9,18:00,18:30,Test,within-day 2,995,Rejected,0,0,0,0,0,0,0,0,0,0,0,0,0,0,9,9
01/03/2024,AXLE ENERGY LIMITED,Axle-02,1,18:00,18:30,Test,within-day 2,895,Rejected,0,0,0,0,0,0,0,0,0,0,0,0,0,0,1,1
01/03/2024,BRITISH GAS TRADING LIMITED,BGAS-01,20,18:00,18:30,Test,within-day 2,1199,Rejected,0.33897227,1.2881246,0.9491523,1.7627007,1.6271342,1.7627007,1.4237285,1.0847561,2.779655,2.1017103,0.9491523,2.3728807,1.0169542,0.54237807,0,20
01/03/2024,DRAX ENERGY SOLUTIONS LIMITED,DRAX-03,3,18:00,18:30,Test,within-day 2,1500,Rejected,0,0,0,0,0.6,0.6,0.6,0,0,0,0,0,0.6,0.6,0,3
01/03/2024,DRAX ENERGY SOLUTIONS LIMITED,DRAX-04,1,18:00,18:30,Test,within-day 2,1100,Rejected,0,0,0,0,0,0,0,0,1,0,0,0,0,0,0,1
01/03/2024,DRAX ENERGY SOLUTIONS LIMITED,DRAX-05,6,18:00,18:30,Test,within-day 2,1000,Rejected,0,0,0,3,0,0,0,0,0,0,0,0,3,0,0,6
01/03/2024,E.ON NEXT ENERGY LIMITED,EONNXT-01,6,18:00,18:30,Test,within-day 2,1000,Rejected,0,0,0,1,1,1,1,0,2,0,0,0,0,0,0,6
01/03/2024,E.ON NEXT ENERGY LIMITED,EONNXT-02,6,18:00,18:30,Test,within-day 2,1000,Rejected,0,0,0,1,1,1,1,0,2,0,0,0,0,0,0,6
01/03/2024,E.ON NEXT ENERGY LIMITED,EONNXT-03,6,18:00,18:30,Test,within-day 2,1000,Rejected,0,0,0,1,1,1,1,0,2,0,0,0,0,0,0,6
01/03/2024,EDF ENERGY CUSTOMERS LIMITED,EDF-02,10,18:00,18:30,Test,within-day 2,900,Rejected,0.2,0.6,0.6,0.6,0.7,0.7,0.7,0.5,0.7,1,1.2,1.7,0.5,0.3,0,10
01/03/2024,EQUIWATT LIMITED,EQUIWA-01,1,18:00,18:30,Test,within-day 2,970,Rejected,0,0,0,0,0,0,0,0,0,0,0,0,0,0,1,1
01/03/2024,EQUIWATT LIMITED,EQUIWA-02,1,18:00,18:30,Test,within-day 2,970,Rejected,0,0,0,0,0,0,0,0,0,0,0,0,0,0,1,1
01/03/2024,EQUIWATT LIMITED,EQUIWA-03,1,18:00,18:30,Test,within-day 2,915,Rejected,0,0,0,0,0,0,0,0,0,0,0,0,0,0,1,1
01/03/2024,EQUIWATT LIMITED,EQUIWA-04,1,18:00,18:30,Test,within-day 2,915,Rejected,0,0,0,0,0,0,0,0,0,0,0,0,0,0,1,1
01/03/2024,EQUIWATT LIMITED,EQUIWA-05,1,18:00,18:30,Test,within-day 2,915,Rejected,0,0,0,0,0,0,0,0,0,0,0,0,0,0,1,1
01/03/2024,FLEXITRICITY LIMITED,FLEXIT-01,2,18:00,18:30,Test,within-day 2,1000,Rejected,0,0,0,0,1,0,0,0,0,0.5,0,0.5,0,0,0,2
01/03/2024,GRIDIMP LTD,GRIMP-01,3,18:00,18:30,Test,within-day 2,998,Rejected,0,0,0,0,0,0,0,0,0,0,0,0,0,0,3,3
01/03/2024,HILDEBRAND TECHNOLOGY LIMITED,HLDBRD-01,2,18:00,18:30,Test,within-day 2,850,Rejected,0.1,0.1,0.2,0.4,0.1,0.2,0.3,0.1,0.1,0.1,0.1,0.1,0.1,0,0,2
01/03/2024,OAKTREE POWER LIMITED,OAKTRE-01,5,18:00,18:30,Test,within-day 2,1111,Rejected,0,0,0,0,0.2,1,0.1,0.1,1,0.2,0.2,2,0.2,0,0,5
01/03/2024,OAKTREE POWER LIMITED,OAKTRE-02,5,18:00,18:30,Test,within-day 2,999,Rejected,0,0,0,0,0.2,1,0.1,0.1,1,0.2,0.2,2,0.2,0,0,5
01/03/2024,OAKTREE POWER LIMITED,OAKTRE-06,2,18:00,18:30,Test,within-day 2,1555,Rejected,0,0,0,0,0.3,0.1,0,0,0.6,0.4,0.3,0,0.3,0,0,2
01/03/2024,OCTOPUS ENERGY LIMITED,OCTOP-01,30,18:00,18:30,Test,within-day 2,900,Rejected,0,1,2,2,2,4,3,1,4,3,2,4,1,1,0,30
01/03/2024,OVO ELECTRICITY LTD,OVO-01,6,18:00,18:30,Test,within-day 2,1250,Rejected,0,0,0,0,0,0,0,0,0,0,0,0,0,0,6,6
01/03/2024,PERSE TECHNOLOGY LIMITED,PERSE-02,2,18:00,18:30,Test,within-day 2,799,Rejected,0.02,0.3,0.19,0.11,0.23,0.27,0.1,0.05,0.11,0.15,0.05,0.15,0.09,0.18,0,2
01/03/2024,PERSE TECHNOLOGY LIMITED,PERSE-03,2,18:00,18:30,Test,within-day 2,999,Rejected,0.02,0.3,0.19,0.11,0.23,0.27,0.1,0.05,0.11,0.15,0.05,0.15,0.09,0.18,0,2
01/03/2024,SOLO ENERGY LIMITED,SMS-01,1,18:00,18:30,Test,within-day 2,900,Rejected,0.02,0.05,0.05,0.07,0.08,0.1,0.08,0.03,0.13,0.08,0.05,0.12,0.05,0.04,0.05,1
01/03/2024,SOLO ENERGY LIMITED,SMS-02,1,18:00,18:30,Test,within-day 2,1000,Rejected,0.01,0.03,0.04,0.06,0.06,0.12,0.08,0.03,0.15,0.1,0.05,0.13,0.04,0.03,0.07,1
01/03/2024,SOLO ENERGY LIMITED,SMS-03,1,18:00,18:30,Test,within-day 2,1000,Rejected,0.01,0.05,0.04,0.05,0.06,0.12,0.12,0.03,0.11,0.09,0.06,0.14,0.05,0.05,0.02,1
01/03/2024,SOLO ENERGY LIMITED,SMS-04,1,18:00,18:30,Test,within-day 2,1000,Rejected,0.01,0.05,0.04,0.05,0.06,0.12,0.12,0.03,0.11,0.09,0.06,0.14,0.05,0.05,0.02,1
01/03/2024,SOLO ENERGY LIMITED,SMS-05,1,18:00,18:30,Test,within-day 2,1700,Rejected,0.01,0.05,0.04,0.05,0.06,0.12,0.12,0.03,0.11,0.09,0.06,0.14,0.05,0.05,0.02,1
01/03/2024,SSE DIGITAL SERVICES LIMITED,SSE-01,1,18:00,18:30,Test,within-day 2,1000,Rejected,0,0,0,0.35,0,0,0.05,0.6,0,0,0,0,0,0,0,1
01/03/2024,URBAN RESERVE (ASSETCO 2) LIMITED,URAC-01,4,18:00,18:30,Test,within-day 2,750,Rejected,0,0,0,0,0,0,0,0,0,0,0,0,4,0,0,4
01/03/2024,UTILITA ENERGY LIMITED,UTILIT-01,1,18:00,18:30,Test,within-day 2,1000,Rejected,0,0,0,0,0,0,0,0,0,0,0,0,0,0,1,1
01/03/2024,UTILITA ENERGY LIMITED,UTILIT-02,1,18:00,18:30,Test,within-day 2,1000,Rejected,0,0,0,0,0,0,0,0,0,0,0,0,0,0,1,1
29/02/2024,CUB (UK) LTD,CUB-01,3,18:00,18:30,Test,within-day 2,997,Accepted,0,0.12,0.057,0.03,0.375,1,0.192,0.1125,0.89675,0,0.012,0.0675,0.13725,0,0,3
29/02/2024,DRAX ENERGY SOLUTIONS LIMITED,DRAX-06,1,18:00,18:30,Test,within-day 2,999,Accepted,0,0,0,0,0,0,0,0,0,0,0,1,0,0,0,1
29/02/2024,EDF ENERGY CUSTOMERS LIMITED,EDF-01,18,18:00,18:30,Test,within-day 2,985,Accepted,0.3,1.2,1.2,1.2,1.2,1.2,1.2,0.9,1.2,1.8,2.1,3,0.9,0.6,0,18
29/02/2024,EDF ENERGY CUSTOMERS LIMITED,EDF-02,10,18:00,18:30,Test,within-day 2,985,Accepted,0.2,0.6,0.6,0.6,0.7,0.7,0.7,0.5,0.7,1,1.2,1.7,0.5,0.3,0,10
29/02/2024,EQUIWATT LIMITED,EQUIWA-01,1,18:00,18:30,Test,within-day 2,1060,Accepted,0,0,0,0,0,0,0,0,0,0,0,0,0,0,1,1
29/02/2024,EQUIWATT LIMITED,EQUIWA-02,1,18:00,18:30,Test,within-day 2,1190,Accepted,0,0,0,0,0,0,0,0,0,0,0,0,0,0,1,1
29/02/2024,GRIDBEYOND LIMITED,GRIDBE-05,1,18:00,18:30,Test,within-day 2,1000,Accepted,0,0,1,0,0,0,0,0,0,0,0,0,0,0,0,1
29/02/2024,GRIDBEYOND LIMITED,GRIDBE-06,3,18:00,18:30,Test,within-day 2,1000,Accepted,0,0,1,0,1,0,1,0,0,0,0,0,0,0,0,3
29/02/2024,GRIDBEYOND LIMITED,GRIDBE-07,1,18:00,18:30,Test,within-day 2,1000,Accepted,1,0,0,0,0,0,0,0,0,0,0,0,0,0,0,1
29/02/2024,GRIDBEYOND LIMITED,GRIDBE-08,1,18:00,18:30,Test,within-day 2,1000,Accepted,0.3,0,0,0,0,0,0,0.7,0,0,0,0,0,0,0,1
29/02/2024,OCTOPUS ENERGY LIMITED,OCTOP-01,93,18:00,18:30,Test,within-day 2,1200,Accepted,1,4,5,7,7,11,9,3,12,9,6,12,4,3,0,93
29/02/2024,PERSE TECHNOLOGY LIMITED,PERSE-01,7,18:00,18:30,Test,within-day 2,990,Accepted,0.07,1.05,0.67,0.4,0.79,0.93,0.36,0.19,0.37,0.53,0.16,0.53,0.33,0.62,0,7
29/02/2024,PERSE TECHNOLOGY LIMITED,PERSE-02,7,18:00,18:30,Test,within-day 2,1049,Accepted,0.07,1.05,0.67,0.4,0.79,0.93,0.36,0.19,0.37,0.53,0.16,0.53,0.33,0.62,0,7
29/02/2024,SOLO ENERGY LIMITED,SMS-01,1,18:00,18:30,Test,within-day 2,900,Accepted,0.02,0.05,0.05,0.07,0.08,0.1,0.08,0.03,0.13,0.08,0.05,0.12,0.05,0.04,0.05,1
29/02/2024,SOLO ENERGY LIMITED,SMS-02,1,18:00,18:30,Test,within-day 2,1000,Accepted,0.01,0.03,0.04,0.06,0.06,0.12,0.08,0.03,0.15,0.1,0.05,0.13,0.04,0.03,0.07,1
29/02/2024,SOLO ENERGY LIMITED,SMS-03,1,18:00,18:30,Test,within-day 2,1150,Accepted,0.01,0.05,0.04,0.05,0.06,0.12,0.12,0.03,0.11,0.09,0.06,0.14,0.05,0.05,0.02,1
29/02/2024,SOLO ENERGY LIMITED,SMS-04,1,18:00,18:30,Test,within-day 2,1150,Accepted,0.01,0.05,0.04,0.05,0.06,0.12,0.12,0.03,0.11,0.09,0.06,0.14,0.05,0.05,0.02,1
29/02/2024,AXLE ENERGY LIMITED,Axle-01,10,18:00,18:30,Test,within-day 2,1429,Rejected,0,0,0,0,0,0,0,0,0,0,0,0,0,0,10,10
29/02/2024,BRITISH GAS TRADING LIMITED,BGAS-01,50,18:00,18:30,Test,within-day 2,1250,Rejected,0.84743065,3.2203114,2.3728807,4.4067516,4.067836,4.4067516,3.5593212,2.7118905,6.949137,5.254276,2.3728807,5.932202,2.5423856,1.3559452,0,50
29/02/2024,DRAX ENERGY SOLUTIONS LIMITED,DRAX-02,4,18:00,18:30,Test,within-day 2,1449,Rejected,0,0,0,0,0,0,0,0.8,0.8,0.8,0,1.6,0,0,0,4
29/02/2024,DRAX ENERGY SOLUTIONS LIMITED,DRAX-03,3,18:00,18:30,Test,within-day 2,1249,Rejected,0,0,0,0,0.6,0.6,0.6,0,0,0,0,0,0.6,0.6,0,3
29/02/2024,DRAX ENERGY SOLUTIONS LIMITED,DRAX-04,1,18:00,18:30,Test,within-day 2,1250,Rejected,0,0,0,0,0,0,0,0,1,0,0,0,0,0,0,1
29/02/2024,DRAX ENERGY SOLUTIONS LIMITED,DRAX-05,6,18:00,18:30,Test,within-day 2,1490,Rejected,0,0,0,3,0,0,0,0,0,0,0,0,3,0,0,6
29/02/2024,E.ON NEXT ENERGY LIMITED,EONNXT-01,18,18:00,18:30,Test,within-day 2,1300,Rejected,0,1,1,2,2,2,2,1,3,1,1,1,1,0,0,18
29/02/2024,ENGIE POWER LIMITED,ENGIE-01,7,18:00,18:30,Test,within-day 2,1500,Rejected,0,0,0,0,0,0,0,0,7,0,0,0,0,0,0,7
29/02/2024,ENGIE POWER LIMITED,ENGIE-02,3,18:00,18:30,Test,within-day 2,1500,Rejected,0,0,0,1,0,0,0,2,0,0,0,0,0,0,0,3
29/02/2024,ENGIE POWER LIMITED,ENGIE-03,3,18:00,18:30,Test,within-day 2,1500,Rejected,0,0,0,0,3,0,0,0,0,0,0,0,0,0,0,3
29/02/2024,EQUIWATT LIMITED,EQUIWA-03,1,18:00,18:30,Test,within-day 2,1260,Rejected,0,0,0,0,0,0,0,0,0,0,0,0,0,0,1,1
29/02/2024,EQUIWATT LIMITED,EQUIWA-04,1,18:00,18:30,Test,within-day 2,1310,Rejected,0,0,0,0,0,0,0,0,0,0,0,0,0,0,1,1
29/02/2024,EQUIWATT LIMITED,EQUIWA-05,1,18:00,18:30,Test,within-day 2,1350,Rejected,0,0,0,0,0,0,0,0,0,0,0,0,0,0,1,1
29/02/2024,FLEXITRICITY LIMITED,FLEXIT-01,2,18:00,18:30,Test,within-day 2,1500,Rejected,0,0,0,0,1,0,0,0,0,0.5,0,0.5,0,0,0,2
29/02/2024,GRIDIMP LTD,GRIMP-01,4,18:00,18:30,Test,within-day 2,1500,Rejected,0,0,0,0,0,0,0,0,0,0,0,0,0,0,4,4
29/02/2024,HILDEBRAND TECHNOLOGY LIMITED,HLDBRD-01,2,18:00,18:30,Test,within-day 2,2450,Rejected,0.1,0.1,0.2,0.4,0.1,0.2,0.3,0.1,0.1,0.1,0.1,0.1,0.1,0,0,2
29/02/2024,INFINIS LIMITED,INFINS-01,6,18:00,18:30,Test,within-day 2,1725,Rejected,2.08,0.848,0,0.492,0.867,0,0.3,0,0.21,0,0.156,0.38,0,0.667,0,6
29/02/2024,INFINIS LIMITED,INFINS-02,6,18:00,18:30,Test,within-day 2,1725,Rejected,1.909,0.577,0,0.546,0.709,0,0,0.011,0.044,0.097,1.85,0.136,0,0.121,0,6
29/02/2024,INFINIS LIMITED,INFINS-03,6,18:00,18:30,Test,within-day 2,1725,Rejected,0.921,0.821,0,0.265,1.362,0,0,0,0.443,0.22,1.359,0.109,0.501,0,0,6
29/02/2024,INFINIS LIMITED,INFINS-04,4,18:00,18:30,Test,within-day 2,1725,Rejected,0.966,2.131,0,0.708,0,0.051,0.108,0,0,0,0.028,0,0,0.009,0,4
29/02/2024,LEVELISE LIMITED,LEV-01,1,18:00,18:30,Test,within-day 2,1448,Rejected,0,0,0,0,0,0,0,0,0,0,0,0,0,0,1,1
29/02/2024,OAKTREE POWER LIMITED,OAKTRE-01,5,18:00,18:30,Test,within-day 2,1499,Rejected,0,0,0,0,0.2,1,0.1,0.1,1,0.2,0.2,2,0.2,0,0,5
29/02/2024,OAKTREE POWER LIMITED,OAKTRE-02,5,18:00,18:30,Test,within-day 2,1599,Rejected,0,0,0,0,0.2,1,0.1,0.1,1,0.2,0.2,2,0.2,0,0,5
29/02/2024,OAKTREE POWER LIMITED,OAKTRE-06,2,18:00,18:30,Test,within-day 2,1737,Rejected,0,0,0,0,0.3,0.1,0,0,0.6,0.4,0.3,0,0.3,0,0,2
29/02/2024,OAKTREE POWER LIMITED,OAKTRE-09,1,18:00,18:30,Test,within-day 2,1922,Rejected,0,0,0,0,0,0.4,0.3,0.3,0,0,0,0,0,0,0,1
29/02/2024,OCTOPUS ENERGY LIMITED,OCTOP-02,17,18:00,18:30,Test,within-day 2,1200,Rejected,0,1,1,1,1,2,2,0,3,2,1,2,1,0,0,17
29/02/2024,OVO ELECTRICITY LTD,OVO-01,7,18:00,18:30,Test,within-day 2,1250,Rejected,0,0,0,0,0,0,0,0,0,0,0,0,0,0,7,7
29/02/2024,PERSE TECHNOLOGY LIMITED,PERSE-03,7,18:00,18:30,Test,within-day 2,1250,Rejected,0.07,1.05,0.67,0.4,0.79,0.93,0.36,0.19,0.37,0.53,0.16,0.53,0.33,0.62,0,7
29/02/2024,SOLO ENERGY LIMITED,SMS-05,1,18:00,18:30,Test,within-day 2,1700,Rejected,0.01,0.05,0.04,0.05,0.06,0.12,0.12,0.03,0.11,0.09,0.06,0.14,0.05,0.05,0.02,1
29/02/2024,SSE DIGITAL SERVICES LIMITED,SSE-01,1,18:00,18:30,Test,within-day 2,1500,Rejected,0,0,0,0.35,0,0,0.05,0.6,0,0,0,0,0,0,0,1
29/02/2024,URBAN RESERVE (ASSETCO 2) LIMITED,URAC-01,4,18:00,18:30,Test,within-day 2,1450,Rejected,0,0,0,0,0,0,0,0,0,0,0,0,4,0,0,4
29/02/2024,UTILITA ENERGY LIMITED,UTILIT-01,1,18:00,18:30,Test,within-day 2,1500,Rejected,0,0,0,0,0,0,0,0,0,0,0,0,0,0,1,1
29/02/2024,UTILITA ENERGY LIMITED,UTILIT-02,1,18:00,18:30,Test,within-day 2,1500,Rejected,0,0,0,0,0,0,0,0,0,0,0,0,0,0,1,1
08/02/2024,AXLE ENERGY LIMITED,Axle-01,10,18:00,18:30,Test,within-day 2,1695,Accepted,0,0,0,0,0,0,0,0,0,0,0,0,0,0,10,10
08/02/2024,AXLE ENERGY LIMITED,Axle-01,10,18:30,19:00,Test,within-day 2,1695,Accepted,0,0,0,0,0,0,0,0,0,0,0,0,0,0,10,10
08/02/2024,DRAX ENERGY SOLUTIONS LIMITED,DRAX-02,4,18:00,18:30,Test,within-day 2,1449,Accepted,0,0,0,0,0,0,0,0.8,0.8,0.8,0,1.6,0,0,0,4
08/02/2024,DRAX ENERGY SOLUTIONS LIMITED,DRAX-02,4,18:30,19:00,Test,within-day 2,1449,Accepted,0,0,0,0,0,0,0,0.8,0.8,0.8,0,1.6,0,0,0,4
08/02/2024,EQUIWATT LIMITED,EQUIWA-01,2,18:00,18:30,Test,within-day 2,1050,Accepted,0,0,0,0,0,0,0,0,0,0,0,0,0,0,2,2
08/02/2024,EQUIWATT LIMITED,EQUIWA-01,2,18:30,19:00,Test,within-day 2,1050,Accepted,0,0,0,0,0,0,0,0,0,0,0,0,0,0,2,2
08/02/2024,EQUIWATT LIMITED,EQUIWA-02,2,18:00,18:30,Test,within-day 2,1050,Accepted,0,0,0,0,0,0,0,0,0,0,0,0,0,0,2,2
08/02/2024,EQUIWATT LIMITED,EQUIWA-02,2,18:30,19:00,Test,within-day 2,1050,Accepted,0,0,0,0,0,0,0,0,0,0,0,0,0,0,2,2
08/02/2024,EQUIWATT LIMITED,EQUIWA-03,2,18:00,18:30,Test,within-day 2,1050,Accepted,0,0,0,0,0,0,0,0,0,0,0,0,0,0,2,2
08/02/2024,EQUIWATT LIMITED,EQUIWA-03,2,18:30,19:00,Test,within-day 2,1050,Accepted,0,0,0,0,0,0,0,0,0,0,0,0,0,0,2,2
08/02/2024,EQUIWATT LIMITED,EQUIWA-04,2,18:00,18:30,Test,within-day 2,1330,Accepted,0,0,0,0,0,0,0,0,0,0,0,0,0,0,2,2
08/02/2024,EQUIWATT LIMITED,EQUIWA-04,2,18:30,19:00,Test,within-day 2,1330,Accepted,0,0,0,0,0,0,0,0,0,0,0,0,0,0,2,2
08/02/2024,EQUIWATT LIMITED,EQUIWA-05,2,18:00,18:30,Test,within-day 2,1350,Accepted,0,0,0,0,0,0,0,0,0,0,0,0,0,0,2,2
08/02/2024,EQUIWATT LIMITED,EQUIWA-05,2,18:30,19:00,Test,within-day 2,1350,Accepted,0,0,0,0,0,0,0,0,0,0,0,0,0,0,2,2
08/02/2024,GRIDBEYOND LIMITED,GRIDBE-05,1,18:00,18:30,Test,within-day 2,1000,Accepted,0,0,1,0,0,0,0,0,0,0,0,0,0,0,0,1
08/02/2024,GRIDBEYOND LIMITED,GRIDBE-05,1,18:30,19:00,Test,within-day 2,1000,Accepted,0,0,1,0,0,0,0,0,0,0,0,0,0,0,0,1
08/02/2024,GRIDBEYOND LIMITED,GRIDBE-06,3,18:00,18:30,Test,within-day 2,1000,Accepted,0,0,1,0,1,0,1,0,0,0,0,0,0,0,0,3
08/02/2024,GRIDBEYOND LIMITED,GRIDBE-06,3,18:30,19:00,Test,within-day 2,1000,Accepted,0,0,1,0,1,0,1,0,0,0,0,0,0,0,0,3
08/02/2024,GRIDBEYOND LIMITED,GRIDBE-07,1,18:00,18:30,Test,within-day 2,1000,Accepted,1,0,0,0,0,0,0,0,0,0,0,0,0,0,0,1
08/02/2024,GRIDBEYOND LIMITED,GRIDBE-07,1,18:30,19:00,Test,within-day 2,1000,Accepted,1,0,0,0,0,0,0,0,0,0,0,0,0,0,0,1
08/02/2024,GRIDBEYOND LIMITED,GRIDBE-08,1,18:00,18:30,Test,within-day 2,1000,Accepted,0.3,0,0,0,0,0,0,0.7,0,0,0,0,0,0,0,1
08/02/2024,GRIDBEYOND LIMITED,GRIDBE-08,1,18:30,19:00,Test,within-day 2,1000,Accepted,0.3,0,0,0,0,0,0,0.7,0,0,0,0,0,0,0,1
08/02/2024,INFINIS LIMITED,INFINS-01,6,18:00,18:30,Test,within-day 2,1725,Accepted,2.08,0.848,0,0.492,0.867,0,0.3,0,0.21,0,0.156,0.38,0,0.667,0,6
08/02/2024,INFINIS LIMITED,INFINS-01,6,18:30,19:00,Test,within-day 2,1725,Accepted,2.08,0.848,0,0.492,0.867,0,0.3,0,0.21,0,0.156,0.38,0,0.667,0,6
08/02/2024,INFINIS LIMITED,INFINS-02,6,18:00,18:30,Test,within-day 2,1725,Accepted,1.909,0.577,0,0.546,0.709,0,0,0.011,0.044,0.097,1.85,0.136,0,0.121,0,6
08/02/2024,INFINIS LIMITED,INFINS-03,6,18:30,19:00,Test,within-day 2,1725,Accepted,0.921,0.821,0,0.265,1.362,0,0,0,0.443,0.22,1.359,0.109,0.501,0,0,6
08/02/2024,INFINIS LIMITED,INFINS-04,4,18:00,18:30,Test,within-day 2,1725,Accepted,0.966,2.131,0,0.708,0,0.051,0.108,0,0,0,0.028,0,0,0.009,0,4
08/02/2024,INFINIS LIMITED,INFINS-04,4,18:30,19:00,Test,within-day 2,1725,Accepted,0.966,2.131,0,0.708,0,0.051,0.108,0,0,0,0.028,0,0,0.009,0,4
08/02/2024,OAKTREE POWER LIMITED,OAKTRE-01,5,18:00,18:30,Test,within-day 2,1633,Accepted,0,0,0,0,0,0.5,0,0,0.5,0,0,4,0,0,0,5
08/02/2024,OAKTREE POWER LIMITED,OAKTRE-01,5,18:30,19:00,Test,within-day 2,1633,Accepted,0,0,0,0,0,0.5,0,0,0.5,0,0,4,0,0,0,5
08/02/2024,OCTOPUS ENERGY LIMITED,OCTOP-01,92,18:00,18:30,Test,within-day 2,1500,Accepted,1,4,5,7,7,11,9,3,12,9,6,11,4,3,0,92
08/02/2024,OCTOPUS ENERGY LIMITED,OCTOP-01,93,18:30,19:00,Test,within-day 2,1500,Accepted,1,4,5,7,7,11,8,4,12,9,6,12,4,3,0,93
08/02/2024,OCTOPUS ENERGY LIMITED,OCTOP-02,30,18:00,18:30,Test,within-day 2,1500,Accepted,0,1,2,2,2,4,3,1,4,3,2,4,1,1,0,30
08/02/2024,OCTOPUS ENERGY LIMITED,OCTOP-02,28,18:30,19:00,Test,within-day 2,1500,Accepted,0,1,1,2,2,3,3,1,4,3,2,4,1,1,0,28
08/02/2024,OVO ELECTRICITY LTD,OVO-01,5,18:00,18:30,Test,within-day 2,1495,Accepted,0,0,0,0,0,0,0,0,0,0,0,0,0,0,5,5
08/02/2024,OVO ELECTRICITY LTD,OVO-01,5,18:30,19:00,Test,within-day 2,1495,Accepted,0,0,0,0,0,0,0,0,0,0,0,0,0,0,5,5
08/02/2024,UTILITA ENERGY LIMITED,UTILIT-01,1,18:00,18:30,Test,within-day 2,1577,Accepted,0,0,0,0,0,0,0,0,0,0,0,0,0,0,1,1
08/02/2024,UTILITA ENERGY LIMITED,UTILIT-01,1,18:30,19:00,Test,within-day 2,1577,Accepted,0,0,0,0,0,0,0,0,0,0,0,0,0,0,1,1
08/02/2024,BRITISH GAS TRADING LIMITED,BGAS-01,50,18:00,18:30,Test,within-day 2,2300,Rejected,0.84743065,3.2203114,2.3728807,4.4067516,4.067836,4.4067516,3.5593212,2.7118905,6.949137,5.254276,2.3728807,5.932202,2.5423856,1.3559452,0,50
08/02/2024,BRITISH GAS TRADING LIMITED,BGAS-01,50,18:30,19:00,Test,within-day 2,2300,Rejected,0.84743065,3.2203114,2.3728807,4.4067516,4.067836,4.4067516,3.5593212,2.7118905,6.949137,5.254276,2.3728807,5.932202,2.5423856,1.3559452,0,50
08/02/2024,CUB (UK) LTD,CUB-01,3,18:00,18:30,Test,within-day 2,1898,Rejected,0,0.12,0.057,0.03,0.375,1,0.192,0.1125,0.89675,0,0.012,0.0675,0.13725,0,0,3
08/02/2024,CUB (UK) LTD,CUB-01,3,18:30,19:00,Test,within-day 2,1898,Rejected,0,0.12,0.057,0.03,0.375,1,0.192,0.1125,0.89675,0,0.012,0.0675,0.13725,0,0,3
08/02/2024,DRAX ENERGY SOLUTIONS LIMITED,DRAX-03,5,18:00,18:30,Test,within-day 2,1995,Rejected,0,0,0,0,1,1,1,0,0,0,0,0,1,1,0,5
08/02/2024,DRAX ENERGY SOLUTIONS LIMITED,DRAX-03,5,18:30,19:00,Test,within-day 2,1995,Rejected,0,0,0,0,1,1,1,0,0,0,0,0,1,1,0,5
08/02/2024,DRAX ENERGY SOLUTIONS LIMITED,DRAX-04,1,18:00,18:30,Test,within-day 2,2500,Rejected,0,0,0,0,0,0,0,0,1,0,0,0,0,0,0,1
08/02/2024,DRAX ENERGY SOLUTIONS LIMITED,DRAX-04,1,18:30,19:00,Test,within-day 2,2500,Rejected,0,0,0,0,0,0,0,0,1,0,0,0,0,0,0,1
08/02/2024,DRAX ENERGY SOLUTIONS LIMITED,DRAX-05,6,18:00,18:30,Test,within-day 2,1999,Rejected,0,0,0,3,0,0,0,0,0,0,0,0,3,0,0,6
08/02/2024,DRAX ENERGY SOLUTIONS LIMITED,DRAX-05,6,18:30,19:00,Test,within-day 2,1999,Rejected,0,0,0,3,0,0,0,0,0,0,0,0,3,0,0,6
08/02/2024,E.ON NEXT ENERGY LIMITED,EONNXT-01,5,18:00,18:30,Test,within-day 2,2300,Rejected,0.1,0.2,0.3,0.5,0.5,0.6,0.5,0.2,0.9,0.3,0.2,0.3,0.2,0.2,0,5
08/02/2024,E.ON NEXT ENERGY LIMITED,EONNXT-01,5,18:30,19:00,Test,within-day 2,2300,Rejected,0.1,0.2,0.3,0.5,0.4,0.6,0.5,0.2,0.9,0.3,0.2,0.3,0.3,0.2,0,5
08/02/2024,E.ON NEXT ENERGY LIMITED,EONNXT-02,5,18:00,18:30,Test,within-day 2,2300,Rejected,0.1,0.2,0.3,0.5,0.5,0.6,0.5,0.2,0.9,0.3,0.2,0.3,0.2,0.2,0,5
08/02/2024,E.ON NEXT ENERGY LIMITED,EONNXT-02,5,18:30,19:00,Test,within-day 2,2300,Rejected,0.1,0.2,0.3,0.5,0.4,0.6,0.5,0.2,0.9,0.3,0.2,0.3,0.3,0.2,0,5
08/02/2024,E.ON NEXT ENERGY LIMITED,EONNXT-03,5,18:00,18:30,Test,within-day 2,2300,Rejected,0.1,0.2,0.3,0.5,0.5,0.6,0.5,0.2,0.9,0.3,0.2,0.3,0.2,0.2,0,5
08/02/2024,E.ON NEXT ENERGY LIMITED,EONNXT-03,5,18:30,19:00,Test,within-day 2,2300,Rejected,0.1,0.2,0.3,0.5,0.4,0.6,0.5,0.2,0.9,0.3,0.2,0.3,0.3,0.2,0,5
08/02/2024,EDF ENERGY CUSTOMERS LIMITED,EDF-01,18,18:00,18:30,Test,within-day 2,1740,Rejected,0.3,1.2,1.2,1.2,1.2,1.2,1.2,0.9,1.2,1.8,2.1,3,0.9,0.6,0,18
08/02/2024,EDF ENERGY CUSTOMERS LIMITED,EDF-01,18,18:30,19:00,Test,within-day 2,1740,Rejected,0.3,1.2,1.2,1.2,1.2,1.2,1.2,0.9,1.2,1.8,2.1,3,0.9,0.6,0,18
08/02/2024,EDF ENERGY CUSTOMERS LIMITED,EDF-02,10,18:00,18:30,Test,within-day 2,1740,Rejected,0.2,0.6,0.6,0.6,0.7,0.7,0.7,0.5,0.7,1,1.2,1.7,0.5,0.3,0,10
08/02/2024,EDF ENERGY CUSTOMERS LIMITED,EDF-02,10,18:30,19:00,Test,within-day 2,1740,Rejected,0.2,0.6,0.6,0.6,0.7,0.7,0.7,0.5,0.7,1,1.2,1.7,0.5,0.3,0,10
08/02/2024,ENGIE POWER LIMITED,ENGIE-01,7,18:00,18:30,Test,within-day 2,2000,Rejected,0,0,0,0,0,0,0,0,7,0,0,0,0,0,0,7
08/02/2024,ENGIE POWER LIMITED,ENGIE-01,7,18:30,19:00,Test,within-day 2,2000,Rejected,0,0,0,0,0,0,0,0,7,0,0,0,0,0,0,7
08/02/2024,ENGIE POWER LIMITED,ENGIE-02,3,18:00,18:30,Test,within-day 2,2000,Rejected,0,0,0,1,0,0,0,2,0,0,0,0,0,0,0,3
08/02/2024,ENGIE POWER LIMITED,ENGIE-02,3,18:30,19:00,Test,within-day 2,2000,Rejected,0,0,0,1,0,0,0,2,0,0,0,0,0,0,0,3
08/02/2024,ENGIE POWER LIMITED,ENGIE-03,3,18:00,18:30,Test,within-day 2,2000,Rejected,0,0,0,0,3,0,0,0,0,0,0,0,0,0,0,3
08/02/2024,ENGIE POWER LIMITED,ENGIE-03,3,18:30,19:00,Test,within-day 2,2000,Rejected,0,0,0,0,3,0,0,0,0,0,0,0,0,0,0,3
08/02/2024,FLEXITRICITY LIMITED,FLEXIT-01,2,18:00,18:30,Test,within-day 2,2000,Rejected,0,0,0,0,1,0,0,0,0,0.5,0,0.5,0,0,0,2
08/02/2024,FLEXITRICITY LIMITED,FLEXIT-01,2,18:30,19:00,Test,within-day 2,2000,Rejected,0,0,0,0,1,0,0,0,0,0.5,0,0.5,0,0,0,2
08/02/2024,GRIDIMP LTD,GRIMP-01,3,18:00,18:30,Test,within-day 2,2500,Rejected,0,0,0,0,0,0,0,0,0,0,0,0,0,0,3,3
08/02/2024,GRIDIMP LTD,GRIMP-01,3,18:30,19:00,Test,within-day 2,2500,Rejected,0,0,0,0,0,0,0,0,0,0,0,0,0,0,3,3
08/02/2024,HILDEBRAND TECHNOLOGY LIMITED,HLDBRD-01,2,18:00,18:30,Test,within-day 2,3000,Rejected,0.1,0.1,0.2,0.4,0.1,0.2,0.3,0.1,0.1,0.1,0.1,0.1,0.1,0,0,2
08/02/2024,HILDEBRAND TECHNOLOGY LIMITED,HLDBRD-01,2,18:30,19:00,Test,within-day 2,3000,Rejected,0.1,0.1,0.2,0.4,0.1,0.2,0.3,0.1,0.1,0.1,0.1,0.1,0.1,0,0,2
08/02/2024,INFINIS LIMITED,INFINS-02,6,18:30,19:00,Test,within-day 2,1725,Rejected,1.909,0.577,0,0.546,0.709,0,0,0.011,0.044,0.097,1.85,0.136,0,0.121,0,6
08/02/2024,INFINIS LIMITED,INFINS-03,6,18:00,18:30,Test,within-day 2,1725,Rejected,0.921,0.821,0,0.265,1.362,0,0,0,0.443,0.22,1.359,0.109,0.501,0,0,6
08/02/2024,LEVELISE LIMITED,LEV-01,1,18:00,18:30,Test,within-day 2,1800,Rejected,0,0,0,0,0,0,0,0,0,0,0,0,0,0,1,1
08/02/2024,LEVELISE LIMITED,LEV-01,1,18:30,19:00,Test,within-day 2,1800,Rejected,0,0,0,0,0,0,0,0,0,0,0,0,0,0,1,1
08/02/2024,OAKTREE POWER LIMITED,OAKTRE-02,5,18:00,18:30,Test,within-day 2,2225,Rejected,0,0,0,0,0.2,1,0.1,0.1,1,0.2,0.2,2,0.2,0,0,5
08/02/2024,OAKTREE POWER LIMITED,OAKTRE-02,5,18:30,19:00,Test,within-day 2,2225,Rejected,0,0,0,0,0.2,1,0.1,0.1,1,0.2,0.2,2,0.2,0,0,5
08/02/2024,OAKTREE POWER LIMITED,OAKTRE-06,2,18:00,18:30,Test,within-day 2,1875,Rejected,0,0,0,0,0.3,0.1,0,0,0.6,0.4,0.3,0,0.3,0,0,2
08/02/2024,OAKTREE POWER LIMITED,OAKTRE-06,2,18:30,19:00,Test,within-day 2,1875,Rejected,0,0,0,0,0.3,0.1,0,0,0.6,0.4,0.3,0,0.3,0,0,2
08/02/2024,OAKTREE POWER LIMITED,OAKTRE-09,1,18:00,18:30,Test,within-day 2,1933,Rejected,0,0,0,0,0,0.4,0.3,0.3,0,0,0,0,0,0,0,1
08/02/2024,OAKTREE POWER LIMITED,OAKTRE-09,1,18:30,19:00,Test,within-day 2,1933,Rejected,0,0,0,0,0,0.4,0.3,0.3,0,0,0,0,0,0,0,1
08/02/2024,ORANGE POWER LTD,ORANGP-01,1,18:00,18:30,Test,within-day 2,2498,Rejected,0.023047375,0.056764834,0.049082372,0.034997866,0.05505762,0.10798122,0.09688434,0.009816475,0.1327358,0.09688434,0.088775076,0.14895433,0.04993598,0.049082372,0,1
08/02/2024,ORANGE POWER LTD,ORANGP-01,1,18:30,19:00,Test,within-day 2,2498,Rejected,0.023047375,0.056764834,0.049082372,0.034997866,0.05505762,0.10798122,0.09688434,0.009816475,0.1327358,0.09688434,0.088775076,0.14895433,0.04993598,0.049082372,0,1
08/02/2024,PERSE TECHNOLOGY LIMITED,PERSE-01,7,18:00,18:30,Test,within-day 2,1998,Rejected,0.06,1.01,0.66,0.38,0.82,0.99,0.36,0.19,0.39,0.53,0.17,0.53,0.32,0.59,0,7
08/02/2024,PERSE TECHNOLOGY LIMITED,PERSE-01,7,18:30,19:00,Test,within-day 2,1998,Rejected,0.06,0.97,0.66,0.38,0.83,1.03,0.33,0.19,0.38,0.53,0.16,0.54,0.31,0.63,0,7
08/02/2024,SOLO ENERGY LIMITED,SMS-01,2,18:00,18:30,Test,within-day 2,2000,Rejected,0.03,0.09,0.09,0.13,0.15,0.2,0.16,0.06,0.28,0.16,0.11,0.25,0.09,0.07,0.13,2
08/02/2024,SOLO ENERGY LIMITED,SMS-01,2,18:30,19:00,Test,within-day 2,2000,Rejected,0.03,0.09,0.09,0.13,0.15,0.2,0.16,0.07,0.27,0.16,0.11,0.25,0.09,0.07,0.13,2
08/02/2024,SOLO ENERGY LIMITED,SMS-02,4,18:00,18:30,Test,within-day 2,2000,Rejected,0.07,0.17,0.25,0.27,0.37,0.49,0.34,0.13,0.53,0.35,0.22,0.42,0.16,0.12,0.11,4
08/02/2024,SOLO ENERGY LIMITED,SMS-02,4,18:30,19:00,Test,within-day 2,2000,Rejected,0.07,0.17,0.25,0.27,0.36,0.48,0.34,0.14,0.53,0.35,0.22,0.42,0.16,0.12,0.12,4
08/02/2024,SOLO ENERGY LIMITED,SMS-03,1,18:00,18:30,Test,within-day 2,2000,Rejected,0.01,0.03,0.04,0.06,0.06,0.12,0.08,0.03,0.16,0.11,0.05,0.13,0.04,0.03,0.05,1
08/02/2024,SOLO ENERGY LIMITED,SMS-03,1,18:30,19:00,Test,within-day 2,2000,Rejected,0.01,0.03,0.04,0.06,0.06,0.12,0.08,0.03,0.16,0.11,0.05,0.13,0.04,0.03,0.05,1
08/02/2024,SOLO ENERGY LIMITED,SMS-04,1,18:00,18:30,Test,within-day 2,2000,Rejected,0.01,0.05,0.04,0.05,0.06,0.12,0.12,0.03,0.12,0.1,0.06,0.12,0.05,0.04,0.03,1
08/02/2024,SOLO ENERGY LIMITED,SMS-04,1,18:30,19:00,Test,within-day 2,2000,Rejected,0.01,0.05,0.04,0.05,0.06,0.12,0.13,0.03,0.11,0.1,0.06,0.13,0.05,0.05,0.01,1
08/02/2024,SOLO ENERGY LIMITED,SMS-05,1,18:00,18:30,Test,within-day 2,2000,Rejected,0.01,0.03,0.04,0.06,0.06,0.12,0.08,0.03,0.16,0.11,0.05,0.13,0.04,0.03,0.05,1
08/02/2024,SOLO ENERGY LIMITED,SMS-05,1,18:30,19:00,Test,within-day 2,2000,Rejected,0.01,0.03,0.04,0.06,0.06,0.12,0.08,0.03,0.16,0.11,0.05,0.13,0.04,0.03,0.05,1
08/02/2024,SOLO ENERGY LIMITED,SMS-06,1,18:00,18:30,Test,within-day 2,2000,Rejected,0.01,0.05,0.04,0.05,0.06,0.12,0.12,0.03,0.12,0.1,0.06,0.12,0.05,0.04,0.03,1
08/02/2024,SOLO ENERGY LIMITED,SMS-06,1,18:30,19:00,Test,within-day 2,2000,Rejected,0.01,0.05,0.04,0.05,0.06,0.12,0.13,0.03,0.11,0.1,0.06,0.13,0.05,0.05,0.01,1
08/02/2024,SSE DIGITAL SERVICES LIMITED,SSE-01,1,18:00,18:30,Test,within-day 2,2000,Rejected,0,0,0,0.35,0,0,0.05,0.6,0,0,0,0,0,0,0,1
08/02/2024,SSE DIGITAL SERVICES LIMITED,SSE-01,1,18:30,19:00,Test,within-day 2,2000,Rejected,0,0,0,0.35,0,0,0.05,0.6,0,0,0,0,0,0,0,1
08/02/2024,URBAN RESERVE (ASSETCO 2) LIMITED,URAC-01,4,18:00,18:30,Test,within-day 2,2950,Rejected,0,0,0,0,0,0,0,0,0,0,0,0,4,0,0,4
08/02/2024,URBAN RESERVE (ASSETCO 2) LIMITED,URAC-01,4,18:30,19:00,Test,within-day 2,2950,Rejected,0,0,0,0,0,0,0,0,0,0,0,0,4,0,0,4
08/02/2024,UTILITA ENERGY LIMITED,UTILIT-02,1,18:00,18:30,Test,within-day 2,1873,Rejected,0,0,0,0,0,0,0,0,0,0,0,0,0,0,1,1
08/02/2024,UTILITA ENERGY LIMITED,UTILIT-02,1,18:30,19:00,Test,within-day 2,1873,Rejected,0,0,0,0,0,0,0,0,0,0,0,0,0,0,1,1
02/02/2024,CUB (UK) LTD,CUB-01,6,17:00,17:30,Test,within-day 1,2498,Accepted,0,0.24,0.114,0.06,1.75,2,0.384,0.225,0.7935,0,0.024,0.135,0.2745,0,0,6
02/02/2024,CUB (UK) LTD,CUB-01,6,17:30,18:00,Test,within-day 1,2498,Accepted,0,0.24,0.114,0.06,1.75,2,0.384,0.225,0.7935,0,0.024,0.135,0.2745,0,0,6
02/02/2024,DRAX ENERGY SOLUTIONS LIMITED,DRAX-03,9,17:00,17:30,Test,within-day 1,2500,Accepted,0,0,0,0,1.8,1.8,1.8,0,0,0,0,0,1.8,1.8,0,9
02/02/2024,DRAX ENERGY SOLUTIONS LIMITED,DRAX-03,9,17:30,18:00,Test,within-day 1,2500,Accepted,0,0,0,0,1.8,1.8,1.8,0,0,0,0,0,1.8,1.8,0,9
02/02/2024,DRAX ENERGY SOLUTIONS LIMITED,DRAX-04,1,17:00,17:30,Test,within-day 1,2000,Accepted,0,0,0,0,0,0,0,0,1,0,0,0,0,0,0,1
02/02/2024,DRAX ENERGY SOLUTIONS LIMITED,DRAX-04,1,17:30,18:00,Test,within-day 1,2000,Accepted,0,0,0,0,0,0,0,0,1,0,0,0,0,0,0,1
02/02/2024,DRAX ENERGY SOLUTIONS LIMITED,DRAX-05,12,17:00,17:30,Test,within-day 1,2000,Accepted,0,0,0,6,0,0,0,0,0,0,0,0,6,0,0,12
02/02/2024,DRAX ENERGY SOLUTIONS LIMITED,DRAX-05,12,17:30,18:00,Test,within-day 1,2000,Accepted,0,0,0,6,0,0,0,0,0,0,0,0,6,0,0,12
02/02/2024,DRAX ENERGY SOLUTIONS LIMITED,DRAX-06,1,17:00,17:30,Test,within-day 1,1000,Accepted,0,0,0,0,0,0,0,0,1,0,0,0,0,0,0,1
02/02/2024,DRAX ENERGY SOLUTIONS LIMITED,DRAX-06,1,17:30,18:00,Test,within-day 1,1000,Accepted,0,0,0,0,0,0,0,0,1,0,0,0,0,0,0,1
02/02/2024,E.ON NEXT ENERGY LIMITED,EONNXT-01,6,17:00,17:30,Test,within-day 1,1500,Accepted,0,0.31,0.345,0.69,0.69,0.69,0.69,0.345,1.035,0.3,0.3,0.3,0.3,0,0,6
02/02/2024,E.ON NEXT ENERGY LIMITED,EONNXT-01,6,17:30,18:00,Test,within-day 1,1500,Accepted,0,0.31,0.345,0.69,0.69,0.69,0.69,0.345,1.035,0.3,0.3,0.3,0.3,0,0,6
02/02/2024,E.ON NEXT ENERGY LIMITED,EONNXT-02,6,17:00,17:30,Test,within-day 1,1500,Accepted,0,0.31,0.345,0.69,0.69,0.69,0.69,0.345,1.035,0.3,0.3,0.3,0.3,0,0,6
02/02/2024,E.ON NEXT ENERGY LIMITED,EONNXT-02,6,17:30,18:00,Test,within-day 1,1500,Accepted,0,0.31,0.345,0.69,0.69,0.69,0.69,0.345,1.035,0.3,0.3,0.3,0.3,0,0,6
02/02/2024,E.ON NEXT ENERGY LIMITED,EONNXT-03,6,17:00,17:30,Test,within-day 1,1500,Accepted,0,0.31,0.345,0.69,0.69,0.69,0.69,0.345,1.035,0.3,0.3,0.3,0.3,0,0,6
02/02/2024,E.ON NEXT ENERGY LIMITED,EONNXT-03,6,17:30,18:00,Test,within-day 1,1500,Accepted,0,0.31,0.345,0.69,0.69,0.69,0.69,0.345,1.035,0.3,0.3,0.3,0.3,0,0,6
02/02/2024,ENGIE POWER LIMITED,ENGIE-01,7,17:00,17:30,Test,within-day 1,2000,Accepted,0,0,0,0,0,0,0,0,7,0,0,0,0,0,0,7
02/02/2024,ENGIE POWER LIMITED,ENGIE-01,7,17:30,18:00,Test,within-day 1,2000,Accepted,0,0,0,0,0,0,0,0,7,0,0,0,0,0,0,7
02/02/2024,ENGIE POWER LIMITED,ENGIE-02,3,17:00,17:30,Test,within-day 1,2000,Accepted,0,0,0,1,0,0,0,2,0,0,0,0,0,0,0,3
02/02/2024,ENGIE POWER LIMITED,ENGIE-02,3,17:30,18:00,Test,within-day 1,2000,Accepted,0,0,0,1,0,0,0,2,0,0,0,0,0,0,0,3
02/02/2024,ENGIE POWER LIMITED,ENGIE-03,3,17:00,17:30,Test,within-day 1,2000,Accepted,0,0,0,0,3,0,0,0,0,0,0,0,0,0,0,3
02/02/2024,ENGIE POWER LIMITED,ENGIE-03,3,17:30,18:00,Test,within-day 1,2000,Accepted,0,0,0,0,3,0,0,0,0,0,0,0,0,0,0,3
02/02/2024,GRIDIMP LTD,GRIMP-01,3,17:00,17:30,Test,within-day 1,2500,Accepted,0,0,0,0,0,0,0,0,0,0,0,0,0,0,3,3
02/02/2024,GRIDIMP LTD,GRIMP-01,3,17:30,18:00,Test,within-day 1,2500,Accepted,0,0,0,0,0,0,0,0,0,0,0,0,0,0,3,3
02/02/2024,HILDEBRAND TECHNOLOGY LIMITED,HLDBRD-01,3,17:00,17:30,Test,within-day 1,2500,Accepted,0.1,0.1,0.2,1.4,0.1,0.2,0.3,0.1,0.1,0.1,0.1,0.1,0.1,0,0,3
02/02/2024,HILDEBRAND TECHNOLOGY LIMITED,HLDBRD-01,3,17:30,18:00,Test,within-day 1,2500,Accepted,0.1,0.1,0.2,1.4,0.1,0.2,0.3,0.1,0.1,0.1,0.1,0.1,0.1,0,0,3
02/02/2024,LEVELISE LIMITED,LEV-01,1,17:00,17:30,Test,within-day 1,1600,Accepted,0,0,0,0,0,0,0,0,0,0,0,0,0,0,1,1
02/02/2024,LEVELISE LIMITED,LEV-01,1,17:30,18:00,Test,within-day 1,1600,Accepted,0,0,0,0,0,0,0,0,0,0,0,0,0,0,1,1
02/02/2024,OCTOPUS ENERGY LIMITED,OCTOP-01,75,17:00,17:30,Test,within-day 1,1750,Accepted,1,4,4,6,6,9,7,2,10,7,5,9,3,2,0,75
02/02/2024,OCTOPUS ENERGY LIMITED,OCTOP-01,79,17:30,18:00,Test,within-day 1,1750,Accepted,1,4,4,6,6,9,7,3,11,7,5,10,4,2,0,79
02/02/2024,SOLO ENERGY LIMITED,SMS-01,2,17:00,17:30,Test,within-day 1,2500,Accepted,0.04,0.09,0.09,0.13,0.16,0.21,0.16,0.06,0.28,0.15,0.11,0.25,0.09,0.07,0.11,2
02/02/2024,SOLO ENERGY LIMITED,SMS-01,2,17:30,18:00,Test,within-day 1,2500,Accepted,0.03,0.09,0.09,0.13,0.15,0.21,0.16,0.06,0.27,0.16,0.11,0.25,0.09,0.07,0.13,2
02/02/2024,SOLO ENERGY LIMITED,SMS-02,5,17:00,17:30,Test,within-day 1,1500,Accepted,0.09,0.22,0.33,0.35,0.47,0.62,0.44,0.15,0.66,0.42,0.28,0.5,0.2,0.14,0.13,5
02/02/2024,SOLO ENERGY LIMITED,SMS-02,5,17:30,18:00,Test,within-day 1,1500,Accepted,0.09,0.22,0.33,0.35,0.47,0.62,0.44,0.15,0.66,0.42,0.28,0.5,0.2,0.14,0.13,5
02/02/2024,SOLO ENERGY LIMITED,SMS-03,1,17:00,17:30,Test,within-day 1,2500,Accepted,0.02,0.03,0.04,0.06,0.07,0.12,0.08,0.03,0.15,0.1,0.06,0.13,0.04,0.03,0.04,1
02/02/2024,SOLO ENERGY LIMITED,SMS-03,1,17:30,18:00,Test,within-day 1,2500,Accepted,0.01,0.03,0.04,0.06,0.06,0.12,0.08,0.03,0.15,0.1,0.06,0.13,0.04,0.03,0.06,1
02/02/2024,SOLO ENERGY LIMITED,SMS-04,1,17:00,17:30,Test,within-day 1,2500,Accepted,0.02,0.03,0.04,0.06,0.07,0.12,0.08,0.03,0.15,0.1,0.06,0.13,0.04,0.03,0.04,1
02/02/2024,SOLO ENERGY LIMITED,SMS-04,1,17:30,18:00,Test,within-day 1,2500,Accepted,0.01,0.03,0.04,0.06,0.06,0.12,0.08,0.03,0.15,0.1,0.06,0.13,0.04,0.03,0.06,1
02/02/2024,SOLO ENERGY LIMITED,SMS-05,1,17:00,17:30,Test,within-day 1,2500,Accepted,0.02,0.03,0.04,0.06,0.07,0.12,0.08,0.03,0.15,0.1,0.06,0.13,0.04,0.03,0.04,1
02/02/2024,SOLO ENERGY LIMITED,SMS-05,1,17:30,18:00,Test,within-day 1,2500,Accepted,0.01,0.03,0.04,0.06,0.06,0.12,0.08,0.03,0.15,0.1,0.06,0.13,0.04,0.03,0.06,1
02/02/2024,SOLO ENERGY LIMITED,SMS-06,1,17:00,17:30,Test,within-day 1,2500,Accepted,0.02,0.03,0.04,0.06,0.07,0.12,0.08,0.03,0.15,0.1,0.06,0.13,0.04,0.03,0.04,1
02/02/2024,SOLO ENERGY LIMITED,SMS-06,1,17:30,18:00,Test,within-day 1,2500,Accepted,0.01,0.03,0.04,0.06,0.06,0.12,0.08,0.03,0.15,0.1,0.06,0.13,0.04,0.03,0.06,1
02/02/2024,URBAN RESERVE (ASSETCO 2) LIMITED,URAC-01,4,17:00,17:30,Test,within-day 1,2500,Accepted,0,0,0,0,0,0,0,0,0,0,0,0,4,0,0,4
02/02/2024,URBAN RESERVE (ASSETCO 2) LIMITED,URAC-01,4,17:30,18:00,Test,within-day 1,2500,Accepted,0,0,0,0,0,0,0,0,0,0,0,0,4,0,0,4
02/02/2024,AXLE ENERGY LIMITED,Axle-01,10,17:00,17:30,Test,within-day 1,2989,Rejected,0,0,0,0,0,0,0,0,0,0,0,0,0,0,10,10
02/02/2024,AXLE ENERGY LIMITED,Axle-01,10,17:30,18:00,Test,within-day 1,2989,Rejected,0,0,0,0,0,0,0,0,0,0,0,0,0,0,10,10
02/02/2024,BRITISH GAS TRADING LIMITED,BGAS-01,81,17:00,17:30,Test,within-day 1,3000,Rejected,1.3728377,5.2169046,3.8440669,7.138938,6.589894,7.138938,5.7661,4.3932624,11.257603,8.511928,3.8440669,9.610167,4.1186647,2.1966312,0,81
02/02/2024,BRITISH GAS TRADING LIMITED,BGAS-01,82,17:30,18:00,Test,within-day 1,3000,Rejected,1.3897862,5.2813106,3.8915243,7.2270727,6.6712503,7.2270727,5.8372865,4.4475,11.396585,8.617013,3.8915243,9.728811,4.1695123,2.22375,0,82
02/02/2024,DRAX ENERGY SOLUTIONS LIMITED,DRAX-02,8,17:00,17:30,Test,within-day 1,2600,Rejected,0,0,0,0,0,0,0,1.6,1.6,1.6,0,3.2,0,0,0,8
02/02/2024,DRAX ENERGY SOLUTIONS LIMITED,DRAX-02,8,17:30,18:00,Test,within-day 1,2600,Rejected,0,0,0,0,0,0,0,1.6,1.6,1.6,0,3.2,0,0,0,8
02/02/2024,EDF ENERGY CUSTOMERS LIMITED,EDF-01,18,17:00,17:30,Test,within-day 1,3000,Rejected,0.3,1.2,1.2,1.2,1.2,1.2,1.2,0.9,1.2,1.8,2.1,3,0.9,0.6,0,18
02/02/2024,EDF ENERGY CUSTOMERS LIMITED,EDF-01,18,17:30,18:00,Test,within-day 1,3000,Rejected,0.3,1.2,1.2,1.2,1.2,1.2,1.2,0.9,1.2,1.8,2.1,3,0.9,0.6,0,18
02/02/2024,EDF ENERGY CUSTOMERS LIMITED,EDF-02,10,17:00,17:30,Test,within-day 1,3000,Rejected,0.2,0.6,0.6,0.6,0.7,0.7,0.7,0.5,0.7,1,1.2,1.7,0.5,0.3,0,10
02/02/2024,EDF ENERGY CUSTOMERS LIMITED,EDF-02,10,17:30,18:00,Test,within-day 1,3000,Rejected,0.2,0.6,0.6,0.6,0.7,0.7,0.7,0.5,0.7,1,1.2,1.7,0.5,0.3,0,10
02/02/2024,EQUIWATT LIMITED,EQUIWA-01,8,17:00,17:30,Test,within-day 1,2950,Rejected,0,0,0,0,0,0,0,0,0,0,0,0,0,0,8,8
02/02/2024,EQUIWATT LIMITED,EQUIWA-01,8,17:30,18:00,Test,within-day 1,2950,Rejected,0,0,0,0,0,0,0,0,0,0,0,0,0,0,8,8
02/02/2024,FLEXITRICITY LIMITED,FLEXIT-01,2,17:00,17:30,Test,within-day 1,3000,Rejected,0,0,0,0,1,0,0,0,0,0.5,0,0.5,0,0,0,2
02/02/2024,FLEXITRICITY LIMITED,FLEXIT-01,2,17:30,18:00,Test,within-day 1,3000,Rejected,0,0,0,0,1,0,0,0,0,0.5,0,0.5,0,0,0,2
02/02/2024,GRIDBEYOND LIMITED,GRIDBE-05,1,17:00,17:30,Test,within-day 1,3000,Rejected,0,0,1,0,0,0,0,0,0,0,0,0,0,0,0,1
02/02/2024,GRIDBEYOND LIMITED,GRIDBE-05,1,17:30,18:00,Test,within-day 1,3000,Rejected,0,0,1,0,0,0,0,0,0,0,0,0,0,0,0,1
02/02/2024,GRIDBEYOND LIMITED,GRIDBE-06,3,17:00,17:30,Test,within-day 1,3000,Rejected,0,0,1,0,1,0,1,0,0,0,0,0,0,0,0,3
02/02/2024,GRIDBEYOND LIMITED,GRIDBE-06,3,17:30,18:00,Test,within-day 1,3000,Rejected,0,0,1,0,1,0,1,0,0,0,0,0,0,0,0,3
02/02/2024,GRIDBEYOND LIMITED,GRIDBE-07,1,17:00,17:30,Test,within-day 1,3000,Rejected,1,0,0,0,0,0,0,0,0,0,0,0,0,0,0,1
02/02/2024,GRIDBEYOND LIMITED,GRIDBE-07,1,17:30,18:00,Test,within-day 1,3000,Rejected,1,0,0,0,0,0,0,0,0,0,0,0,0,0,0,1
02/02/2024,GRIDBEYOND LIMITED,GRIDBE-08,1,17:00,17:30,Test,within-day 1,3000,Rejected,0.3,0,0,0,0,0,0,0.7,0,0,0,0,0,0,0,1
02/02/2024,GRIDBEYOND LIMITED,GRIDBE-08,1,17:30,18:00,Test,within-day 1,3000,Rejected,0.3,0,0,0,0,0,0,0.7,0,0,0,0,0,0,0,1
02/02/2024,INFINIS LIMITED,INFINS-01,6,17:00,17:30,Test,within-day 1,2950,Rejected,2.08,0.848,0,0.492,0.867,0,0.3,0,0.21,0,0.156,0.38,0,0.667,0,6
02/02/2024,INFINIS LIMITED,INFINS-01,6,17:30,18:00,Test,within-day 1,2950,Rejected,2.08,0.848,0,0.492,0.867,0,0.3,0,0.21,0,0.156,0.38,0,0.667,0,6
02/02/2024,INFINIS LIMITED,INFINS-02,6,17:00,17:30,Test,within-day 1,2950,Rejected,1.909,0.577,0,0.546,0.709,0,0,0.011,0.044,0.097,1.85,0.136,0,0.121,0,6
02/02/2024,INFINIS LIMITED,INFINS-02,6,17:30,18:00,Test,within-day 1,2950,Rejected,1.909,0.577,0,0.546,0.709,0,0,0.011,0.044,0.097,1.85,0.136,0,0.121,0,6
02/02/2024,INFINIS LIMITED,INFINS-03,6,17:00,17:30,Test,within-day 1,2950,Rejected,0.921,0.821,0,0.265,1.362,0,0,0,0.443,0.22,1.359,0.109,0.501,0,0,6
02/02/2024,INFINIS LIMITED,INFINS-03,6,17:30,18:00,Test,within-day 1,2950,Rejected,0.921,0.821,0,0.265,1.362,0,0,0,0.443,0.22,1.359,0.109,0.501,0,0,6
02/02/2024,INFINIS LIMITED,INFINS-04,4,17:00,17:30,Test,within-day 1,2950,Rejected,0.966,2.131,0,0.708,0,0.051,0.108,0,0,0,0.028,0,0,0.009,0,4
02/02/2024,INFINIS LIMITED,INFINS-04,4,17:30,18:00,Test,within-day 1,2950,Rejected,0.966,2.131,0,0.708,0,0.051,0.108,0,0,0,0.028,0,0,0.009,0,4
02/02/2024,OAKTREE POWER LIMITED,OAKTRE-01,5,17:00,17:30,Test,within-day 1,4555,Rejected,0,0,0,0,0,0.5,0,0,0.5,0,0,4,0,0,0,5
02/02/2024,OAKTREE POWER LIMITED,OAKTRE-01,5,17:30,18:00,Test,within-day 1,4555,Rejected,0,0,0,0,0,0.5,0,0,0.5,0,0,4,0,0,0,5
02/02/2024,OAKTREE POWER LIMITED,OAKTRE-02,5,17:00,17:30,Test,within-day 1,4000,Rejected,0,0,0,0,0.2,1,0.1,0.1,1,0.2,0.2,2,0.2,0,0,5
02/02/2024,OAKTREE POWER LIMITED,OAKTRE-02,5,17:30,18:00,Test,within-day 1,4000,Rejected,0,0,0,0,0.2,1,0.1,0.1,1,0.2,0.2,2,0.2,0,0,5
02/02/2024,OAKTREE POWER LIMITED,OAKTRE-06,2,17:00,17:30,Test,within-day 1,4333,Rejected,0,0,0,0,0.3,0.1,0,0,0.6,0.4,0.3,0,0.3,0,0,2
02/02/2024,OAKTREE POWER LIMITED,OAKTRE-06,2,17:30,18:00,Test,within-day 1,4333,Rejected,0,0,0,0,0.3,0.1,0,0,0.6,0.4,0.3,0,0.3,0,0,2
02/02/2024,OAKTREE POWER LIMITED,OAKTRE-09,1,17:00,17:30,Test,within-day 1,4111,Rejected,0,0,0,0,0,0.4,0.3,0.3,0,0,0,0,0,0,0,1
02/02/2024,OAKTREE POWER LIMITED,OAKTRE-09,1,17:30,18:00,Test,within-day 1,4111,Rejected,0,0,0,0,0,0.4,0.3,0.3,0,0,0,0,0,0,0,1
02/02/2024,ORANGE POWER LTD,ORANGP-01,1,17:00,17:30,Test,within-day 1,5799,Rejected,0.023047375,0.056764834,0.049082372,0.034997866,0.05505762,0.10798122,0.09688434,0.009816475,0.1327358,0.09688434,0.088775076,0.14895433,0.04993598,0.049082372,0,1
02/02/2024,ORANGE POWER LTD,ORANGP-01,1,17:30,18:00,Test,within-day 1,5799,Rejected,0.023047375,0.056764834,0.049082372,0.034997866,0.05505762,0.10798122,0.09688434,0.009816475,0.1327358,0.09688434,0.088775076,0.14895433,0.04993598,0.049082372,0,1
02/02/2024,OVO ELECTRICITY LTD,OVO-01,4,17:00,17:30,Test,within-day 1,3000,Rejected,0,0,0,0,0,0,0,0,0,0,0,0,0,0,4,4
02/02/2024,OVO ELECTRICITY LTD,OVO-01,4,17:30,18:00,Test,within-day 1,3000,Rejected,0,0,0,0,0,0,0,0,0,0,0,0,0,0,4,4
02/02/2024,PERSE TECHNOLOGY LIMITED,PERSE-01,7,17:00,17:30,Test,within-day 1,3000,Rejected,0.01,0.95,0.73,0.33,0.84,0.97,0.54,0.15,0.38,0.51,0.14,0.49,0.29,0.67,0,7
02/02/2024,PERSE TECHNOLOGY LIMITED,PERSE-01,7,17:30,18:00,Test,within-day 1,3000,Rejected,0.04,0.96,0.69,0.36,0.84,0.99,0.47,0.18,0.39,0.53,0.16,0.51,0.32,0.56,0,7
02/02/2024,SSE DIGITAL SERVICES LIMITED,SSE-01,1,17:00,17:30,Test,within-day 1,2999,Rejected,0,0,0,0.35,0,0,0.05,0.6,0,0,0,0,0,0,0,1
02/02/2024,SSE DIGITAL SERVICES LIMITED,SSE-01,1,17:30,18:00,Test,within-day 1,2999,Rejected,0,0,0,0.35,0,0,0.05,0.6,0,0,0,0,0,0,0,1
02/02/2024,UTILITA ENERGY LIMITED,UTILIT-01,2,17:00,17:30,Test,within-day 1,5500,Rejected,0,0,0,0,0,0,0,0,0,0,0,0,0,0,2,2
02/02/2024,UTILITA ENERGY LIMITED,UTILIT-01,2,17:30,18:00,Test,within-day 1,5500,Rejected,0,0,0,0,0,0,0,0,0,0,0,0,0,0,2,2
02/02/2024,UTILITA ENERGY LIMITED,UTILIT-02,2,17:00,17:30,Test,within-day 1,2998,Rejected,0,0,0,0,0,0,0,0,0,0,0,0,0,0,2,2
02/02/2024,UTILITA ENERGY LIMITED,UTILIT-02,2,17:30,18:00,Test,within-day 1,2998,Rejected,0,0,0,0,0,0,0,0,0,0,0,0,0,0,2,2
17/01/2024,AXLE ENERGY LIMITED,Axle-01,10,17:30,18:00,Test,within-day 1,3000,Accepted,0,0,0,0,0,0,0,0,0,0,0,0,0,0,10,10
17/01/2024,AXLE ENERGY LIMITED,Axle-01,10,18:00,18:30,Test,within-day 1,3000,Accepted,0,0,0,0,0,0,0,0,0,0,0,0,0,0,10,10
17/01/2024,BRITISH GAS TRADING LIMITED,BGAS-01,81,17:30,18:00,Test,within-day 1,3000,Accepted,1.3728377,5.2169046,3.8440669,7.138938,6.589894,7.138938,5.7661,4.3932624,11.257603,8.511928,3.8440669,9.610167,4.1186647,2.1966312,0,81
17/01/2024,BRITISH GAS TRADING LIMITED,BGAS-01,82,18:00,18:30,Test,within-day 1,3000,Accepted,1.3897862,5.2813106,3.8915243,7.2270727,6.6712503,7.2270727,5.8372865,4.4475,11.396585,8.617013,3.8915243,9.728811,4.1695123,2.22375,0,82
17/01/2024,CONRAD ENERGY (TRADING) LIMITED,CONRAD-02,7,17:30,18:00,Test,within-day 1,3000,Accepted,0,0,0,0,0,0,0,0,0,0,7,0,0,0,0,7
17/01/2024,CONRAD ENERGY (TRADING) LIMITED,CONRAD-02,7,18:00,18:30,Test,within-day 1,3000,Accepted,0,0,0,0,0,0,0,0,0,0,7,0,0,0,0,7
17/01/2024,CUB (UK) LTD,CUB-01,4,17:30,18:00,Test,within-day 1,3000,Accepted,0,0.16,0.076,0.04,0.5,2,0.256,0.15,0.529,0,0.016,0.09,0.183,0,0,4
17/01/2024,CUB (UK) LTD,CUB-01,4,18:00,18:30,Test,within-day 1,3000,Accepted,0,0.16,0.076,0.04,0.5,2,0.256,0.15,0.529,0,0.016,0.09,0.183,0,0,4
17/01/2024,DRAX ENERGY SOLUTIONS LIMITED,DRAX-02,3,17:30,18:00,Test,within-day 1,3000,Accepted,0,0,0,0,0,0,0,0.6,0.6,0.6,0,1.2,0,0,0,3
17/01/2024,DRAX ENERGY SOLUTIONS LIMITED,DRAX-02,3,18:00,18:30,Test,within-day 1,3000,Accepted,0,0,0,0,0,0,0,0.6,0.6,0.6,0,1.2,0,0,0,3
17/01/2024,DRAX ENERGY SOLUTIONS LIMITED,DRAX-03,5,17:30,18:00,Test,within-day 1,3000,Accepted,0,0,0,0,1,1,1,0,0,0,0,0,1,1,0,5
17/01/2024,DRAX ENERGY SOLUTIONS LIMITED,DRAX-03,5,18:00,18:30,Test,within-day 1,3000,Accepted,0,0,0,0,1,1,1,0,0,0,0,0,1,1,0,5
17/01/2024,DRAX ENERGY SOLUTIONS LIMITED,DRAX-04,1,17:30,18:00,Test,within-day 1,3000,Accepted,0,0,0,0,0,0,0,0,1,0,0,0,0,0,0,1
17/01/2024,DRAX ENERGY SOLUTIONS LIMITED,DRAX-04,1,18:00,18:30,Test,within-day 1,3000,Accepted,0,0,0,0,0,0,0,0,1,0,0,0,0,0,0,1
17/01/2024,DRAX ENERGY SOLUTIONS LIMITED,DRAX-05,6,17:30,18:00,Test,within-day 1,3000,Accepted,0,0,0,3,0,0,0,0,0,0,0,0,3,0,0,6
17/01/2024,DRAX ENERGY SOLUTIONS LIMITED,DRAX-05,6,18:00,18:30,Test,within-day 1,3000,Accepted,0,0,0,3,0,0,0,0,0,0,0,0,3,0,0,6
17/01/2024,E.ON NEXT ENERGY LIMITED,EONNXT-01,27,17:30,18:00,Test,within-day 1,3000,Accepted,0,1,2,3,2,4,3,1,5,1,1,2,1,1,0,27
17/01/2024,E.ON NEXT ENERGY LIMITED,EONNXT-01,27,18:00,18:30,Test,within-day 1,3000,Accepted,0,1,2,3,2,4,3,1,5,1,1,2,1,1,0,27
17/01/2024,EDF ENERGY CUSTOMERS LIMITED,EDF-01,18,17:30,18:00,Test,within-day 1,3000,Accepted,0.3,1.2,1.2,1.2,1.2,1.2,1.2,0.9,1.2,1.8,2.1,3,0.9,0.6,0,18
17/01/2024,EDF ENERGY CUSTOMERS LIMITED,EDF-01,18,18:00,18:30,Test,within-day 1,3000,Accepted,0.3,1.2,1.2,1.2,1.2,1.2,1.2,0.9,1.2,1.8,2.1,3,0.9,0.6,0,18
17/01/2024,EDF ENERGY CUSTOMERS LIMITED,EDF-02,10,17:30,18:00,Test,within-day 1,3000,Accepted,0.2,0.6,0.6,0.6,0.7,0.7,0.7,0.5,0.7,1,1.2,1.7,0.5,0.3,0,10
17/01/2024,EDF ENERGY CUSTOMERS LIMITED,EDF-02,10,18:00,18:30,Test,within-day 1,3000,Accepted,0.2,0.6,0.6,0.6,0.7,0.7,0.7,0.5,0.7,1,1.2,1.7,0.5,0.3,0,10
17/01/2024,ENGIE POWER LIMITED,ENGIE-01,7,17:30,18:00,Test,within-day 1,3000,Accepted,0,0,0,0,0,0,0,0,7,0,0,0,0,0,0,7
17/01/2024,ENGIE POWER LIMITED,ENGIE-01,7,18:00,18:30,Test,within-day 1,3000,Accepted,0,0,0,0,0,0,0,0,7,0,0,0,0,0,0,7
17/01/2024,ENGIE POWER LIMITED,ENGIE-02,3,17:30,18:00,Test,within-day 1,3000,Accepted,0,0,0,1,0,0,0,2,0,0,0,0,0,0,0,3
17/01/2024,ENGIE POWER LIMITED,ENGIE-02,3,18:00,18:30,Test,within-day 1,3000,Accepted,0,0,0,1,0,0,0,2,0,0,0,0,0,0,0,3
17/01/2024,ENGIE POWER LIMITED,ENGIE-03,3,17:30,18:00,Test,within-day 1,3000,Accepted,0,0,0,0,3,0,0,0,0,0,0,0,0,0,0,3
17/01/2024,ENGIE POWER LIMITED,ENGIE-03,3,18:00,18:30,Test,within-day 1,3000,Accepted,0,0,0,0,3,0,0,0,0,0,0,0,0,0,0,3
17/01/2024,EQUIWATT LIMITED,EQUIWA-01,7,17:30,18:00,Test,within-day 1,3000,Accepted,0,0,0,0,0,0,0,0,0,0,0,0,0,0,7,7
17/01/2024,EQUIWATT LIMITED,EQUIWA-01,7,18:00,18:30,Test,within-day 1,3000,Accepted,0,0,0,0,0,0,0,0,0,0,0,0,0,0,7,7
17/01/2024,FLEXITRICITY LIMITED,FLEXIT-01,2,17:30,18:00,Test,within-day 1,3000,Accepted,0,0,0,0,1,0,0,0,0,0.5,0,0.5,0,0,0,2
17/01/2024,FLEXITRICITY LIMITED,FLEXIT-01,2,18:00,18:30,Test,within-day 1,3000,Accepted,0,0,0,0,1,0,0,0,0,0.5,0,0.5,0,0,0,2
17/01/2024,GRIDBEYOND LIMITED,GRIDBE-05,1,17:30,18:00,Test,within-day 1,3000,Accepted,0,0,1,0,0,0,0,0,0,0,0,0,0,0,0,1
17/01/2024,GRIDBEYOND LIMITED,GRIDBE-05,1,18:00,18:30,Test,within-day 1,3000,Accepted,0,0,1,0,0,0,0,0,0,0,0,0,0,0,0,1
17/01/2024,GRIDBEYOND LIMITED,GRIDBE-06,3,17:30,18:00,Test,within-day 1,3000,Accepted,0,0,1,0,1,0,1,0,0,0,0,0,0,0,0,3
17/01/2024,GRIDBEYOND LIMITED,GRIDBE-06,3,18:00,18:30,Test,within-day 1,3000,Accepted,0,0,1,0,1,0,1,0,0,0,0,0,0,0,0,3
17/01/2024,GRIDBEYOND LIMITED,GRIDBE-07,1,17:30,18:00,Test,within-day 1,3000,Accepted,1,0,0,0,0,0,0,0,0,0,0,0,0,0,0,1
17/01/2024,GRIDBEYOND LIMITED,GRIDBE-07,1,18:00,18:30,Test,within-day 1,3000,Accepted,1,0,0,0,0,0,0,0,0,0,0,0,0,0,0,1
17/01/2024,GRIDBEYOND LIMITED,GRIDBE-08,1,17:30,18:00,Test,within-day 1,3000,Accepted,0.3,0,0,0,0,0,0,0.7,0,0,0,0,0,0,0,1
17/01/2024,GRIDBEYOND LIMITED,GRIDBE-08,1,18:00,18:30,Test,within-day 1,3000,Accepted,0.3,0,0,0,0,0,0,0.7,0,0,0,0,0,0,0,1
17/01/2024,GRIDIMP LTD,GRIMP-01,3,17:30,18:00,Test,within-day 1,3000,Accepted,0,0,0,0,0,0,0,0,0,0,0,0,0,0,3,3
17/01/2024,GRIDIMP LTD,GRIMP-01,3,18:00,18:30,Test,within-day 1,3000,Accepted,0,0,0,0,0,0,0,0,0,0,0,0,0,0,3,3
17/01/2024,HILDEBRAND TECHNOLOGY LIMITED,HLDBRD-01,3,17:30,18:00,Test,within-day 1,3000,Accepted,0.1,0.1,0.2,1.4,0.1,0.2,0.3,0.1,0.1,0.1,0.1,0.1,0.1,0,0,3
17/01/2024,HILDEBRAND TECHNOLOGY LIMITED,HLDBRD-01,3,18:00,18:30,Test,within-day 1,3000,Accepted,0.1,0.1,0.2,1.4,0.1,0.2,0.3,0.1,0.1,0.1,0.1,0.1,0.1,0,0,3
17/01/2024,INFINIS LIMITED,INFINS-01,7,17:30,18:00,Test,within-day 1,3000,Accepted,1.661,1.15,0,0.597,1.031,0,0.257,0,0.554,0,0.574,0.194,0,0.981,0,7
17/01/2024,INFINIS LIMITED,INFINS-01,7,18:00,18:30,Test,within-day 1,3000,Accepted,1.661,1.15,0,0.597,1.031,0,0.257,0,0.554,0,0.574,0.194,0,0.981,0,7
17/01/2024,INFINIS LIMITED,INFINS-02,7,17:30,18:00,Test,within-day 1,3000,Accepted,2.008,0.57,0,0.87,1.269,0,0,0.012,0.023,0.029,1.903,0.132,0,0.183,0,7
17/01/2024,INFINIS LIMITED,INFINS-02,7,18:00,18:30,Test,within-day 1,3000,Accepted,2.008,0.57,0,0.87,1.269,0,0,0.012,0.023,0.029,1.903,0.132,0,0.183,0,7
17/01/2024,INFINIS LIMITED,INFINS-03,4,17:30,18:00,Test,within-day 1,3000,Accepted,0.477,0.462,0,0.264,0.483,0,0,0,0.314,0.283,1.135,0.094,0.488,0,0,4
17/01/2024,INFINIS LIMITED,INFINS-03,4,18:00,18:30,Test,within-day 1,3000,Accepted,0.477,0.462,0,0.264,0.483,0,0,0,0.314,0.283,1.135,0.094,0.488,0,0,4
17/01/2024,INFINIS LIMITED,INFINS-04,4,17:30,18:00,Test,within-day 1,3000,Accepted,1.686,1.869,0,0.193,0,0.036,0.195,0,0,0,0.001,0,0,0.021,0,4
17/01/2024,INFINIS LIMITED,INFINS-04,4,18:00,18:30,Test,within-day 1,3000,Accepted,1.686,1.869,0,0.193,0,0.036,0.195,0,0,0,0.001,0,0,0.021,0,4
17/01/2024,OAKTREE POWER LIMITED,OAKTRE-06,2,17:30,18:00,Test,within-day 1,3000,Accepted,0,0,0,0,0.3,0.1,0,0,0.6,0.4,0.3,0,0.3,0,0,2
17/01/2024,OAKTREE POWER LIMITED,OAKTRE-06,2,18:00,18:30,Test,within-day 1,3000,Accepted,0,0,0,0,0.3,0.1,0,0,0.6,0.4,0.3,0,0.3,0,0,2
17/01/2024,OAKTREE POWER LIMITED,OAKTRE-09,1,17:30,18:00,Test,within-day 1,3000,Accepted,0,0,0,0,0,0.4,0.3,0.3,0,0,0,0,0,0,0,1
17/01/2024,OAKTREE POWER LIMITED,OAKTRE-09,1,18:00,18:30,Test,within-day 1,3000,Accepted,0,0,0,0,0,0.4,0.3,0.3,0,0,0,0,0,0,0,1
17/01/2024,OCTOPUS ENERGY LIMITED,OCTOP-01,93,17:30,18:00,Test,within-day 1,3000,Accepted,1,4,5,7,7,11,9,3,12,9,6,12,4,3,0,93
17/01/2024,OCTOPUS ENERGY LIMITED,OCTOP-01,93,18:00,18:30,Test,within-day 1,3000,Accepted,1,4,5,7,7,11,8,3,13,9,6,12,4,3,0,93
17/01/2024,OCTOPUS ENERGY LIMITED,OCTOP-02,28,17:30,18:00,Test,within-day 1,3000,Accepted,0,1,1,2,2,3,3,1,4,3,2,4,1,1,0,28
17/01/2024,OCTOPUS ENERGY LIMITED,OCTOP-02,29,18:00,18:30,Test,within-day 1,3000,Accepted,0,1,1,2,2,4,3,1,4,3,2,4,1,1,0,29
17/01/2024,ORANGE POWER LTD,ORANGP-01,1,17:30,18:00,Test,within-day 1,3000,Accepted,0.023047375,0.056764834,0.049082372,0.034997866,0.05505762,0.10798122,0.09688434,0.009816475,0.1327358,0.09688434,0.088775076,0.14895433,0.04993598,0.049082372,0,1
17/01/2024,ORANGE POWER LTD,ORANGP-01,1,18:00,18:30,Test,within-day 1,3000,Accepted,0.023047375,0.056764834,0.049082372,0.034997866,0.05505762,0.10798122,0.09688434,0.009816475,0.1327358,0.09688434,0.088775076,0.14895433,0.04993598,0.049082372,0,1
17/01/2024,OVO ELECTRICITY LTD,OVO-01,5,17:30,18:00,Test,within-day 1,3000,Accepted,0,0,0,0,0,0,0,0,0,0,0,0,0,0,5,5
17/01/2024,OVO ELECTRICITY LTD,OVO-01,6,18:00,18:30,Test,within-day 1,3000,Accepted,0,0,0,0,0,0,0,0,0,0,0,0,0,0,6,6
17/01/2024,PERSE TECHNOLOGY LIMITED,PERSE-01,4,17:30,18:00,Test,within-day 1,3000,Accepted,0.02,0.54,0.27,0.13,0.39,0.56,0.21,0.11,0.25,0.35,0.08,0.39,0.18,0.52,0,4
17/01/2024,PERSE TECHNOLOGY LIMITED,PERSE-01,4,18:00,18:30,Test,within-day 1,3000,Accepted,0.02,0.53,0.27,0.13,0.38,0.56,0.21,0.12,0.25,0.33,0.08,0.39,0.18,0.55,0,4
17/01/2024,SOLO ENERGY LIMITED,SMS-01,2,17:30,18:00,Test,within-day 1,3000,Accepted,0.04,0.09,0.1,0.12,0.16,0.21,0.16,0.06,0.28,0.16,0.11,0.25,0.1,0.07,0.09,2
17/01/2024,SOLO ENERGY LIMITED,SMS-01,2,18:00,18:30,Test,within-day 1,3000,Accepted,0.04,0.09,0.1,0.12,0.15,0.2,0.17,0.06,0.28,0.16,0.11,0.25,0.1,0.07,0.1,2
17/01/2024,SOLO ENERGY LIMITED,SMS-02,4,17:30,18:00,Test,within-day 1,3000,Accepted,0.07,0.17,0.26,0.28,0.38,0.49,0.35,0.13,0.53,0.33,0.22,0.4,0.16,0.11,0.12,4
17/01/2024,SOLO ENERGY LIMITED,SMS-02,4,18:00,18:30,Test,within-day 1,3000,Accepted,0.07,0.17,0.25,0.27,0.37,0.49,0.35,0.13,0.53,0.34,0.22,0.41,0.16,0.11,0.13,4
17/01/2024,SOLO ENERGY LIMITED,SMS-03,1,17:30,18:00,Test,within-day 1,3000,Accepted,0.02,0.03,0.04,0.06,0.06,0.12,0.08,0.03,0.16,0.1,0.06,0.14,0.04,0.03,0.03,1
17/01/2024,SOLO ENERGY LIMITED,SMS-03,1,18:00,18:30,Test,within-day 1,3000,Accepted,0.01,0.03,0.04,0.06,0.06,0.12,0.08,0.03,0.16,0.1,0.06,0.14,0.04,0.03,0.04,1
17/01/2024,SOLO ENERGY LIMITED,SMS-04,1,17:30,18:00,Test,within-day 1,3000,Accepted,0.01,0.05,0.04,0.05,0.06,0.13,0.12,0.03,0.12,0.1,0.06,0.12,0.05,0.04,0.02,1
17/01/2024,SOLO ENERGY LIMITED,SMS-04,1,18:00,18:30,Test,within-day 1,3000,Accepted,0.01,0.05,0.04,0.05,0.06,0.12,0.12,0.03,0.12,0.1,0.05,0.12,0.05,0.04,0.04,1
17/01/2024,SOLO ENERGY LIMITED,SMS-05,1,17:30,18:00,Test,within-day 1,3000,Accepted,0,0,0,0,0,0,0,0,0,0,0,0,0,0,1,1
17/01/2024,SOLO ENERGY LIMITED,SMS-05,1,18:00,18:30,Test,within-day 1,3000,Accepted,0,0,0,0,0,0,0,0,0,0,0,0,0,0,1,1
17/01/2024,SSE DIGITAL SERVICES LIMITED,SSE-01,1,17:30,18:00,Test,within-day 1,3000,Accepted,0,0,0,0.35,0,0,0.05,0.6,0,0,0,0,0,0,0,1
17/01/2024,SSE DIGITAL SERVICES LIMITED,SSE-01,1,18:00,18:30,Test,within-day 1,3000,Accepted,0,0,0,0.35,0,0,0.05,0.6,0,0,0,0,0,0,0,1
17/01/2024,UTILITA ENERGY LIMITED,UTILIT-01,1,17:30,18:00,Test,within-day 1,3000,Accepted,0,0,0,0,0,0,0,0,0,0,0,0,0,0,1,1
17/01/2024,UTILITA ENERGY LIMITED,UTILIT-01,1,18:00,18:30,Test,within-day 1,3000,Accepted,0,0,0,0,0,0,0,0,0,0,0,0,0,0,1,1
17/01/2024,UTILITA ENERGY LIMITED,UTILIT-02,1,17:30,18:00,Test,within-day 1,3000,Accepted,0,0,0,0,0,0,0,0,0,0,0,0,0,0,1,1
17/01/2024,UTILITA ENERGY LIMITED,UTILIT-02,1,18:00,18:30,Test,within-day 1,3000,Accepted,0,0,0,0,0,0,0,0,0,0,0,0,0,0,1,1
19/12/2023,AXLE ENERGY LIMITED,Axle-01,10,17:00,17:30,Test,within-day 2,3000,Accepted,0,0,0,0,0,0,0,0,0,0,0,0,0,0,10,10
19/12/2023,AXLE ENERGY LIMITED,Axle-01,10,17:30,18:00,Test,within-day 2,3000,Accepted,0,0,0,0,0,0,0,0,0,0,0,0,0,0,10,10
19/12/2023,BRITISH GAS TRADING LIMITED,BGAS-01,81,17:00,17:30,Test,within-day 2,3000,Accepted,1.3728377,5.2169046,3.8440669,7.138938,6.589894,7.138938,5.7661,4.3932624,11.257603,8.511928,3.8440669,9.610167,4.1186647,2.1966312,0,81
19/12/2023,BRITISH GAS TRADING LIMITED,BGAS-01,82,17:30,18:00,Test,within-day 2,3000,Accepted,1.3897862,5.2813106,3.8915243,7.2270727,6.6712503,7.2270727,5.8372865,4.4475,11.396585,8.617013,3.8915243,9.728811,4.1695123,2.22375,0,82
19/12/2023,CHAMELEON TECHNOLOGY (UK) LIMITED,CHAMEL-01,1,17:00,17:30,Test,within-day 2,3000,Accepted,0,0,0.05,0.1,0,0.1,0.1,0.05,0.1,0.2,0.1,0,0,0,0.2,1
19/12/2023,CHAMELEON TECHNOLOGY (UK) LIMITED,CHAMEL-01,1,17:30,18:00,Test,within-day 2,3000,Accepted,0,0,0.05,0.1,0,0.1,0.1,0.05,0.1,0.2,0.1,0,0,0,0.2,1
19/12/2023,CONRAD ENERGY (TRADING) LIMITED,CONRAD-02,7,17:00,17:30,Test,within-day 2,3000,Accepted,0,0,0,0,0,0,0,0,0,0,7,0,0,0,0,7
19/12/2023,CONRAD ENERGY (TRADING) LIMITED,CONRAD-02,7,17:30,18:00,Test,within-day 2,3000,Accepted,0,0,0,0,0,0,0,0,0,0,7,0,0,0,0,7
19/12/2023,CUB (UK) LTD,CUB-01,4,17:00,17:30,Test,within-day 2,3000,Accepted,0,0.16,0.076,0.04,0.5,2,0.256,0.15,0.529,0,0.016,0.09,0.183,0,0,4
19/12/2023,CUB (UK) LTD,CUB-01,4,17:30,18:00,Test,within-day 2,3000,Accepted,0,0.16,0.076,0.04,0.5,2,0.256,0.15,0.529,0,0.016,0.09,0.183,0,0,4
19/12/2023,DRAX ENERGY SOLUTIONS LIMITED,DRAX-03,5,17:00,17:30,Test,within-day 2,3000,Accepted,0,0,0,0,1,1,1,0,0,0,0,0,1,1,0,5
19/12/2023,DRAX ENERGY SOLUTIONS LIMITED,DRAX-03,5,17:30,18:00,Test,within-day 2,3000,Accepted,0,0,0,0,1,1,1,0,0,0,0,0,1,1,0,5
19/12/2023,DRAX ENERGY SOLUTIONS LIMITED,DRAX-04,1,17:00,17:30,Test,within-day 2,3000,Accepted,0,0,0,0,0,0,0,0,1,0,0,0,0,0,0,1
19/12/2023,DRAX ENERGY SOLUTIONS LIMITED,DRAX-04,1,17:30,18:00,Test,within-day 2,3000,Accepted,0,0,0,0,0,0,0,0,1,0,0,0,0,0,0,1
19/12/2023,DRAX ENERGY SOLUTIONS LIMITED,DRAX-05,6,17:00,17:30,Test,within-day 2,3000,Accepted,0,0,0,3,0,0,0,0,0,0,0,0,3,0,0,6
19/12/2023,DRAX ENERGY SOLUTIONS LIMITED,DRAX-05,6,17:30,18:00,Test,within-day 2,3000,Accepted,0,0,0,3,0,0,0,0,0,0,0,0,3,0,0,6
19/12/2023,E.ON NEXT ENERGY LIMITED,EONNXT-01,16,17:00,17:30,Test,within-day 2,3000,Accepted,0,0,1,2,2,2,2,1,2,1,1,1,1,0,0,16
19/12/2023,E.ON NEXT ENERGY LIMITED,EONNXT-01,16,17:30,18:00,Test,within-day 2,3000,Accepted,0,0,1,2,2,2,2,1,2,1,1,1,1,0,0,16
19/12/2023,EDF ENERGY CUSTOMERS LIMITED,EDF-01,18,17:00,17:30,Test,within-day 2,3000,Accepted,0.3,1.2,1.2,1.2,1.2,1.2,1.2,0.9,1.2,1.8,2.1,3,0.9,0.6,0,18
19/12/2023,EDF ENERGY CUSTOMERS LIMITED,EDF-01,18,17:30,18:00,Test,within-day 2,3000,Accepted,0.3,1.2,1.2,1.2,1.2,1.2,1.2,0.9,1.2,1.8,2.1,3,0.9,0.6,0,18
19/12/2023,EDF ENERGY CUSTOMERS LIMITED,EDF-02,10,17:00,17:30,Test,within-day 2,3000,Accepted,0.2,0.6,0.6,0.6,0.7,0.7,0.7,0.5,0.7,1,1.2,1.7,0.5,0.3,0,10
19/12/2023,EDF ENERGY CUSTOMERS LIMITED,EDF-02,10,17:30,18:00,Test,within-day 2,3000,Accepted,0.2,0.6,0.6,0.6,0.7,0.7,0.7,0.5,0.7,1,1.2,1.7,0.5,0.3,0,10
19/12/2023,ENGIE POWER LIMITED,ENGIE-01,7,17:00,17:30,Test,within-day 2,3000,Accepted,0,0,0,0,0,0,0,0,7,0,0,0,0,0,0,7
19/12/2023,ENGIE POWER LIMITED,ENGIE-01,7,17:30,18:00,Test,within-day 2,3000,Accepted,0,0,0,0,0,0,0,0,7,0,0,0,0,0,0,7
19/12/2023,ENGIE POWER LIMITED,ENGIE-02,3,17:00,17:30,Test,within-day 2,3000,Accepted,0,0,0,1,0,0,0,2,0,0,0,0,0,0,0,3
19/12/2023,ENGIE POWER LIMITED,ENGIE-02,3,17:30,18:00,Test,within-day 2,3000,Accepted,0,0,0,1,0,0,0,2,0,0,0,0,0,0,0,3
19/12/2023,ENGIE POWER LIMITED,ENGIE-03,3,17:00,17:30,Test,within-day 2,3000,Accepted,0,0,0,0,3,0,0,0,0,0,0,0,0,0,0,3
19/12/2023,ENGIE POWER LIMITED,ENGIE-03,3,17:30,18:00,Test,within-day 2,3000,Accepted,0,0,0,0,3,0,0,0,0,0,0,0,0,0,0,3
19/12/2023,EQUIWATT LIMITED,EQUIWA-01,6,17:00,17:30,Test,within-day 2,3000,Accepted,0,0,0,0,0,0,0,0,0,0,0,0,0,0,6,6
19/12/2023,EQUIWATT LIMITED,EQUIWA-01,6,17:30,18:00,Test,within-day 2,3000,Accepted,0,0,0,0,0,0,0,0,0,0,0,0,0,0,6,6
19/12/2023,FLEXITRICITY LIMITED,FLEXIT-01,2,17:00,17:30,Test,within-day 2,3000,Accepted,0,0,0,0,1,0,0,0,0,1,0,0,0,0,0,2
19/12/2023,FLEXITRICITY LIMITED,FLEXIT-01,2,17:30,18:00,Test,within-day 2,3000,Accepted,0,0,0,0,1,0,0,0,0,1,0,0,0,0,0,2
19/12/2023,GRIDBEYOND LIMITED,GRIDBE-05,1,17:00,17:30,Test,within-day 2,3000,Accepted,0,0,1,0,0,0,0,0,0,0,0,0,0,0,0,1
19/12/2023,GRIDBEYOND LIMITED,GRIDBE-05,1,17:30,18:00,Test,within-day 2,3000,Accepted,0,0,1,0,0,0,0,0,0,0,0,0,0,0,0,1
19/12/2023,GRIDBEYOND LIMITED,GRIDBE-06,3,17:00,17:30,Test,within-day 2,3000,Accepted,0,0,1,0,1,0,1,0,0,0,0,0,0,0,0,3
19/12/2023,GRIDBEYOND LIMITED,GRIDBE-06,3,17:30,18:00,Test,within-day 2,3000,Accepted,0,0,1,0,1,0,1,0,0,0,0,0,0,0,0,3
19/12/2023,GRIDBEYOND LIMITED,GRIDBE-07,1,17:00,17:30,Test,within-day 2,3000,Accepted,1,0,0,0,0,0,0,0,0,0,0,0,0,0,0,1
19/12/2023,GRIDBEYOND LIMITED,GRIDBE-07,1,17:30,18:00,Test,within-day 2,3000,Accepted,1,0,0,0,0,0,0,0,0,0,0,0,0,0,0,1
19/12/2023,GRIDIMP LTD,GRIMP-01,3,17:00,17:30,Test,within-day 2,3000,Accepted,0,0,0,0,0,0,0,0,0,0,0,0,0,0,3,3
19/12/2023,GRIDIMP LTD,GRIMP-01,3,17:30,18:00,Test,within-day 2,3000,Accepted,0,0,0,0,0,0,0,0,0,0,0,0,0,0,3,3
19/12/2023,HILDEBRAND TECHNOLOGY LIMITED,HLDBRD-01,3,17:00,17:30,Test,within-day 2,3000,Accepted,0.1,0.1,0.2,1.4,0.1,0.2,0.3,0.1,0.1,0.1,0.1,0.1,0.1,0,0,3
19/12/2023,HILDEBRAND TECHNOLOGY LIMITED,HLDBRD-01,3,17:30,18:00,Test,within-day 2,3000,Accepted,0.1,0.1,0.2,1.4,0.1,0.2,0.3,0.1,0.1,0.1,0.1,0.1,0.1,0,0,3
19/12/2023,INFINIS LIMITED,INFINS-01,7,17:00,17:30,Test,within-day 2,3000,Accepted,1.661,1.15,0,0.597,1.031,0,0.257,0,0.554,0,0.574,0.194,0,0.981,0,7
19/12/2023,INFINIS LIMITED,INFINS-01,7,17:30,18:00,Test,within-day 2,3000,Accepted,1.661,1.15,0,0.597,1.031,0,0.257,0,0.554,0,0.574,0.194,0,0.981,0,7
19/12/2023,INFINIS LIMITED,INFINS-02,7,17:00,17:30,Test,within-day 2,3000,Accepted,2.008,0.57,0,0.87,1.269,0,0,0.012,0.023,0.029,1.903,0.132,0,0.183,0,7
19/12/2023,INFINIS LIMITED,INFINS-02,7,17:30,18:00,Test,within-day 2,3000,Accepted,2.008,0.57,0,0.87,1.269,0,0,0.012,0.023,0.029,1.903,0.132,0,0.183,0,7
19/12/2023,INFINIS LIMITED,INFINS-03,4,17:00,17:30,Test,within-day 2,3000,Accepted,0.477,0.462,0,0.264,0.483,0,0,0,0.314,0.283,1.135,0.094,0.488,0,0,4
19/12/2023,INFINIS LIMITED,INFINS-03,4,17:30,18:00,Test,within-day 2,3000,Accepted,0.477,0.462,0,0.264,0.483,0,0,0,0.314,0.283,1.135,0.094,0.488,0,0,4
19/12/2023,INFINIS LIMITED,INFINS-04,4,17:00,17:30,Test,within-day 2,3000,Accepted,1.686,1.869,0,0.193,0,0.036,0.195,0,0,0,0.001,0,0,0.021,0,4
19/12/2023,INFINIS LIMITED,INFINS-04,4,17:30,18:00,Test,within-day 2,3000,Accepted,1.686,1.869,0,0.193,0,0.036,0.195,0,0,0,0.001,0,0,0.021,0,4
19/12/2023,OAKTREE POWER LIMITED,OAKTRE-06,2,17:00,17:30,Test,within-day 2,3000,Accepted,0,0,0,0,0.3,0.1,0,0,0.6,0.4,0.3,0,0.3,0,0,2
19/12/2023,OAKTREE POWER LIMITED,OAKTRE-06,2,17:30,18:00,Test,within-day 2,3000,Accepted,0,0,0,0,0.3,0.1,0,0,0.6,0.4,0.3,0,0.3,0,0,2
19/12/2023,OAKTREE POWER LIMITED,OAKTRE-09,1,17:00,17:30,Test,within-day 2,3000,Accepted,0,0,0,0,0,0.4,0.3,0.3,0,0,0,0,0,0,0,1
19/12/2023,OAKTREE POWER LIMITED,OAKTRE-09,1,17:30,18:00,Test,within-day 2,3000,Accepted,0,0,0,0,0,0.4,0.3,0.3,0,0,0,0,0,0,0,1
19/12/2023,OCTOPUS ENERGY LIMITED,OCTOP-01,63,17:00,17:30,Test,within-day 2,3000,Accepted,1,3,3,5,5,7,6,2,8,6,4,8,3,2,0,63
19/12/2023,OCTOPUS ENERGY LIMITED,OCTOP-01,66,17:30,18:00,Test,within-day 2,3000,Accepted,1,3,4,5,5,8,6,2,9,6,4,8,3,2,0,66
19/12/2023,ORANGE POWER LTD,ORANGP-01,1,17:00,17:30,Test,within-day 2,3000,Accepted,0.023047375,0.056764834,0.049082372,0.034997866,0.05505762,0.10798122,0.09688434,0.009816475,0.1327358,0.09688434,0.088775076,0.14895433,0.04993598,0.049082372,0,1
19/12/2023,ORANGE POWER LTD,ORANGP-01,1,17:30,18:00,Test,within-day 2,3000,Accepted,0.023047375,0.056764834,0.049082372,0.034997866,0.05505762,0.10798122,0.09688434,0.009816475,0.1327358,0.09688434,0.088775076,0.14895433,0.04993598,0.049082372,0,1
19/12/2023,OVO ELECTRICITY LTD,OVO-01,3,17:00,17:30,Test,within-day 2,3000,Accepted,0,0,0,0,0,0,0,0,0,0,0,0,0,0,3,3
19/12/2023,OVO ELECTRICITY LTD,OVO-01,3,17:30,18:00,Test,within-day 2,3000,Accepted,0,0,0,0,0,0,0,0,0,0,0,0,0,0,3,3
19/12/2023,PERSE TECHNOLOGY LIMITED,PERSE-01,4,17:00,17:30,Test,within-day 2,3000,Accepted,0.07,0.88,0.11,0.2,0.38,0.52,0.42,0.1,0.26,0.19,0.1,0.34,0.13,0.3,0,4
19/12/2023,PERSE TECHNOLOGY LIMITED,PERSE-01,3,17:30,18:00,Test,within-day 2,3000,Accepted,0.01,0.81,0.05,0.14,0.31,0.46,0.26,0.04,0.19,0.13,0.04,0.27,0.07,0.22,0,3
19/12/2023,SOLO ENERGY LIMITED,SMS-01,2,17:00,17:30,Test,within-day 2,3000,Accepted,0.04,0.09,0.1,0.12,0.16,0.21,0.16,0.06,0.28,0.16,0.11,0.25,0.1,0.07,0.09,2
19/12/2023,SOLO ENERGY LIMITED,SMS-01,2,17:30,18:00,Test,within-day 2,3000,Accepted,0.04,0.09,0.1,0.12,0.15,0.2,0.17,0.06,0.28,0.16,0.11,0.25,0.1,0.07,0.1,2
19/12/2023,SOLO ENERGY LIMITED,SMS-02,4,17:00,17:30,Test,within-day 2,3000,Accepted,0.07,0.17,0.26,0.28,0.38,0.49,0.35,0.13,0.53,0.33,0.22,0.4,0.16,0.11,0.12,4
19/12/2023,SOLO ENERGY LIMITED,SMS-02,4,17:30,18:00,Test,within-day 2,3000,Accepted,0.07,0.17,0.25,0.27,0.37,0.49,0.35,0.13,0.53,0.34,0.22,0.41,0.16,0.11,0.13,4
19/12/2023,SOLO ENERGY LIMITED,SMS-03,1,17:00,17:30,Test,within-day 2,3000,Accepted,0.02,0.03,0.04,0.06,0.06,0.12,0.08,0.03,0.16,0.1,0.06,0.14,0.04,0.03,0.03,1
19/12/2023,SOLO ENERGY LIMITED,SMS-03,1,17:30,18:00,Test,within-day 2,3000,Accepted,0.01,0.03,0.04,0.06,0.06,0.12,0.08,0.03,0.16,0.1,0.06,0.14,0.04,0.03,0.04,1
19/12/2023,SOLO ENERGY LIMITED,SMS-04,1,17:00,17:30,Test,within-day 2,3000,Accepted,0.01,0.05,0.04,0.05,0.06,0.13,0.12,0.03,0.12,0.1,0.06,0.12,0.05,0.04,0.02,1
19/12/2023,SOLO ENERGY LIMITED,SMS-04,1,17:30,18:00,Test,within-day 2,3000,Accepted,0.01,0.05,0.04,0.05,0.06,0.12,0.12,0.03,0.12,0.1,0.05,0.12,0.05,0.04,0.04,1
19/12/2023,SOLO ENERGY LIMITED,SMS-05,1,17:00,17:30,Test,within-day 2,3000,Accepted,0,0,0,0,0,0,0,0,0,0,0,0,0,0,1,1
19/12/2023,SOLO ENERGY LIMITED,SMS-05,1,17:30,18:00,Test,within-day 2,3000,Accepted,0,0,0,0,0,0,0,0,0,0,0,0,0,0,1,1
19/12/2023,UTILITA ENERGY LIMITED,UTILIT-02,1,17:00,17:30,Test,within-day 2,3000,Accepted,0,0,0,0,0,0,0,0,0,0,0,0,0,0,1,1
19/12/2023,UTILITA ENERGY LIMITED,UTILIT-02,1,17:30,18:00,Test,within-day 2,3000,Accepted,0,0,0,0,0,0,0,0,0,0,0,0,0,0,1,1
15/12/2023,AXLE ENERGY LIMITED,Axle-01,6,17:30,18:00,Test,day-ahead,3000,Accepted,0,0,0,0,0,0,0,0,0,0,0,0,0,0,6,6
15/12/2023,AXLE ENERGY LIMITED,Axle-01,6,18:00,18:30,Test,day-ahead,3000,Accepted,0,0,0,0,0,0,0,0,0,0,0,0,0,0,6,6
15/12/2023,BRITISH GAS TRADING LIMITED,BGAS-01,81,17:30,18:00,Test,day-ahead,3000,Accepted,1.3728377,5.2169046,3.8440669,7.138938,6.589894,7.138938,5.7661,4.3932624,11.257603,8.511928,3.8440669,9.610167,4.1186647,2.1966312,0,81
15/12/2023,BRITISH GAS TRADING LIMITED,BGAS-01,82,18:00,18:30,Test,day-ahead,3000,Accepted,1.3897862,5.2813106,3.8915243,7.2270727,6.6712503,7.2270727,5.8372865,4.4475,11.396585,8.617013,3.8915243,9.728811,4.1695123,2.22375,0,82
15/12/2023,CHAMELEON TECHNOLOGY (UK) LIMITED,CHAMEL-01,1,17:30,18:00,Test,day-ahead,3000,Accepted,0,0,0.05,0.1,0,0.1,0.1,0.05,0.1,0.2,0.1,0,0,0,0.2,1
15/12/2023,CHAMELEON TECHNOLOGY (UK) LIMITED,CHAMEL-01,1,18:00,18:30,Test,day-ahead,3000,Accepted,0,0,0.05,0.1,0,0.1,0.1,0.05,0.1,0.2,0.1,0,0,0,0.2,1
15/12/2023,CONRAD ENERGY (TRADING) LIMITED,CONRAD-02,7,17:30,18:00,Test,day-ahead,3000,Accepted,0,0,0,0,0,0,0,0,0,0,7,0,0,0,0,7
15/12/2023,CONRAD ENERGY (TRADING) LIMITED,CONRAD-02,7,18:00,18:30,Test,day-ahead,3000,Accepted,0,0,0,0,0,0,0,0,0,0,7,0,0,0,0,7
15/12/2023,CUB (UK) LTD,CUB-01,6,17:30,18:00,Test,day-ahead,3000,Accepted,0,0.16,0.076,0.04,1.5,2,0.256,0.15,1.529,0,0.016,0.09,0.183,0,0,6
15/12/2023,CUB (UK) LTD,CUB-01,6,18:00,18:30,Test,day-ahead,3000,Accepted,0,0.16,0.076,0.04,1.5,2,0.256,0.15,1.529,0,0.016,0.09,0.183,0,0,6
15/12/2023,DRAX ENERGY SOLUTIONS LIMITED,DRAX-03,3,17:30,18:00,Test,day-ahead,3000,Accepted,0,0,0,0,0.6,0.6,0.6,0,0,0,0,0,0.6,0.6,0,3
15/12/2023,DRAX ENERGY SOLUTIONS LIMITED,DRAX-03,3,18:00,18:30,Test,day-ahead,3000,Accepted,0,0,0,0,0.6,0.6,0.6,0,0,0,0,0,0.6,0.6,0,3
15/12/2023,DRAX ENERGY SOLUTIONS LIMITED,DRAX-04,4,17:30,18:00,Test,day-ahead,3000,Accepted,0,0,0,0,0,0,0,0,4,0,0,0,0,0,0,4
15/12/2023,DRAX ENERGY SOLUTIONS LIMITED,DRAX-04,4,18:00,18:30,Test,day-ahead,3000,Accepted,0,0,0,0,0,0,0,0,4,0,0,0,0,0,0,4
15/12/2023,DRAX ENERGY SOLUTIONS LIMITED,DRAX-05,9,17:30,18:00,Test,day-ahead,3000,Accepted,0,0,0,4.5,0,0,0,0,0,0,0,0,4.5,0,0,9
15/12/2023,DRAX ENERGY SOLUTIONS LIMITED,DRAX-05,9,18:00,18:30,Test,day-ahead,3000,Accepted,0,0,0,4.5,0,0,0,0,0,0,0,0,4.5,0,0,9
15/12/2023,E.ON NEXT ENERGY LIMITED,EONNXT-01,21,17:30,18:00,Test,day-ahead,3000,Accepted,0,1,1,2,2,2,2,1,4,1,1,2,1,1,0,21
15/12/2023,E.ON NEXT ENERGY LIMITED,EONNXT-01,21,18:00,18:30,Test,day-ahead,3000,Accepted,0,1,1,2,2,2,2,1,4,1,1,2,1,1,0,21
15/12/2023,EDF ENERGY CUSTOMERS LIMITED,EDF-01,18,17:30,18:00,Test,day-ahead,3000,Accepted,0.3,1.2,1.2,1.2,1.2,1.2,1.2,0.9,1.2,1.8,2.1,3,0.9,0.6,0,18
15/12/2023,EDF ENERGY CUSTOMERS LIMITED,EDF-01,18,18:00,18:30,Test,day-ahead,3000,Accepted,0.3,1.2,1.2,1.2,1.2,1.2,1.2,0.9,1.2,1.8,2.1,3,0.9,0.6,0,18
15/12/2023,EDF ENERGY CUSTOMERS LIMITED,EDF-02,10,17:30,18:00,Test,day-ahead,3000,Accepted,0.2,0.6,0.6,0.6,0.7,0.7,0.7,0.5,0.7,1,1.2,1.7,0.5,0.3,0,10
15/12/2023,EDF ENERGY CUSTOMERS LIMITED,EDF-02,10,18:00,18:30,Test,day-ahead,3000,Accepted,0.2,0.6,0.6,0.6,0.7,0.7,0.7,0.5,0.7,1,1.2,1.7,0.5,0.3,0,10
15/12/2023,ENGIE POWER LIMITED,ENGIE-01,7,17:30,18:00,Test,day-ahead,3000,Accepted,0,0,0,0,0,0,0,0,7,0,0,0,0,0,0,7
15/12/2023,ENGIE POWER LIMITED,ENGIE-01,7,18:00,18:30,Test,day-ahead,3000,Accepted,0,0,0,0,0,0,0,0,7,0,0,0,0,0,0,7
15/12/2023,ENGIE POWER LIMITED,ENGIE-02,3,17:30,18:00,Test,day-ahead,3000,Accepted,0,0,0,1,0,0,0,2,0,0,0,0,0,0,0,3
15/12/2023,ENGIE POWER LIMITED,ENGIE-02,3,18:00,18:30,Test,day-ahead,3000,Accepted,0,0,0,1,0,0,0,2,0,0,0,0,0,0,0,3
15/12/2023,ENGIE POWER LIMITED,ENGIE-03,3,17:30,18:00,Test,day-ahead,3000,Accepted,0,0,0,0,3,0,0,0,0,0,0,0,0,0,0,3
15/12/2023,ENGIE POWER LIMITED,ENGIE-03,3,18:00,18:30,Test,day-ahead,3000,Accepted,0,0,0,0,3,0,0,0,0,0,0,0,0,0,0,3
15/12/2023,EQUIWATT LIMITED,EQUIWA-01,6,17:30,18:00,Test,day-ahead,3000,Accepted,0,0,0,0,0,0,0,0,0,0,0,0,0,0,6,6
15/12/2023,EQUIWATT LIMITED,EQUIWA-01,6,18:00,18:30,Test,day-ahead,3000,Accepted,0,0,0,0,0,0,0,0,0,0,0,0,0,0,6,6
15/12/2023,FLEXITRICITY LIMITED,FLEXIT-01,2,17:30,18:00,Test,day-ahead,3000,Accepted,0,0,0,0,1,0,0,0,0,1,0,0,0,0,0,2
15/12/2023,FLEXITRICITY LIMITED,FLEXIT-01,2,18:00,18:30,Test,day-ahead,3000,Accepted,0,0,0,0,1,0,0,0,0,1,0,0,0,0,0,2
15/12/2023,GRIDBEYOND LIMITED,GRIDBE-05,1,17:30,18:00,Test,day-ahead,3000,Accepted,0,0,1,0,0,0,0,0,0,0,0,0,0,0,0,1
15/12/2023,GRIDBEYOND LIMITED,GRIDBE-05,1,18:00,18:30,Test,day-ahead,3000,Accepted,0,0,1,0,0,0,0,0,0,0,0,0,0,0,0,1
15/12/2023,GRIDBEYOND LIMITED,GRIDBE-06,3,17:30,18:00,Test,day-ahead,3000,Accepted,0,0,1,0,1,0,1,0,0,0,0,0,0,0,0,3
15/12/2023,GRIDBEYOND LIMITED,GRIDBE-06,3,18:00,18:30,Test,day-ahead,3000,Accepted,0,0,1,0,1,0,1,0,0,0,0,0,0,0,0,3
15/12/2023,GRIDBEYOND LIMITED,GRIDBE-07,1,17:30,18:00,Test,day-ahead,3000,Accepted,1,0,0,0,0,0,0,0,0,0,0,0,0,0,0,1
15/12/2023,GRIDBEYOND LIMITED,GRIDBE-07,1,18:00,18:30,Test,day-ahead,3000,Accepted,1,0,0,0,0,0,0,0,0,0,0,0,0,0,0,1
15/12/2023,GRIDIMP LTD,GRIMP-01,3,17:30,18:00,Test,day-ahead,3000,Accepted,0,0,0,0,0,0,0,0,0,0,0,0,0,0,3,3
15/12/2023,GRIDIMP LTD,GRIMP-01,3,18:00,18:30,Test,day-ahead,3000,Accepted,0,0,0,0,0,0,0,0,0,0,0,0,0,0,3,3
15/12/2023,HILDEBRAND TECHNOLOGY LIMITED,HLDBRD-01,3,17:30,18:00,Test,day-ahead,3000,Accepted,0.1,0.1,0.2,1.4,0.1,0.2,0.3,0.1,0.1,0.1,0.1,0.1,0.1,0,0,3
15/12/2023,HILDEBRAND TECHNOLOGY LIMITED,HLDBRD-01,3,18:00,18:30,Test,day-ahead,3000,Accepted,0.1,0.1,0.2,1.4,0.1,0.2,0.3,0.1,0.1,0.1,0.1,0.1,0.1,0,0,3
15/12/2023,INFINIS LIMITED,INFINS-01,8,17:30,18:00,Test,day-ahead,3000,Accepted,1.899,1.314,0,0.682,1.178,0,0.294,0,0.634,0,0.656,0.221,0,1.122,0,8
15/12/2023,INFINIS LIMITED,INFINS-01,8,18:00,18:30,Test,day-ahead,3000,Accepted,1.899,1.314,0,0.682,1.178,0,0.294,0,0.634,0,0.656,0.221,0,1.122,0,8
15/12/2023,INFINIS LIMITED,INFINS-02,8,17:30,18:00,Test,day-ahead,3000,Accepted,2.295,0.651,0,0.994,1.451,0,0,0.014,0.027,0.033,2.175,0.151,0,0.209,0,8
15/12/2023,INFINIS LIMITED,INFINS-02,8,18:00,18:30,Test,day-ahead,3000,Accepted,2.295,0.651,0,0.994,1.451,0,0,0.014,0.027,0.033,2.175,0.151,0,0.209,0,8
15/12/2023,INFINIS LIMITED,INFINS-03,5,17:30,18:00,Test,day-ahead,3000,Accepted,0.596,0.577,0,0.331,0.604,0,0,0,0.393,0.354,1.419,0.117,0.61,0,0,5
15/12/2023,INFINIS LIMITED,INFINS-03,5,18:00,18:30,Test,day-ahead,3000,Accepted,0.596,0.577,0,0.331,0.604,0,0,0,0.393,0.354,1.419,0.117,0.61,0,0,5
15/12/2023,INFINIS LIMITED,INFINS-04,4,17:30,18:00,Test,day-ahead,3000,Accepted,1.686,1.869,0,0.193,0,0.036,0.195,0,0,0,0.001,0,0,0.021,0,4
15/12/2023,INFINIS LIMITED,INFINS-04,4,18:00,18:30,Test,day-ahead,3000,Accepted,1.686,1.869,0,0.193,0,0.036,0.195,0,0,0,0.001,0,0,0.021,0,4
15/12/2023,OAKTREE POWER LIMITED,OAKTRE-01,5,17:30,18:00,Test,day-ahead,3000,Accepted,0,0,0,0,0,0,0,0,0,0,0,5,0,0,0,5
15/12/2023,OAKTREE POWER LIMITED,OAKTRE-01,5,18:00,18:30,Test,day-ahead,3000,Accepted,0,0,0,0,0,0,0,0,0,0,0,5,0,0,0,5
15/12/2023,OAKTREE POWER LIMITED,OAKTRE-06,2,17:30,18:00,Test,day-ahead,3000,Accepted,0,0,0,0,0.3,0.1,0,0,0.6,0.4,0.3,0,0.3,0,0,2
15/12/2023,OAKTREE POWER LIMITED,OAKTRE-06,2,18:00,18:30,Test,day-ahead,3000,Accepted,0,0,0,0,0.3,0.1,0,0,0.6,0.4,0.3,0,0.3,0,0,2
15/12/2023,OAKTREE POWER LIMITED,OAKTRE-09,1,17:30,18:00,Test,day-ahead,3000,Accepted,0,0,0,0,0,0.4,0.3,0.3,0,0,0,0,0,0,0,1
15/12/2023,OAKTREE POWER LIMITED,OAKTRE-09,1,18:00,18:30,Test,day-ahead,3000,Accepted,0,0,0,0,0,0.4,0.3,0.3,0,0,0,0,0,0,0,1
15/12/2023,OCTOPUS ENERGY LIMITED,OCTOP-01,94,17:00,17:30,Test,day-ahead,3000,Accepted,1,4,5,8,8,11,9,3,12,8,6,12,4,3,0,94
15/12/2023,OCTOPUS ENERGY LIMITED,OCTOP-01,92,17:30,18:00,Test,day-ahead,3000,Accepted,1,4,5,7,7,11,9,3,12,8,6,12,4,3,0,92
15/12/2023,OCTOPUS ENERGY LIMITED,OCTOP-02,32,17:00,17:30,Test,day-ahead,3000,Accepted,0,1,2,3,3,4,3,1,4,3,2,4,1,1,0,32
15/12/2023,OCTOPUS ENERGY LIMITED,OCTOP-02,38,17:30,18:00,Test,day-ahead,3000,Accepted,0,2,2,3,3,5,4,1,5,3,2,5,2,1,0,38
15/12/2023,OVO ELECTRICITY LTD,OVO-01,1,17:30,18:00,Test,day-ahead,3000,Accepted,0,0,0,0,0,0,0,0,0,0,0,0,0,0,1,1
15/12/2023,OVO ELECTRICITY LTD,OVO-01,1,18:00,18:30,Test,day-ahead,3000,Accepted,0,0,0,0,0,0,0,0,0,0,0,0,0,0,1,1
15/12/2023,PERSE TECHNOLOGY LIMITED,PERSE-01,6,17:30,18:00,Test,day-ahead,3000,Accepted,0.05,1.22,0.37,0.37,0.79,0.74,0.38,0.14,0.28,0.4,0.09,0.27,0.27,0.63,0,6
15/12/2023,PERSE TECHNOLOGY LIMITED,PERSE-01,6,18:00,18:30,Test,day-ahead,3000,Accepted,0.05,1.22,0.37,0.37,0.79,0.74,0.38,0.14,0.28,0.4,0.09,0.27,0.27,0.63,0,6
15/12/2023,SOLO ENERGY LIMITED,SMS-01,2,17:30,18:00,Test,day-ahead,3000,Accepted,0.04,0.09,0.09,0.12,0.15,0.21,0.16,0.06,0.28,0.16,0.11,0.25,0.1,0.07,0.11,2
15/12/2023,SOLO ENERGY LIMITED,SMS-01,2,18:00,18:30,Test,day-ahead,3000,Accepted,0.04,0.09,0.1,0.12,0.15,0.2,0.16,0.06,0.28,0.17,0.11,0.25,0.1,0.06,0.11,2
15/12/2023,SOLO ENERGY LIMITED,SMS-02,7,17:30,18:00,Test,day-ahead,3000,Accepted,0.13,0.3,0.45,0.48,0.65,0.85,0.61,0.22,0.93,0.6,0.39,0.71,0.28,0.2,0.2,7
15/12/2023,SOLO ENERGY LIMITED,SMS-02,7,18:00,18:30,Test,day-ahead,3000,Accepted,0.12,0.29,0.44,0.48,0.64,0.84,0.6,0.24,0.94,0.6,0.39,0.72,0.28,0.2,0.22,7
15/12/2023,SOLO ENERGY LIMITED,SMS-03,2,17:30,18:00,Test,day-ahead,3000,Accepted,0.03,0.06,0.07,0.12,0.12,0.25,0.16,0.07,0.31,0.21,0.11,0.27,0.08,0.05,0.09,2
15/12/2023,SOLO ENERGY LIMITED,SMS-03,2,18:00,18:30,Test,day-ahead,3000,Accepted,0.03,0.06,0.07,0.11,0.12,0.25,0.16,0.07,0.31,0.21,0.11,0.27,0.08,0.05,0.1,2
15/12/2023,SOLO ENERGY LIMITED,SMS-04,1,17:30,18:00,Test,day-ahead,3000,Accepted,0.01,0.05,0.04,0.05,0.06,0.12,0.12,0.03,0.12,0.1,0.05,0.12,0.05,0.04,0.04,1
15/12/2023,SOLO ENERGY LIMITED,SMS-04,1,18:00,18:30,Test,day-ahead,3000,Accepted,0.01,0.05,0.04,0.05,0.06,0.12,0.12,0.03,0.12,0.1,0.06,0.12,0.05,0.04,0.03,1
15/12/2023,SOLO ENERGY LIMITED,SMS-05,1,17:30,18:00,Test,day-ahead,3000,Accepted,0,0,0,0,0,0,0,0,0,0,0,0,0,0,1,1
15/12/2023,SOLO ENERGY LIMITED,SMS-05,1,18:00,18:30,Test,day-ahead,3000,Accepted,0,0,0,0,0,0,0,0,0,0,0,0,0,0,1,1
15/12/2023,UTILITA ENERGY LIMITED,UTILIT-02,1,17:30,18:00,Test,day-ahead,3000,Accepted,0,0,0,0,0,0,0,0,0,0,0,0,0,0,1,1
15/12/2023,UTILITA ENERGY LIMITED,UTILIT-02,1,18:00,18:30,Test,day-ahead,3000,Accepted,0,0,0,0,0,0,0,0,0,0,0,0,0,0,1,1
14/12/2023,AXLE ENERGY LIMITED,Axle-01,6,17:00,17:30,Test,within-day 1,3000,Accepted,0,0,0,0,0,0,0,0,0,0,0,0,0,0,6,6
14/12/2023,AXLE ENERGY LIMITED,Axle-01,6,17:30,18:00,Test,within-day 1,3000,Accepted,0,0,0,0,0,0,0,0,0,0,0,0,0,0,6,6
14/12/2023,BRITISH GAS TRADING LIMITED,BGAS-01,81,17:00,17:30,Test,within-day 1,3000,Accepted,1.3728377,5.2169046,3.8440669,7.138938,6.589894,7.138938,5.7661,4.3932624,11.257603,8.511928,3.8440669,9.610167,4.1186647,2.1966312,0,81
14/12/2023,BRITISH GAS TRADING LIMITED,BGAS-01,82,17:30,18:00,Test,within-day 1,3000,Accepted,1.3897862,5.2813106,3.8915243,7.2270727,6.6712503,7.2270727,5.8372865,4.4475,11.396585,8.617013,3.8915243,9.728811,4.1695123,2.22375,0,82
14/12/2023,CHAMELEON TECHNOLOGY (UK) LIMITED,CHAMEL-01,1,17:00,17:30,Test,within-day 1,3000,Accepted,0,0,0.1,0.1,0,0.1,0.1,0.1,0.1,0.1,0.1,0,0,0,0.2,1
14/12/2023,CHAMELEON TECHNOLOGY (UK) LIMITED,CHAMEL-01,1,17:30,18:00,Test,within-day 1,3000,Accepted,0,0,0.1,0.1,0,0.1,0.1,0.1,0.1,0.1,0.1,0,0,0,0.2,1
14/12/2023,CONRAD ENERGY (TRADING) LIMITED,CONRAD-02,7,17:00,17:30,Test,within-day 1,3000,Accepted,0,0,0,0,0,0,0,0,0,0,7,0,0,0,0,7
14/12/2023,CONRAD ENERGY (TRADING) LIMITED,CONRAD-02,7,17:30,18:00,Test,within-day 1,3000,Accepted,0,0,0,0,0,0,0,0,0,0,7,0,0,0,0,7
14/12/2023,CUB (UK) LTD,CUB-01,3,17:00,17:30,Test,within-day 1,3000,Accepted,0,0.023,0.038,0.053,0.228,2,0.128,0.098,0.273,0.06,0.008,0.083,0.008,0,0,3
14/12/2023,CUB (UK) LTD,CUB-01,3,17:30,18:00,Test,within-day 1,3000,Accepted,0,0.023,0.038,0.053,0.228,2,0.128,0.098,0.273,0.06,0.008,0.083,0.008,0,0,3
14/12/2023,DRAX ENERGY SOLUTIONS LIMITED,DRAX-03,2,17:00,17:30,Test,within-day 1,3000,Accepted,0,0,0,0,0.4,0.4,0.4,0,0,0,0,0,0.4,0.4,0,2
14/12/2023,DRAX ENERGY SOLUTIONS LIMITED,DRAX-03,2,17:30,18:00,Test,within-day 1,3000,Accepted,0,0,0,0,0.4,0.4,0.4,0,0,0,0,0,0.4,0.4,0,2
14/12/2023,DRAX ENERGY SOLUTIONS LIMITED,DRAX-04,2,17:00,17:30,Test,within-day 1,3000,Accepted,0,0,0,0,0,0,0,0,2,0,0,0,0,0,0,2
14/12/2023,DRAX ENERGY SOLUTIONS LIMITED,DRAX-04,2,17:30,18:00,Test,within-day 1,3000,Accepted,0,0,0,0,0,0,0,0,2,0,0,0,0,0,0,2
14/12/2023,DRAX ENERGY SOLUTIONS LIMITED,DRAX-05,5,17:00,17:30,Test,within-day 1,3000,Accepted,0,0,0,2.5,0,0,0,0,0,0,0,0,2.5,0,0,5
14/12/2023,DRAX ENERGY SOLUTIONS LIMITED,DRAX-05,5,17:30,18:00,Test,within-day 1,3000,Accepted,0,0,0,2.5,0,0,0,0,0,0,0,0,2.5,0,0,5
14/12/2023,E.ON NEXT ENERGY LIMITED,EONNXT-01,14,17:00,17:30,Test,within-day 1,3000,Accepted,0,1,1,1,1,2,1,1,2,1,1,1,1,0,0,14
14/12/2023,E.ON NEXT ENERGY LIMITED,EONNXT-01,14,17:30,18:00,Test,within-day 1,3000,Accepted,0,1,1,1,1,2,1,1,2,1,1,1,1,0,0,14
14/12/2023,EDF ENERGY CUSTOMERS LIMITED,EDF-01,18,17:00,17:30,Test,within-day 1,3000,Accepted,0.3,1.2,1.2,1.2,1.2,1.2,1.2,0.9,1.2,1.8,2.1,3,0.9,0.6,0,18
14/12/2023,EDF ENERGY CUSTOMERS LIMITED,EDF-01,18,17:30,18:00,Test,within-day 1,3000,Accepted,0.3,1.2,1.2,1.2,1.2,1.2,1.2,0.9,1.2,1.8,2.1,3,0.9,0.6,0,18
14/12/2023,EDF ENERGY CUSTOMERS LIMITED,EDF-02,10,17:00,17:30,Test,within-day 1,3000,Accepted,0.2,0.6,0.6,0.6,0.7,0.7,0.7,0.5,0.7,1,1.2,1.7,0.5,0.3,0,10
14/12/2023,EDF ENERGY CUSTOMERS LIMITED,EDF-02,10,17:30,18:00,Test,within-day 1,3000,Accepted,0.2,0.6,0.6,0.6,0.7,0.7,0.7,0.5,0.7,1,1.2,1.7,0.5,0.3,0,10
14/12/2023,ENGIE POWER LIMITED,ENGIE-01,7,17:00,17:30,Test,within-day 1,3000,Accepted,0,0,0,0,0,0,0,0,7,0,0,0,0,0,0,7
14/12/2023,ENGIE POWER LIMITED,ENGIE-01,7,17:30,18:00,Test,within-day 1,3000,Accepted,0,0,0,0,0,0,0,0,7,0,0,0,0,0,0,7
14/12/2023,ENGIE POWER LIMITED,ENGIE-02,2,17:00,17:30,Test,within-day 1,3000,Accepted,0,0,0,0,0,0,0,2,0,0,0,0,0,0,0,2
14/12/2023,ENGIE POWER LIMITED,ENGIE-02,2,17:30,18:00,Test,within-day 1,3000,Accepted,0,0,0,0,0,0,0,2,0,0,0,0,0,0,0,2
14/12/2023,ENGIE POWER LIMITED,ENGIE-03,3,17:00,17:30,Test,within-day 1,3000,Accepted,0,0,0,0,3,0,0,0,0,0,0,0,0,0,0,3
14/12/2023,ENGIE POWER LIMITED,ENGIE-03,3,17:30,18:00,Test,within-day 1,3000,Accepted,0,0,0,0,3,0,0,0,0,0,0,0,0,0,0,3
14/12/2023,EQUIWATT LIMITED,EQUIWA-01,4,17:00,17:30,Test,within-day 1,3000,Accepted,0,0,0,0,0,0,0,0,0,0,0,0,0,0,4,4
14/12/2023,EQUIWATT LIMITED,EQUIWA-01,4,17:30,18:00,Test,within-day 1,3000,Accepted,0,0,0,0,0,0,0,0,0,0,0,0,0,0,4,4
14/12/2023,FLEXITRICITY LIMITED,FLEXIT-01,2,17:00,17:30,Test,within-day 1,3000,Accepted,0,0,0,0,1,0,0,0,0,1,0,0,0,0,0,2
14/12/2023,FLEXITRICITY LIMITED,FLEXIT-01,2,17:30,18:00,Test,within-day 1,3000,Accepted,0,0,0,0,1,0,0,0,0,1,0,0,0,0,0,2
14/12/2023,GRIDBEYOND LIMITED,GRIDBE-05,1,17:00,17:30,Test,within-day 1,3000,Accepted,0,0,1,0,0,0,0,0,0,0,0,0,0,0,0,1
14/12/2023,GRIDBEYOND LIMITED,GRIDBE-05,1,17:30,18:00,Test,within-day 1,3000,Accepted,0,0,1,0,0,0,0,0,0,0,0,0,0,0,0,1
14/12/2023,GRIDBEYOND LIMITED,GRIDBE-06,3,17:00,17:30,Test,within-day 1,3000,Accepted,0,0,1,0,1,0,1,0,0,0,0,0,0,0,0,3
14/12/2023,GRIDBEYOND LIMITED,GRIDBE-06,3,17:30,18:00,Test,within-day 1,3000,Accepted,0,0,1,0,1,0,1,0,0,0,0,0,0,0,0,3
14/12/2023,GRIDBEYOND LIMITED,GRIDBE-07,1,17:00,17:30,Test,within-day 1,3000,Accepted,1,0,0,0,0,0,0,0,0,0,0,0,0,0,0,1
14/12/2023,GRIDBEYOND LIMITED,GRIDBE-07,1,17:30,18:00,Test,within-day 1,3000,Accepted,1,0,0,0,0,0,0,0,0,0,0,0,0,0,0,1
14/12/2023,GRIDIMP LTD,GRIMP-01,3,17:00,17:30,Test,within-day 1,3000,Accepted,0,0,0,0,0,0,0,0,0,0,0,0,0,0,3,3
14/12/2023,GRIDIMP LTD,GRIMP-01,3,17:30,18:00,Test,within-day 1,3000,Accepted,0,0,0,0,0,0,0,0,0,0,0,0,0,0,3,3
14/12/2023,INFINIS LIMITED,INFINS-01,8,17:00,17:30,Test,within-day 1,3000,Accepted,1.899,1.314,0,0.682,1.178,0,0.294,0,0.634,0,0.656,0.221,0,1.122,0,8
14/12/2023,INFINIS LIMITED,INFINS-01,8,17:30,18:00,Test,within-day 1,3000,Accepted,1.899,1.314,0,0.682,1.178,0,0.294,0,0.634,0,0.656,0.221,0,1.122,0,8
14/12/2023,INFINIS LIMITED,INFINS-02,8,17:00,17:30,Test,within-day 1,3000,Accepted,2.295,0.651,0,0.994,1.451,0,0,0.014,0.027,0.033,2.175,0.151,0,0.209,0,8
14/12/2023,INFINIS LIMITED,INFINS-02,8,17:30,18:00,Test,within-day 1,3000,Accepted,2.295,0.651,0,0.994,1.451,0,0,0.014,0.027,0.033,2.175,0.151,0,0.209,0,8
14/12/2023,INFINIS LIMITED,INFINS-03,5,17:00,17:30,Test,within-day 1,3000,Accepted,0.596,0.577,0,0.331,0.604,0,0,0,0.393,0.354,1.419,0.117,0.61,0,0,5
14/12/2023,INFINIS LIMITED,INFINS-03,5,17:30,18:00,Test,within-day 1,3000,Accepted,0.596,0.577,0,0.331,0.604,0,0,0,0.393,0.354,1.419,0.117,0.61,0,0,5
14/12/2023,INFINIS LIMITED,INFINS-04,4,17:00,17:30,Test,within-day 1,3000,Accepted,1.686,1.869,0,0.193,0,0.036,0.195,0,0,0,0.001,0,0,0.021,0,4
14/12/2023,INFINIS LIMITED,INFINS-04,4,17:30,18:00,Test,within-day 1,3000,Accepted,1.686,1.869,0,0.193,0,0.036,0.195,0,0,0,0.001,0,0,0.021,0,4
14/12/2023,OAKTREE POWER LIMITED,OAKTRE-06,2,17:00,17:30,Test,within-day 1,3000,Accepted,0,0,0,0,0.3,0.1,0,0,0.6,0.4,0.3,0,0.3,0,0,2
14/12/2023,OAKTREE POWER LIMITED,OAKTRE-06,2,17:30,18:00,Test,within-day 1,3000,Accepted,0,0,0,0,0.3,0.1,0,0,0.6,0.4,0.3,0,0.3,0,0,2
14/12/2023,OAKTREE POWER LIMITED,OAKTRE-09,1,17:00,17:30,Test,within-day 1,3000,Accepted,0,0,0,0,0,0.4,0.3,0.3,0,0,0,0,0,0,0,1
14/12/2023,OAKTREE POWER LIMITED,OAKTRE-09,1,17:30,18:00,Test,within-day 1,3000,Accepted,0,0,0,0,0,0.4,0.3,0.3,0,0,0,0,0,0,0,1
14/12/2023,OCTOPUS ENERGY LIMITED,OCTOP-01,78,17:00,17:30,Test,within-day 1,3000,Accepted,1,4,4,6,6,9,7,3,10,7,5,10,4,2,0,78
14/12/2023,OCTOPUS ENERGY LIMITED,OCTOP-01,85,17:30,18:00,Test,within-day 1,3000,Accepted,1,4,5,7,7,10,8,3,11,8,5,10,4,2,0,85
14/12/2023,ORANGE POWER LTD,ORANGP-01,1,17:00,17:30,Test,within-day 1,3000,Accepted,0.023047375,0.056764834,0.049082372,0.034997866,0.05505762,0.10798122,0.09688434,0.009816475,0.1327358,0.09688434,0.088775076,0.14895433,0.04993598,0.049082372,0,1
14/12/2023,ORANGE POWER LTD,ORANGP-01,1,17:30,18:00,Test,within-day 1,3000,Accepted,0.023047375,0.056764834,0.049082372,0.034997866,0.05505762,0.10798122,0.09688434,0.009816475,0.1327358,0.09688434,0.088775076,0.14895433,0.04993598,0.049082372,0,1
14/12/2023,OVO ELECTRICITY LTD,OVO-01,1,17:00,17:30,Test,within-day 1,3000,Accepted,0,0,0,0,0,0,0,0,0,0,0,0,0,0,1,1
14/12/2023,OVO ELECTRICITY LTD,OVO-01,1,17:30,18:00,Test,within-day 1,3000,Accepted,0,0,0,0,0,0,0,0,0,0,0,0,0,0,1,1
14/12/2023,PERSE TECHNOLOGY LIMITED,PERSE-01,6,17:00,17:30,Test,within-day 1,3000,Accepted,0.04,1.22,0.37,0.37,0.81,0.74,0.47,0.13,0.28,0.39,0.08,0.26,0.26,0.58,0,6
14/12/2023,PERSE TECHNOLOGY LIMITED,PERSE-01,6,17:30,18:00,Test,within-day 1,3000,Accepted,0.05,1.22,0.37,0.37,0.79,0.74,0.38,0.14,0.28,0.4,0.09,0.27,0.27,0.63,0,6
14/12/2023,SOLO ENERGY LIMITED,SMS-01,2,17:00,17:30,Test,within-day 1,3000,Accepted,0.04,0.09,0.1,0.12,0.16,0.21,0.16,0.06,0.28,0.16,0.11,0.25,0.1,0.07,0.09,2
14/12/2023,SOLO ENERGY LIMITED,SMS-01,2,17:30,18:00,Test,within-day 1,3000,Accepted,0.04,0.09,0.1,0.12,0.15,0.2,0.17,0.06,0.28,0.16,0.11,0.25,0.1,0.07,0.1,2
14/12/2023,SOLO ENERGY LIMITED,SMS-02,6,17:00,17:30,Test,within-day 1,3000,Accepted,0.11,0.26,0.39,0.42,0.57,0.73,0.52,0.19,0.79,0.5,0.33,0.6,0.24,0.17,0.18,6
14/12/2023,SOLO ENERGY LIMITED,SMS-02,6,17:30,18:00,Test,within-day 1,3000,Accepted,0.11,0.26,0.38,0.41,0.55,0.73,0.52,0.19,0.8,0.51,0.33,0.61,0.24,0.17,0.19,6
14/12/2023,SOLO ENERGY LIMITED,SMS-03,1,17:00,17:30,Test,within-day 1,3000,Accepted,0.02,0.03,0.04,0.06,0.06,0.12,0.08,0.03,0.16,0.1,0.06,0.14,0.04,0.03,0.03,1
14/12/2023,SOLO ENERGY LIMITED,SMS-03,1,17:30,18:00,Test,within-day 1,3000,Accepted,0.01,0.03,0.04,0.06,0.06,0.12,0.08,0.03,0.16,0.1,0.06,0.14,0.04,0.03,0.04,1
14/12/2023,SOLO ENERGY LIMITED,SMS-04,1,17:00,17:30,Test,within-day 1,3000,Accepted,0.01,0.05,0.04,0.05,0.06,0.13,0.12,0.03,0.12,0.1,0.06,0.12,0.05,0.04,0.02,1
14/12/2023,SOLO ENERGY LIMITED,SMS-04,1,17:30,18:00,Test,within-day 1,3000,Accepted,0.01,0.05,0.04,0.05,0.06,0.12,0.12,0.03,0.12,0.1,0.05,0.12,0.05,0.04,0.04,1
14/12/2023,SOLO ENERGY LIMITED,SMS-05,1,17:00,17:30,Test,within-day 1,3000,Accepted,0,0,0,0,0,0,0,0,0,0,0,0,0,0,1,1
14/12/2023,SOLO ENERGY LIMITED,SMS-05,1,17:30,18:00,Test,within-day 1,3000,Accepted,0,0,0,0,0,0,0,0,0,0,0,0,0,0,1,1
14/12/2023,UTILITA ENERGY LIMITED,UTILIT-02,1,17:00,17:30,Test,within-day 1,3000,Accepted,0,0,0,0,0,0,0,0,0,0,0,0,0,0,1,1
14/12/2023,UTILITA ENERGY LIMITED,UTILIT-02,1,17:30,18:00,Test,within-day 1,3000,Accepted,0,0,0,0,0,0,0,0,0,0,0,0,0,0,1,1
14/12/2023,HILDEBRAND TECHNOLOGY LIMITED,HLDBRD-01,3,17:00,17:30,Test,within-day 1,4000,Rejected,0.1,0.1,0.2,1.4,0.1,0.2,0.3,0.1,0.1,0.1,0.1,0.1,0.1,0,0,3
14/12/2023,HILDEBRAND TECHNOLOGY LIMITED,HLDBRD-01,3,17:30,18:00,Test,within-day 1,4000,Rejected,0.1,0.1,0.2,1.4,0.1,0.2,0.3,0.1,0.1,0.1,0.1,0.1,0.1,0,0,3
12/12/2023,AXLE ENERGY LIMITED,Axle-01,6,17:00,17:30,Test,within-day 2,3000,Accepted,0,0,0,0,0,0,0,0,0,0,0,0,0,0,6,6
12/12/2023,AXLE ENERGY LIMITED,Axle-01,6,17:30,18:00,Test,within-day 2,3000,Accepted,0,0,0,0,0,0,0,0,0,0,0,0,0,0,6,6
12/12/2023,BRITISH GAS TRADING LIMITED,BGAS-01,81,17:00,17:30,Test,within-day 2,3000,Accepted,1.3728377,5.2169046,3.8440669,7.138938,6.589894,7.138938,5.7661,4.3932624,11.257603,8.511928,3.8440669,9.610167,4.1186647,2.1966312,0,81
12/12/2023,BRITISH GAS TRADING LIMITED,BGAS-01,82,17:30,18:00,Test,within-day 2,3000,Accepted,1.3897862,5.2813106,3.8915243,7.2270727,6.6712503,7.2270727,5.8372865,4.4475,11.396585,8.617013,3.8915243,9.728811,4.1695123,2.22375,0,82
12/12/2023,CHAMELEON TECHNOLOGY (UK) LIMITED,CHAMEL-01,1,17:00,17:30,Test,within-day 2,3000,Accepted,0,0,0.1,0.1,0,0.1,0.1,0.1,0.1,0.1,0.1,0,0,0,0.2,1
12/12/2023,CHAMELEON TECHNOLOGY (UK) LIMITED,CHAMEL-01,1,17:30,18:00,Test,within-day 2,3000,Accepted,0,0,0.1,0.1,0,0.1,0.1,0.1,0.1,0.1,0.1,0,0,0,0.2,1
12/12/2023,CONRAD ENERGY (TRADING) LIMITED,CONRAD-02,7,17:00,17:30,Test,within-day 2,3000,Accepted,0,0,0,0,0,0,0,0,0,0,7,0,0,0,0,7
12/12/2023,CONRAD ENERGY (TRADING) LIMITED,CONRAD-02,7,17:30,18:00,Test,within-day 2,3000,Accepted,0,0,0,0,0,0,0,0,0,0,7,0,0,0,0,7
12/12/2023,CUB (UK) LTD,CUB-01,3,17:00,17:30,Test,within-day 2,3000,Accepted,0,0.023,0.038,0.053,0.228,2,0.128,0.098,0.273,0.06,0.008,0.083,0.008,0,0,3
12/12/2023,CUB (UK) LTD,CUB-01,3,17:30,18:00,Test,within-day 2,3000,Accepted,0,0.023,0.038,0.053,0.228,2,0.128,0.098,0.273,0.06,0.008,0.083,0.008,0,0,3
12/12/2023,DRAX ENERGY SOLUTIONS LIMITED,DRAX-03,1,17:00,17:30,Test,within-day 2,3000,Accepted,0,0,0,0,0.2,0.2,0.2,0,0,0,0,0,0.2,0.2,0,1
12/12/2023,DRAX ENERGY SOLUTIONS LIMITED,DRAX-03,1,17:30,18:00,Test,within-day 2,3000,Accepted,0,0,0,0,0.2,0.2,0.2,0,0,0,0,0,0.2,0.2,0,1
12/12/2023,DRAX ENERGY SOLUTIONS LIMITED,DRAX-04,1,17:00,17:30,Test,within-day 2,3000,Accepted,0,0,0,0,0,0,0,0,1,0,0,0,0,0,0,1
12/12/2023,DRAX ENERGY SOLUTIONS LIMITED,DRAX-04,1,17:30,18:00,Test,within-day 2,3000,Accepted,0,0,0,0,0,0,0,0,1,0,0,0,0,0,0,1
12/12/2023,DRAX ENERGY SOLUTIONS LIMITED,DRAX-05,3,17:00,17:30,Test,within-day 2,3000,Accepted,0,0,0,1.5,0,0,0,0,0,0,0,0,1.5,0,0,3
12/12/2023,DRAX ENERGY SOLUTIONS LIMITED,DRAX-05,3,17:30,18:00,Test,within-day 2,3000,Accepted,0,0,0,1.5,0,0,0,0,0,0,0,0,1.5,0,0,3
12/12/2023,E.ON NEXT ENERGY LIMITED,EONNXT-01,16,17:00,17:30,Test,within-day 2,3000,Accepted,0,1,1,1,1,2,2,1,3,1,1,1,1,0,0,16
12/12/2023,E.ON NEXT ENERGY LIMITED,EONNXT-01,16,17:30,18:00,Test,within-day 2,3000,Accepted,0,1,1,1,1,2,2,1,3,1,1,1,1,0,0,16
12/12/2023,EDF ENERGY CUSTOMERS LIMITED,EDF-01,18,17:00,17:30,Test,within-day 2,3000,Accepted,0.3,1.2,1.2,1.2,1.2,1.2,1.2,0.9,1.2,1.8,2.1,3,0.9,0.6,0,18
12/12/2023,EDF ENERGY CUSTOMERS LIMITED,EDF-01,18,17:30,18:00,Test,within-day 2,3000,Accepted,0.3,1.2,1.2,1.2,1.2,1.2,1.2,0.9,1.2,1.8,2.1,3,0.9,0.6,0,18
12/12/2023,EDF ENERGY CUSTOMERS LIMITED,EDF-02,10,17:00,17:30,Test,within-day 2,3000,Accepted,0.2,0.6,0.6,0.6,0.7,0.7,0.7,0.5,0.7,1,1.2,1.7,0.5,0.3,0,10
12/12/2023,EDF ENERGY CUSTOMERS LIMITED,EDF-02,10,17:30,18:00,Test,within-day 2,3000,Accepted,0.2,0.6,0.6,0.6,0.7,0.7,0.7,0.5,0.7,1,1.2,1.7,0.5,0.3,0,10
12/12/2023,ENGIE POWER LIMITED,ENGIE-01,7,17:00,17:30,Test,within-day 2,3000,Accepted,0,0,0,0,0,0,0,0,7,0,0,0,0,0,0,7
12/12/2023,ENGIE POWER LIMITED,ENGIE-01,7,17:30,18:00,Test,within-day 2,3000,Accepted,0,0,0,0,0,0,0,0,7,0,0,0,0,0,0,7
12/12/2023,ENGIE POWER LIMITED,ENGIE-02,2,17:00,17:30,Test,within-day 2,3000,Accepted,0,0,0,0,0,0,0,2,0,0,0,0,0,0,0,2
12/12/2023,ENGIE POWER LIMITED,ENGIE-02,2,17:30,18:00,Test,within-day 2,3000,Accepted,0,0,0,0,0,0,0,2,0,0,0,0,0,0,0,2
12/12/2023,ENGIE POWER LIMITED,ENGIE-03,3,17:00,17:30,Test,within-day 2,3000,Accepted,0,0,0,0,3,0,0,0,0,0,0,0,0,0,0,3
12/12/2023,ENGIE POWER LIMITED,ENGIE-03,3,17:30,18:00,Test,within-day 2,3000,Accepted,0,0,0,0,3,0,0,0,0,0,0,0,0,0,0,3
12/12/2023,EQUIWATT LIMITED,EQUIWA-01,4,17:00,17:30,Test,within-day 2,3000,Accepted,0,0,0,0,0,0,0,0,0,0,0,0,0,0,4,4
12/12/2023,EQUIWATT LIMITED,EQUIWA-01,4,17:30,18:00,Test,within-day 2,3000,Accepted,0,0,0,0,0,0,0,0,0,0,0,0,0,0,4,4
12/12/2023,FLEXITRICITY LIMITED,FLEXIT-01,2,17:00,17:30,Test,within-day 2,3000,Accepted,0,0,0,0,1,0,0,0,0,1,0,0,0,0,0,2
12/12/2023,FLEXITRICITY LIMITED,FLEXIT-01,2,17:30,18:00,Test,within-day 2,3000,Accepted,0,0,0,0,1,0,0,0,0,1,0,0,0,0,0,2
12/12/2023,GRIDBEYOND LIMITED,GRIDBE-05,1,17:00,17:30,Test,within-day 2,3000,Accepted,0,0,1,0,0,0,0,0,0,0,0,0,0,0,0,1
12/12/2023,GRIDBEYOND LIMITED,GRIDBE-05,1,17:30,18:00,Test,within-day 2,3000,Accepted,0,0,1,0,0,0,0,0,0,0,0,0,0,0,0,1
12/12/2023,GRIDBEYOND LIMITED,GRIDBE-06,3,17:00,17:30,Test,within-day 2,3000,Accepted,0,0,1,0,1,0,1,0,0,0,0,0,0,0,0,3
12/12/2023,GRIDBEYOND LIMITED,GRIDBE-06,3,17:30,18:00,Test,within-day 2,3000,Accepted,0,0,1,0,1,0,1,0,0,0,0,0,0,0,0,3
12/12/2023,GRIDBEYOND LIMITED,GRIDBE-07,1,17:00,17:30,Test,within-day 2,3000,Accepted,1,0,0,0,0,0,0,0,0,0,0,0,0,0,0,1
12/12/2023,GRIDBEYOND LIMITED,GRIDBE-07,1,17:30,18:00,Test,within-day 2,3000,Accepted,1,0,0,0,0,0,0,0,0,0,0,0,0,0,0,1
12/12/2023,GRIDIMP LTD,GRIMP-01,3,17:00,17:30,Test,within-day 2,3000,Accepted,0,0,0,0,0,0,0,0,0,0,0,0,0,0,3,3
12/12/2023,GRIDIMP LTD,GRIMP-01,3,17:30,18:00,Test,within-day 2,3000,Accepted,0,0,0,0,0,0,0,0,0,0,0,0,0,0,3,3
12/12/2023,HILDEBRAND TECHNOLOGY LIMITED,HLDBRD-01,3,17:00,17:30,Test,within-day 2,3000,Accepted,0.1,0.1,0.2,1.4,0.1,0.2,0.3,0.1,0.1,0.1,0.1,0.1,0.1,0,0,3
12/12/2023,HILDEBRAND TECHNOLOGY LIMITED,HLDBRD-01,3,17:30,18:00,Test,within-day 2,3000,Accepted,0.1,0.1,0.2,1.4,0.1,0.2,0.3,0.1,0.1,0.1,0.1,0.1,0.1,0,0,3
12/12/2023,INFINIS LIMITED,INFINS-01,9,17:00,17:30,Test,within-day 2,3000,Accepted,2.136,1.478,0,0.767,1.325,0,0.331,0,0.713,0,0.738,0.249,0,1.262,0,9
12/12/2023,INFINIS LIMITED,INFINS-01,9,17:30,18:00,Test,within-day 2,3000,Accepted,2.136,1.478,0,0.767,1.325,0,0.331,0,0.713,0,0.738,0.249,0,1.262,0,9
12/12/2023,INFINIS LIMITED,INFINS-02,8,17:00,17:30,Test,within-day 2,3000,Accepted,2.295,0.651,0,0.994,1.451,0,0,0.014,0.027,0.033,2.175,0.151,0,0.209,0,8
12/12/2023,INFINIS LIMITED,INFINS-02,8,17:30,18:00,Test,within-day 2,3000,Accepted,2.295,0.651,0,0.994,1.451,0,0,0.014,0.027,0.033,2.175,0.151,0,0.209,0,8
12/12/2023,INFINIS LIMITED,INFINS-03,6,17:00,17:30,Test,within-day 2,3000,Accepted,0.715,0.693,0,0.397,0.724,0,0,0,0.471,0.424,1.703,0.141,0.732,0,0,6
12/12/2023,INFINIS LIMITED,INFINS-03,6,17:30,18:00,Test,within-day 2,3000,Accepted,0.715,0.693,0,0.397,0.724,0,0,0,0.471,0.424,1.703,0.141,0.732,0,0,6
12/12/2023,INFINIS LIMITED,INFINS-04,4,17:00,17:30,Test,within-day 2,3000,Accepted,1.686,1.869,0,0.193,0,0.036,0.195,0,0,0,0.001,0,0,0.021,0,4
12/12/2023,INFINIS LIMITED,INFINS-04,4,17:30,18:00,Test,within-day 2,3000,Accepted,1.686,1.869,0,0.193,0,0.036,0.195,0,0,0,0.001,0,0,0.021,0,4
12/12/2023,OAKTREE POWER LIMITED,OAKTRE-06,2,17:00,17:30,Test,within-day 2,3000,Accepted,0,0,0,0,0.3,0.1,0,0,0.6,0.4,0.3,0,0.3,0,0,2
12/12/2023,OAKTREE POWER LIMITED,OAKTRE-06,2,17:30,18:00,Test,within-day 2,3000,Accepted,0,0,0,0,0.3,0.1,0,0,0.6,0.4,0.3,0,0.3,0,0,2
12/12/2023,OAKTREE POWER LIMITED,OAKTRE-09,1,17:00,17:30,Test,within-day 2,3000,Accepted,0,0,0,0,0,0.4,0.3,0.3,0,0,0,0,0,0,0,1
12/12/2023,OAKTREE POWER LIMITED,OAKTRE-09,1,17:30,18:00,Test,within-day 2,3000,Accepted,0,0,0,0,0,0.4,0.3,0.3,0,0,0,0,0,0,0,1
12/12/2023,OCTOPUS ENERGY LIMITED,OCTOP-01,94,17:00,17:30,Test,within-day 2,3000,Accepted,1,4,5,8,8,11,9,3,12,8,6,12,4,3,0,94
12/12/2023,OCTOPUS ENERGY LIMITED,OCTOP-01,92,17:30,18:00,Test,within-day 2,3000,Accepted,1,4,5,7,7,11,9,3,12,8,6,12,4,3,0,92
12/12/2023,ORANGE POWER LTD,ORANGP-01,1,17:00,17:30,Test,within-day 2,3000,Accepted,0.023047375,0.056764834,0.049082372,0.034997866,0.05505762,0.10798122,0.09688434,0.009816475,0.1327358,0.09688434,0.088775076,0.14895433,0.04993598,0.049082372,0,1
12/12/2023,ORANGE POWER LTD,ORANGP-01,1,17:30,18:00,Test,within-day 2,3000,Accepted,0.023047375,0.056764834,0.049082372,0.034997866,0.05505762,0.10798122,0.09688434,0.009816475,0.1327358,0.09688434,0.088775076,0.14895433,0.04993598,0.049082372,0,1
12/12/2023,OVO ELECTRICITY LTD,OVO-01,3,17:00,17:30,Test,within-day 2,3000,Accepted,0,0,0,0,0,0,0,0,0,0,0,0,0,0,3,3
12/12/2023,OVO ELECTRICITY LTD,OVO-01,4,17:30,18:00,Test,within-day 2,3000,Accepted,0,0,0,0,0,0,0,0,0,0,0,0,0,0,4,4
12/12/2023,PERSE TECHNOLOGY LIMITED,PERSE-01,6,17:00,17:30,Test,within-day 2,3000,Accepted,0.04,1.22,0.37,0.37,0.81,0.74,0.47,0.13,0.28,0.39,0.08,0.26,0.26,0.58,0,6
12/12/2023,PERSE TECHNOLOGY LIMITED,PERSE-01,6,17:30,18:00,Test,within-day 2,3000,Accepted,0.05,1.22,0.37,0.37,0.79,0.74,0.38,0.14,0.28,0.4,0.09,0.27,0.27,0.63,0,6
12/12/2023,SOLO ENERGY LIMITED,SMS-01,2,17:00,17:30,Test,within-day 2,3000,Accepted,0.04,0.09,0.1,0.12,0.16,0.2,0.16,0.06,0.27,0.16,0.11,0.25,0.1,0.07,0.11,2
12/12/2023,SOLO ENERGY LIMITED,SMS-01,2,17:30,18:00,Test,within-day 2,3000,Accepted,0.04,0.09,0.1,0.13,0.16,0.2,0.16,0.06,0.27,0.16,0.12,0.25,0.1,0.06,0.1,2
12/12/2023,SOLO ENERGY LIMITED,SMS-02,7,17:00,17:30,Test,within-day 2,3000,Accepted,0.12,0.3,0.45,0.47,0.67,0.84,0.61,0.22,0.92,0.59,0.39,0.71,0.28,0.2,0.23,7
12/12/2023,SOLO ENERGY LIMITED,SMS-02,7,17:30,18:00,Test,within-day 2,3000,Accepted,0.12,0.3,0.44,0.47,0.66,0.84,0.6,0.22,0.93,0.61,0.38,0.71,0.28,0.2,0.24,7
12/12/2023,SOLO ENERGY LIMITED,SMS-03,1,17:00,17:30,Test,within-day 2,3000,Accepted,0.02,0.03,0.04,0.06,0.06,0.12,0.08,0.03,0.15,0.11,0.06,0.14,0.04,0.03,0.03,1
12/12/2023,SOLO ENERGY LIMITED,SMS-03,1,17:30,18:00,Test,within-day 2,3000,Accepted,0.02,0.03,0.04,0.06,0.06,0.12,0.08,0.03,0.15,0.11,0.06,0.14,0.04,0.03,0.03,1
12/12/2023,SOLO ENERGY LIMITED,SMS-04,1,17:00,17:30,Test,within-day 2,3000,Accepted,0.01,0.05,0.04,0.05,0.06,0.12,0.12,0.03,0.12,0.1,0.06,0.12,0.05,0.04,0.03,1
12/12/2023,SOLO ENERGY LIMITED,SMS-04,1,17:30,18:00,Test,within-day 2,3000,Accepted,0.01,0.05,0.04,0.05,0.06,0.12,0.12,0.03,0.12,0.1,0.06,0.12,0.05,0.04,0.03,1
12/12/2023,SOLO ENERGY LIMITED,SMS-05,1,17:00,17:30,Test,within-day 2,3000,Accepted,0,0,0,0,0,0,0,0,0,0,0,0,0,0,1,1
12/12/2023,SOLO ENERGY LIMITED,SMS-05,1,17:30,18:00,Test,within-day 2,3000,Accepted,0,0,0,0,0,0,0,0,0,0,0,0,0,0,1,1
12/12/2023,UTILITA ENERGY LIMITED,UTILIT-02,1,17:00,17:30,Test,within-day 2,3000,Accepted,0,0,0,0,0,0,0,0,0,0,0,0,0,0,1,1
12/12/2023,UTILITA ENERGY LIMITED,UTILIT-02,1,17:30,18:00,Test,within-day 2,3000,Accepted,0,0,0,0,0,0,0,0,0,0,0,0,0,0,1,1
05/12/2023,AXLE ENERGY LIMITED,Axle-01,6,17:30,18:00,Test,within-day 1,3000,Accepted,0,0,0,0,0,0,0,0,0,0,0,0,0,0,6,6
05/12/2023,AXLE ENERGY LIMITED,Axle-01,6,18:00,18:30,Test,within-day 1,3000,Accepted,0,0,0,0,0,0,0,0,0,0,0,0,0,0,6,6
05/12/2023,BRITISH GAS TRADING LIMITED,BGAS-01,81,17:30,18:00,Test,within-day 1,3000,Accepted,1.3728377,5.2169046,3.8440669,7.138938,6.589894,7.138938,5.7661,4.3932624,11.257603,8.511928,3.8440669,9.610167,4.1186647,2.1966312,0,81
05/12/2023,BRITISH GAS TRADING LIMITED,BGAS-01,82,18:00,18:30,Test,within-day 1,3000,Accepted,1.3897862,5.2813106,3.8915243,7.2270727,6.6712503,7.2270727,5.8372865,4.4475,11.396585,8.617013,3.8915243,9.728811,4.1695123,2.22375,0,82
05/12/2023,CHAMELEON TECHNOLOGY (UK) LIMITED,CHAMEL-01,1,17:30,18:00,Test,within-day 1,3000,Accepted,0,0,0.05,0.1,0,0.1,0.1,0.1,0.1,0.15,0.1,0,0,0,0.2,1
05/12/2023,CHAMELEON TECHNOLOGY (UK) LIMITED,CHAMEL-01,1,18:00,18:30,Test,within-day 1,3000,Accepted,0,0,0.05,0.1,0,0.1,0.1,0.1,0.1,0.15,0.1,0,0,0,0.2,1
05/12/2023,CONRAD ENERGY (TRADING) LIMITED,CONRAD-02,7,17:30,18:00,Test,within-day 1,3000,Accepted,0,0,0,0,0,0,0,0,0,0,7,0,0,0,0,7
05/12/2023,CONRAD ENERGY (TRADING) LIMITED,CONRAD-02,7,18:00,18:30,Test,within-day 1,3000,Accepted,0,0,0,0,0,0,0,0,0,0,7,0,0,0,0,7
05/12/2023,CUB (UK) LTD,CUB-01,3,17:30,18:00,Test,within-day 1,3000,Accepted,0,0.023,0.038,0.053,0.228,2,0.128,0.098,0.273,0.06,0.008,0.083,0.008,0,0,3
05/12/2023,CUB (UK) LTD,CUB-01,3,18:00,18:30,Test,within-day 1,3000,Accepted,0,0.023,0.038,0.053,0.228,2,0.128,0.098,0.273,0.06,0.008,0.083,0.008,0,0,3
05/12/2023,DRAX ENERGY SOLUTIONS LIMITED,DRAX-03,20,17:30,18:00,Test,within-day 1,3000,Accepted,0,0,0,0,4,4,4,0,0,0,0,0,4,4,0,20
05/12/2023,DRAX ENERGY SOLUTIONS LIMITED,DRAX-03,20,18:00,18:30,Test,within-day 1,3000,Accepted,0,0,0,0,4,4,4,0,0,0,0,0,4,4,0,20
05/12/2023,DRAX ENERGY SOLUTIONS LIMITED,DRAX-04,4,17:30,18:00,Test,within-day 1,3000,Accepted,0,0,0,0,0,0,0,0,4,0,0,0,0,0,0,4
05/12/2023,DRAX ENERGY SOLUTIONS LIMITED,DRAX-04,4,18:00,18:30,Test,within-day 1,3000,Accepted,0,0,0,0,0,0,0,0,4,0,0,0,0,0,0,4
05/12/2023,DRAX ENERGY SOLUTIONS LIMITED,DRAX-05,20,17:30,18:00,Test,within-day 1,3000,Accepted,0,0,0,10,0,0,0,0,0,0,0,0,10,0,0,20
05/12/2023,DRAX ENERGY SOLUTIONS LIMITED,DRAX-05,20,18:00,18:30,Test,within-day 1,3000,Accepted,0,0,0,10,0,0,0,0,0,0,0,0,10,0,0,20
05/12/2023,E.ON NEXT ENERGY LIMITED,EONNXT-01,22,17:30,18:00,Test,within-day 1,3000,Accepted,0,1,1,2,2,3,2,1,4,1,1,2,1,1,0,22
05/12/2023,E.ON NEXT ENERGY LIMITED,EONNXT-01,22,18:00,18:30,Test,within-day 1,3000,Accepted,0,1,1,2,2,3,2,1,4,1,1,2,1,1,0,22
05/12/2023,EDF ENERGY CUSTOMERS LIMITED,EDF-01,36,17:30,18:00,Test,within-day 1,3000,Accepted,0.6,2.4,2.4,2.4,2.4,2.4,2.4,1.8,2.4,3.6,4.2,6,1.8,1.2,0,36
05/12/2023,EDF ENERGY CUSTOMERS LIMITED,EDF-01,36,18:00,18:30,Test,within-day 1,3000,Accepted,0.6,2.4,2.4,2.4,2.4,2.4,2.4,1.8,2.4,3.6,4.2,6,1.8,1.2,0,36
05/12/2023,EDF ENERGY CUSTOMERS LIMITED,EDF-02,10,17:30,18:00,Test,within-day 1,3000,Accepted,0.2,0.6,0.6,0.6,0.7,0.7,0.7,0.5,0.7,1,1.2,1.7,0.5,0.3,0,10
05/12/2023,EDF ENERGY CUSTOMERS LIMITED,EDF-02,10,18:00,18:30,Test,within-day 1,3000,Accepted,0.2,0.6,0.6,0.6,0.7,0.7,0.7,0.5,0.7,1,1.2,1.7,0.5,0.3,0,10
05/12/2023,ENGIE POWER LIMITED,ENGIE-01,7,17:30,18:00,Test,within-day 1,3000,Accepted,0,0,0,0,0,0,0,0,7,0,0,0,0,0,0,7
05/12/2023,ENGIE POWER LIMITED,ENGIE-01,7,18:00,18:30,Test,within-day 1,3000,Accepted,0,0,0,0,0,0,0,0,7,0,0,0,0,0,0,7
05/12/2023,ENGIE POWER LIMITED,ENGIE-02,2,17:30,18:00,Test,within-day 1,3000,Accepted,0,0,0,0,0,0,0,2,0,0,0,0,0,0,0,2
05/12/2023,ENGIE POWER LIMITED,ENGIE-02,2,18:00,18:30,Test,within-day 1,3000,Accepted,0,0,0,0,0,0,0,2,0,0,0,0,0,0,0,2
05/12/2023,ENGIE POWER LIMITED,ENGIE-03,3,17:30,18:00,Test,within-day 1,3000,Accepted,0,0,0,0,3,0,0,0,0,0,0,0,0,0,0,3
05/12/2023,ENGIE POWER LIMITED,ENGIE-03,3,18:00,18:30,Test,within-day 1,3000,Accepted,0,0,0,0,3,0,0,0,0,0,0,0,0,0,0,3
05/12/2023,EQUIWATT LIMITED,EQUIWA-01,5,17:30,18:00,Test,within-day 1,3000,Accepted,0,0,0,0,0,0,0,0,0,0,0,0,0,0,5,5
05/12/2023,EQUIWATT LIMITED,EQUIWA-01,5,18:00,18:30,Test,within-day 1,3000,Accepted,0,0,0,0,0,0,0,0,0,0,0,0,0,0,5,5
05/12/2023,FLEXITRICITY LIMITED,FLEXIT-01,2,17:30,18:00,Test,within-day 1,3000,Accepted,0,0,0,0,1,0,0,0,0,1,0,0,0,0,0,2
05/12/2023,FLEXITRICITY LIMITED,FLEXIT-01,2,18:00,18:30,Test,within-day 1,3000,Accepted,0,0,0,0,1,0,0,0,0,1,0,0,0,0,0,2
05/12/2023,GRIDBEYOND LIMITED,GRIDBE-05,1,17:30,18:00,Test,within-day 1,3000,Accepted,0,0,1,0,0,0,0,0,0,0,0,0,0,0,0,1
05/12/2023,GRIDBEYOND LIMITED,GRIDBE-05,1,18:00,18:30,Test,within-day 1,3000,Accepted,0,0,1,0,0,0,0,0,0,0,0,0,0,0,0,1
05/12/2023,GRIDBEYOND LIMITED,GRIDBE-06,3,17:30,18:00,Test,within-day 1,3000,Accepted,0,0,1,0,1,0,1,0,0,0,0,0,0,0,0,3
05/12/2023,GRIDBEYOND LIMITED,GRIDBE-06,3,18:00,18:30,Test,within-day 1,3000,Accepted,0,0,1,0,1,0,1,0,0,0,0,0,0,0,0,3
05/12/2023,GRIDIMP LTD,GRIMP-01,3,17:30,18:00,Test,within-day 1,3000,Accepted,0,0,0,0,0,0,0,0,0,0,0,0,0,0,3,3
05/12/2023,GRIDIMP LTD,GRIMP-01,3,18:00,18:30,Test,within-day 1,3000,Accepted,0,0,0,0,0,0,0,0,0,0,0,0,0,0,3,3
05/12/2023,HILDEBRAND TECHNOLOGY LIMITED,HLDBRD-01,3,17:30,18:00,Test,within-day 1,3000,Accepted,0.1,0.1,0.2,1.4,0.1,0.2,0.3,0.1,0.1,0.1,0.1,0.1,0.1,0,0,3
05/12/2023,HILDEBRAND TECHNOLOGY LIMITED,HLDBRD-01,3,18:00,18:30,Test,within-day 1,3000,Accepted,0.1,0.1,0.2,1.4,0.1,0.2,0.3,0.1,0.1,0.1,0.1,0.1,0.1,0,0,3
05/12/2023,INFINIS LIMITED,INFINS-01,8,17:30,18:00,Test,within-day 1,3000,Accepted,2.102,1.784,0,0.64,1.177,0,0.412,0,0.635,0,0.512,0.235,0,0.503,0,8
05/12/2023,INFINIS LIMITED,INFINS-01,8,18:00,18:30,Test,within-day 1,3000,Accepted,2.102,1.784,0,0.64,1.177,0,0.412,0,0.635,0,0.512,0.235,0,0.503,0,8
05/12/2023,INFINIS LIMITED,INFINS-02,9,17:30,18:00,Test,within-day 1,3000,Accepted,2.956,0.938,0,0.7,1.713,0,0,0.012,0.115,0.039,2.211,0.164,0,0.152,0,9
05/12/2023,INFINIS LIMITED,INFINS-02,9,18:00,18:30,Test,within-day 1,3000,Accepted,2.956,0.938,0,0.7,1.713,0,0,0.012,0.115,0.039,2.211,0.164,0,0.152,0,9
05/12/2023,INFINIS LIMITED,INFINS-03,7,17:30,18:00,Test,within-day 1,3000,Accepted,0.938,1.083,0,0.629,0.859,0,0,0,0.313,0.396,1.995,0.052,0.736,0,0,7
05/12/2023,INFINIS LIMITED,INFINS-03,7,18:00,18:30,Test,within-day 1,3000,Accepted,0.938,1.083,0,0.629,0.859,0,0,0,0.313,0.396,1.995,0.052,0.736,0,0,7
05/12/2023,INFINIS LIMITED,INFINS-04,5,17:30,18:00,Test,within-day 1,3000,Accepted,1.93,2.244,0,0.428,0,0.059,0.276,0,0,0,0.032,0,0,0.031,0,5
05/12/2023,INFINIS LIMITED,INFINS-04,5,18:00,18:30,Test,within-day 1,3000,Accepted,1.93,2.244,0,0.428,0,0.059,0.276,0,0,0,0.032,0,0,0.031,0,5
05/12/2023,OAKTREE POWER LIMITED,OAKTRE-01,5,17:30,18:00,Test,within-day 1,3000,Accepted,0,0,0,0,0,0,0,0,0,0,0,5,0,0,0,5
05/12/2023,OAKTREE POWER LIMITED,OAKTRE-01,5,18:00,18:30,Test,within-day 1,3000,Accepted,0,0,0,0,0,0,0,0,0,0,0,5,0,0,0,5
05/12/2023,OAKTREE POWER LIMITED,OAKTRE-06,2,17:30,18:00,Test,within-day 1,3000,Accepted,0,0,0,0,0.3,0.1,0,0,0.6,0.4,0.3,0,0.3,0,0,2
05/12/2023,OAKTREE POWER LIMITED,OAKTRE-06,2,18:00,18:30,Test,within-day 1,3000,Accepted,0,0,0,0,0.3,0.1,0,0,0.6,0.4,0.3,0,0.3,0,0,2
05/12/2023,OAKTREE POWER LIMITED,OAKTRE-09,1,17:30,18:00,Test,within-day 1,3000,Accepted,0,0,0,0,0,0.4,0.3,0.3,0,0,0,0,0,0,0,1
05/12/2023,OAKTREE POWER LIMITED,OAKTRE-09,1,18:00,18:30,Test,within-day 1,3000,Accepted,0,0,0,0,0,0.4,0.3,0.3,0,0,0,0,0,0,0,1
05/12/2023,OCTOPUS ENERGY LIMITED,OCTOP-01,92,17:30,18:00,Test,within-day 1,3000,Accepted,1,4,5,7,7,11,9,3,12,8,6,12,4,3,0,92
05/12/2023,OCTOPUS ENERGY LIMITED,OCTOP-01,93,18:00,18:30,Test,within-day 1,3000,Accepted,1,4,5,7,7,11,9,3,12,9,6,12,4,3,0,93
05/12/2023,OCTOPUS ENERGY LIMITED,OCTOP-02,92,17:30,18:00,Test,within-day 1,3000,Accepted,1,4,5,7,7,11,9,3,12,8,6,12,4,3,0,92
05/12/2023,OCTOPUS ENERGY LIMITED,OCTOP-02,93,18:00,18:30,Test,within-day 1,3000,Accepted,1,4,5,7,7,11,9,3,12,9,6,12,4,3,0,93
05/12/2023,OCTOPUS ENERGY LIMITED,OCTOP-03,23,17:30,18:00,Test,within-day 1,3000,Accepted,0,1,1,2,2,3,2,1,4,2,1,3,1,0,0,23
05/12/2023,OCTOPUS ENERGY LIMITED,OCTOP-03,28,18:00,18:30,Test,within-day 1,3000,Accepted,0,1,1,2,2,3,3,1,4,3,2,4,1,1,0,28
05/12/2023,ORANGE POWER LTD,ORANGP-01,1,17:30,18:00,Test,within-day 1,3000,Accepted,0.023047375,0.056764834,0.049082372,0.034997866,0.05505762,0.10798122,0.09688434,0.009816475,0.1327358,0.09688434,0.088775076,0.14895433,0.04993598,0.049082372,0,1
05/12/2023,ORANGE POWER LTD,ORANGP-01,1,18:00,18:30,Test,within-day 1,3000,Accepted,0.023047375,0.056764834,0.049082372,0.034997866,0.05505762,0.10798122,0.09688434,0.009816475,0.1327358,0.09688434,0.088775076,0.14895433,0.04993598,0.049082372,0,1
05/12/2023,OVO ELECTRICITY LTD,OVO-01,3,17:30,18:00,Test,within-day 1,3000,Accepted,0,0,0,0,0,0,0,0,0,0,0,0,0,0,3,3
05/12/2023,OVO ELECTRICITY LTD,OVO-01,3,18:00,18:30,Test,within-day 1,3000,Accepted,0,0,0,0,0,0,0,0,0,0,0,0,0,0,3,3
05/12/2023,PERSE TECHNOLOGY LIMITED,PERSE-01,14,17:30,18:00,Test,within-day 1,3000,Accepted,1,1,1,1,1,1,1,1,1,1,1,1,1,1,0,14
05/12/2023,PERSE TECHNOLOGY LIMITED,PERSE-01,14,18:00,18:30,Test,within-day 1,3000,Accepted,1,1,1,1,1,1,1,1,1,1,1,1,1,1,0,14
05/12/2023,SOLO ENERGY LIMITED,SMS-01,2,17:30,18:00,Test,within-day 1,3000,Accepted,0.04,0.09,0.1,0.12,0.16,0.2,0.16,0.06,0.27,0.16,0.11,0.25,0.1,0.07,0.11,2
05/12/2023,SOLO ENERGY LIMITED,SMS-01,2,18:00,18:30,Test,within-day 1,3000,Accepted,0.04,0.09,0.1,0.13,0.16,0.2,0.16,0.06,0.27,0.16,0.12,0.25,0.1,0.06,0.1,2
05/12/2023,SOLO ENERGY LIMITED,SMS-02,7,17:30,18:00,Test,within-day 1,3000,Accepted,0.12,0.3,0.45,0.47,0.67,0.84,0.61,0.22,0.92,0.59,0.39,0.71,0.28,0.2,0.23,7
05/12/2023,SOLO ENERGY LIMITED,SMS-02,7,18:00,18:30,Test,within-day 1,3000,Accepted,0.12,0.3,0.44,0.47,0.66,0.84,0.6,0.22,0.93,0.61,0.38,0.71,0.28,0.2,0.24,7
05/12/2023,SOLO ENERGY LIMITED,SMS-03,1,17:30,18:00,Test,within-day 1,3000,Accepted,0.02,0.03,0.04,0.06,0.06,0.12,0.08,0.03,0.15,0.11,0.06,0.14,0.04,0.03,0.03,1
05/12/2023,SOLO ENERGY LIMITED,SMS-03,1,18:00,18:30,Test,within-day 1,3000,Accepted,0.02,0.03,0.04,0.06,0.06,0.12,0.08,0.03,0.15,0.11,0.06,0.14,0.04,0.03,0.03,1
05/12/2023,SOLO ENERGY LIMITED,SMS-04,1,17:30,18:00,Test,within-day 1,3000,Accepted,0.01,0.05,0.04,0.05,0.06,0.12,0.12,0.03,0.12,0.1,0.06,0.12,0.05,0.04,0.03,1
05/12/2023,SOLO ENERGY LIMITED,SMS-04,1,18:00,18:30,Test,within-day 1,3000,Accepted,0.01,0.05,0.04,0.05,0.06,0.12,0.12,0.03,0.12,0.1,0.06,0.12,0.05,0.04,0.03,1
05/12/2023,SOLO ENERGY LIMITED,SMS-05,1,17:30,18:00,Test,within-day 1,3000,Accepted,0,0,0,0,0,0,0,0,0,0,0,0,0,0,1,1
05/12/2023,SOLO ENERGY LIMITED,SMS-05,1,18:00,18:30,Test,within-day 1,3000,Accepted,0,0,0,0,0,0,0,0,0,0,0,0,0,0,1,1
05/12/2023,UTILITA ENERGY LIMITED,UTILIT-01,2,17:30,18:00,Test,within-day 1,3000,Accepted,0,0,0,0,0,0,0,0,0,0,0,0,0,0,2,2
05/12/2023,UTILITA ENERGY LIMITED,UTILIT-01,2,18:00,18:30,Test,within-day 1,3000,Accepted,0,0,0,0,0,0,0,0,0,0,0,0,0,0,2,2
01/12/2023,AXLE ENERGY LIMITED,Axle-01,6,16:30,17:00,Live,day-ahead,5999,Accepted,0,0,0,0,0,0,0,0,0,0,0,0,0,0,6,6
01/12/2023,AXLE ENERGY LIMITED,Axle-01,6,17:00,17:30,Live,day-ahead,5999,Accepted,0,0,0,0,0,0,0,0,0,0,0,0,0,0,6,6
01/12/2023,AXLE ENERGY LIMITED,Axle-01,6,17:30,18:00,Live,day-ahead,5999,Accepted,0,0,0,0,0,0,0,0,0,0,0,0,0,0,6,6
01/12/2023,BRITISH GAS TRADING LIMITED,BGAS-01,66,16:30,17:00,Live,day-ahead,5000,Accepted,1.1186085,4.250811,3.1322026,5.816912,5.369543,5.816912,4.6983037,3.5796955,9.172861,6.935644,3.1322026,7.8305063,3.355949,1.7898477,0,66
01/12/2023,BRITISH GAS TRADING LIMITED,BGAS-01,67,17:00,17:30,Live,day-ahead,5000,Accepted,1.135557,4.315217,3.17966,5.9050474,5.4508996,5.9050474,4.7694902,3.633933,9.311844,7.04073,3.17966,7.9491506,3.4067967,1.8169665,0,67
01/12/2023,BRITISH GAS TRADING LIMITED,BGAS-01,68,17:30,18:00,Live,day-ahead,5000,Accepted,1.1525056,4.3796234,3.2271178,5.993182,5.5322566,5.993182,4.840677,3.688171,9.450827,7.1458154,3.2271178,8.067795,3.4576445,1.8440855,0,68
01/12/2023,CHAMELEON TECHNOLOGY (UK) LIMITED,CHAMEL-01,1,16:30,17:00,Live,day-ahead,3000,Accepted,0,0,0,0.1,0,0.1,0.1,0.1,0.1,0.2,0.1,0,0,0,0.2,1
01/12/2023,CHAMELEON TECHNOLOGY (UK) LIMITED,CHAMEL-01,1,17:00,17:30,Live,day-ahead,3000,Accepted,0,0,0,0.1,0,0.1,0.1,0.1,0.1,0.2,0.1,0,0,0,0.2,1
01/12/2023,CHAMELEON TECHNOLOGY (UK) LIMITED,CHAMEL-01,1,17:30,18:00,Live,day-ahead,3000,Accepted,0,0,0,0.1,0,0.1,0.1,0.1,0.1,0.2,0.1,0,0,0,0.2,1
01/12/2023,CONRAD ENERGY (TRADING) LIMITED,CONRAD-02,7,16:30,17:00,Live,day-ahead,4000,Accepted,0,0,0,0,0,0,0,0,0,0,7,0,0,0,0,7
01/12/2023,CONRAD ENERGY (TRADING) LIMITED,CONRAD-02,7,17:00,17:30,Live,day-ahead,4000,Accepted,0,0,0,0,0,0,0,0,0,0,7,0,0,0,0,7
01/12/2023,CONRAD ENERGY (TRADING) LIMITED,CONRAD-02,7,17:30,18:00,Live,day-ahead,4000,Accepted,0,0,0,0,0,0,0,0,0,0,7,0,0,0,0,7
01/12/2023,CUB (UK) LTD,CUB-01,4,16:30,17:00,Live,day-ahead,4997,Accepted,0,0.046,0.076,0.106,0.456,2,0.256,0.196,0.546,0.12,0.016,0.166,0.016,0,0,4
01/12/2023,CUB (UK) LTD,CUB-01,4,17:00,17:30,Live,day-ahead,4997,Accepted,0,0.046,0.076,0.106,0.456,2,0.256,0.196,0.546,0.12,0.016,0.166,0.016,0,0,4
01/12/2023,CUB (UK) LTD,CUB-01,4,17:30,18:00,Live,day-ahead,4997,Accepted,0,0.046,0.076,0.106,0.456,2,0.256,0.196,0.546,0.12,0.016,0.166,0.016,0,0,4
01/12/2023,DRAX ENERGY SOLUTIONS LIMITED,DRAX-03,20,16:30,17:00,Live,day-ahead,4500,Accepted,0,0,0,0,4,4,4,0,0,0,0,0,4,4,0,20
01/12/2023,DRAX ENERGY SOLUTIONS LIMITED,DRAX-03,20,17:00,17:30,Live,day-ahead,4500,Accepted,0,0,0,0,4,4,4,0,0,0,0,0,4,4,0,20
01/12/2023,DRAX ENERGY SOLUTIONS LIMITED,DRAX-03,20,17:30,18:00,Live,day-ahead,4500,Accepted,0,0,0,0,4,4,4,0,0,0,0,0,4,4,0,20
01/12/2023,DRAX ENERGY SOLUTIONS LIMITED,DRAX-04,4,16:30,17:00,Live,day-ahead,3500,Accepted,0,0,0,0,0,0,0,0,4,0,0,0,0,0,0,4
01/12/2023,DRAX ENERGY SOLUTIONS LIMITED,DRAX-04,4,17:00,17:30,Live,day-ahead,3500,Accepted,0,0,0,0,0,0,0,0,4,0,0,0,0,0,0,4
01/12/2023,DRAX ENERGY SOLUTIONS LIMITED,DRAX-04,4,17:30,18:00,Live,day-ahead,3500,Accepted,0,0,0,0,0,0,0,0,4,0,0,0,0,0,0,4
01/12/2023,DRAX ENERGY SOLUTIONS LIMITED,DRAX-05,20,16:30,17:00,Live,day-ahead,6000,Accepted,0,0,0,10,0,0,0,0,0,0,0,0,10,0,0,20
01/12/2023,DRAX ENERGY SOLUTIONS LIMITED,DRAX-05,20,17:00,17:30,Live,day-ahead,6000,Accepted,0,0,0,10,0,0,0,0,0,0,0,0,10,0,0,20
01/12/2023,DRAX ENERGY SOLUTIONS LIMITED,DRAX-05,20,17:30,18:00,Live,day-ahead,6000,Accepted,0,0,0,10,0,0,0,0,0,0,0,0,10,0,0,20
01/12/2023,E.ON NEXT ENERGY LIMITED,EONNXT-01,7,16:30,17:00,Live,day-ahead,3000,Accepted,0,0,0,1,1,1,1,1,1,0.5,0,0.5,0,0,0,7
01/12/2023,E.ON NEXT ENERGY LIMITED,EONNXT-01,7,17:00,17:30,Live,day-ahead,3000,Accepted,0,0,0,1,1,1,1,1,1,0.5,0,0.5,0,0,0,7
01/12/2023,E.ON NEXT ENERGY LIMITED,EONNXT-01,7,17:30,18:00,Live,day-ahead,3000,Accepted,0,0,0,1,1,1,1,1,1,0.5,0,0.5,0,0,0,7
01/12/2023,E.ON NEXT ENERGY LIMITED,EONNXT-02,7,16:30,17:00,Live,day-ahead,4500,Accepted,0,0,0,1,1,1,1,1,1,0.5,0,0.5,0,0,0,7
01/12/2023,E.ON NEXT ENERGY LIMITED,EONNXT-02,7,17:00,17:30,Live,day-ahead,4500,Accepted,0,0,0,1,1,1,1,1,1,0.5,0,0.5,0,0,0,7
01/12/2023,E.ON NEXT ENERGY LIMITED,EONNXT-02,7,17:30,18:00,Live,day-ahead,4500,Accepted,0,0,0,1,1,1,1,1,1,0.5,0,0.5,0,0,0,7
01/12/2023,E.ON NEXT ENERGY LIMITED,EONNXT-03,7,16:30,17:00,Live,day-ahead,6000,Accepted,0,0,0,1,1,1,1,1,1,0.5,0,0.5,0,0,0,7
01/12/2023,E.ON NEXT ENERGY LIMITED,EONNXT-03,7,17:00,17:30,Live,day-ahead,6000,Accepted,0,0,0,1,1,1,1,1,1,0.5,0,0.5,0,0,0,7
01/12/2023,E.ON NEXT ENERGY LIMITED,EONNXT-03,7,17:30,18:00,Live,day-ahead,6000,Accepted,0,0,0,1,1,1,1,1,1,0.5,0,0.5,0,0,0,7
01/12/2023,EDF ENERGY CUSTOMERS LIMITED,EDF-01,36,16:30,17:00,Live,day-ahead,4750,Accepted,0.6,2.4,2.4,2.4,2.4,2.4,2.4,1.8,2.4,3.6,4.2,6,1.8,1.2,0,36
01/12/2023,EDF ENERGY CUSTOMERS LIMITED,EDF-01,36,17:00,17:30,Live,day-ahead,4750,Accepted,0.6,2.4,2.4,2.4,2.4,2.4,2.4,1.8,2.4,3.6,4.2,6,1.8,1.2,0,36
01/12/2023,EDF ENERGY CUSTOMERS LIMITED,EDF-01,36,17:30,18:00,Live,day-ahead,4750,Accepted,0.6,2.4,2.4,2.4,2.4,2.4,2.4,1.8,2.4,3.6,4.2,6,1.8,1.2,0,36
01/12/2023,EDF ENERGY CUSTOMERS LIMITED,EDF-02,10,16:30,17:00,Live,day-ahead,4750,Accepted,0.2,0.6,0.6,0.6,0.7,0.7,0.7,0.5,0.7,1,1.2,1.7,0.5,0.3,0,10
01/12/2023,EDF ENERGY CUSTOMERS LIMITED,EDF-02,10,17:00,17:30,Live,day-ahead,4750,Accepted,0.2,0.6,0.6,0.6,0.7,0.7,0.7,0.5,0.7,1,1.2,1.7,0.5,0.3,0,10
01/12/2023,EDF ENERGY CUSTOMERS LIMITED,EDF-02,10,17:30,18:00,Live,day-ahead,4750,Accepted,0.2,0.6,0.6,0.6,0.7,0.7,0.7,0.5,0.7,1,1.2,1.7,0.5,0.3,0,10
01/12/2023,ENGIE POWER LIMITED,ENGIE-01,7,16:30,17:00,Live,day-ahead,5000,Accepted,0,0,0,0,0,0,0,0,7,0,0,0,0,0,0,7
01/12/2023,ENGIE POWER LIMITED,ENGIE-01,7,17:00,17:30,Live,day-ahead,5000,Accepted,0,0,0,0,0,0,0,0,7,0,0,0,0,0,0,7
01/12/2023,ENGIE POWER LIMITED,ENGIE-01,7,17:30,18:00,Live,day-ahead,5000,Accepted,0,0,0,0,0,0,0,0,7,0,0,0,0,0,0,7
01/12/2023,ENGIE POWER LIMITED,ENGIE-02,2,16:30,17:00,Live,day-ahead,5000,Accepted,0,0,0,0,0,0,0,2,0,0,0,0,0,0,0,2
01/12/2023,ENGIE POWER LIMITED,ENGIE-02,2,17:00,17:30,Live,day-ahead,5000,Accepted,0,0,0,0,0,0,0,2,0,0,0,0,0,0,0,2
01/12/2023,ENGIE POWER LIMITED,ENGIE-02,2,17:30,18:00,Live,day-ahead,5000,Accepted,0,0,0,0,0,0,0,2,0,0,0,0,0,0,0,2
01/12/2023,ENGIE POWER LIMITED,ENGIE-03,3,16:30,17:00,Live,day-ahead,5000,Accepted,0,0,0,0,3,0,0,0,0,0,0,0,0,0,0,3
01/12/2023,ENGIE POWER LIMITED,ENGIE-03,3,17:00,17:30,Live,day-ahead,5000,Accepted,0,0,0,0,3,0,0,0,0,0,0,0,0,0,0,3
01/12/2023,ENGIE POWER LIMITED,ENGIE-03,3,17:30,18:00,Live,day-ahead,5000,Accepted,0,0,0,0,3,0,0,0,0,0,0,0,0,0,0,3
01/12/2023,EQUIWATT LIMITED,EQUIWA-01,3,16:30,17:00,Live,day-ahead,4990,Accepted,0,0,0,0,0,0,0,0,0,0,0,0,0,0,3,3
01/12/2023,EQUIWATT LIMITED,EQUIWA-01,3,17:00,17:30,Live,day-ahead,4990,Accepted,0,0,0,0,0,0,0,0,0,0,0,0,0,0,3,3
01/12/2023,EQUIWATT LIMITED,EQUIWA-01,3,17:30,18:00,Live,day-ahead,4990,Accepted,0,0,0,0,0,0,0,0,0,0,0,0,0,0,3,3
01/12/2023,FLEXITRICITY LIMITED,FLEXIT-01,2,16:30,17:00,Live,day-ahead,3000,Accepted,0,0,0,0,1,0,0,0,0,1,0,0,0,0,0,2
01/12/2023,FLEXITRICITY LIMITED,FLEXIT-01,2,17:00,17:30,Live,day-ahead,3000,Accepted,0,0,0,0,1,0,0,0,0,1,0,0,0,0,0,2
01/12/2023,FLEXITRICITY LIMITED,FLEXIT-01,2,17:30,18:00,Live,day-ahead,3000,Accepted,0,0,0,0,1,0,0,0,0,1,0,0,0,0,0,2
01/12/2023,GRIDBEYOND LIMITED,GRIDBE-05,1,16:30,17:00,Live,day-ahead,3000,Accepted,0,0,1,0,0,0,0,0,0,0,0,0,0,0,0,1
01/12/2023,GRIDBEYOND LIMITED,GRIDBE-05,1,17:00,17:30,Live,day-ahead,3000,Accepted,0,0,1,0,0,0,0,0,0,0,0,0,0,0,0,1
01/12/2023,GRIDBEYOND LIMITED,GRIDBE-05,1,17:30,18:00,Live,day-ahead,3000,Accepted,0,0,1,0,0,0,0,0,0,0,0,0,0,0,0,1
01/12/2023,GRIDBEYOND LIMITED,GRIDBE-06,3,16:30,17:00,Live,day-ahead,3100,Accepted,0,0,1,0,1,0,1,0,0,0,0,0,0,0,0,3
01/12/2023,GRIDBEYOND LIMITED,GRIDBE-06,3,17:00,17:30,Live,day-ahead,3100,Accepted,0,0,1,0,1,0,1,0,0,0,0,0,0,0,0,3
01/12/2023,GRIDBEYOND LIMITED,GRIDBE-06,3,17:30,18:00,Live,day-ahead,3000,Accepted,0,0,1,0,1,0,1,0,0,0,0,0,0,0,0,3
01/12/2023,GRIDIMP LTD,GRIMP-01,3,16:30,17:00,Live,day-ahead,3000,Accepted,0,0,0,0,0,0,0,0,0,0,0,0,0,0,3,3
01/12/2023,GRIDIMP LTD,GRIMP-01,3,17:00,17:30,Live,day-ahead,3000,Accepted,0,0,0,0,0,0,0,0,0,0,0,0,0,0,3,3
01/12/2023,GRIDIMP LTD,GRIMP-01,3,17:30,18:00,Live,day-ahead,3000,Accepted,0,0,0,0,0,0,0,0,0,0,0,0,0,0,3,3
01/12/2023,HILDEBRAND TECHNOLOGY LIMITED,HLDBRD-01,3,16:30,17:00,Live,day-ahead,4000,Accepted,0.1,0.1,0.2,1.4,0.1,0.2,0.3,0.1,0.1,0.1,0.1,0.1,0.1,0,0,3
01/12/2023,HILDEBRAND TECHNOLOGY LIMITED,HLDBRD-01,3,17:00,17:30,Live,day-ahead,4000,Accepted,0.1,0.1,0.2,1.4,0.1,0.2,0.3,0.1,0.1,0.1,0.1,0.1,0.1,0,0,3
01/12/2023,HILDEBRAND TECHNOLOGY LIMITED,HLDBRD-01,3,17:30,18:00,Live,day-ahead,4000,Accepted,0.1,0.1,0.2,1.4,0.1,0.2,0.3,0.1,0.1,0.1,0.1,0.1,0.1,0,0,3
01/12/2023,INFINIS LIMITED,INFINS-01,10,16:30,17:00,Live,day-ahead,5000,Accepted,2.628,2.23,0,0.801,1.471,0,0.515,0,0.794,0,0.64,0.294,0,0.629,0,10
01/12/2023,INFINIS LIMITED,INFINS-01,10,17:00,17:30,Live,day-ahead,5000,Accepted,2.628,2.23,0,0.801,1.471,0,0.515,0,0.794,0,0.64,0.294,0,0.629,0,10
01/12/2023,INFINIS LIMITED,INFINS-01,10,17:30,18:00,Live,day-ahead,5000,Accepted,2.628,2.23,0,0.801,1.471,0,0.515,0,0.794,0,0.64,0.294,0,0.629,0,10
01/12/2023,INFINIS LIMITED,INFINS-02,10,16:30,17:00,Live,day-ahead,5500,Accepted,3.284,1.042,0,0.778,1.903,0,0,0.014,0.127,0.044,2.457,0.182,0,0.169,0,10
01/12/2023,INFINIS LIMITED,INFINS-02,10,17:00,17:30,Live,day-ahead,5500,Accepted,3.284,1.042,0,0.778,1.903,0,0,0.014,0.127,0.044,2.457,0.182,0,0.169,0,10
01/12/2023,INFINIS LIMITED,INFINS-02,10,17:30,18:00,Live,day-ahead,5500,Accepted,3.284,1.042,0,0.778,1.903,0,0,0.014,0.127,0.044,2.457,0.182,0,0.169,0,10
01/12/2023,INFINIS LIMITED,INFINS-03,8,16:30,17:00,Live,day-ahead,6000,Accepted,1.072,1.238,0,0.718,0.982,0,0,0,0.358,0.452,2.28,0.06,0.841,0,0,8
01/12/2023,INFINIS LIMITED,INFINS-03,8,17:00,17:30,Live,day-ahead,6000,Accepted,1.072,1.238,0,0.718,0.982,0,0,0,0.358,0.452,2.28,0.06,0.841,0,0,8
01/12/2023,INFINIS LIMITED,INFINS-03,8,17:30,18:00,Live,day-ahead,6000,Accepted,1.072,1.238,0,0.718,0.982,0,0,0,0.358,0.452,2.28,0.06,0.841,0,0,8
01/12/2023,INFINIS LIMITED,INFINS-04,6,16:30,17:00,Live,day-ahead,6000,Accepted,2.316,2.692,0,0.514,0,0.07,0.332,0,0,0,0.039,0,0,0.037,0,6
01/12/2023,INFINIS LIMITED,INFINS-04,6,17:00,17:30,Live,day-ahead,6000,Accepted,2.316,2.692,0,0.514,0,0.07,0.332,0,0,0,0.039,0,0,0.037,0,6
01/12/2023,INFINIS LIMITED,INFINS-04,6,17:30,18:00,Live,day-ahead,6000,Accepted,2.316,2.692,0,0.514,0,0.07,0.332,0,0,0,0.039,0,0,0.037,0,6
01/12/2023,OAKTREE POWER LIMITED,OAKTRE-01,5,16:30,17:00,Live,day-ahead,3800,Accepted,0,0,0,0,0,0,0,0,0,0,0,5,0,0,0,5
01/12/2023,OAKTREE POWER LIMITED,OAKTRE-01,5,17:00,17:30,Live,day-ahead,3800,Accepted,0,0,0,0,0,0,0,0,0,0,0,5,0,0,0,5
01/12/2023,OAKTREE POWER LIMITED,OAKTRE-06,2,16:30,17:00,Live,day-ahead,3800,Accepted,0,0,0,0,0.3,0.1,0,0,0.6,0.4,0.3,0,0.3,0,0,2
01/12/2023,OAKTREE POWER LIMITED,OAKTRE-06,2,17:00,17:30,Live,day-ahead,3800,Accepted,0,0,0,0,0.3,0.1,0,0,0.6,0.4,0.3,0,0.3,0,0,2
01/12/2023,OAKTREE POWER LIMITED,OAKTRE-06,2,17:30,18:00,Live,day-ahead,3800,Accepted,0,0,0,0,0.3,0.1,0,0,0.6,0.4,0.3,0,0.3,0,0,2
01/12/2023,OAKTREE POWER LIMITED,OAKTRE-09,1,16:30,17:00,Live,day-ahead,3800,Accepted,0,0,0,0,0,0.4,0.3,0.3,0,0,0,0,0,0,0,1
01/12/2023,OAKTREE POWER LIMITED,OAKTRE-09,1,17:00,17:30,Live,day-ahead,3800,Accepted,0,0,0,0,0,0.4,0.3,0.3,0,0,0,0,0,0,0,1
01/12/2023,OCTOPUS ENERGY LIMITED,OCTOP-01,93,16:30,17:00,Live,day-ahead,5333,Accepted,1,4,5,8,8,11,9,3,12,8,6,11,4,3,0,93
01/12/2023,OCTOPUS ENERGY LIMITED,OCTOP-01,94,17:00,17:30,Live,day-ahead,5333,Accepted,1,4,5,8,8,11,9,3,12,8,6,12,4,3,0,94
01/12/2023,OCTOPUS ENERGY LIMITED,OCTOP-01,92,17:30,18:00,Live,day-ahead,5333,Accepted,1,4,5,7,7,11,9,3,12,8,6,12,4,3,0,92
01/12/2023,OCTOPUS ENERGY LIMITED,OCTOP-02,78,16:30,17:00,Live,day-ahead,5333,Accepted,1,4,4,6,6,9,7,3,10,7,5,10,4,2,0,78
01/12/2023,OCTOPUS ENERGY LIMITED,OCTOP-02,94,17:00,17:30,Live,day-ahead,5333,Accepted,1,4,5,8,8,11,9,3,12,8,6,12,4,3,0,94
01/12/2023,OCTOPUS ENERGY LIMITED,OCTOP-02,92,17:30,18:00,Live,day-ahead,5333,Accepted,1,4,5,7,7,11,9,3,12,8,6,12,4,3,0,92
01/12/2023,OCTOPUS ENERGY LIMITED,OCTOP-03,3,17:00,17:30,Live,day-ahead,5333,Accepted,0,0,0,0,0,1,0,0,1,0,0,1,0,0,0,3
01/12/2023,OCTOPUS ENERGY LIMITED,OCTOP-03,12,17:30,18:00,Live,day-ahead,5333,Accepted,0,0,1,1,1,2,1,0,2,1,1,2,0,0,0,12
01/12/2023,OVO ELECTRICITY LTD,OVO-01,3,16:30,17:00,Live,day-ahead,3000,Accepted,0,0,0,0,0,0,0,0,0,0,0,0,0,0,3,3
01/12/2023,OVO ELECTRICITY LTD,OVO-01,3,17:00,17:30,Live,day-ahead,3000,Accepted,0,0,0,0,0,0,0,0,0,0,0,0,0,0,3,3
01/12/2023,OVO ELECTRICITY LTD,OVO-01,3,17:30,18:00,Live,day-ahead,3000,Accepted,0,0,0,0,0,0,0,0,0,0,0,0,0,0,3,3
01/12/2023,PERSE TECHNOLOGY LIMITED,PERSE-01,14,17:00,17:30,Live,day-ahead,3000,Accepted,1,1,1,1,1,1,1,1,1,1,1,1,1,1,0,14
01/12/2023,PERSE TECHNOLOGY LIMITED,PERSE-01,14,17:30,18:00,Live,day-ahead,3000,Accepted,1,1,1,1,1,1,1,1,1,1,1,1,1,1,0,14
01/12/2023,SOLO ENERGY LIMITED,SMS-01,2,16:30,17:00,Live,day-ahead,5500,Accepted,0.04,0.09,0.1,0.12,0.16,0.2,0.16,0.06,0.27,0.16,0.11,0.25,0.1,0.07,0.11,2
01/12/2023,SOLO ENERGY LIMITED,SMS-01,2,17:00,17:30,Live,day-ahead,5500,Accepted,0.04,0.09,0.1,0.13,0.16,0.2,0.16,0.06,0.27,0.16,0.12,0.25,0.1,0.06,0.1,2
01/12/2023,SOLO ENERGY LIMITED,SMS-01,2,17:30,18:00,Live,day-ahead,5500,Accepted,0.03,0.09,0.1,0.13,0.16,0.2,0.16,0.06,0.27,0.16,0.11,0.25,0.1,0.06,0.12,2
01/12/2023,SOLO ENERGY LIMITED,SMS-02,7,16:30,17:00,Live,day-ahead,5000,Accepted,0.12,0.3,0.45,0.47,0.67,0.84,0.61,0.22,0.92,0.59,0.39,0.71,0.28,0.2,0.23,7
01/12/2023,SOLO ENERGY LIMITED,SMS-02,7,17:00,17:30,Live,day-ahead,5000,Accepted,0.12,0.3,0.44,0.47,0.66,0.84,0.6,0.22,0.93,0.61,0.38,0.71,0.28,0.2,0.24,7
01/12/2023,SOLO ENERGY LIMITED,SMS-02,7,17:30,18:00,Live,day-ahead,5000,Accepted,0.12,0.3,0.44,0.47,0.66,0.83,0.6,0.24,0.93,0.62,0.38,0.72,0.28,0.2,0.21,7
01/12/2023,SOLO ENERGY LIMITED,SMS-03,1,16:30,17:00,Live,day-ahead,5500,Accepted,0.02,0.03,0.04,0.06,0.06,0.12,0.08,0.03,0.15,0.11,0.06,0.14,0.04,0.03,0.03,1
01/12/2023,SOLO ENERGY LIMITED,SMS-03,1,17:00,17:30,Live,day-ahead,5500,Accepted,0.02,0.03,0.04,0.06,0.06,0.12,0.08,0.03,0.15,0.11,0.06,0.14,0.04,0.03,0.03,1
01/12/2023,SOLO ENERGY LIMITED,SMS-03,1,17:30,18:00,Live,day-ahead,5500,Accepted,0.02,0.03,0.04,0.06,0.06,0.12,0.08,0.03,0.15,0.11,0.06,0.14,0.04,0.03,0.03,1
01/12/2023,SOLO ENERGY LIMITED,SMS-04,1,16:30,17:00,Live,day-ahead,5500,Accepted,0.01,0.05,0.04,0.05,0.06,0.12,0.12,0.03,0.12,0.1,0.06,0.12,0.05,0.04,0.03,1
01/12/2023,SOLO ENERGY LIMITED,SMS-04,1,17:00,17:30,Live,day-ahead,5500,Accepted,0.01,0.05,0.04,0.05,0.06,0.12,0.12,0.03,0.12,0.1,0.06,0.12,0.05,0.04,0.03,1
01/12/2023,SOLO ENERGY LIMITED,SMS-04,1,17:30,18:00,Live,day-ahead,5500,Accepted,0.01,0.05,0.04,0.04,0.06,0.12,0.12,0.03,0.11,0.1,0.06,0.13,0.05,0.04,0.04,1
01/12/2023,SOLO ENERGY LIMITED,SMS-05,1,16:30,17:00,Live,day-ahead,5500,Accepted,0,0,0,0,0,0,0,0,0,0,0,0,0,0,1,1
01/12/2023,SOLO ENERGY LIMITED,SMS-05,1,17:00,17:30,Live,day-ahead,5500,Accepted,0,0,0,0,0,0,0,0,0,0,0,0,0,0,1,1
01/12/2023,SOLO ENERGY LIMITED,SMS-05,1,17:30,18:00,Live,day-ahead,5500,Accepted,0,0,0,0,0,0,0,0,0,0,0,0,0,0,1,1
01/12/2023,UTILITA ENERGY LIMITED,UTILIT-01,2,16:30,17:00,Live,day-ahead,3000,Accepted,0,0,0,0,0,0,0,0,0,0,0,0,0,0,2,2
01/12/2023,UTILITA ENERGY LIMITED,UTILIT-01,2,17:00,17:30,Live,day-ahead,3000,Accepted,0,0,0,0,0,0,0,0,0,0,0,0,0,0,2,2
01/12/2023,UTILITA ENERGY LIMITED,UTILIT-01,2,17:30,18:00,Live,day-ahead,3000,Accepted,0,0,0,0,0,0,0,0,0,0,0,0,0,0,2,2
29/11/2023,AXLE ENERGY LIMITED,Axle-01,6,17:00,17:30,Live,day-ahead,3000,Accepted,0,0,0,0,0,0,0,0,0,0,0,0,0,0,6,6
29/11/2023,AXLE ENERGY LIMITED,Axle-01,6,17:30,18:00,Live,day-ahead,3000,Accepted,0,0,0,0,0,0,0,0,0,0,0,0,0,0,6,6
29/11/2023,AXLE ENERGY LIMITED,Axle-01,6,18:00,18:30,Live,day-ahead,3000,Accepted,0,0,0,0,0,0,0,0,0,0,0,0,0,0,6,6
29/11/2023,BRITISH GAS TRADING LIMITED,BGAS-01,63,17:00,17:30,Live,day-ahead,6000,Accepted,1.0677626,4.0575924,2.9898298,5.5525074,5.125473,5.5525074,4.4847445,3.416982,8.755913,6.6203876,2.9898298,7.474574,3.2034059,1.708491,0,63
29/11/2023,BRITISH GAS TRADING LIMITED,BGAS-01,64,17:30,18:00,Live,day-ahead,3000,Accepted,1.0847112,4.1219983,3.0372872,5.640642,5.2068295,5.640642,4.555931,3.4712198,8.894896,6.7254734,3.0372872,7.5932183,3.2542536,1.7356099,0,64
29/11/2023,BRITISH GAS TRADING LIMITED,BGAS-01,65,18:00,18:30,Live,day-ahead,3000,Accepted,1.1016599,4.1864047,3.084745,5.7287774,5.2881866,5.7287774,4.6271176,3.5254576,9.033878,6.830559,3.084745,7.7118626,3.3051012,1.7627288,0,65
29/11/2023,CHAMELEON TECHNOLOGY (UK) LIMITED,CHAMEL-01,1,17:00,17:30,Live,day-ahead,3000,Accepted,0,0,0.048,0.122,0,0.096,0.087,0.063,0.091,0.183,0.085,0,0,0,0.225,1
29/11/2023,CHAMELEON TECHNOLOGY (UK) LIMITED,CHAMEL-01,1,17:30,18:00,Live,day-ahead,3000,Accepted,0,0,0.049,0.123,0,0.096,0.088,0.069,0.093,0.142,0.107,0,0,0,0.233,1
29/11/2023,CHAMELEON TECHNOLOGY (UK) LIMITED,CHAMEL-01,1,18:00,18:30,Live,day-ahead,3000,Accepted,0,0,0.049,0.121,0,0.097,0.088,0.073,0.09,0.192,0.058,0,0,0,0.232,1
29/11/2023,CUB (UK) LTD,CUB-01,2,17:00,17:30,Live,day-ahead,3998,Accepted,0,0.023,0.038,0.053,0.228,1,0.128,0.098,0.273,0.06,0.008,0.083,0.008,0,0,2
29/11/2023,CUB (UK) LTD,CUB-01,2,17:30,18:00,Live,day-ahead,3998,Accepted,0,0.023,0.038,0.053,0.228,1,0.128,0.098,0.273,0.06,0.008,0.083,0.008,0,0,2
29/11/2023,CUB (UK) LTD,CUB-01,2,18:00,18:30,Live,day-ahead,3998,Accepted,0,0.023,0.038,0.053,0.228,1,0.128,0.098,0.273,0.06,0.008,0.083,0.008,0,0,2
29/11/2023,DRAX ENERGY SOLUTIONS LIMITED,DRAX-03,20,17:00,17:30,Live,day-ahead,4500,Accepted,0,0,0,0,4,4,4,0,0,0,0,0,4,4,0,20
29/11/2023,DRAX ENERGY SOLUTIONS LIMITED,DRAX-03,20,17:30,18:00,Live,day-ahead,4500,Accepted,0,0,0,0,4,4,4,0,0,0,0,0,4,4,0,20
29/11/2023,DRAX ENERGY SOLUTIONS LIMITED,DRAX-03,20,18:00,18:30,Live,day-ahead,4500,Accepted,0,0,0,0,4,4,4,0,0,0,0,0,4,4,0,20
29/11/2023,DRAX ENERGY SOLUTIONS LIMITED,DRAX-05,20,17:00,17:30,Live,day-ahead,4500,Accepted,0,0,0,10,0,0,0,0,0,0,0,0,10,0,0,20
29/11/2023,DRAX ENERGY SOLUTIONS LIMITED,DRAX-05,20,17:30,18:00,Live,day-ahead,4500,Accepted,0,0,0,10,0,0,0,0,0,0,0,0,10,0,0,20
29/11/2023,DRAX ENERGY SOLUTIONS LIMITED,DRAX-05,20,18:00,18:30,Live,day-ahead,4500,Accepted,0,0,0,10,0,0,0,0,0,0,0,0,10,0,0,20
29/11/2023,E.ON NEXT ENERGY LIMITED,EONNXT-01,4,17:00,17:30,Live,day-ahead,2000,Accepted,0,0,0,0.5,0.5,0.5,0.5,0.5,0.5,0.5,0,0.5,0,0,0,4
29/11/2023,E.ON NEXT ENERGY LIMITED,EONNXT-01,4,17:30,18:00,Live,day-ahead,2000,Accepted,0,0,0,0.5,0.5,0.5,0.5,0.5,0.5,0.5,0,0.5,0,0,0,4
29/11/2023,E.ON NEXT ENERGY LIMITED,EONNXT-01,4,18:00,18:30,Live,day-ahead,2000,Accepted,0,0,0,0.5,0.5,0.5,0.5,0.5,0.5,0.5,0,0.5,0,0,0,4
29/11/2023,E.ON NEXT ENERGY LIMITED,EONNXT-02,4,17:00,17:30,Live,day-ahead,3000,Accepted,0,0,0,0.5,0.5,0.5,0.5,0.5,0.5,0.5,0,0.5,0,0,0,4
29/11/2023,E.ON NEXT ENERGY LIMITED,EONNXT-02,4,17:30,18:00,Live,day-ahead,3000,Accepted,0,0,0,0.5,0.5,0.5,0.5,0.5,0.5,0.5,0,0.5,0,0,0,4
29/11/2023,E.ON NEXT ENERGY LIMITED,EONNXT-02,4,18:00,18:30,Live,day-ahead,3000,Accepted,0,0,0,0.5,0.5,0.5,0.5,0.5,0.5,0.5,0,0.5,0,0,0,4
29/11/2023,E.ON NEXT ENERGY LIMITED,EONNXT-03,4,17:00,17:30,Live,day-ahead,4000,Accepted,0,0,0,0.5,0.5,0.5,0.5,0.5,0.5,0.5,0,0.5,0,0,0,4
29/11/2023,E.ON NEXT ENERGY LIMITED,EONNXT-03,4,17:30,18:00,Live,day-ahead,4000,Accepted,0,0,0,0.5,0.5,0.5,0.5,0.5,0.5,0.5,0,0.5,0,0,0,4
29/11/2023,E.ON NEXT ENERGY LIMITED,EONNXT-03,4,18:00,18:30,Live,day-ahead,4000,Accepted,0,0,0,0.5,0.5,0.5,0.5,0.5,0.5,0.5,0,0.5,0,0,0,4
29/11/2023,EDF ENERGY CUSTOMERS LIMITED,EDF-01,36,17:00,17:30,Live,day-ahead,3000,Accepted,0.6,2.4,2.4,2.4,2.4,2.4,2.4,1.8,2.4,3.6,4.2,6,1.8,1.2,0,36
29/11/2023,EDF ENERGY CUSTOMERS LIMITED,EDF-01,36,17:30,18:00,Live,day-ahead,3000,Accepted,0.6,2.4,2.4,2.4,2.4,2.4,2.4,1.8,2.4,3.6,4.2,6,1.8,1.2,0,36
29/11/2023,EDF ENERGY CUSTOMERS LIMITED,EDF-01,36,18:00,18:30,Live,day-ahead,3000,Accepted,0.6,2.4,2.4,2.4,2.4,2.4,2.4,1.8,2.4,3.6,4.2,6,1.8,1.2,0,36
29/11/2023,EDF ENERGY CUSTOMERS LIMITED,EDF-02,10,17:00,17:30,Live,day-ahead,2999,Accepted,0.2,0.6,0.6,0.6,0.7,0.7,0.7,0.5,0.7,1,1.2,1.7,0.5,0.3,0,10
29/11/2023,EDF ENERGY CUSTOMERS LIMITED,EDF-02,10,17:30,18:00,Live,day-ahead,2999,Accepted,0.2,0.6,0.6,0.6,0.7,0.7,0.7,0.5,0.7,1,1.2,1.7,0.5,0.3,0,10
29/11/2023,EDF ENERGY CUSTOMERS LIMITED,EDF-02,10,18:00,18:30,Live,day-ahead,2999,Accepted,0.2,0.6,0.6,0.6,0.7,0.7,0.7,0.5,0.7,1,1.2,1.7,0.5,0.3,0,10
29/11/2023,ENGIE POWER LIMITED,ENGIE-01,7,17:00,17:30,Live,day-ahead,3000,Accepted,0,0,0,0,0,0,0,0,7,0,0,0,0,0,0,7
29/11/2023,ENGIE POWER LIMITED,ENGIE-01,7,17:30,18:00,Live,day-ahead,3000,Accepted,0,0,0,0,0,0,0,0,7,0,0,0,0,0,0,7
29/11/2023,ENGIE POWER LIMITED,ENGIE-01,7,18:00,18:30,Live,day-ahead,3000,Accepted,0,0,0,0,0,0,0,0,7,0,0,0,0,0,0,7
29/11/2023,ENGIE POWER LIMITED,ENGIE-02,2,17:00,17:30,Live,day-ahead,3000,Accepted,0,0,0,0,0,0,0,2,0,0,0,0,0,0,0,2
29/11/2023,ENGIE POWER LIMITED,ENGIE-02,2,17:30,18:00,Live,day-ahead,3000,Accepted,0,0,0,0,0,0,0,2,0,0,0,0,0,0,0,2
29/11/2023,ENGIE POWER LIMITED,ENGIE-02,2,18:00,18:30,Live,day-ahead,3000,Accepted,0,0,0,0,0,0,0,2,0,0,0,0,0,0,0,2
29/11/2023,ENGIE POWER LIMITED,ENGIE-03,3,17:00,17:30,Live,day-ahead,3000,Accepted,0,0,0,0,3,0,0,0,0,0,0,0,0,0,0,3
29/11/2023,ENGIE POWER LIMITED,ENGIE-03,3,17:30,18:00,Live,day-ahead,3000,Accepted,0,0,0,0,3,0,0,0,0,0,0,0,0,0,0,3
29/11/2023,ENGIE POWER LIMITED,ENGIE-03,3,18:00,18:30,Live,day-ahead,3000,Accepted,0,0,0,0,3,0,0,0,0,0,0,0,0,0,0,3
29/11/2023,EQUIWATT LIMITED,EQUIWA-01,5,17:00,17:30,Live,day-ahead,4000,Accepted,0,0,0,0,0,0,0,0,0,0,0,0,0,0,5,5
29/11/2023,EQUIWATT LIMITED,EQUIWA-01,5,17:30,18:00,Live,day-ahead,5000,Accepted,0,0,0,0,0,0,0,0,0,0,0,0,0,0,5,5
29/11/2023,EQUIWATT LIMITED,EQUIWA-01,5,18:00,18:30,Live,day-ahead,6000,Accepted,0,0,0,0,0,0,0,0,0,0,0,0,0,0,5,5
29/11/2023,FLEXITRICITY LIMITED,FLEXIT-01,2,17:00,17:30,Live,day-ahead,3000,Accepted,0,0,0,0,1,0,0,0,0,1,0,0,0,0,0,2
29/11/2023,FLEXITRICITY LIMITED,FLEXIT-01,2,17:30,18:00,Live,day-ahead,3000,Accepted,0,0,0,0,1,0,0,0,0,1,0,0,0,0,0,2
29/11/2023,FLEXITRICITY LIMITED,FLEXIT-01,2,18:00,18:30,Live,day-ahead,3000,Accepted,0,0,0,0,1,0,0,0,0,1,0,0,0,0,0,2
29/11/2023,GRIDBEYOND LIMITED,GRIDBE-05,1,17:00,17:30,Live,day-ahead,3000,Accepted,0,0,1,0,0,0,0,0,0,0,0,0,0,0,0,1
29/11/2023,GRIDBEYOND LIMITED,GRIDBE-05,1,17:30,18:00,Live,day-ahead,3000,Accepted,0,0,1,0,0,0,0,0,0,0,0,0,0,0,0,1
29/11/2023,GRIDBEYOND LIMITED,GRIDBE-05,1,18:00,18:30,Live,day-ahead,3000,Accepted,0,0,1,0,0,0,0,0,0,0,0,0,0,0,0,1
29/11/2023,GRIDBEYOND LIMITED,GRIDBE-06,3,17:00,17:30,Live,day-ahead,3000,Accepted,0,0,1,0,1,0,1,0,0,0,0,0,0,0,0,3
29/11/2023,GRIDBEYOND LIMITED,GRIDBE-06,3,17:30,18:00,Live,day-ahead,3000,Accepted,0,0,1,0,1,0,1,0,0,0,0,0,0,0,0,3
29/11/2023,GRIDBEYOND LIMITED,GRIDBE-06,3,18:00,18:30,Live,day-ahead,3000,Accepted,0,0,1,0,1,0,1,0,0,0,0,0,0,0,0,3
29/11/2023,GRIDIMP LTD,GRIMP-01,3,17:00,17:30,Live,day-ahead,3000,Accepted,0,0,0,0,0,0,0,0,0,0,0,0,0,0,3,3
29/11/2023,GRIDIMP LTD,GRIMP-01,3,17:30,18:00,Live,day-ahead,3000,Accepted,0,0,0,0,0,0,0,0,0,0,0,0,0,0,3,3
29/11/2023,GRIDIMP LTD,GRIMP-01,3,18:00,18:30,Live,day-ahead,3000,Accepted,0,0,0,0,0,0,0,0,0,0,0,0,0,0,3,3
29/11/2023,HILDEBRAND TECHNOLOGY LIMITED,HLDBRD-01,3,17:00,17:30,Live,day-ahead,3000,Accepted,0.1,0.1,0.2,1.4,0.1,0.2,0.3,0.1,0.1,0.1,0.1,0.1,0.1,0,0,3
29/11/2023,HILDEBRAND TECHNOLOGY LIMITED,HLDBRD-01,3,17:30,18:00,Live,day-ahead,3000,Accepted,0.1,0.1,0.2,1.4,0.1,0.2,0.3,0.1,0.1,0.1,0.1,0.1,0.1,0,0,3
29/11/2023,HILDEBRAND TECHNOLOGY LIMITED,HLDBRD-01,3,18:00,18:30,Live,day-ahead,3000,Accepted,0.1,0.1,0.2,1.4,0.1,0.2,0.3,0.1,0.1,0.1,0.1,0.1,0.1,0,0,3
29/11/2023,INFINIS LIMITED,INFINS-01,10,17:00,17:30,Live,day-ahead,4750,Accepted,2.628,2.23,0,0.801,1.471,0,0.515,0,0.794,0,0.64,0.294,0,0.629,0,10
29/11/2023,INFINIS LIMITED,INFINS-01,10,17:30,18:00,Live,day-ahead,4750,Accepted,2.628,2.23,0,0.801,1.471,0,0.515,0,0.794,0,0.64,0.294,0,0.629,0,10
29/11/2023,INFINIS LIMITED,INFINS-01,10,18:00,18:30,Live,day-ahead,4750,Accepted,2.628,2.23,0,0.801,1.471,0,0.515,0,0.794,0,0.64,0.294,0,0.629,0,10
29/11/2023,INFINIS LIMITED,INFINS-02,10,17:00,17:30,Live,day-ahead,5000,Accepted,3.284,1.042,0,0.778,1.903,0,0,0.014,0.127,0.044,2.457,0.182,0,0.169,0,10
29/11/2023,INFINIS LIMITED,INFINS-02,10,17:30,18:00,Live,day-ahead,5000,Accepted,3.284,1.042,0,0.778,1.903,0,0,0.014,0.127,0.044,2.457,0.182,0,0.169,0,10
29/11/2023,INFINIS LIMITED,INFINS-02,10,18:00,18:30,Live,day-ahead,5000,Accepted,3.284,1.042,0,0.778,1.903,0,0,0.014,0.127,0.044,2.457,0.182,0,0.169,0,10
29/11/2023,INFINIS LIMITED,INFINS-03,8,17:00,17:30,Live,day-ahead,5990,Accepted,1.072,1.238,0,0.718,0.982,0,0,0,0.358,0.452,2.28,0.06,0.841,0,0,8
29/11/2023,INFINIS LIMITED,INFINS-03,8,17:30,18:00,Live,day-ahead,5990,Accepted,1.072,1.238,0,0.718,0.982,0,0,0,0.358,0.452,2.28,0.06,0.841,0,0,8
29/11/2023,INFINIS LIMITED,INFINS-03,8,18:00,18:30,Live,day-ahead,5990,Accepted,1.072,1.238,0,0.718,0.982,0,0,0,0.358,0.452,2.28,0.06,0.841,0,0,8
29/11/2023,OAKTREE POWER LIMITED,OAKTRE-01,5,17:00,17:30,Live,day-ahead,3000,Accepted,0,0,0,0,0,0,0,0,0,0,0,5,0,0,0,5
29/11/2023,OAKTREE POWER LIMITED,OAKTRE-01,5,17:30,18:00,Live,day-ahead,3000,Accepted,0,0,0,0,0,0,0,0,0,0,0,5,0,0,0,5
29/11/2023,OAKTREE POWER LIMITED,OAKTRE-06,2,17:00,17:30,Live,day-ahead,3000,Accepted,0,0,0,0,0.3,0.1,0,0,0.6,0.4,0.3,0,0.3,0,0,2
29/11/2023,OAKTREE POWER LIMITED,OAKTRE-06,2,17:30,18:00,Live,day-ahead,3000,Accepted,0,0,0,0,0.3,0.1,0,0,0.6,0.4,0.3,0,0.3,0,0,2
29/11/2023,OAKTREE POWER LIMITED,OAKTRE-06,2,18:00,18:30,Live,day-ahead,3000,Accepted,0,0,0,0,0.3,0.1,0,0,0.6,0.4,0.3,0,0.3,0,0,2
29/11/2023,OAKTREE POWER LIMITED,OAKTRE-09,1,17:00,17:30,Live,day-ahead,3000,Accepted,0,0,0,0,0,0.4,0.3,0.3,0,0,0,0,0,0,0,1
29/11/2023,OAKTREE POWER LIMITED,OAKTRE-09,1,17:30,18:00,Live,day-ahead,3000,Accepted,0,0,0,0,0,0.4,0.3,0.3,0,0,0,0,0,0,0,1
29/11/2023,OCTOPUS ENERGY LIMITED,OCTOP-01,92,17:00,17:30,Live,day-ahead,5333,Accepted,1,4,5,8,7,11,9,3,12,8,6,11,4,3,0,92
29/11/2023,OCTOPUS ENERGY LIMITED,OCTOP-01,92,17:30,18:00,Live,day-ahead,5333,Accepted,1,4,5,7,7,11,9,3,12,8,6,12,4,3,0,92
29/11/2023,OCTOPUS ENERGY LIMITED,OCTOP-01,93,18:00,18:30,Live,day-ahead,5333,Accepted,1,4,5,7,7,11,9,3,12,9,6,12,4,3,0,93
29/11/2023,OCTOPUS ENERGY LIMITED,OCTOP-02,92,17:00,17:30,Live,day-ahead,5333,Accepted,1,4,5,8,7,11,9,3,12,8,6,11,4,3,0,92
29/11/2023,OCTOPUS ENERGY LIMITED,OCTOP-02,92,17:30,18:00,Live,day-ahead,5333,Accepted,1,4,5,7,7,11,9,3,12,8,6,12,4,3,0,92
29/11/2023,OCTOPUS ENERGY LIMITED,OCTOP-02,93,18:00,18:30,Live,day-ahead,5333,Accepted,1,4,5,7,7,11,9,3,12,9,6,12,4,3,0,93
29/11/2023,OCTOPUS ENERGY LIMITED,OCTOP-03,8,17:30,18:00,Live,day-ahead,5333,Accepted,0,0,0,1,1,1,1,0,2,1,0,1,0,0,0,8
29/11/2023,OCTOPUS ENERGY LIMITED,OCTOP-03,12,18:00,18:30,Live,day-ahead,5333,Accepted,0,0,1,1,1,2,1,0,2,1,1,2,0,0,0,12
29/11/2023,OVO ELECTRICITY LTD,OVO-01,3,17:00,17:30,Live,day-ahead,1000,Accepted,0,0,0,0,0,0,0,0,0,0,0,0,0,0,3,3
29/11/2023,OVO ELECTRICITY LTD,OVO-01,3,17:30,18:00,Live,day-ahead,1000,Accepted,0,0,0,0,0,0,0,0,0,0,0,0,0,0,3,3
29/11/2023,OVO ELECTRICITY LTD,OVO-01,3,18:00,18:30,Live,day-ahead,1000,Accepted,0,0,0,0,0,0,0,0,0,0,0,0,0,0,3,3
29/11/2023,PERSE TECHNOLOGY LIMITED,PERSE-01,13,17:00,17:30,Live,day-ahead,3000,Accepted,0,1,1,1,1,1,1,1,1,1,1,1,1,1,0,13
29/11/2023,PERSE TECHNOLOGY LIMITED,PERSE-01,13,17:30,18:00,Live,day-ahead,3000,Accepted,0,1,1,1,1,1,1,1,1,1,1,1,1,1,0,13
29/11/2023,PERSE TECHNOLOGY LIMITED,PERSE-01,13,18:00,18:30,Live,day-ahead,3000,Accepted,0,1,1,1,1,1,1,1,1,1,1,1,1,1,0,13
29/11/2023,SOLO ENERGY LIMITED,SMS-01,2,17:00,17:30,Live,day-ahead,4499,Accepted,0.04,0.09,0.1,0.12,0.16,0.2,0.16,0.06,0.27,0.16,0.11,0.25,0.1,0.07,0.11,2
29/11/2023,SOLO ENERGY LIMITED,SMS-01,2,17:30,18:00,Live,day-ahead,4499,Accepted,0.04,0.09,0.1,0.13,0.16,0.2,0.16,0.06,0.27,0.16,0.12,0.25,0.1,0.06,0.1,2
29/11/2023,SOLO ENERGY LIMITED,SMS-01,2,18:00,18:30,Live,day-ahead,4499,Accepted,0.03,0.09,0.1,0.13,0.16,0.2,0.16,0.06,0.27,0.16,0.11,0.25,0.1,0.06,0.12,2
29/11/2023,SOLO ENERGY LIMITED,SMS-02,7,17:00,17:30,Live,day-ahead,4499,Accepted,0.12,0.3,0.45,0.47,0.67,0.84,0.61,0.22,0.92,0.59,0.39,0.71,0.28,0.2,0.23,7
29/11/2023,SOLO ENERGY LIMITED,SMS-02,7,17:30,18:00,Live,day-ahead,4499,Accepted,0.12,0.3,0.44,0.47,0.66,0.84,0.6,0.22,0.93,0.61,0.38,0.71,0.28,0.2,0.24,7
29/11/2023,SOLO ENERGY LIMITED,SMS-02,7,18:00,18:30,Live,day-ahead,4499,Accepted,0.12,0.3,0.44,0.47,0.66,0.83,0.6,0.24,0.93,0.62,0.38,0.72,0.28,0.2,0.21,7
29/11/2023,SOLO ENERGY LIMITED,SMS-03,1,17:00,17:30,Live,day-ahead,4499,Accepted,0.02,0.03,0.04,0.06,0.06,0.12,0.08,0.03,0.15,0.11,0.06,0.14,0.04,0.03,0.03,1
29/11/2023,SOLO ENERGY LIMITED,SMS-03,1,17:30,18:00,Live,day-ahead,4499,Accepted,0.02,0.03,0.04,0.06,0.06,0.12,0.08,0.03,0.15,0.11,0.06,0.14,0.04,0.03,0.03,1
29/11/2023,SOLO ENERGY LIMITED,SMS-03,1,18:00,18:30,Live,day-ahead,4499,Accepted,0.02,0.03,0.04,0.06,0.06,0.12,0.08,0.03,0.15,0.11,0.06,0.14,0.04,0.03,0.03,1
29/11/2023,SOLO ENERGY LIMITED,SMS-04,1,17:00,17:30,Live,day-ahead,4499,Accepted,0.01,0.05,0.04,0.05,0.06,0.12,0.12,0.03,0.12,0.1,0.06,0.12,0.05,0.04,0.03,1
29/11/2023,SOLO ENERGY LIMITED,SMS-04,1,17:30,18:00,Live,day-ahead,4499,Accepted,0.01,0.05,0.04,0.05,0.06,0.12,0.12,0.03,0.12,0.1,0.06,0.12,0.05,0.04,0.03,1
29/11/2023,SOLO ENERGY LIMITED,SMS-04,1,18:00,18:30,Live,day-ahead,4499,Accepted,0.01,0.05,0.04,0.04,0.06,0.12,0.12,0.03,0.11,0.1,0.06,0.13,0.05,0.04,0.04,1
29/11/2023,SOLO ENERGY LIMITED,SMS-05,1,17:00,17:30,Live,day-ahead,4499,Accepted,0,0,0,0,0,0,0,0,0,0,0,0,0,0,1,1
29/11/2023,SOLO ENERGY LIMITED,SMS-05,1,17:30,18:00,Live,day-ahead,4499,Accepted,0,0,0,0,0,0,0,0,0,0,0,0,0,0,1,1
29/11/2023,SOLO ENERGY LIMITED,SMS-05,1,18:00,18:30,Live,day-ahead,4499,Accepted,0,0,0,0,0,0,0,0,0,0,0,0,0,0,1,1
29/11/2023,UTILITA ENERGY LIMITED,UTILIT-01,2,17:00,17:30,Live,day-ahead,3000,Accepted,0,0,0,0,0,0,0,0,0,0,0,0,0,0,2,2
29/11/2023,UTILITA ENERGY LIMITED,UTILIT-01,2,17:30,18:00,Live,day-ahead,3000,Accepted,0,0,0,0,0,0,0,0,0,0,0,0,0,0,2,2
29/11/2023,UTILITA ENERGY LIMITED,UTILIT-01,2,18:00,18:30,Live,day-ahead,3000,Accepted,0,0,0,0,0,0,0,0,0,0,0,0,0,0,2,2
29/11/2023,INFINIS LIMITED,INFINS-04,6,17:00,17:30,Live,day-ahead,6750,Rejected,2.316,2.692,0,0.514,0,0.07,0.332,0,0,0,0.039,0,0,0.037,0,6
29/11/2023,INFINIS LIMITED,INFINS-04,6,17:30,18:00,Live,day-ahead,6750,Rejected,2.316,2.692,0,0.514,0,0.07,0.332,0,0,0,0.039,0,0,0.037,0,6
29/11/2023,INFINIS LIMITED,INFINS-04,6,18:00,18:30,Live,day-ahead,6750,Rejected,2.316,2.692,0,0.514,0,0.07,0.332,0,0,0,0.039,0,0,0.037,0,6
16/11/2023,AXLE ENERGY LIMITED,Axle-01,2,17:00,17:30,Test,day-ahead,3000,Accepted,0,0,0,0,0,0,0,0,0,0,0,0,0,0,2,2
16/11/2023,AXLE ENERGY LIMITED,Axle-01,2,17:30,18:00,Test,day-ahead,3000,Accepted,0,0,0,0,0,0,0,0,0,0,0,0,0,0,2,2
16/11/2023,BRITISH GAS TRADING LIMITED,BGAS-01,63,17:00,17:30,Test,day-ahead,3000,Accepted,1.0677626,4.0575924,2.9898298,5.5525074,5.125473,5.5525074,4.4847445,3.416982,8.755913,6.6203876,2.9898298,7.474574,3.2034059,1.708491,0,63
16/11/2023,BRITISH GAS TRADING LIMITED,BGAS-01,64,17:30,18:00,Test,day-ahead,3000,Accepted,1.0847112,4.1219983,3.0372872,5.640642,5.2068295,5.640642,4.555931,3.4712198,8.894896,6.7254734,3.0372872,7.5932183,3.2542536,1.7356099,0,64
16/11/2023,CUB (UK) LTD,CUB-01,2,17:00,17:30,Test,day-ahead,3000,Accepted,0,0.023,0.038,0.053,0.228,1,0.128,0.098,0.273,0.06,0.008,0.083,0.008,0,0,2
16/11/2023,CUB (UK) LTD,CUB-01,2,17:30,18:00,Test,day-ahead,3000,Accepted,0,0.023,0.038,0.053,0.228,1,0.128,0.098,0.273,0.06,0.008,0.083,0.008,0,0,2
16/11/2023,DRAX ENERGY SOLUTIONS LIMITED,DRAX-03,20,17:00,17:30,Test,day-ahead,3000,Accepted,0,0,0,0,4,4,4,0,0,0,0,0,4,4,0,20
16/11/2023,DRAX ENERGY SOLUTIONS LIMITED,DRAX-03,20,17:30,18:00,Test,day-ahead,3000,Accepted,0,0,0,0,4,4,4,0,0,0,0,0,4,4,0,20
16/11/2023,DRAX ENERGY SOLUTIONS LIMITED,DRAX-05,20,17:00,17:30,Test,day-ahead,3000,Accepted,0,0,0,10,0,0,0,0,0,0,0,0,10,0,0,20
16/11/2023,DRAX ENERGY SOLUTIONS LIMITED,DRAX-05,20,17:30,18:00,Test,day-ahead,3000,Accepted,0,0,0,10,0,0,0,0,0,0,0,0,10,0,0,20
16/11/2023,EDF ENERGY CUSTOMERS LIMITED,EDF-01,18,17:00,17:30,Test,day-ahead,3000,Accepted,0.3,1.2,1.2,1.2,1.2,1.2,1.2,0.9,1.2,1.8,2.1,3,0.9,0.6,0,18
16/11/2023,EDF ENERGY CUSTOMERS LIMITED,EDF-01,18,17:30,18:00,Test,day-ahead,3000,Accepted,0.3,1.2,1.2,1.2,1.2,1.2,1.2,0.9,1.2,1.8,2.1,3,0.9,0.6,0,18
16/11/2023,EDF ENERGY CUSTOMERS LIMITED,EDF-02,10,17:00,17:30,Test,day-ahead,3000,Accepted,0.2,0.6,0.6,0.6,0.7,0.7,0.7,0.5,0.7,1,1.2,1.7,0.5,0.3,0,10
16/11/2023,EDF ENERGY CUSTOMERS LIMITED,EDF-02,10,17:30,18:00,Test,day-ahead,3000,Accepted,0.2,0.6,0.6,0.6,0.7,0.7,0.7,0.5,0.7,1,1.2,1.7,0.5,0.3,0,10
16/11/2023,ENGIE POWER LIMITED,ENGIE-02,2,17:00,17:30,Test,day-ahead,3000,Accepted,0,0,0,0,0,0,0,2,0,0,0,0,0,0,0,2
16/11/2023,ENGIE POWER LIMITED,ENGIE-02,2,17:30,18:00,Test,day-ahead,3000,Accepted,0,0,0,0,0,0,0,2,0,0,0,0,0,0,0,2
16/11/2023,EQUIWATT LIMITED,EQUIWA-01,1,17:00,17:30,Test,day-ahead,3000,Accepted,0,0,0,0,0,0,0,0,0,0,0,0,0,0,1,1
16/11/2023,EQUIWATT LIMITED,EQUIWA-01,1,17:30,18:00,Test,day-ahead,3000,Accepted,0,0,0,0,0,0,0,0,0,0,0,0,0,0,1,1
16/11/2023,FLEXITRICITY LIMITED,FLEXIT-01,2,17:00,17:30,Test,day-ahead,3000,Accepted,0,0,0,0,2,0,0,0,0,0,0,0,0,0,0,2
16/11/2023,FLEXITRICITY LIMITED,FLEXIT-01,2,17:30,18:00,Test,day-ahead,3000,Accepted,0,0,0,0,2,0,0,0,0,0,0,0,0,0,0,2
16/11/2023,GRIDBEYOND LIMITED,GRIDBE-05,1,17:00,17:30,Test,day-ahead,3000,Accepted,0,0,1,0,0,0,0,0,0,0,0,0,0,0,0,1
16/11/2023,GRIDBEYOND LIMITED,GRIDBE-05,1,17:30,18:00,Test,day-ahead,3000,Accepted,0,0,1,0,0,0,0,0,0,0,0,0,0,0,0,1
16/11/2023,GRIDBEYOND LIMITED,GRIDBE-06,3,17:00,17:30,Test,day-ahead,3000,Accepted,0,0,1,0,1,0,1,0,0,0,0,0,0,0,0,3
16/11/2023,GRIDBEYOND LIMITED,GRIDBE-06,3,17:30,18:00,Test,day-ahead,3000,Accepted,0,0,1,0,1,0,1,0,0,0,0,0,0,0,0,3
16/11/2023,GRIDIMP LTD,GRIMP-01,3,17:00,17:30,Test,day-ahead,3000,Accepted,0,0,0,0,0,0,0,0,0,0,0,0,0,0,3,3
16/11/2023,GRIDIMP LTD,GRIMP-01,3,17:30,18:00,Test,day-ahead,3000,Accepted,0,0,0,0,0,0,0,0,0,0,0,0,0,0,3,3
16/11/2023,INFINIS LIMITED,INFINS-01,9,17:00,17:30,Test,day-ahead,3000,Accepted,3.243,1.173,0,0.917,1.596,0.03,0.168,0.054,0.386,0.042,0.59,0.041,0.226,0.535,0,9
16/11/2023,INFINIS LIMITED,INFINS-01,9,17:30,18:00,Test,day-ahead,3000,Accepted,3.243,1.173,0,0.917,1.596,0.03,0.168,0.054,0.386,0.042,0.59,0.041,0.226,0.535,0,9
16/11/2023,INFINIS LIMITED,INFINS-02,10,17:00,17:30,Test,day-ahead,3000,Accepted,2.51,2.615,0,0.301,0.912,0,0,0,0.755,0.135,2.353,0.081,0.293,0.044,0,10
16/11/2023,INFINIS LIMITED,INFINS-02,10,17:30,18:00,Test,day-ahead,3000,Accepted,2.51,2.615,0,0.301,0.912,0,0,0,0.755,0.135,2.353,0.081,0.293,0.044,0,10
16/11/2023,INFINIS LIMITED,INFINS-03,6,17:00,17:30,Test,day-ahead,3000,Accepted,1.889,0.848,0,0.481,0.828,0,0.073,0,0.011,0.003,1.23,0.177,0.125,0.335,0,6
16/11/2023,INFINIS LIMITED,INFINS-03,6,17:30,18:00,Test,day-ahead,3000,Accepted,1.889,0.848,0,0.481,0.828,0,0.073,0,0.011,0.003,1.23,0.177,0.125,0.335,0,6
16/11/2023,INFINIS LIMITED,INFINS-04,4,17:00,17:30,Test,day-ahead,3000,Accepted,0.54,1.363,0,0.255,0.605,0,0.226,0,0.05,0.073,0.168,0.114,0,0.605,0,4
16/11/2023,INFINIS LIMITED,INFINS-04,4,17:30,18:00,Test,day-ahead,3000,Accepted,0.54,1.363,0,0.255,0.605,0,0.226,0,0.05,0.073,0.168,0.114,0,0.605,0,4
16/11/2023,OAKTREE POWER LIMITED,OAKTRE-01,5,17:00,17:30,Test,day-ahead,3000,Accepted,0,0,0,0,0,0,0,0,0,0,0,5,0,0,0,5
16/11/2023,OAKTREE POWER LIMITED,OAKTRE-01,5,17:30,18:00,Test,day-ahead,3000,Accepted,0,0,0,0,0,0,0,0,0,0,0,5,0,0,0,5
16/11/2023,OAKTREE POWER LIMITED,OAKTRE-06,2,17:00,17:30,Test,day-ahead,3000,Accepted,0,0,0,0,0.3,0.1,0,0,0.6,0.1,0.6,0,0.3,0,0,2
16/11/2023,OAKTREE POWER LIMITED,OAKTRE-06,2,17:30,18:00,Test,day-ahead,3000,Accepted,0,0,0,0,0.3,0.1,0,0,0.6,0.1,0.6,0,0.3,0,0,2
16/11/2023,OAKTREE POWER LIMITED,OAKTRE-09,1,17:00,17:30,Test,day-ahead,3000,Accepted,0,0,0,0,0,0.4,0.3,0.3,0,0,0,0,0,0,0,1
16/11/2023,OAKTREE POWER LIMITED,OAKTRE-09,1,17:30,18:00,Test,day-ahead,3000,Accepted,0,0,0,0,0,0.4,0.3,0.3,0,0,0,0,0,0,0,1
16/11/2023,OCTOPUS ENERGY LIMITED,OCTOP-01,94,17:30,18:00,Test,day-ahead,3000,Accepted,1,4,5,8,7,11,9,3,12,9,6,12,4,3,0,94
16/11/2023,OCTOPUS ENERGY LIMITED,OCTOP-01,93,18:00,18:30,Test,day-ahead,3000,Accepted,1,4,5,7,7,11,9,3,12,9,6,12,4,3,0,93
16/11/2023,OCTOPUS ENERGY LIMITED,OCTOP-02,89,17:30,18:00,Test,day-ahead,3000,Accepted,1,4,5,7,7,10,8,3,12,8,6,11,4,3,0,89
16/11/2023,OCTOPUS ENERGY LIMITED,OCTOP-02,93,18:00,18:30,Test,day-ahead,3000,Accepted,1,4,5,7,7,11,9,3,12,9,6,12,4,3,0,93
16/11/2023,OVO ELECTRICITY LTD,OVO-01,1,17:00,17:30,Test,day-ahead,3000,Accepted,0,0,0,0,0,0,0,0,0,0,0,0,0,0,1,1
16/11/2023,OVO ELECTRICITY LTD,OVO-01,1,17:30,18:00,Test,day-ahead,3000,Accepted,0,0,0,0,0,0,0,0,0,0,0,0,0,0,1,1
16/11/2023,PERSE TECHNOLOGY LIMITED,PERSE-01,13,17:00,17:30,Test,day-ahead,3000,Accepted,0,1,1,1,1,1,1,1,1,1,1,1,1,1,0,13
16/11/2023,PERSE TECHNOLOGY LIMITED,PERSE-01,13,17:30,18:00,Test,day-ahead,3000,Accepted,0,1,1,1,1,1,1,1,1,1,1,1,1,1,0,13
16/11/2023,SOLO ENERGY LIMITED,SMS-01,2,17:00,17:30,Test,day-ahead,3000,Accepted,0.04,0.09,0.1,0.13,0.18,0.21,0.17,0.05,0.27,0.15,0.11,0.24,0.09,0.07,0.1,2
16/11/2023,SOLO ENERGY LIMITED,SMS-01,2,17:30,18:00,Test,day-ahead,3000,Accepted,0.04,0.09,0.1,0.13,0.17,0.21,0.17,0.05,0.27,0.15,0.12,0.24,0.09,0.07,0.1,2
16/11/2023,SOLO ENERGY LIMITED,SMS-02,5,17:00,17:30,Test,day-ahead,3000,Accepted,0.08,0.21,0.32,0.33,0.46,0.62,0.44,0.15,0.66,0.42,0.28,0.5,0.21,0.15,0.17,5
16/11/2023,SOLO ENERGY LIMITED,SMS-02,6,17:30,18:00,Test,day-ahead,3000,Accepted,0.1,0.25,0.37,0.39,0.54,0.74,0.53,0.18,0.8,0.51,0.34,0.62,0.25,0.18,0.2,6
16/11/2023,SOLO ENERGY LIMITED,SMS-03,2,17:00,17:30,Test,day-ahead,3000,Accepted,0.03,0.06,0.08,0.11,0.12,0.24,0.16,0.06,0.31,0.21,0.11,0.27,0.09,0.06,0.09,2
16/11/2023,SOLO ENERGY LIMITED,SMS-03,2,17:30,18:00,Test,day-ahead,3000,Accepted,0.03,0.06,0.08,0.11,0.12,0.24,0.16,0.07,0.31,0.22,0.11,0.26,0.09,0.06,0.08,2
16/11/2023,SOLO ENERGY LIMITED,SMS-04,1,17:00,17:30,Test,day-ahead,3000,Accepted,0,0,0,0,0,0,0,0,0,0,0,0,0,0,1,1
16/11/2023,SOLO ENERGY LIMITED,SMS-04,1,17:30,18:00,Test,day-ahead,3000,Accepted,0,0,0,0,0,0,0,0,0,0,0,0,0,0,1,1
16/11/2023,UTILITA ENERGY LIMITED,UTILIT-01,2,17:00,17:30,Test,day-ahead,3000,Accepted,0,0,0,0,0,0,0,0,0,0,0,0,0,0,2,2
16/11/2023,UTILITA ENERGY LIMITED,UTILIT-01,2,17:30,18:00,Test,day-ahead,3000,Accepted,0,0,0,0,0,0,0,0,0,0,0,0,0,0,2,2
16/11/2023,OCTOPUS ENERGY LIMITED,OCTOP-03,12,17:30,18:00,Test,day-ahead,4000,Rejected,0,0,1,1,1,2,1,0,2,1,1,2,0,0,0,12
16/11/2023,OCTOPUS ENERGY LIMITED,OCTOP-03,12,18:00,18:30,Test,day-ahead,4000,Rejected,0,0,1,1,1,2,1,0,2,1,1,2,0,0,0,12
16/11/2023,OCTOPUS ENERGY LIMITED,OCTOP-04,12,17:30,18:00,Test,day-ahead,5000,Rejected,0,0,1,1,1,2,1,0,2,1,1,2,0,0,0,12
16/11/2023,OCTOPUS ENERGY LIMITED,OCTOP-04,12,18:00,18:30,Test,day-ahead,5000,Rejected,0,0,1,1,1,2,1,0,2,1,1,2,0,0,0,12
